name,state,FDR,A1,A2,A3,B1,B2,B3
GENE-51,YES,0,599,205,440,192,190,180
GENE-206,YES,0,33,64,44,22,20,24
GENE-242,YES,0,103648,105931,144766,2556,3784,3640
GENE-306,YES,0,31,54,38,62,27,38
GENE-382,YES,0,84,101,76,9,6,8
GENE-406,YES,0,794,935,736,1974,1932,2266
GENE-514,YES,0,13,3,3,12,11,21
GENE-725,YES,0,15,11,31,46,39,22
GENE-822,YES,0,266,226,294,8,11,12
GENE-830,YES,0,18,10,9,43,64,47
GENE-870,YES,0,575,603,587,810,780,767
GENE-895,YES,0,80,69,73,38,37,41
GENE-1194,YES,0,6,17,13,39,22,24
GENE-1259,YES,0,1168,1273,1508,282,260,318
GENE-1508,YES,0,19,12,10,57,26,51
GENE-1569,YES,0,45,29,49,41,26,26
GENE-1604,YES,0,118,120,90,7,9,17
GENE-1766,YES,0,14,6,10,19,16,20
GENE-1783,YES,0,88,84,151,11,15,8
GENE-2073,YES,0,156,227,162,58,37,147
GENE-2405,YES,0,144,171,119,7,14,9
GENE-2581,YES,0,421,379,415,293,270,303
GENE-2623,YES,0,249,185,165,145,130,140
GENE-2862,YES,0,85,113,141,1099,1197,1157
GENE-2885,YES,0,8,100,306,592,292,978
GENE-2983,YES,0,95,85,99,97,101,156
GENE-3030,YES,0,12,5,5,69,90,104
GENE-3075,YES,0,113,173,142,218,226,176
GENE-3394,YES,0,135,102,172,2589,2915,2288
GENE-3410,YES,0,518,527,547,2598,3010,2187
GENE-3471,YES,0,39,29,209,216,43,413
GENE-3593,YES,0,353,303,309,1754,1880,1852
GENE-3944,YES,0,6981,8111,6493,3784,3685,3846
GENE-3949,YES,0,1105,884,1143,53,52,54
GENE-4085,YES,0,22,33,36,17,25,26
GENE-4095,YES,0,80,20,119,1077,628,443
GENE-4296,YES,0,116,130,81,30,18,36
GENE-4335,YES,0,586,607,561,1038,658,716
GENE-4540,YES,0,24,14,14,54,88,74
GENE-4634,YES,0,45,30,29,65,69,57
GENE-4692,YES,0,32,45,32,662,730,566
GENE-4738,YES,0,62,61,98,17,6,8
GENE-4786,YES,0,61,67,32,7,6,8
GENE-4793,YES,0,480,591,683,1270,1224,1268
GENE-4830,YES,0,13,8,10,57,45,59
GENE-5031,YES,0,30,32,40,95,154,129
GENE-5047,YES,0,82,100,136,212,225,247
GENE-5140,YES,0,81,60,73,125,101,140
GENE-5144,YES,0,46,47,67,1138,566,595
GENE-5257,YES,0,28,28,21,386,592,712
GENE-5262,YES,0,211,324,255,143,39,209
GENE-5268,YES,0,1642,1515,2301,3825,3333,3897
GENE-5307,YES,0,22,28,22,54,35,42
GENE-5336,YES,0,5,4,2,37,34,27
GENE-5745,YES,0,4026,3222,2842,1483,1488,1385
GENE-5930,YES,0,171,311,248,21,12,17
GENE-5999,YES,0,2734,2241,3086,369,324,322
GENE-6056,YES,0,5,6,5,69,70,45
GENE-6085,YES,0,12,10,19,60,36,50
GENE-6155,YES,0,1340,1216,1146,1262,1337,1241
GENE-6192,YES,0,88,90,92,124,108,90
GENE-6250,YES,0,148,125,156,155,258,174
GENE-6294,YES,0,23,34,33,31,59,23
GENE-6298,YES,0,59,54,40,96,114,99
GENE-6461,YES,0,221,191,253,340,359,299
GENE-6497,YES,0,1615,2453,1727,1174,1450,1103
GENE-6578,YES,0,740,726,775,373,312,349
GENE-6755,YES,0,210,179,206,13,23,23
GENE-6834,YES,0,27,31,21,8,7,5
GENE-6890,YES,0,7,4,6,67,56,74
GENE-6931,YES,0,3565,2088,2399,123,355,304
GENE-6981,YES,0,4,6,18,83,60,182
GENE-7104,YES,0,875,1006,1057,636,583,677
GENE-7192,YES,0,2565,1646,3711,1282,2235,1924
GENE-7224,YES,0,313,496,522,4477,3767,4151
GENE-7301,YES,0,224,236,173,163,221,204
GENE-7328,YES,0,15,33,22,50,67,68
GENE-7467,YES,0,30,29,33,5,9,2
GENE-7629,YES,0,345,294,340,118,132,111
GENE-7770,YES,0,1414,602,2584,1238,1799,3434
GENE-7789,YES,0,33,41,38,86,82,96
GENE-8033,YES,0,331,188,195,73,114,113
GENE-8154,YES,0,1726,1656,1531,158,130,121
GENE-8189,YES,0,615,653,564,233,176,217
GENE-8374,YES,0,33,104,81,100,152,133
GENE-8383,YES,0,581,330,392,326,330,246
GENE-8582,YES,0,11526,12159,11118,55389,45060,38908
GENE-8622,YES,0,165,232,235,123,126,165
GENE-8631,YES,0,50,46,44,94,98,118
GENE-8794,YES,0,29,20,17,2,5,2
GENE-8796,YES,0,227,302,517,319,752,714
GENE-8828,YES,0,204,185,263,24,23,14
GENE-8966,YES,0,57,53,51,46,51,38
GENE-9010,YES,0,12,11,12,17,17,21
GENE-9013,YES,0,252,266,238,889,912,988
GENE-9064,YES,0,180,165,191,8,13,6
GENE-9066,YES,0,308,246,377,34,42,34
GENE-9091,YES,0,141,103,211,366,246,177
GENE-9180,YES,0,130,154,124,94,80,59
GENE-9189,YES,0,485,406,486,878,669,688
GENE-9273,YES,0,157,93,178,36,93,34
GENE-9280,YES,0,1599,1410,2334,235,174,222
GENE-9312,YES,0,1209,1317,667,344,764,423
GENE-9370,YES,0,1029,1069,1008,1012,1006,1087
GENE-9432,YES,0,641,549,689,421,658,436
GENE-9452,YES,0,2,6,10,103,138,82
GENE-9545,YES,0,13,18,15,12,18,16
GENE-9561,YES,0,175,127,245,47,43,32
GENE-9635,YES,0,17,29,34,35,22,32
GENE-9937,YES,0,2260,1876,2136,499,415,504
GENE-9997,YES,0,479,477,458,2396,2129,2036
GENE-10083,YES,0,15,25,20,6,4,3
GENE-10112,YES,0,44,42,54,73,58,75
GENE-10263,YES,0,392,310,403,286,397,352
GENE-10544,YES,0,768,662,760,398,183,355
GENE-10585,YES,0,55,39,48,37,44,67
GENE-10654,YES,0,2019,1962,1826,437,501,456
GENE-10673,YES,0,1117,867,234,7171,5409,2360
GENE-10702,YES,0,9,10,7,11,15,15
GENE-10705,YES,0,196,312,246,95,140,104
GENE-10711,YES,0,24,57,28,453,510,815
GENE-10713,YES,0,30,36,25,140,131,149
GENE-10742,YES,0,35,26,25,913,3293,115
GENE-10778,YES,0,217,279,175,165,120,245
GENE-10857,YES,0,406,483,318,159,191,120
GENE-10889,YES,0,98,94,113,332,345,417
GENE-10956,YES,0,31,19,21,18,13,9
GENE-11003,YES,0,1203,512,914,174,461,316
GENE-11027,YES,0,5,17,8,88,66,60
GENE-11081,YES,0,34,35,40,94,79,72
GENE-11110,YES,0,1365,1108,1321,481,544,465
GENE-11181,YES,0,2,0,2,16,36,18
GENE-11338,YES,0,90,99,114,33,48,48
GENE-11541,YES,0,1166,951,1653,3814,3842,4721
GENE-11594,YES,0,4,1,3,57,61,73
GENE-11609,YES,0,23,33,20,56,56,71
GENE-11622,YES,0,11,9,8,101,125,91
GENE-11692,YES,0,150,162,151,294,291,277
GENE-12205,YES,0,49,0,0,5,345,78
GENE-12220,YES,0,245,337,320,1036,1102,1476
GENE-12476,YES,0,1101,1248,1167,212,253,374
GENE-12629,YES,0,41,32,37,18,19,30
GENE-12673,YES,0,3497,2845,3732,1075,1153,929
GENE-12828,YES,0,52,62,68,235,260,309
GENE-12840,YES,0,30,21,23,12,21,13
GENE-13111,YES,0,750,677,611,1054,1092,922
GENE-13209,YES,0,2989,3929,2035,416,493,588
GENE-13333,YES,0,558,765,266,478,607,462
GENE-13378,YES,0,1419,1744,1673,496,445,507
GENE-13504,YES,0,698,819,729,40,26,30
GENE-13664,YES,0,8,8,16,52,27,55
GENE-13690,YES,0,822,879,951,359,349,401
GENE-13769,YES,0,129,159,217,1464,1197,826
GENE-13886,YES,0,25,21,25,33,31,33
GENE-13966,YES,0,312,304,312,373,405,551
GENE-14089,YES,0,7,11,12,84,80,75
GENE-14091,YES,0,1697,1815,2058,1713,1528,1792
GENE-14619,YES,0,63,56,53,261,259,276
GENE-14697,YES,0,43,44,30,4,1,4
GENE-14761,YES,0,217,217,214,333,466,386
GENE-14824,YES,0,84,35,71,138,188,212
GENE-14954,YES,0,8,8,4,16,14,13
GENE-15035,YES,0,738,1543,1291,53,94,112
GENE-15153,YES,0,20,15,34,0,4,3
GENE-15270,YES,0,257,172,254,2,6,6
GENE-15680,YES,0,148,121,127,56,38,63
GENE-15712,YES,0,3657,4088,5447,1967,2686,1520
GENE-15796,YES,0,495,764,518,2160,1891,2138
GENE-15858,YES,0,199,377,349,340,427,256
GENE-15936,YES,0,8562,8888,9231,13231,9866,12501
GENE-16181,YES,0,164,354,145,41,47,34
GENE-16204,YES,0,69,54,36,18,14,9
GENE-16275,YES,0,109,113,78,132,188,178
GENE-16276,YES,0,7782,3457,4890,5122,5644,8278
GENE-16357,YES,0,128,86,86,130,99,235
GENE-16404,YES,0,73,58,58,128,158,125
GENE-16488,YES,0,156,179,179,172,165,168
GENE-16585,YES,0,416,451,374,4,1,5
GENE-16651,YES,0,27,26,31,169,315,288
GENE-16815,YES,0,21159,13393,20453,1612,1367,1454
GENE-16824,YES,0,8,11,10,206,148,114
GENE-16859,YES,0,846,637,714,82,92,67
GENE-17066,YES,0,137,121,205,744,1479,977
GENE-17195,YES,0,100,127,87,127,99,92
GENE-17240,YES,0,28,21,33,60,43,56
GENE-17548,YES,0,26,20,25,2,4,5
GENE-17584,YES,0,188,168,238,116,155,100
GENE-17641,YES,0,92,71,114,935,931,624
GENE-17847,YES,0,907,639,832,1026,998,1252
GENE-17968,YES,0,41,14,15,80,128,70
GENE-18103,YES,0,231,190,165,47,61,37
GENE-18313,YES,0,718,495,524,703,634,575
GENE-18488,YES,0,152,166,115,112,148,136
GENE-18509,YES,0,36,39,34,29,25,29
GENE-18580,YES,0,137,125,165,32,30,16
GENE-18709,YES,0,573,510,607,3561,1470,3555
GENE-18841,YES,0,2645,4719,4889,1252,2597,2154
GENE-18849,YES,0,10,10,7,7,14,13
GENE-18888,YES,0,21,24,21,24,16,21
GENE-18915,YES,0,7,14,11,29,21,45
GENE-19113,YES,0,15,19,17,196,124,155
GENE-19229,YES,0,63,97,50,114,94,61
GENE-19236,YES,0,219,237,202,153,157,169
GENE-19238,YES,0,116,96,96,104,61,122
GENE-19255,YES,0,851,711,953,208,196,145
GENE-19329,YES,0,374,283,347,13,32,8
GENE-19368,YES,0,29,26,23,0,1,3
GENE-19518,YES,0,12,24,17,32,25,40
GENE-19570,YES,0,1363,1542,1547,1043,868,1093
GENE-19600,YES,0,200,221,160,83,100,90
GENE-19778,YES,0,735,793,631,852,854,1034
GENE-19788,YES,0,15,5,14,10,5,14
GENE-19841,YES,0,5329,4721,5073,1195,830,711
GENE-19909,YES,0,2,2,9,59,95,74
GENE-1,YES,1,0,0,0,0,0,0
GENE-2,NO,1,0,0,0,0,0,0
GENE-3,NO,1,0,0,0,0,0,0
GENE-4,NO,1,0,0,0,0,0,0
GENE-5,NO,1,2839,1945,4539,1826,3216,2814
GENE-6,NO,1,0,0,0,0,0,0
GENE-7,NO,1,49,36,32,39,37,41
GENE-8,NO,1,174,221,167,188,158,123
GENE-9,NO,1,0,0,0,0,0,0
GENE-10,NO,1,0,0,0,0,0,0
GENE-11,NO,1,0,0,0,0,0,0
GENE-12,NO,1,356,617,399,496,495,903
GENE-13,YES,1,0,0,0,0,0,0
GENE-14,NO,1,6,9,10,9,6,6
GENE-15,NO,1,0,0,0,0,0,0
GENE-16,YES,1,0,0,0,0,0,0
GENE-17,NO,1,0,2,0,1,0,1
GENE-18,NO,1,8,4,2,2,5,9
GENE-19,NO,1,215,108,183,17,102,165
GENE-20,NO,1,0,0,0,0,0,0
GENE-21,NO,1,14,14,16,10,15,14
GENE-22,NO,1,257,216,223,224,220,226
GENE-23,NO,1,0,0,0,0,0,0
GENE-24,NO,1,60,40,60,50,39,57
GENE-25,NO,1,0,0,0,0,0,0
GENE-26,NO,1,0,0,0,0,0,0
GENE-27,NO,1,0,0,0,0,0,0
GENE-28,NO,1,4,5,2,4,3,4
GENE-29,NO,1,326,326,302,450,323,428
GENE-30,NO,1,0,0,0,0,0,0
GENE-31,NO,1,0,0,0,0,0,0
GENE-32,NO,1,72,63,69,80,70,65
GENE-33,NO,1,0,0,0,0,0,0
GENE-34,NO,1,0,0,0,0,0,0
GENE-35,NO,1,0,0,0,0,0,0
GENE-36,YES,1,0,0,0,0,0,0
GENE-37,NO,1,2697,2496,2787,5540,2597,3347
GENE-38,NO,1,0,0,0,0,0,0
GENE-39,NO,1,0,0,0,0,0,0
GENE-40,NO,1,0,0,0,0,0,0
GENE-41,NO,1,0,0,0,0,0,0
GENE-42,NO,1,0,0,0,0,0,0
GENE-43,NO,1,0,0,0,0,0,0
GENE-44,NO,1,3,13,8,11,11,8
GENE-45,NO,1,0,0,0,0,0,0
GENE-46,NO,1,0,0,0,0,0,0
GENE-47,NO,1,0,0,0,0,0,0
GENE-48,NO,1,0,0,0,0,0,0
GENE-49,NO,1,0,0,0,0,0,0
GENE-50,NO,1,0,0,0,0,0,0
GENE-52,NO,1,303,343,285,389,391,389
GENE-53,NO,1,1184,1262,655,1798,1103,563
GENE-54,NO,1,8,7,13,8,2,9
GENE-55,NO,1,0,0,0,0,0,0
GENE-56,NO,1,0,0,0,0,0,0
GENE-57,NO,1,0,0,0,0,0,0
GENE-58,NO,1,5,4,7,4,5,4
GENE-59,NO,1,0,0,0,0,0,0
GENE-60,NO,1,21,32,27,26,18,26
GENE-61,NO,1,1062,1531,1484,1429,1463,1371
GENE-62,NO,1,0,0,0,0,0,0
GENE-63,NO,1,0,0,0,0,0,0
GENE-64,NO,1,7,8,9,6,10,7
GENE-65,NO,1,4691,6094,6577,5190,7089,4010
GENE-66,NO,1,0,0,0,0,0,0
GENE-67,NO,1,0,0,0,0,0,0
GENE-68,NO,1,0,0,0,0,0,0
GENE-69,NO,1,12,6,10,7,7,9
GENE-70,NO,1,0,0,0,0,0,0
GENE-71,NO,1,0,0,0,0,0,0
GENE-72,NO,1,0,1,0,0,2,1
GENE-73,NO,1,0,0,0,0,0,0
GENE-74,NO,1,0,0,0,0,0,0
GENE-75,NO,1,333,310,334,315,369,374
GENE-76,NO,1,47,32,44,54,43,55
GENE-77,NO,1,0,0,0,0,0,0
GENE-78,NO,1,0,0,0,0,0,0
GENE-79,NO,1,3,10,6,7,14,8
GENE-80,NO,1,0,0,0,0,0,0
GENE-81,NO,1,0,0,0,0,0,0
GENE-82,NO,1,1,0,0,0,0,0
GENE-83,NO,1,107,108,96,96,88,78
GENE-84,NO,1,5,6,8,6,3,9
GENE-85,NO,1,0,0,0,0,0,0
GENE-86,NO,1,469,497,455,403,399,294
GENE-87,NO,1,0,0,0,0,0,0
GENE-88,YES,1,0,0,0,0,0,0
GENE-89,NO,1,0,0,0,0,0,0
GENE-90,NO,1,4,8,3,5,4,6
GENE-91,NO,1,0,0,0,0,0,0
GENE-92,NO,1,97,133,167,110,97,135
GENE-93,NO,1,0,0,0,0,0,0
GENE-94,NO,1,0,0,0,0,0,0
GENE-95,NO,1,0,0,0,0,0,0
GENE-96,NO,1,0,0,0,0,0,0
GENE-97,NO,1,185,190,236,207,155,170
GENE-98,NO,1,32,44,33,32,38,32
GENE-99,NO,1,0,0,0,0,0,0
GENE-100,NO,1,0,0,1,0,0,0
GENE-101,NO,1,0,0,0,0,0,0
GENE-102,NO,1,0,0,0,0,0,0
GENE-103,NO,1,0,0,0,0,0,0
GENE-104,NO,1,0,0,0,0,0,0
GENE-105,NO,1,3,5,9,0,6,10
GENE-106,NO,1,0,0,0,0,0,0
GENE-107,NO,1,0,0,0,0,0,0
GENE-108,NO,1,1,0,2,1,1,4
GENE-109,NO,1,0,0,0,0,0,0
GENE-110,NO,1,0,0,0,0,0,0
GENE-111,NO,1,0,0,0,0,0,0
GENE-112,NO,1,0,0,0,0,0,0
GENE-113,NO,1,0,0,0,0,0,0
GENE-114,NO,1,1,2,0,1,3,3
GENE-115,NO,1,0,0,0,0,0,0
GENE-116,NO,1,0,0,0,0,0,0
GENE-117,NO,1,10,7,16,10,14,8
GENE-118,YES,1,0,0,0,0,0,0
GENE-119,NO,1,0,0,0,0,0,0
GENE-120,NO,1,1,3,3,4,1,8
GENE-121,NO,1,0,0,0,0,0,0
GENE-122,NO,1,0,0,0,0,0,0
GENE-123,NO,1,0,0,0,0,2,0
GENE-124,NO,1,0,0,0,0,0,0
GENE-125,NO,1,429,563,407,403,305,406
GENE-126,NO,1,132,136,122,88,140,130
GENE-127,NO,1,0,0,0,0,0,0
GENE-128,NO,1,1184,1030,1272,1070,1417,1006
GENE-129,NO,1,34,32,75,78,42,76
GENE-130,NO,1,0,0,0,0,0,0
GENE-131,NO,1,0,0,0,0,1,2
GENE-132,NO,1,0,0,0,0,0,0
GENE-133,NO,1,0,0,0,0,0,0
GENE-134,NO,1,0,0,0,0,0,0
GENE-135,YES,1,0,0,0,0,0,0
GENE-136,NO,1,0,0,0,0,0,0
GENE-137,NO,1,0,0,0,0,0,0
GENE-138,NO,1,0,0,0,0,0,0
GENE-139,YES,1,0,0,0,0,0,0
GENE-140,NO,1,0,0,0,0,0,0
GENE-141,NO,1,0,0,0,0,0,1
GENE-142,NO,1,0,0,0,0,0,0
GENE-143,YES,1,0,0,0,0,0,0
GENE-144,NO,1,0,0,0,0,0,0
GENE-145,NO,1,213,216,263,294,236,294
GENE-146,NO,1,0,0,0,0,0,0
GENE-147,NO,1,0,0,0,0,0,0
GENE-148,NO,1,36,42,50,59,46,42
GENE-149,NO,1,0,0,0,0,0,0
GENE-150,NO,1,0,0,0,0,0,0
GENE-151,NO,1,0,0,0,0,0,0
GENE-152,NO,1,2444,3100,2847,3151,3424,2856
GENE-153,NO,1,0,0,0,0,0,0
GENE-154,NO,1,0,0,0,0,0,0
GENE-155,NO,1,0,0,0,0,0,0
GENE-156,NO,1,0,0,0,0,0,0
GENE-157,NO,1,0,0,0,0,0,0
GENE-158,NO,1,0,0,0,0,0,0
GENE-159,NO,1,0,0,0,0,0,0
GENE-160,NO,1,600,566,605,604,559,585
GENE-161,NO,1,156,131,198,191,251,271
GENE-162,NO,1,27,29,25,28,26,30
GENE-163,NO,1,0,0,0,0,0,0
GENE-164,NO,1,70,78,51,78,64,87
GENE-165,NO,1,0,0,0,0,0,0
GENE-166,NO,1,227,181,239,469,504,193
GENE-167,NO,1,0,0,0,0,0,0
GENE-168,NO,1,36,53,38,37,58,54
GENE-169,NO,1,0,0,0,0,0,0
GENE-170,NO,1,0,0,0,0,0,0
GENE-171,NO,1,0,0,0,0,0,0
GENE-172,NO,1,0,0,0,0,0,0
GENE-173,NO,1,314,306,374,410,402,260
GENE-174,NO,1,0,0,0,0,0,0
GENE-175,NO,1,3128,2958,1719,2688,3018,3559
GENE-176,NO,1,12,9,13,9,13,9
GENE-177,NO,1,0,0,0,0,0,0
GENE-178,NO,1,0,0,0,0,0,0
GENE-179,NO,1,0,0,0,0,0,0
GENE-180,NO,1,0,0,0,0,0,0
GENE-181,NO,1,0,0,0,0,0,0
GENE-182,NO,1,0,0,0,0,0,0
GENE-183,NO,1,0,0,0,0,0,0
GENE-184,NO,1,0,0,0,0,0,0
GENE-185,NO,1,0,0,0,0,0,0
GENE-186,NO,1,0,0,0,0,0,0
GENE-187,NO,1,0,0,0,0,0,0
GENE-188,NO,1,0,0,0,0,0,0
GENE-189,NO,1,0,0,0,0,0,0
GENE-190,NO,1,0,0,0,0,0,0
GENE-191,NO,1,0,0,0,0,0,0
GENE-192,NO,1,10,6,6,10,10,5
GENE-193,NO,1,2,0,1,2,3,2
GENE-194,NO,1,0,0,0,0,0,0
GENE-195,NO,1,60,43,38,24,73,26
GENE-196,NO,1,298,370,387,254,328,294
GENE-197,NO,1,10433,12659,11465,16158,14861,12913
GENE-198,NO,1,3,14,9,5,4,5
GENE-199,NO,1,0,0,0,0,0,0
GENE-200,NO,1,103,90,90,93,60,81
GENE-201,NO,1,0,0,0,0,0,0
GENE-202,NO,1,0,0,0,0,0,0
GENE-203,NO,1,0,3,1,2,2,1
GENE-204,NO,1,0,0,0,0,0,0
GENE-205,NO,1,0,0,0,0,0,0
GENE-207,NO,1,0,0,0,0,0,0
GENE-208,NO,1,0,0,0,0,0,0
GENE-209,NO,1,556,508,618,792,764,892
GENE-210,NO,1,0,0,0,0,0,0
GENE-211,NO,1,0,0,0,0,0,0
GENE-212,NO,1,0,0,0,0,0,0
GENE-213,NO,1,0,0,0,0,0,0
GENE-214,NO,1,0,0,0,0,0,0
GENE-215,NO,1,0,0,0,0,0,0
GENE-216,NO,1,18,15,21,28,14,19
GENE-217,NO,1,0,0,0,0,0,0
GENE-218,NO,1,0,0,0,0,0,0
GENE-219,NO,1,194,238,312,311,254,263
GENE-220,NO,1,0,0,0,0,0,0
GENE-221,NO,1,0,0,0,0,0,0
GENE-222,NO,1,0,0,0,0,0,0
GENE-223,NO,1,0,0,0,0,0,0
GENE-224,NO,1,0,0,0,0,0,0
GENE-225,NO,1,221,214,253,368,253,155
GENE-226,YES,1,4,6,9,11,4,10
GENE-227,NO,1,0,1,0,0,1,0
GENE-228,NO,1,0,0,0,0,0,0
GENE-229,NO,1,9,4,4,5,5,5
GENE-230,NO,1,74,94,58,71,71,99
GENE-231,YES,1,0,0,0,0,0,0
GENE-232,NO,1,0,0,0,0,0,0
GENE-233,NO,1,0,0,0,0,0,0
GENE-234,NO,1,0,0,0,0,0,0
GENE-235,NO,1,7,11,15,75,11,44
GENE-236,NO,1,0,0,0,0,0,0
GENE-237,NO,1,0,0,0,0,0,0
GENE-238,NO,1,0,2,0,0,1,1
GENE-239,NO,1,586,13,374,3273,126,3577
GENE-240,NO,1,0,0,0,0,0,0
GENE-241,NO,1,38,34,31,46,28,20
GENE-243,NO,1,12,12,19,21,18,23
GENE-244,NO,1,39,93,87,71,54,115
GENE-245,NO,1,125,98,101,77,96,76
GENE-246,NO,1,0,0,0,0,0,0
GENE-247,NO,1,0,0,0,0,0,0
GENE-248,NO,1,0,0,0,0,0,0
GENE-249,NO,1,2,4,4,2,3,2
GENE-250,YES,1,0,0,0,0,0,0
GENE-251,NO,1,380,466,449,423,511,431
GENE-252,NO,1,18,20,33,14,29,32
GENE-253,NO,1,0,0,0,0,0,0
GENE-254,NO,1,0,0,0,0,0,0
GENE-255,NO,1,0,0,0,0,0,0
GENE-256,NO,1,0,0,0,0,0,0
GENE-257,NO,1,0,0,0,0,0,0
GENE-258,NO,1,0,0,0,0,0,0
GENE-259,NO,1,0,0,0,0,0,0
GENE-260,NO,1,0,0,0,0,0,0
GENE-261,NO,1,0,0,0,0,0,0
GENE-262,NO,1,0,0,0,0,0,0
GENE-263,NO,1,0,0,0,0,0,0
GENE-264,NO,1,0,0,0,0,0,0
GENE-265,NO,1,0,0,0,0,0,0
GENE-266,NO,1,0,0,0,0,0,0
GENE-267,NO,1,0,0,0,0,0,0
GENE-268,NO,1,0,0,0,0,0,0
GENE-269,NO,1,80,70,79,76,72,55
GENE-270,YES,1,0,0,0,0,0,0
GENE-271,NO,1,688,723,455,532,524,635
GENE-272,NO,1,0,0,0,0,0,0
GENE-273,NO,1,105,189,114,97,149,129
GENE-274,NO,1,0,0,0,0,0,0
GENE-275,NO,1,0,0,0,0,0,0
GENE-276,NO,1,0,0,0,0,0,0
GENE-277,NO,1,0,0,0,0,0,0
GENE-278,NO,1,0,0,0,0,0,0
GENE-279,NO,1,0,0,0,0,0,0
GENE-280,NO,1,50,85,47,53,65,63
GENE-281,NO,1,1717,1908,1850,1307,1495,2137
GENE-282,NO,1,0,0,0,0,0,0
GENE-283,NO,1,277,261,423,110,287,614
GENE-284,NO,1,51,305,99,472,78,138
GENE-285,NO,1,83,65,80,68,79,36
GENE-286,NO,1,1,1,6,5,1,1
GENE-287,NO,1,0,0,0,0,0,0
GENE-288,NO,1,3126,2668,3265,3670,3506,3293
GENE-289,NO,1,159,626,466,93,302,577
GENE-290,NO,1,0,0,0,0,0,0
GENE-291,YES,1,3,1,2,3,5,3
GENE-292,NO,1,0,0,0,0,0,0
GENE-293,NO,1,9,13,8,10,9,6
GENE-294,NO,1,0,0,0,0,0,0
GENE-295,NO,1,7,19,48,26,8,20
GENE-296,NO,1,0,0,0,0,0,0
GENE-297,NO,1,0,0,0,0,0,0
GENE-298,NO,1,0,0,0,0,0,0
GENE-299,NO,1,0,0,0,0,0,0
GENE-300,NO,1,0,0,0,0,0,0
GENE-301,NO,1,332,312,319,397,235,403
GENE-302,NO,1,0,0,0,0,0,0
GENE-303,NO,1,0,0,0,0,0,0
GENE-304,NO,1,159,182,191,298,216,209
GENE-305,NO,1,0,0,0,0,0,0
GENE-307,NO,1,0,0,0,0,0,0
GENE-308,NO,1,0,0,0,0,0,0
GENE-309,NO,1,60,71,62,56,41,50
GENE-310,NO,1,0,0,0,0,0,0
GENE-311,NO,1,365,431,576,480,471,565
GENE-312,NO,1,877,364,438,621,591,490
GENE-313,NO,1,0,0,0,0,0,0
GENE-314,NO,1,0,3,0,25,4,43
GENE-315,NO,1,0,0,0,0,0,0
GENE-316,NO,1,0,0,0,0,0,0
GENE-317,NO,1,1,0,1,0,0,0
GENE-318,NO,1,0,0,0,0,0,0
GENE-319,NO,1,1,2,1,2,1,1
GENE-320,NO,1,45,41,37,43,47,49
GENE-321,NO,1,0,0,0,0,0,0
GENE-322,NO,1,0,0,0,0,0,0
GENE-323,NO,1,302,285,316,322,329,279
GENE-324,NO,1,0,0,0,0,0,0
GENE-325,NO,1,2,2,0,1,2,1
GENE-326,NO,1,0,0,0,0,0,0
GENE-327,NO,1,0,0,0,0,0,0
GENE-328,NO,1,3,3,1,6,3,1
GENE-329,NO,1,1,3,3,0,1,0
GENE-330,NO,1,0,0,0,0,0,0
GENE-331,NO,1,1077,1343,671,423,288,891
GENE-332,NO,1,0,0,0,0,0,0
GENE-333,NO,1,0,0,0,0,0,0
GENE-334,NO,1,0,0,0,0,0,0
GENE-335,NO,1,0,0,0,0,0,0
GENE-336,NO,1,15,38,53,52,47,39
GENE-337,NO,1,0,0,0,0,0,0
GENE-338,YES,1,0,0,0,0,0,0
GENE-339,NO,1,0,0,0,0,0,0
GENE-340,NO,1,0,0,0,0,0,0
GENE-341,YES,1,0,0,0,0,0,0
GENE-342,NO,1,243,233,167,178,199,266
GENE-343,NO,1,466,147,326,396,538,171
GENE-344,NO,1,0,0,0,0,0,0
GENE-345,NO,1,1289,1293,1170,766,1291,1176
GENE-346,NO,1,0,0,0,0,0,0
GENE-347,NO,1,162,176,184,122,132,146
GENE-348,NO,1,0,0,0,0,0,0
GENE-349,NO,1,0,0,0,0,0,0
GENE-350,NO,1,1671,1536,1761,1425,1387,1772
GENE-351,NO,1,359,391,387,363,373,445
GENE-352,NO,1,0,0,0,0,0,0
GENE-353,NO,1,0,0,0,0,0,0
GENE-354,NO,1,0,0,0,0,0,0
GENE-355,NO,1,0,0,0,0,0,0
GENE-356,NO,1,0,0,0,0,0,0
GENE-357,NO,1,0,0,0,0,0,0
GENE-358,NO,1,0,0,1,2,0,3
GENE-359,NO,1,38,50,35,72,37,46
GENE-360,NO,1,11,4,16,11,8,10
GENE-361,NO,1,0,0,0,0,0,0
GENE-362,NO,1,0,0,0,0,0,0
GENE-363,NO,1,16,19,18,17,22,8
GENE-364,NO,1,0,0,0,0,0,0
GENE-365,NO,1,0,0,0,0,0,0
GENE-366,NO,1,11,22,20,34,16,27
GENE-367,NO,1,108,120,131,115,139,133
GENE-368,NO,1,7,6,6,6,5,6
GENE-369,NO,1,650,550,725,579,549,541
GENE-370,NO,1,33,33,38,28,26,32
GENE-371,NO,1,147,102,157,225,230,231
GENE-372,NO,1,5,6,4,10,6,4
GENE-373,NO,1,21,30,30,18,20,29
GENE-374,NO,1,0,0,0,0,0,0
GENE-375,NO,1,105,116,93,112,77,72
GENE-376,NO,1,3,1,5,2,3,4
GENE-377,NO,1,0,0,0,0,0,0
GENE-378,NO,1,1,1,0,0,0,0
GENE-379,NO,1,0,0,0,0,0,0
GENE-380,NO,1,0,0,0,0,0,0
GENE-381,YES,1,0,0,0,0,0,0
GENE-383,NO,1,0,0,0,0,0,0
GENE-384,NO,1,0,0,0,0,0,0
GENE-385,NO,1,0,0,0,0,0,0
GENE-386,NO,1,4,1,5,4,7,4
GENE-387,YES,1,0,0,0,0,0,0
GENE-388,NO,1,0,0,0,0,0,0
GENE-389,NO,1,0,0,0,0,0,0
GENE-390,NO,1,14,19,10,11,13,3
GENE-391,NO,1,23,30,29,42,37,28
GENE-392,NO,1,22,19,35,20,10,14
GENE-393,NO,1,499,500,598,543,460,659
GENE-394,NO,1,0,0,0,0,0,0
GENE-395,NO,1,0,0,0,0,0,0
GENE-396,NO,1,0,0,0,0,0,0
GENE-397,NO,1,0,0,0,0,0,0
GENE-398,NO,1,0,0,0,0,0,0
GENE-399,NO,1,201,189,149,181,178,156
GENE-400,NO,1,0,0,0,0,0,0
GENE-401,NO,1,0,0,0,0,0,0
GENE-402,NO,1,0,0,0,0,0,0
GENE-403,NO,1,32,42,32,52,44,45
GENE-404,NO,1,2,0,0,0,1,1
GENE-405,NO,1,0,0,0,0,0,0
GENE-407,NO,1,0,0,0,0,0,0
GENE-408,NO,1,3,2,1,0,1,3
GENE-409,NO,1,1170,2076,1120,308,1680,843
GENE-410,NO,1,0,0,0,0,0,0
GENE-411,NO,1,778,755,967,785,802,925
GENE-412,NO,1,0,0,0,0,0,0
GENE-413,NO,1,722,1217,1155,845,867,980
GENE-414,NO,1,0,0,0,0,0,0
GENE-415,NO,1,0,0,0,0,0,0
GENE-416,NO,1,0,0,0,0,0,0
GENE-417,NO,1,0,0,0,0,0,0
GENE-418,NO,1,0,0,0,0,0,0
GENE-419,NO,1,0,0,0,0,0,0
GENE-420,NO,1,0,0,0,0,0,0
GENE-421,NO,1,0,0,0,0,0,0
GENE-422,NO,1,0,0,0,0,0,0
GENE-423,NO,1,0,0,0,2,0,2
GENE-424,NO,1,2,5,4,4,4,6
GENE-425,NO,1,41,60,55,37,49,39
GENE-426,NO,1,0,0,0,0,0,0
GENE-427,NO,1,7470,7857,7448,9533,8714,7158
GENE-428,NO,1,40,30,24,47,41,32
GENE-429,NO,1,0,0,0,0,0,0
GENE-430,NO,1,0,0,0,0,0,0
GENE-431,NO,1,0,0,0,0,0,0
GENE-432,NO,1,0,0,0,0,0,0
GENE-433,NO,1,0,0,0,0,0,0
GENE-434,NO,1,17,6,20,14,16,22
GENE-435,NO,1,0,0,0,0,0,0
GENE-436,NO,1,1226,1560,1752,1524,1623,1691
GENE-437,NO,1,0,0,0,0,0,0
GENE-438,NO,1,0,0,0,0,0,0
GENE-439,NO,1,91,91,97,106,110,96
GENE-440,NO,1,0,0,0,0,0,0
GENE-441,NO,1,0,0,0,0,0,0
GENE-442,NO,1,0,0,0,0,0,0
GENE-443,NO,1,1,0,2,3,1,1
GENE-444,NO,1,1,9,5,18,15,51
GENE-445,NO,1,0,0,0,0,0,0
GENE-446,NO,1,0,0,0,0,0,0
GENE-447,NO,1,0,0,0,0,0,0
GENE-448,YES,1,0,0,0,0,0,0
GENE-449,NO,1,0,0,0,0,0,0
GENE-450,NO,1,0,0,0,0,0,0
GENE-451,NO,1,0,0,0,0,0,0
GENE-452,NO,1,0,0,0,0,0,0
GENE-453,NO,1,0,0,0,0,0,0
GENE-454,NO,1,0,0,0,0,0,0
GENE-455,NO,1,205,245,232,223,186,213
GENE-456,NO,1,0,0,0,0,0,0
GENE-457,NO,1,12,9,7,7,10,11
GENE-458,NO,1,52,47,65,65,78,74
GENE-459,NO,1,0,0,0,0,0,0
GENE-460,NO,1,166,156,161,154,158,131
GENE-461,NO,1,0,0,0,0,0,0
GENE-462,NO,1,0,0,0,0,0,0
GENE-463,NO,1,0,0,0,0,0,0
GENE-464,NO,1,341,325,350,337,515,230
GENE-465,NO,1,0,0,0,0,0,0
GENE-466,NO,1,0,0,0,0,0,0
GENE-467,NO,1,47,38,37,39,28,28
GENE-468,NO,1,0,0,0,0,0,0
GENE-469,NO,1,52,69,53,68,62,68
GENE-470,NO,1,26,39,29,34,32,39
GENE-471,NO,1,0,0,0,0,0,0
GENE-472,NO,1,197,184,162,219,194,179
GENE-473,NO,1,0,0,0,0,0,0
GENE-474,NO,1,563,494,416,516,518,576
GENE-475,NO,1,0,0,0,0,0,0
GENE-476,NO,1,0,0,0,0,0,0
GENE-477,NO,1,435,388,384,390,362,418
GENE-478,NO,1,0,0,0,0,0,0
GENE-479,NO,1,0,0,0,0,0,0
GENE-480,NO,1,13,9,10,12,14,9
GENE-481,NO,1,51,83,80,65,67,75
GENE-482,NO,1,0,0,0,0,0,0
GENE-483,NO,1,0,0,0,0,0,0
GENE-484,NO,1,119,167,282,208,229,267
GENE-485,NO,1,246,116,84,166,101,183
GENE-486,NO,1,9,6,7,9,8,8
GENE-487,NO,1,102,124,122,139,84,131
GENE-488,NO,1,1358,1120,809,1044,879,763
GENE-489,NO,1,215,129,202,161,150,140
GENE-490,NO,1,0,0,0,0,0,0
GENE-491,NO,1,0,0,0,0,0,0
GENE-492,NO,1,0,0,0,0,0,0
GENE-493,NO,1,0,0,0,0,0,0
GENE-494,NO,1,15,13,14,24,14,18
GENE-495,NO,1,167,129,212,178,172,172
GENE-496,NO,1,0,0,0,0,0,0
GENE-497,NO,1,0,0,2,3,1,1
GENE-498,NO,1,0,0,0,0,0,0
GENE-499,NO,1,0,0,0,0,0,0
GENE-500,NO,1,7,8,4,8,8,7
GENE-501,NO,1,110,82,81,91,78,91
GENE-502,YES,1,0,0,0,0,0,0
GENE-503,NO,1,0,0,0,0,0,0
GENE-504,NO,1,0,0,0,0,0,0
GENE-505,NO,1,67,73,68,74,68,58
GENE-506,NO,1,593,671,696,668,648,729
GENE-507,NO,1,0,0,0,0,0,0
GENE-508,NO,1,0,0,0,0,0,0
GENE-509,NO,1,415,435,424,389,437,468
GENE-510,NO,1,0,0,0,0,0,0
GENE-511,NO,1,0,0,0,0,0,0
GENE-512,NO,1,0,0,0,0,0,0
GENE-513,NO,1,0,0,0,0,0,0
GENE-515,NO,1,0,1,0,0,0,1
GENE-516,NO,1,0,0,0,0,0,0
GENE-517,NO,1,0,0,0,0,0,0
GENE-518,NO,1,0,0,0,0,0,0
GENE-519,NO,1,0,0,0,0,0,0
GENE-520,NO,1,0,0,0,0,0,0
GENE-521,NO,1,0,0,0,0,0,0
GENE-522,NO,1,0,0,0,0,0,0
GENE-523,NO,1,0,0,0,0,0,0
GENE-524,NO,1,0,0,0,0,0,0
GENE-525,NO,1,205,169,177,175,160,187
GENE-526,NO,1,465,648,591,416,525,443
GENE-527,NO,1,0,0,0,0,0,0
GENE-528,YES,1,0,0,0,0,0,0
GENE-529,NO,1,1,1,1,1,1,0
GENE-530,NO,1,0,0,0,0,0,0
GENE-531,NO,1,0,1,1,1,0,0
GENE-532,NO,1,119,54,57,37,106,17
GENE-533,NO,1,32,33,38,31,37,40
GENE-534,NO,1,0,0,0,0,0,0
GENE-535,NO,1,0,0,0,0,0,0
GENE-536,NO,1,14,4,9,8,9,9
GENE-537,NO,1,0,0,0,0,0,0
GENE-538,NO,1,0,0,0,0,0,0
GENE-539,NO,1,0,0,0,0,0,0
GENE-540,NO,1,39,47,41,48,41,70
GENE-541,NO,1,11,55,28,0,8,3
GENE-542,NO,1,0,0,0,0,0,0
GENE-543,NO,1,13,14,5,8,10,9
GENE-544,NO,1,0,0,0,0,0,0
GENE-545,NO,1,0,0,0,0,0,0
GENE-546,NO,1,9,7,10,9,14,8
GENE-547,NO,1,0,0,0,0,0,0
GENE-548,NO,1,0,0,0,0,0,0
GENE-549,NO,1,0,0,0,0,0,0
GENE-550,NO,1,0,0,0,0,0,0
GENE-551,NO,1,0,0,0,0,0,0
GENE-552,NO,1,0,0,0,0,0,0
GENE-553,NO,1,0,0,0,0,0,0
GENE-554,NO,1,0,0,0,0,0,0
GENE-555,NO,1,1,0,0,0,0,2
GENE-556,NO,1,60,116,93,62,56,64
GENE-557,NO,1,0,0,0,0,0,0
GENE-558,NO,1,0,0,0,0,0,0
GENE-559,NO,1,23,15,18,25,24,21
GENE-560,NO,1,10,5,8,4,10,2
GENE-561,NO,1,817,596,730,691,679,628
GENE-562,NO,1,0,0,0,0,0,0
GENE-563,NO,1,19,21,14,24,24,16
GENE-564,NO,1,0,0,0,0,0,0
GENE-565,NO,1,0,0,0,0,0,0
GENE-566,NO,1,0,0,0,0,0,0
GENE-567,NO,1,0,0,0,0,0,0
GENE-568,NO,1,21,13,36,22,25,29
GENE-569,NO,1,0,0,0,0,0,0
GENE-570,NO,1,0,0,0,0,0,0
GENE-571,NO,1,0,0,0,0,0,0
GENE-572,YES,1,0,0,0,0,0,0
GENE-573,NO,1,0,0,0,0,0,0
GENE-574,NO,1,0,0,0,0,0,0
GENE-575,NO,1,0,0,0,0,0,0
GENE-576,YES,1,0,0,0,0,0,0
GENE-577,NO,1,27,30,34,27,24,33
GENE-578,NO,1,105,94,87,149,84,118
GENE-579,NO,1,539,390,528,484,611,443
GENE-580,NO,1,0,0,0,0,0,0
GENE-581,NO,1,0,0,0,0,0,0
GENE-582,NO,1,28,14,25,7,35,40
GENE-583,NO,1,0,0,0,0,0,0
GENE-584,NO,1,0,0,0,0,0,0
GENE-585,NO,1,0,0,0,0,0,0
GENE-586,NO,1,0,0,0,0,0,0
GENE-587,NO,1,49,46,60,15,54,51
GENE-588,NO,1,0,0,0,0,0,0
GENE-589,NO,1,0,0,0,0,0,0
GENE-590,NO,1,0,0,0,0,0,0
GENE-591,NO,1,0,0,0,0,0,0
GENE-592,NO,1,0,0,0,0,0,0
GENE-593,NO,1,0,0,0,0,0,0
GENE-594,NO,1,0,0,0,0,0,0
GENE-595,NO,1,0,0,0,0,0,0
GENE-596,YES,1,0,0,0,0,0,0
GENE-597,NO,1,0,0,0,0,0,0
GENE-598,NO,1,0,0,0,0,0,0
GENE-599,NO,1,1358,1100,1554,1045,1607,1083
GENE-600,NO,1,0,0,0,0,0,0
GENE-601,NO,1,0,0,0,0,0,0
GENE-602,NO,1,127,149,159,140,115,130
GENE-603,NO,1,4,2,4,4,4,2
GENE-604,NO,1,0,0,0,0,0,0
GENE-605,NO,1,0,0,0,0,0,0
GENE-606,NO,1,0,0,0,0,0,0
GENE-607,NO,1,0,0,0,0,0,0
GENE-608,NO,1,0,0,0,1,0,0
GENE-609,NO,1,104,142,140,123,128,144
GENE-610,NO,1,0,0,0,0,0,0
GENE-611,NO,1,0,0,0,0,0,0
GENE-612,NO,1,244,432,293,355,357,230
GENE-613,NO,1,2,3,1,2,5,11
GENE-614,NO,1,0,0,0,0,0,0
GENE-615,NO,1,0,0,0,0,0,0
GENE-616,NO,1,0,0,0,0,0,0
GENE-617,NO,1,846,1427,1727,1566,931,1235
GENE-618,NO,1,0,0,0,0,0,0
GENE-619,NO,1,0,0,0,0,0,0
GENE-620,YES,1,0,0,1,1,0,2
GENE-621,NO,1,0,0,0,0,0,0
GENE-622,NO,1,0,0,0,0,0,0
GENE-623,NO,1,0,0,0,0,0,0
GENE-624,NO,1,60,77,91,82,101,126
GENE-625,NO,1,0,0,0,0,0,0
GENE-626,NO,1,5,7,1,3,2,11
GENE-627,NO,1,0,0,0,0,0,0
GENE-628,NO,1,1,2,0,0,5,3
GENE-629,NO,1,0,0,0,0,0,0
GENE-630,NO,1,0,0,0,0,0,0
GENE-631,NO,1,0,0,0,0,0,0
GENE-632,NO,1,0,0,0,0,0,0
GENE-633,NO,1,0,0,0,0,0,0
GENE-634,NO,1,32,49,41,114,14,63
GENE-635,NO,1,0,0,0,0,0,0
GENE-636,NO,1,0,0,0,0,0,0
GENE-637,NO,1,0,0,0,0,0,0
GENE-638,NO,1,20,30,31,28,32,23
GENE-639,NO,1,0,0,0,0,0,0
GENE-640,NO,1,0,0,0,0,0,0
GENE-641,NO,1,0,0,0,0,0,0
GENE-642,NO,1,305,324,308,250,341,222
GENE-643,NO,1,5,0,0,5,5,0
GENE-644,NO,1,930,984,1735,719,995,1313
GENE-645,NO,1,0,0,0,0,0,0
GENE-646,NO,1,268,339,295,309,319,299
GENE-647,NO,1,0,0,0,0,0,0
GENE-648,NO,1,1,0,0,0,0,0
GENE-649,NO,1,0,0,0,0,0,0
GENE-650,NO,1,17,15,17,21,9,11
GENE-651,NO,1,11188,9331,9355,12845,10117,11460
GENE-652,NO,1,0,0,0,0,0,0
GENE-653,NO,1,0,0,0,0,0,0
GENE-654,NO,1,1,2,0,1,0,0
GENE-655,NO,1,0,0,0,0,0,0
GENE-656,NO,1,0,0,0,0,0,0
GENE-657,NO,1,52,70,84,50,57,48
GENE-658,NO,1,0,0,0,0,0,0
GENE-659,NO,1,2218,2271,2207,2186,1828,2362
GENE-660,NO,1,0,0,0,0,0,0
GENE-661,NO,1,0,0,0,0,0,0
GENE-662,NO,1,0,0,0,0,0,0
GENE-663,NO,1,0,0,0,0,0,0
GENE-664,NO,1,0,0,0,0,0,0
GENE-665,NO,1,0,0,0,0,0,0
GENE-666,NO,1,0,0,0,0,0,0
GENE-667,NO,1,0,0,0,0,0,0
GENE-668,NO,1,609,638,485,532,732,635
GENE-669,NO,1,0,0,0,0,0,0
GENE-670,NO,1,0,0,0,0,0,0
GENE-671,NO,1,0,0,0,0,0,0
GENE-672,NO,1,0,0,0,0,0,0
GENE-673,NO,1,0,0,0,0,0,0
GENE-674,NO,1,0,0,0,0,0,0
GENE-675,YES,1,0,0,0,0,0,0
GENE-676,NO,1,0,0,0,0,0,0
GENE-677,NO,1,0,0,0,0,0,0
GENE-678,NO,1,0,0,0,0,0,0
GENE-679,NO,1,3,3,0,1,0,1
GENE-680,NO,1,0,0,0,0,0,0
GENE-681,NO,1,3261,2763,3118,3240,2782,3273
GENE-682,NO,1,0,0,0,0,0,0
GENE-683,NO,1,1,1,0,0,0,0
GENE-684,NO,1,0,0,0,0,0,0
GENE-685,YES,1,0,0,0,0,0,0
GENE-686,NO,1,44,11,24,9,67,39
GENE-687,YES,1,0,0,0,0,0,0
GENE-688,YES,1,0,0,0,0,0,0
GENE-689,NO,1,419,379,336,294,387,432
GENE-690,NO,1,0,0,0,0,0,0
GENE-691,NO,1,0,2,2,1,1,0
GENE-692,NO,1,0,0,0,0,0,0
GENE-693,NO,1,0,0,0,0,0,0
GENE-694,NO,1,0,0,0,0,0,0
GENE-695,NO,1,3900,4715,3548,2439,7122,2747
GENE-696,NO,1,0,0,0,0,0,0
GENE-697,NO,1,584,925,584,512,281,666
GENE-698,NO,1,9,1,11,4,8,11
GENE-699,NO,1,0,0,0,0,0,0
GENE-700,NO,1,0,0,0,0,0,0
GENE-701,NO,1,82,54,66,70,57,61
GENE-702,NO,1,0,0,0,0,0,0
GENE-703,NO,1,331,270,304,238,331,220
GENE-704,NO,1,0,0,0,0,0,0
GENE-705,NO,1,12,11,15,10,8,12
GENE-706,NO,1,0,0,0,0,0,0
GENE-707,NO,1,0,0,0,0,0,0
GENE-708,NO,1,296,249,255,202,263,209
GENE-709,NO,1,0,0,0,0,0,0
GENE-710,NO,1,89,76,86,86,92,71
GENE-711,NO,1,15,23,12,9,14,19
GENE-712,NO,1,1,2,1,3,3,0
GENE-713,NO,1,0,0,0,0,0,0
GENE-714,NO,1,0,0,0,0,0,0
GENE-715,NO,1,0,0,0,0,0,0
GENE-716,NO,1,2,6,5,5,1,2
GENE-717,NO,1,286,310,134,17,39,92
GENE-718,NO,1,0,0,0,0,0,0
GENE-719,NO,1,164,162,230,212,186,212
GENE-720,NO,1,6,6,8,16,7,4
GENE-721,YES,1,0,0,0,0,0,0
GENE-722,NO,1,983,1482,1719,1125,1266,1068
GENE-723,NO,1,71,63,94,85,41,63
GENE-724,NO,1,0,0,0,0,0,0
GENE-726,NO,1,13,12,14,19,14,16
GENE-727,NO,1,0,0,0,0,0,0
GENE-728,NO,1,0,0,0,0,0,0
GENE-729,NO,1,0,0,0,0,0,0
GENE-730,NO,1,0,0,0,0,0,0
GENE-731,NO,1,4,3,2,1,3,3
GENE-732,YES,1,0,0,0,0,0,0
GENE-733,NO,1,0,0,0,0,0,0
GENE-734,NO,1,179,194,223,220,136,153
GENE-735,NO,1,0,0,0,0,0,0
GENE-736,NO,1,0,0,0,0,0,0
GENE-737,NO,1,0,0,0,0,0,0
GENE-738,NO,1,0,0,0,0,0,0
GENE-739,NO,1,1,0,0,0,0,0
GENE-740,NO,1,220,192,231,232,224,218
GENE-741,NO,1,9,7,8,11,10,2
GENE-742,NO,1,0,0,0,0,0,0
GENE-743,NO,1,0,0,0,0,0,0
GENE-744,NO,1,0,0,0,0,0,0
GENE-745,NO,1,563,677,705,476,571,684
GENE-746,NO,1,0,0,0,0,0,0
GENE-747,NO,1,0,0,0,0,0,0
GENE-748,NO,1,0,0,0,0,0,0
GENE-749,NO,1,0,0,0,0,0,0
GENE-750,NO,1,0,0,0,0,0,0
GENE-751,NO,1,0,0,0,0,0,0
GENE-752,NO,1,0,0,0,0,0,0
GENE-753,NO,1,0,0,0,0,0,0
GENE-754,NO,1,0,0,0,0,0,0
GENE-755,NO,1,0,0,0,0,0,0
GENE-756,NO,1,652,620,522,594,434,978
GENE-757,NO,1,5,4,1,4,4,2
GENE-758,NO,1,0,0,0,0,0,0
GENE-759,NO,1,0,0,0,0,0,0
GENE-760,NO,1,0,0,0,0,0,0
GENE-761,NO,1,0,0,0,0,0,0
GENE-762,NO,1,4,2,5,3,6,9
GENE-763,NO,1,0,0,0,0,0,0
GENE-764,NO,1,0,0,0,0,0,0
GENE-765,NO,1,0,0,0,0,0,0
GENE-766,NO,1,0,0,0,0,0,0
GENE-767,NO,1,0,0,0,0,0,0
GENE-768,NO,1,106,130,145,106,144,99
GENE-769,NO,1,1,1,1,1,1,2
GENE-770,NO,1,0,0,0,0,0,0
GENE-771,NO,1,0,0,0,0,0,0
GENE-772,NO,1,14,17,37,9,10,12
GENE-773,NO,1,0,0,0,0,0,0
GENE-774,YES,1,0,0,0,0,0,0
GENE-775,NO,1,0,0,0,0,0,0
GENE-776,NO,1,259,251,275,260,217,339
GENE-777,NO,1,0,0,0,0,0,0
GENE-778,NO,1,0,0,0,0,0,0
GENE-779,NO,1,16,18,23,20,24,15
GENE-780,NO,1,0,0,0,1,1,0
GENE-781,NO,1,0,0,0,0,0,0
GENE-782,NO,1,0,0,0,0,0,0
GENE-783,NO,1,0,0,0,0,0,0
GENE-784,NO,1,0,0,0,0,0,0
GENE-785,NO,1,0,0,0,0,0,0
GENE-786,NO,1,0,0,0,0,0,0
GENE-787,NO,1,0,0,0,0,0,0
GENE-788,NO,1,0,0,0,0,0,0
GENE-789,NO,1,0,0,0,0,0,0
GENE-790,NO,1,0,0,0,0,0,0
GENE-791,NO,1,353,493,402,596,490,331
GENE-792,NO,1,24,16,18,12,13,18
GENE-793,NO,1,8,13,13,11,10,16
GENE-794,NO,1,0,0,0,0,0,0
GENE-795,NO,1,0,0,0,0,0,0
GENE-796,NO,1,0,0,0,0,0,0
GENE-797,NO,1,0,0,0,0,0,0
GENE-798,NO,1,0,0,0,0,0,0
GENE-799,NO,1,0,0,0,0,0,0
GENE-800,NO,1,698,605,628,646,575,659
GENE-801,NO,1,0,0,0,0,0,0
GENE-802,NO,1,0,0,0,0,0,0
GENE-803,NO,1,0,0,0,0,0,0
GENE-804,NO,1,2,1,1,1,3,0
GENE-805,NO,1,18,19,21,17,21,28
GENE-806,NO,1,0,0,0,0,0,0
GENE-807,NO,1,7,7,3,3,8,1
GENE-808,NO,1,734,816,553,610,790,658
GENE-809,NO,1,0,0,0,0,0,0
GENE-810,NO,1,0,0,0,0,0,0
GENE-811,NO,1,2126,1841,1601,2109,1942,1882
GENE-812,NO,1,0,0,0,0,0,0
GENE-813,YES,1,1,1,1,21,24,11
GENE-814,NO,1,0,0,0,0,0,0
GENE-815,NO,1,0,0,0,0,0,0
GENE-816,NO,1,0,0,0,0,0,0
GENE-817,NO,1,0,0,0,0,0,0
GENE-818,NO,1,477,503,368,243,443,363
GENE-819,NO,1,0,0,0,0,0,0
GENE-820,NO,1,0,0,0,0,0,0
GENE-821,NO,1,0,0,0,0,0,0
GENE-823,NO,1,0,0,0,0,0,0
GENE-824,NO,1,174,118,158,71,189,248
GENE-825,NO,1,0,0,0,0,0,0
GENE-826,YES,1,0,0,0,0,0,0
GENE-827,NO,1,0,0,0,0,0,0
GENE-828,NO,1,0,0,0,0,0,0
GENE-829,NO,1,403,394,379,343,406,405
GENE-831,NO,1,1582,359,1122,593,1011,727
GENE-832,NO,1,2165,2319,2385,2315,2631,1790
GENE-833,NO,1,0,0,0,0,0,0
GENE-834,NO,1,0,0,0,0,0,0
GENE-835,NO,1,4,8,4,5,3,7
GENE-836,NO,1,0,0,0,0,0,0
GENE-837,NO,1,0,0,0,0,0,0
GENE-838,NO,1,0,0,0,0,0,0
GENE-839,NO,1,12,6,21,12,12,12
GENE-840,NO,1,0,0,0,0,0,0
GENE-841,NO,1,0,0,0,0,0,0
GENE-842,NO,1,0,0,0,0,0,0
GENE-843,NO,1,0,0,0,0,0,0
GENE-844,NO,1,595,292,672,1017,378,1023
GENE-845,NO,1,0,0,0,0,0,0
GENE-846,NO,1,0,0,0,0,0,0
GENE-847,NO,1,358,314,294,469,424,436
GENE-848,NO,1,0,0,0,0,0,0
GENE-849,NO,1,0,0,0,0,0,0
GENE-850,NO,1,0,0,0,0,0,0
GENE-851,NO,1,0,0,0,0,0,0
GENE-852,NO,1,9,7,10,7,8,7
GENE-853,NO,1,0,0,0,0,0,0
GENE-854,NO,1,0,0,0,0,0,0
GENE-855,NO,1,0,0,0,0,0,0
GENE-856,NO,1,716,547,501,665,542,382
GENE-857,NO,1,0,0,0,0,0,0
GENE-858,NO,1,0,0,0,0,0,0
GENE-859,NO,1,0,0,0,0,0,0
GENE-860,NO,1,0,0,0,0,0,0
GENE-861,NO,1,0,0,0,0,0,0
GENE-862,NO,1,0,0,0,0,0,0
GENE-863,NO,1,0,0,0,0,0,0
GENE-864,NO,1,0,0,0,0,0,0
GENE-865,NO,1,47,48,50,44,49,47
GENE-866,NO,1,7,5,8,10,8,1
GENE-867,NO,1,0,0,0,0,0,0
GENE-868,NO,1,27,25,31,16,41,22
GENE-869,NO,1,0,0,0,0,0,0
GENE-871,NO,1,60,55,43,53,64,64
GENE-872,NO,1,10,13,10,14,15,7
GENE-873,NO,1,392,389,305,257,425,219
GENE-874,NO,1,0,0,0,0,0,0
GENE-875,NO,1,0,0,0,0,0,0
GENE-876,NO,1,108,128,135,159,91,78
GENE-877,NO,1,59,34,38,54,39,40
GENE-878,NO,1,0,0,0,0,0,0
GENE-879,NO,1,0,0,0,0,0,0
GENE-880,NO,1,70,92,85,80,84,92
GENE-881,NO,1,0,0,0,0,0,0
GENE-882,NO,1,0,0,0,0,0,0
GENE-883,NO,1,0,0,0,0,0,0
GENE-884,NO,1,0,0,0,0,0,0
GENE-885,NO,1,47,64,79,35,48,38
GENE-886,NO,1,0,0,0,0,0,0
GENE-887,NO,1,2,0,2,1,1,0
GENE-888,NO,1,0,0,0,0,0,0
GENE-889,YES,1,0,0,0,0,0,0
GENE-890,NO,1,0,0,0,0,0,0
GENE-891,NO,1,522,590,590,560,548,561
GENE-892,NO,1,10,5,8,14,12,7
GENE-893,YES,1,0,0,1,0,1,0
GENE-894,NO,1,0,0,0,0,0,0
GENE-896,NO,1,0,0,0,0,0,0
GENE-897,NO,1,17,49,26,26,38,36
GENE-898,NO,1,158,192,177,225,196,244
GENE-899,NO,1,0,0,0,0,0,0
GENE-900,NO,1,0,0,0,0,0,0
GENE-901,NO,1,1,3,1,6,1,2
GENE-902,NO,1,0,1,3,0,1,0
GENE-903,NO,1,0,0,0,0,0,0
GENE-904,NO,1,0,0,0,0,0,0
GENE-905,NO,1,0,0,0,0,0,0
GENE-906,NO,1,91,101,119,76,98,95
GENE-907,NO,1,8,7,11,14,10,7
GENE-908,NO,1,0,0,0,0,0,0
GENE-909,NO,1,0,0,0,0,0,0
GENE-910,NO,1,39,9,21,4,14,21
GENE-911,NO,1,0,0,0,0,0,0
GENE-912,NO,1,0,1,0,0,0,0
GENE-913,NO,1,0,0,0,0,0,0
GENE-914,NO,1,0,0,0,0,0,0
GENE-915,NO,1,0,0,0,0,0,0
GENE-916,NO,1,10,8,9,9,13,5
GENE-917,NO,1,0,0,0,0,0,0
GENE-918,NO,1,0,0,0,0,0,0
GENE-919,NO,1,25,7,12,12,8,9
GENE-920,YES,1,0,0,0,0,0,0
GENE-921,NO,1,0,0,0,0,0,0
GENE-922,NO,1,0,0,2,1,0,0
GENE-923,NO,1,23,22,21,26,23,23
GENE-924,NO,1,0,0,0,0,0,0
GENE-925,NO,1,4,2,1,0,2,4
GENE-926,NO,1,0,0,0,0,0,0
GENE-927,NO,1,0,0,0,0,0,0
GENE-928,NO,1,0,0,0,0,0,0
GENE-929,YES,1,0,0,0,0,0,0
GENE-930,NO,1,1377,1390,1116,1986,1292,879
GENE-931,NO,1,0,0,0,0,0,0
GENE-932,YES,1,0,0,0,0,0,0
GENE-933,NO,1,0,0,0,0,0,0
GENE-934,NO,1,14,15,8,19,11,6
GENE-935,NO,1,0,0,0,0,0,0
GENE-936,NO,1,0,0,0,0,0,0
GENE-937,NO,1,582,610,602,655,692,721
GENE-938,NO,1,0,0,0,0,0,0
GENE-939,YES,1,0,0,0,0,0,0
GENE-940,NO,1,306,234,286,268,291,250
GENE-941,NO,1,885,719,890,803,829,912
GENE-942,NO,1,23,16,19,18,16,18
GENE-943,NO,1,0,0,0,0,0,0
GENE-944,NO,1,3,2,2,6,3,0
GENE-945,NO,1,0,1,2,3,1,1
GENE-946,NO,1,0,0,0,0,0,0
GENE-947,NO,1,0,0,0,0,0,0
GENE-948,NO,1,329,533,337,549,520,405
GENE-949,NO,1,0,0,0,0,0,0
GENE-950,NO,1,0,0,0,0,0,0
GENE-951,NO,1,0,0,0,0,0,0
GENE-952,NO,1,0,0,0,0,0,0
GENE-953,NO,1,0,0,0,0,0,0
GENE-954,NO,1,1,1,1,2,0,4
GENE-955,YES,1,0,0,0,0,0,0
GENE-956,YES,1,0,0,0,0,0,0
GENE-957,NO,1,0,0,0,0,0,0
GENE-958,NO,1,3889,2510,4968,3236,4377,3255
GENE-959,NO,1,0,0,0,0,0,0
GENE-960,NO,1,989,834,1486,1366,878,1044
GENE-961,NO,1,0,0,0,0,0,0
GENE-962,NO,1,0,0,0,0,0,0
GENE-963,NO,1,0,0,0,0,0,0
GENE-964,NO,1,0,0,0,0,0,0
GENE-965,NO,1,0,0,0,0,0,0
GENE-966,NO,1,0,0,0,0,0,0
GENE-967,NO,1,226,272,264,242,297,300
GENE-968,NO,1,0,0,0,0,0,0
GENE-969,NO,1,11,25,24,11,15,12
GENE-970,NO,1,116,101,83,125,80,86
GENE-971,NO,1,159,166,114,98,65,59
GENE-972,NO,1,1,0,1,1,1,3
GENE-973,NO,1,0,0,0,0,0,0
GENE-974,NO,1,0,0,0,0,0,0
GENE-975,YES,1,0,0,0,0,0,0
GENE-976,NO,1,0,0,0,0,0,0
GENE-977,NO,1,0,0,0,0,0,0
GENE-978,NO,1,0,0,0,0,0,0
GENE-979,NO,1,46,4884,2623,0,6,1445
GENE-980,NO,1,223,203,314,262,212,320
GENE-981,NO,1,0,0,0,0,0,0
GENE-982,NO,1,0,0,0,0,0,0
GENE-983,NO,1,170,145,153,237,158,179
GENE-984,NO,1,0,0,0,0,0,0
GENE-985,NO,1,3,8,5,5,8,6
GENE-986,YES,1,0,0,0,0,0,0
GENE-987,NO,1,0,0,0,0,0,0
GENE-988,NO,1,0,0,1,0,1,0
GENE-989,NO,1,398,368,415,446,449,454
GENE-990,NO,1,0,0,0,0,0,0
GENE-991,NO,1,176,143,112,149,79,56
GENE-992,NO,1,16,35,41,31,38,30
GENE-993,YES,1,0,0,0,0,0,0
GENE-994,NO,1,0,0,0,0,0,0
GENE-995,NO,1,0,0,0,0,0,0
GENE-996,NO,1,0,0,0,0,0,0
GENE-997,NO,1,0,0,0,0,0,0
GENE-998,NO,1,2,10,9,7,2,5
GENE-999,NO,1,318,319,277,346,281,315
GENE-1000,NO,1,0,0,0,0,0,0
GENE-1001,NO,1,0,0,0,0,0,0
GENE-1002,NO,1,0,0,0,0,0,0
GENE-1003,NO,1,13,4,10,4,6,5
GENE-1004,NO,1,0,0,0,0,0,0
GENE-1005,NO,1,0,0,0,0,0,0
GENE-1006,NO,1,22,25,29,40,36,29
GENE-1007,NO,1,0,0,0,0,0,0
GENE-1008,NO,1,0,0,0,0,0,0
GENE-1009,NO,1,0,0,0,0,0,0
GENE-1010,NO,1,0,0,0,0,0,0
GENE-1011,NO,1,22,23,28,24,24,19
GENE-1012,NO,1,0,0,0,0,0,0
GENE-1013,YES,1,0,0,0,0,0,0
GENE-1014,NO,1,0,0,0,0,0,0
GENE-1015,NO,1,0,0,0,0,0,0
GENE-1016,NO,1,0,0,0,0,0,0
GENE-1017,NO,1,0,0,0,0,0,0
GENE-1018,NO,1,0,0,0,0,0,0
GENE-1019,NO,1,17,22,25,15,15,7
GENE-1020,NO,1,0,0,0,0,0,0
GENE-1021,NO,1,0,0,0,0,0,0
GENE-1022,NO,1,23,12,19,21,22,19
GENE-1023,NO,1,0,0,0,0,0,0
GENE-1024,NO,1,130,104,129,108,113,106
GENE-1025,NO,1,1200,1310,1188,1203,1124,1089
GENE-1026,NO,1,0,0,2,0,0,0
GENE-1027,NO,1,1325,958,1168,255,448,1028
GENE-1028,NO,1,0,0,0,0,0,0
GENE-1029,NO,1,0,0,0,0,0,0
GENE-1030,NO,1,0,0,0,0,0,0
GENE-1031,NO,1,0,0,0,0,0,0
GENE-1032,NO,1,0,0,0,0,0,0
GENE-1033,NO,1,0,0,0,0,0,0
GENE-1034,YES,1,0,0,0,0,0,0
GENE-1035,NO,1,0,0,0,0,0,0
GENE-1036,NO,1,3,5,2,4,5,6
GENE-1037,NO,1,0,1,0,4,1,2
GENE-1038,NO,1,0,0,0,0,0,0
GENE-1039,NO,1,0,0,0,0,0,0
GENE-1040,NO,1,0,0,0,0,0,0
GENE-1041,NO,1,0,0,0,0,0,0
GENE-1042,YES,1,0,0,0,0,0,0
GENE-1043,NO,1,0,0,0,0,0,0
GENE-1044,NO,1,0,0,0,0,0,0
GENE-1045,NO,1,0,0,0,0,0,0
GENE-1046,NO,1,0,0,0,0,0,0
GENE-1047,NO,1,4,0,4,0,5,5
GENE-1048,NO,1,0,0,0,0,0,0
GENE-1049,NO,1,0,0,0,0,0,0
GENE-1050,NO,1,1,1,0,1,2,2
GENE-1051,NO,1,0,0,0,0,0,0
GENE-1052,NO,1,0,0,0,0,0,0
GENE-1053,NO,1,0,0,0,0,0,0
GENE-1054,YES,1,0,0,0,0,0,0
GENE-1055,NO,1,132,91,146,91,121,103
GENE-1056,NO,1,897,794,817,1005,758,940
GENE-1057,NO,1,0,0,0,0,0,0
GENE-1058,NO,1,4,2,4,3,3,2
GENE-1059,NO,1,0,0,0,0,0,0
GENE-1060,NO,1,0,0,0,0,0,0
GENE-1061,NO,1,0,0,0,0,0,0
GENE-1062,NO,1,39,60,26,128,11,59
GENE-1063,NO,1,104,135,114,100,106,130
GENE-1064,NO,1,0,0,0,0,0,0
GENE-1065,NO,1,0,0,0,0,0,0
GENE-1066,NO,1,0,0,0,0,0,0
GENE-1067,NO,1,0,0,0,0,0,0
GENE-1068,NO,1,0,0,0,0,0,0
GENE-1069,NO,1,22,17,6,16,29,7
GENE-1070,NO,1,573,609,495,526,362,460
GENE-1071,NO,1,3945,5694,7084,6811,5376,6469
GENE-1072,NO,1,42,35,32,45,53,47
GENE-1073,NO,1,0,0,0,0,0,0
GENE-1074,NO,1,117,143,147,354,244,143
GENE-1075,NO,1,0,0,0,0,0,0
GENE-1076,NO,1,0,0,0,0,0,0
GENE-1077,NO,1,386,431,377,385,427,381
GENE-1078,NO,1,105,75,109,110,105,92
GENE-1079,NO,1,0,0,0,0,0,0
GENE-1080,NO,1,0,0,0,0,0,0
GENE-1081,NO,1,0,0,0,0,0,0
GENE-1082,NO,1,0,0,0,0,0,0
GENE-1083,NO,1,0,0,0,0,0,0
GENE-1084,NO,1,7,4,8,3,4,4
GENE-1085,NO,1,0,0,0,0,0,0
GENE-1086,NO,1,0,0,0,0,0,0
GENE-1087,NO,1,0,0,0,0,0,0
GENE-1088,NO,1,138,95,119,118,56,25
GENE-1089,NO,1,0,0,0,0,0,0
GENE-1090,NO,1,22,16,33,35,26,23
GENE-1091,NO,1,34,15,22,20,14,32
GENE-1092,YES,1,0,0,0,0,0,0
GENE-1093,NO,1,0,0,0,0,0,0
GENE-1094,NO,1,0,0,0,0,0,0
GENE-1095,NO,1,4933,3861,3202,4446,4242,4184
GENE-1096,NO,1,0,0,0,0,0,0
GENE-1097,NO,1,0,0,0,0,0,0
GENE-1098,NO,1,0,0,0,0,0,0
GENE-1099,NO,1,0,0,0,0,0,0
GENE-1100,NO,1,0,0,0,0,0,0
GENE-1101,NO,1,162,158,173,145,175,179
GENE-1102,NO,1,10,13,26,22,18,18
GENE-1103,NO,1,2,1,1,1,0,1
GENE-1104,NO,1,0,0,0,0,0,0
GENE-1105,NO,1,24,16,134,13,46,46
GENE-1106,NO,1,0,0,0,0,0,0
GENE-1107,NO,1,0,0,0,0,0,0
GENE-1108,NO,1,0,0,0,0,0,0
GENE-1109,NO,1,1,0,1,0,0,0
GENE-1110,NO,1,508,511,589,605,576,500
GENE-1111,NO,1,0,0,0,0,0,0
GENE-1112,NO,1,0,0,0,0,0,0
GENE-1113,NO,1,120,110,180,115,125,148
GENE-1114,NO,1,0,0,0,0,0,0
GENE-1115,NO,1,0,0,0,0,0,0
GENE-1116,NO,1,0,0,0,0,0,0
GENE-1117,NO,1,0,0,0,0,0,0
GENE-1118,NO,1,0,0,0,0,0,0
GENE-1119,NO,1,0,0,0,0,0,0
GENE-1120,NO,1,0,0,0,0,0,0
GENE-1121,NO,1,129,150,120,153,141,159
GENE-1122,NO,1,44,42,56,33,27,56
GENE-1123,NO,1,0,0,0,0,0,0
GENE-1124,NO,1,0,0,0,0,0,0
GENE-1125,NO,1,0,0,0,0,0,0
GENE-1126,NO,1,0,0,0,0,0,0
GENE-1127,NO,1,23,9,8,15,37,24
GENE-1128,NO,1,0,0,0,0,0,0
GENE-1129,NO,1,1050,1108,1259,1182,1023,1036
GENE-1130,NO,1,0,0,0,0,0,0
GENE-1131,NO,1,0,0,0,0,0,0
GENE-1132,NO,1,0,0,0,0,0,0
GENE-1133,NO,1,3,1,2,1,2,5
GENE-1134,NO,1,0,0,0,0,0,0
GENE-1135,NO,1,0,0,0,0,0,0
GENE-1136,NO,1,0,0,0,0,0,0
GENE-1137,NO,1,103,100,99,60,110,100
GENE-1138,NO,1,1,1,1,2,2,3
GENE-1139,NO,1,0,0,0,0,0,0
GENE-1140,NO,1,0,0,0,0,0,0
GENE-1141,NO,1,0,0,0,0,0,0
GENE-1142,NO,1,0,0,0,0,0,0
GENE-1143,NO,1,1,0,0,0,0,0
GENE-1144,NO,1,1264,988,1146,1150,1031,1204
GENE-1145,NO,1,0,0,0,0,0,0
GENE-1146,NO,1,686,16,61,30,663,22
GENE-1147,NO,1,0,0,0,0,0,0
GENE-1148,NO,1,0,0,0,0,0,0
GENE-1149,NO,1,23,31,35,22,41,29
GENE-1150,NO,1,0,0,0,0,0,0
GENE-1151,NO,1,0,0,0,0,0,0
GENE-1152,NO,1,0,0,0,0,0,0
GENE-1153,NO,1,0,0,0,0,0,0
GENE-1154,NO,1,0,0,0,0,0,0
GENE-1155,NO,1,0,0,0,0,0,0
GENE-1156,NO,1,0,0,0,0,0,0
GENE-1157,NO,1,5,4,1,5,4,7
GENE-1158,NO,1,0,0,0,0,0,0
GENE-1159,NO,1,0,0,0,0,0,0
GENE-1160,NO,1,0,0,0,0,0,0
GENE-1161,NO,1,0,0,0,0,0,0
GENE-1162,NO,1,299,224,360,297,462,348
GENE-1163,NO,1,0,0,0,0,0,0
GENE-1164,NO,1,2,8,4,5,3,3
GENE-1165,NO,1,0,0,0,0,0,0
GENE-1166,NO,1,0,0,0,0,0,0
GENE-1167,NO,1,0,0,0,0,0,0
GENE-1168,NO,1,3,1,2,2,0,0
GENE-1169,NO,1,15,14,15,25,7,6
GENE-1170,NO,1,0,0,0,0,0,0
GENE-1171,NO,1,0,0,0,0,0,0
GENE-1172,NO,1,0,0,0,0,0,0
GENE-1173,NO,1,1029,926,926,1125,1044,1079
GENE-1174,NO,1,0,0,0,0,0,0
GENE-1175,NO,1,1,2,3,1,5,6
GENE-1176,NO,1,2,2,7,2,3,2
GENE-1177,NO,1,0,0,0,0,0,0
GENE-1178,NO,1,0,0,0,0,0,0
GENE-1179,NO,1,10,5,6,7,12,4
GENE-1180,NO,1,12,22,24,23,18,20
GENE-1181,NO,1,0,0,0,0,0,0
GENE-1182,NO,1,0,0,0,0,0,0
GENE-1183,NO,1,0,0,0,0,0,0
GENE-1184,NO,1,0,0,0,0,0,0
GENE-1185,NO,1,0,0,0,0,0,0
GENE-1186,NO,1,0,0,0,0,0,0
GENE-1187,NO,1,0,1,6,14,23,3
GENE-1188,NO,1,410,439,438,453,414,269
GENE-1189,NO,1,0,0,0,0,0,0
GENE-1190,NO,1,0,0,0,0,0,0
GENE-1191,YES,1,0,1,0,1,2,0
GENE-1192,NO,1,0,0,0,1,0,0
GENE-1193,NO,1,0,0,0,0,0,0
GENE-1195,NO,1,0,0,0,0,0,0
GENE-1196,NO,1,1,0,0,3,2,2
GENE-1197,NO,1,0,0,0,0,0,0
GENE-1198,NO,1,0,0,0,0,0,0
GENE-1199,NO,1,0,0,0,0,0,0
GENE-1200,NO,1,0,0,0,0,0,0
GENE-1201,NO,1,337,281,355,158,236,266
GENE-1202,NO,1,5,7,2,5,10,2
GENE-1203,NO,1,175,121,144,148,183,207
GENE-1204,NO,1,159,265,115,181,136,232
GENE-1205,NO,1,0,0,0,0,0,0
GENE-1206,NO,1,0,0,0,0,0,0
GENE-1207,NO,1,0,0,0,0,0,0
GENE-1208,NO,1,0,0,0,0,0,0
GENE-1209,NO,1,43,41,35,56,29,32
GENE-1210,NO,1,68,51,48,21,30,25
GENE-1211,NO,1,0,0,0,0,0,0
GENE-1212,NO,1,0,0,0,0,0,0
GENE-1213,NO,1,224,212,297,246,205,254
GENE-1214,NO,1,4,4,6,8,7,14
GENE-1215,NO,1,22,26,12,21,12,16
GENE-1216,NO,1,89,97,73,63,96,66
GENE-1217,NO,1,0,0,0,0,0,0
GENE-1218,NO,1,57,36,55,44,40,42
GENE-1219,NO,1,0,0,0,0,0,0
GENE-1220,NO,1,0,0,0,0,0,0
GENE-1221,NO,1,0,0,0,0,0,0
GENE-1222,NO,1,0,0,0,0,0,0
GENE-1223,NO,1,0,0,0,0,0,0
GENE-1224,NO,1,0,0,0,0,0,0
GENE-1225,NO,1,2,2,2,3,0,3
GENE-1226,NO,1,97,87,78,80,73,90
GENE-1227,NO,1,161,143,165,146,127,162
GENE-1228,NO,1,0,0,0,0,0,0
GENE-1229,NO,1,419,425,415,454,460,421
GENE-1230,NO,1,0,0,0,0,0,0
GENE-1231,NO,1,0,0,0,0,0,0
GENE-1232,NO,1,0,0,0,0,0,0
GENE-1233,NO,1,43,45,46,57,33,36
GENE-1234,NO,1,0,0,0,0,0,0
GENE-1235,NO,1,5,4,1,10,2,2
GENE-1236,NO,1,52,55,29,41,54,52
GENE-1237,NO,1,0,0,0,0,0,0
GENE-1238,NO,1,0,0,0,0,0,0
GENE-1239,NO,1,215,176,213,201,225,203
GENE-1240,NO,1,0,0,0,0,0,0
GENE-1241,NO,1,57,9,409,140,205,53
GENE-1242,NO,1,1063,1436,1001,1230,1065,853
GENE-1243,NO,1,0,0,0,0,0,0
GENE-1244,NO,1,251,189,164,155,177,254
GENE-1245,NO,1,0,0,0,0,0,0
GENE-1246,NO,1,380,388,336,292,382,374
GENE-1247,NO,1,793,652,731,751,756,702
GENE-1248,NO,1,0,0,0,0,0,0
GENE-1249,NO,1,0,0,0,0,0,0
GENE-1250,NO,1,7,4,7,4,12,6
GENE-1251,YES,1,0,0,0,0,0,0
GENE-1252,NO,1,1,0,0,2,0,0
GENE-1253,NO,1,0,0,0,0,0,0
GENE-1254,NO,1,0,0,0,0,0,0
GENE-1255,NO,1,0,0,0,0,0,0
GENE-1256,NO,1,0,0,0,0,0,0
GENE-1257,NO,1,0,0,0,0,0,0
GENE-1258,NO,1,0,0,0,0,0,0
GENE-1260,NO,1,0,0,0,0,0,0
GENE-1261,NO,1,108,113,109,116,120,119
GENE-1262,NO,1,0,0,0,0,0,0
GENE-1263,NO,1,113,100,143,113,110,101
GENE-1264,NO,1,0,0,0,0,0,0
GENE-1265,NO,1,20,25,22,16,27,19
GENE-1266,NO,1,0,0,0,0,0,0
GENE-1267,NO,1,0,0,0,0,0,0
GENE-1268,NO,1,41,42,44,49,45,50
GENE-1269,NO,1,264,228,244,228,234,208
GENE-1270,NO,1,0,0,0,0,0,0
GENE-1271,NO,1,73,79,76,89,96,87
GENE-1272,NO,1,289,233,173,187,233,229
GENE-1273,YES,1,0,0,0,0,0,0
GENE-1274,NO,1,4,2,3,4,5,6
GENE-1275,NO,1,38,51,36,44,53,37
GENE-1276,NO,1,0,0,0,0,0,0
GENE-1277,NO,1,0,0,0,0,0,0
GENE-1278,NO,1,0,0,0,0,0,0
GENE-1279,NO,1,1182,522,696,446,623,1230
GENE-1280,NO,1,204,203,248,238,221,187
GENE-1281,NO,1,0,0,0,0,0,0
GENE-1282,NO,1,0,0,0,0,0,0
GENE-1283,NO,1,0,0,0,0,0,0
GENE-1284,NO,1,0,0,0,0,0,0
GENE-1285,NO,1,0,0,0,0,0,0
GENE-1286,NO,1,0,0,0,0,0,0
GENE-1287,YES,1,0,0,0,0,0,0
GENE-1288,YES,1,0,0,0,0,0,0
GENE-1289,NO,1,188,123,157,133,173,193
GENE-1290,NO,1,206,166,195,164,209,169
GENE-1291,NO,1,0,0,0,0,0,0
GENE-1292,YES,1,0,0,0,0,0,0
GENE-1293,NO,1,0,0,0,0,0,0
GENE-1294,NO,1,0,0,0,0,0,0
GENE-1295,NO,1,0,0,0,0,0,0
GENE-1296,NO,1,0,0,0,0,0,0
GENE-1297,NO,1,21,22,24,22,10,32
GENE-1298,NO,1,0,0,0,0,0,0
GENE-1299,NO,1,0,0,0,0,0,0
GENE-1300,NO,1,0,0,0,0,0,0
GENE-1301,NO,1,0,0,0,0,0,0
GENE-1302,NO,1,14,21,18,25,10,20
GENE-1303,YES,1,3,4,2,0,0,0
GENE-1304,NO,1,0,0,0,0,0,0
GENE-1305,NO,1,305,142,305,345,353,252
GENE-1306,NO,1,0,0,0,0,0,0
GENE-1307,NO,1,0,0,0,0,0,0
GENE-1308,NO,1,0,0,0,0,0,0
GENE-1309,NO,1,0,0,0,0,0,0
GENE-1310,NO,1,100,80,93,80,103,110
GENE-1311,NO,1,59,87,78,68,53,50
GENE-1312,NO,1,0,0,0,0,0,0
GENE-1313,NO,1,0,0,0,0,0,0
GENE-1314,NO,1,0,0,0,0,0,0
GENE-1315,NO,1,1,0,0,2,1,0
GENE-1316,NO,1,0,0,0,0,0,0
GENE-1317,NO,1,1,0,0,1,0,0
GENE-1318,NO,1,0,0,0,0,0,0
GENE-1319,NO,1,0,0,0,0,0,0
GENE-1320,NO,1,0,0,0,0,0,0
GENE-1321,NO,1,2525,2113,2430,2375,2542,2211
GENE-1322,NO,1,0,0,0,0,0,0
GENE-1323,NO,1,10,22,7,9,8,6
GENE-1324,NO,1,0,0,0,0,0,0
GENE-1325,NO,1,17,11,10,15,6,14
GENE-1326,NO,1,192,142,100,136,116,197
GENE-1327,NO,1,0,0,0,0,0,0
GENE-1328,NO,1,0,0,0,0,0,0
GENE-1329,NO,1,0,0,0,0,0,0
GENE-1330,NO,1,30,39,43,24,38,36
GENE-1331,NO,1,38,27,27,24,30,32
GENE-1332,YES,1,0,0,0,0,0,0
GENE-1333,NO,1,129,80,101,144,75,163
GENE-1334,NO,1,0,0,0,0,0,0
GENE-1335,NO,1,340,352,348,309,328,230
GENE-1336,NO,1,0,0,0,0,0,0
GENE-1337,NO,1,805,530,726,695,683,625
GENE-1338,NO,1,0,0,0,0,0,0
GENE-1339,NO,1,0,0,0,0,0,0
GENE-1340,NO,1,0,0,0,0,0,0
GENE-1341,NO,1,0,0,0,0,0,0
GENE-1342,NO,1,0,0,0,0,0,0
GENE-1343,NO,1,0,0,0,0,0,0
GENE-1344,YES,1,0,0,0,0,0,0
GENE-1345,NO,1,0,0,0,0,0,0
GENE-1346,YES,1,0,0,0,0,0,0
GENE-1347,NO,1,699,726,696,717,694,712
GENE-1348,NO,1,0,0,0,0,0,0
GENE-1349,NO,1,0,0,0,0,0,0
GENE-1350,NO,1,0,0,0,0,0,0
GENE-1351,NO,1,0,0,0,0,0,0
GENE-1352,NO,1,112,120,130,112,159,148
GENE-1353,NO,1,0,0,0,0,0,0
GENE-1354,NO,1,6,7,6,7,4,7
GENE-1355,NO,1,0,0,0,0,0,0
GENE-1356,NO,1,0,0,0,0,0,0
GENE-1357,NO,1,0,0,0,0,0,0
GENE-1358,NO,1,0,0,0,0,0,0
GENE-1359,NO,1,0,0,0,0,0,0
GENE-1360,NO,1,0,0,0,0,0,0
GENE-1361,NO,1,28,42,62,40,56,63
GENE-1362,NO,1,0,0,0,0,0,0
GENE-1363,NO,1,0,0,0,0,0,0
GENE-1364,NO,1,0,1,2,0,0,2
GENE-1365,NO,1,0,0,0,0,0,0
GENE-1366,NO,1,0,0,0,0,0,0
GENE-1367,NO,1,13,12,13,16,18,12
GENE-1368,NO,1,0,0,0,0,0,0
GENE-1369,NO,1,0,0,0,0,0,0
GENE-1370,NO,1,0,0,0,0,0,0
GENE-1371,NO,1,5,3,1,6,1,7
GENE-1372,NO,1,0,0,0,0,0,0
GENE-1373,NO,1,0,0,0,0,0,0
GENE-1374,NO,1,30,28,23,29,27,21
GENE-1375,NO,1,0,0,0,0,0,0
GENE-1376,NO,1,0,2,2,3,0,2
GENE-1377,NO,1,938,1073,1522,1606,2093,1127
GENE-1378,NO,1,0,0,0,0,0,0
GENE-1379,NO,1,103,98,96,109,95,117
GENE-1380,NO,1,0,0,0,0,0,0
GENE-1381,NO,1,0,0,0,0,0,0
GENE-1382,NO,1,84,113,74,90,118,118
GENE-1383,NO,1,0,0,0,0,0,0
GENE-1384,NO,1,0,0,0,0,0,0
GENE-1385,NO,1,0,0,1,0,0,0
GENE-1386,NO,1,0,0,0,0,0,0
GENE-1387,NO,1,21,11,6,8,5,18
GENE-1388,NO,1,3,0,2,5,1,1
GENE-1389,NO,1,0,0,0,0,0,0
GENE-1390,NO,1,0,0,0,0,0,0
GENE-1391,NO,1,120,119,106,91,97,92
GENE-1392,NO,1,0,0,0,0,0,0
GENE-1393,NO,1,0,0,0,0,0,0
GENE-1394,NO,1,21,27,21,14,35,22
GENE-1395,NO,1,0,0,0,0,0,0
GENE-1396,NO,1,0,0,0,0,0,0
GENE-1397,NO,1,0,0,0,0,0,0
GENE-1398,YES,1,0,0,0,0,0,0
GENE-1399,NO,1,3,6,5,8,5,10
GENE-1400,NO,1,0,0,0,0,0,0
GENE-1401,NO,1,0,0,0,0,0,0
GENE-1402,NO,1,0,0,0,0,0,0
GENE-1403,NO,1,3,1,2,2,2,3
GENE-1404,NO,1,0,0,0,0,0,0
GENE-1405,NO,1,71,89,105,79,85,124
GENE-1406,YES,1,0,0,0,0,0,0
GENE-1407,NO,1,0,0,0,0,0,0
GENE-1408,NO,1,0,0,0,0,0,0
GENE-1409,NO,1,2,0,4,3,5,1
GENE-1410,NO,1,0,0,0,0,0,0
GENE-1411,NO,1,240,1616,2630,2058,245,156
GENE-1412,NO,1,0,0,0,0,0,0
GENE-1413,NO,1,0,0,0,0,0,0
GENE-1414,NO,1,0,0,0,0,0,0
GENE-1415,NO,1,0,0,0,0,0,0
GENE-1416,NO,1,428,331,572,403,348,261
GENE-1417,NO,1,10,4,8,9,7,2
GENE-1418,NO,1,0,0,1,0,0,0
GENE-1419,NO,1,0,0,0,0,0,0
GENE-1420,NO,1,0,0,0,0,0,0
GENE-1421,NO,1,0,0,0,0,0,0
GENE-1422,NO,1,701,586,665,636,1488,548
GENE-1423,NO,1,0,0,0,0,0,0
GENE-1424,NO,1,0,0,0,0,0,0
GENE-1425,NO,1,0,0,0,0,0,0
GENE-1426,NO,1,0,0,0,0,0,0
GENE-1427,NO,1,5,5,2,3,3,4
GENE-1428,NO,1,314,406,403,434,315,385
GENE-1429,NO,1,7,7,5,0,1,12
GENE-1430,NO,1,0,0,0,0,0,0
GENE-1431,NO,1,0,0,0,0,0,0
GENE-1432,NO,1,0,0,0,0,0,0
GENE-1433,NO,1,0,0,0,0,0,0
GENE-1434,NO,1,0,0,0,0,0,0
GENE-1435,NO,1,0,0,0,0,0,0
GENE-1436,NO,1,0,0,0,0,0,0
GENE-1437,NO,1,69,79,62,79,72,67
GENE-1438,NO,1,0,0,0,0,0,0
GENE-1439,NO,1,0,0,0,0,0,0
GENE-1440,NO,1,4,0,3,5,5,3
GENE-1441,NO,1,0,0,0,0,0,0
GENE-1442,NO,1,0,0,0,0,0,0
GENE-1443,NO,1,0,0,0,0,0,0
GENE-1444,YES,1,0,0,0,0,0,0
GENE-1445,NO,1,0,0,0,0,0,0
GENE-1446,NO,1,3,5,4,4,2,1
GENE-1447,NO,1,41,29,16,36,20,24
GENE-1448,NO,1,0,0,0,0,0,0
GENE-1449,NO,1,0,0,0,0,0,0
GENE-1450,NO,1,0,0,0,0,0,0
GENE-1451,NO,1,0,0,0,0,0,0
GENE-1452,NO,1,0,0,0,0,0,0
GENE-1453,NO,1,0,0,0,0,0,0
GENE-1454,NO,1,0,0,0,0,0,0
GENE-1455,NO,1,14,21,10,11,18,18
GENE-1456,NO,1,4,7,6,10,9,8
GENE-1457,NO,1,0,0,0,0,0,0
GENE-1458,NO,1,167,136,190,176,131,103
GENE-1459,NO,1,0,0,0,0,0,0
GENE-1460,NO,1,0,0,0,0,0,0
GENE-1461,YES,1,0,0,0,0,0,0
GENE-1462,NO,1,0,0,0,0,0,0
GENE-1463,NO,1,1,1,3,1,2,3
GENE-1464,NO,1,0,0,0,0,0,0
GENE-1465,NO,1,0,0,0,0,0,0
GENE-1466,NO,1,0,0,0,0,0,0
GENE-1467,NO,1,0,0,0,0,0,0
GENE-1468,NO,1,0,0,0,0,0,0
GENE-1469,NO,1,0,0,0,0,0,0
GENE-1470,NO,1,0,0,0,0,0,0
GENE-1471,NO,1,0,0,0,0,0,0
GENE-1472,NO,1,2504,2709,477,661,439,26
GENE-1473,NO,1,43,46,45,63,55,56
GENE-1474,NO,1,0,0,0,0,0,0
GENE-1475,NO,1,9,23,0,29,14,0
GENE-1476,NO,1,0,0,0,0,0,0
GENE-1477,NO,1,0,0,0,0,0,0
GENE-1478,NO,1,1,0,0,0,1,1
GENE-1479,NO,1,0,0,1,0,0,0
GENE-1480,NO,1,3,1,3,1,3,6
GENE-1481,YES,1,2,2,0,6,6,7
GENE-1482,NO,1,0,0,0,0,0,0
GENE-1483,NO,1,270,267,222,180,311,439
GENE-1484,NO,1,0,0,0,0,0,0
GENE-1485,NO,1,0,0,0,0,0,0
GENE-1486,NO,1,0,0,0,0,0,0
GENE-1487,YES,1,0,0,0,0,0,0
GENE-1488,NO,1,0,0,0,0,0,0
GENE-1489,NO,1,38,32,33,35,48,36
GENE-1490,NO,1,0,0,0,0,0,0
GENE-1491,YES,1,0,0,0,0,0,0
GENE-1492,NO,1,0,1,1,0,0,0
GENE-1493,YES,1,0,0,0,0,0,0
GENE-1494,NO,1,0,0,0,0,0,0
GENE-1495,NO,1,8,12,7,9,6,6
GENE-1496,NO,1,35,23,29,48,41,35
GENE-1497,NO,1,31,23,24,22,32,17
GENE-1498,NO,1,3,10,16,7,11,7
GENE-1499,NO,1,25,30,46,28,49,35
GENE-1500,NO,1,0,0,0,0,0,0
GENE-1501,NO,1,0,0,0,0,0,0
GENE-1502,NO,1,0,0,0,0,0,0
GENE-1503,NO,1,0,0,0,0,0,0
GENE-1504,NO,1,0,0,0,0,0,0
GENE-1505,YES,1,0,0,0,0,0,0
GENE-1506,NO,1,1,0,0,0,0,0
GENE-1507,NO,1,0,0,0,0,0,0
GENE-1509,NO,1,7,4,5,1,6,4
GENE-1510,NO,1,0,0,0,0,0,0
GENE-1511,NO,1,0,0,0,0,0,0
GENE-1512,NO,1,0,0,0,0,0,0
GENE-1513,NO,1,0,0,0,0,0,0
GENE-1514,NO,1,199,262,328,218,249,239
GENE-1515,NO,1,0,0,0,0,0,0
GENE-1516,NO,1,0,0,0,0,0,0
GENE-1517,NO,1,19,12,20,14,17,19
GENE-1518,NO,1,9,13,9,6,8,6
GENE-1519,NO,1,0,0,0,0,0,0
GENE-1520,NO,1,42,22,30,24,34,27
GENE-1521,NO,1,12,25,25,28,11,13
GENE-1522,NO,1,252,247,254,270,224,226
GENE-1523,NO,1,37,29,29,36,31,32
GENE-1524,NO,1,13853,11609,12743,15147,10100,13738
GENE-1525,NO,1,0,0,0,0,0,0
GENE-1526,NO,1,0,0,0,0,0,0
GENE-1527,NO,1,0,0,0,0,0,0
GENE-1528,NO,1,0,0,0,0,0,0
GENE-1529,NO,1,0,0,0,0,0,0
GENE-1530,NO,1,0,0,0,0,0,0
GENE-1531,NO,1,0,0,0,0,0,0
GENE-1532,YES,1,0,0,0,0,0,0
GENE-1533,NO,1,0,0,0,0,0,0
GENE-1534,NO,1,0,0,0,0,0,0
GENE-1535,NO,1,620,410,335,463,549,396
GENE-1536,NO,1,0,0,0,0,0,0
GENE-1537,NO,1,0,0,0,0,0,0
GENE-1538,NO,1,0,0,0,0,0,0
GENE-1539,NO,1,1,2,0,2,1,1
GENE-1540,NO,1,2,0,0,0,2,0
GENE-1541,NO,1,151,142,135,130,146,182
GENE-1542,NO,1,0,0,0,0,0,0
GENE-1543,NO,1,0,0,0,0,0,0
GENE-1544,NO,1,0,0,0,0,0,0
GENE-1545,NO,1,26,17,17,25,14,14
GENE-1546,NO,1,2322,1781,2188,2952,2747,3192
GENE-1547,NO,1,16,12,51,28,25,14
GENE-1548,NO,1,0,0,0,0,0,0
GENE-1549,NO,1,20,51,16,0,13,12
GENE-1550,NO,1,0,0,0,0,0,0
GENE-1551,NO,1,0,0,0,0,0,0
GENE-1552,NO,1,0,0,0,0,0,0
GENE-1553,NO,1,0,0,1,1,0,0
GENE-1554,NO,1,74,60,69,80,69,77
GENE-1555,NO,1,0,0,0,0,0,0
GENE-1556,NO,1,1790,2076,1989,1037,1451,1364
GENE-1557,NO,1,0,0,0,0,0,0
GENE-1558,NO,1,0,0,0,0,0,0
GENE-1559,NO,1,93,82,59,89,91,92
GENE-1560,NO,1,0,0,0,0,0,0
GENE-1561,NO,1,92,62,91,51,56,104
GENE-1562,NO,1,0,0,0,0,0,0
GENE-1563,NO,1,0,0,0,0,0,0
GENE-1564,NO,1,1734,1592,1943,1404,1447,1757
GENE-1565,NO,1,0,0,0,0,0,0
GENE-1566,NO,1,0,0,0,0,0,0
GENE-1567,NO,1,0,0,1,1,0,1
GENE-1568,NO,1,0,0,0,0,0,0
GENE-1570,NO,1,0,0,0,0,0,0
GENE-1571,NO,1,0,0,0,0,0,0
GENE-1572,NO,1,0,0,0,0,0,0
GENE-1573,NO,1,0,0,0,0,0,0
GENE-1574,NO,1,1,0,2,0,1,0
GENE-1575,NO,1,0,0,0,0,0,0
GENE-1576,NO,1,0,0,0,0,0,0
GENE-1577,NO,1,0,0,0,0,0,0
GENE-1578,NO,1,44,43,45,51,36,54
GENE-1579,NO,1,8,13,8,6,8,4
GENE-1580,NO,1,36,23,14,24,28,21
GENE-1581,NO,1,0,0,0,0,0,0
GENE-1582,NO,1,18746,16287,15690,24386,11982,18164
GENE-1583,NO,1,0,0,0,0,0,0
GENE-1584,YES,1,0,0,0,0,0,0
GENE-1585,NO,1,3,1,1,2,6,1
GENE-1586,NO,1,0,0,0,0,0,0
GENE-1587,NO,1,0,0,0,0,0,0
GENE-1588,NO,1,97,107,110,122,99,85
GENE-1589,NO,1,0,0,0,0,0,0
GENE-1590,NO,1,3,1,3,3,1,2
GENE-1591,NO,1,877,698,731,1086,727,580
GENE-1592,NO,1,0,0,0,0,0,0
GENE-1593,NO,1,0,0,0,0,0,0
GENE-1594,NO,1,0,0,0,0,0,0
GENE-1595,NO,1,3,2,0,1,0,0
GENE-1596,NO,1,0,0,0,0,0,0
GENE-1597,YES,1,0,0,0,0,0,0
GENE-1598,NO,1,0,0,0,0,0,0
GENE-1599,NO,1,0,0,0,0,0,0
GENE-1600,NO,1,0,0,0,0,0,0
GENE-1601,NO,1,0,0,0,0,0,0
GENE-1602,NO,1,0,0,0,0,0,0
GENE-1603,NO,1,0,0,1,0,2,3
GENE-1605,NO,1,0,0,0,0,0,0
GENE-1606,NO,1,672,622,776,800,670,699
GENE-1607,NO,1,400,431,432,419,409,306
GENE-1608,NO,1,0,0,0,0,0,0
GENE-1609,NO,1,520,122,421,132,395,394
GENE-1610,NO,1,2,2,0,0,1,2
GENE-1611,NO,1,0,0,0,0,0,0
GENE-1612,NO,1,44,28,37,35,40,45
GENE-1613,NO,1,2,2,0,3,1,2
GENE-1614,NO,1,1,0,0,1,0,0
GENE-1615,YES,1,0,0,0,0,0,0
GENE-1616,YES,1,0,0,0,0,0,0
GENE-1617,NO,1,0,0,0,0,0,0
GENE-1618,NO,1,0,0,0,0,0,0
GENE-1619,NO,1,0,0,0,0,0,0
GENE-1620,NO,1,0,0,0,0,0,0
GENE-1621,NO,1,16,8,8,6,6,10
GENE-1622,NO,1,0,0,0,0,0,0
GENE-1623,YES,1,0,0,0,0,0,0
GENE-1624,NO,1,0,0,0,0,0,0
GENE-1625,NO,1,0,0,0,0,0,0
GENE-1626,NO,1,0,0,0,0,0,0
GENE-1627,NO,1,260,219,235,274,212,182
GENE-1628,NO,1,19,18,20,18,15,9
GENE-1629,NO,1,0,0,0,0,0,0
GENE-1630,NO,1,0,0,0,0,0,0
GENE-1631,NO,1,0,0,0,0,0,0
GENE-1632,NO,1,4,7,3,8,11,8
GENE-1633,NO,1,0,0,0,0,0,0
GENE-1634,NO,1,0,0,0,0,0,0
GENE-1635,NO,1,40,88,58,46,49,60
GENE-1636,NO,1,219,382,125,178,571,500
GENE-1637,NO,1,0,0,0,0,0,0
GENE-1638,NO,1,42,80,76,53,64,53
GENE-1639,NO,1,0,253,237,3,73,140
GENE-1640,NO,1,0,0,0,0,0,0
GENE-1641,NO,1,908,615,829,744,826,751
GENE-1642,NO,1,0,0,0,0,0,0
GENE-1643,NO,1,3,0,1,1,0,1
GENE-1644,NO,1,0,0,0,0,0,0
GENE-1645,NO,1,0,0,0,0,0,0
GENE-1646,NO,1,0,0,0,0,0,0
GENE-1647,NO,1,0,0,0,0,0,0
GENE-1648,NO,1,0,0,0,0,0,0
GENE-1649,NO,1,4,8,5,4,7,5
GENE-1650,NO,1,0,0,0,0,0,0
GENE-1651,NO,1,0,0,0,0,0,0
GENE-1652,NO,1,178,103,122,123,129,121
GENE-1653,NO,1,0,0,0,0,0,0
GENE-1654,NO,1,0,0,0,0,0,0
GENE-1655,NO,1,0,0,0,0,0,0
GENE-1656,NO,1,0,0,0,0,0,0
GENE-1657,NO,1,0,0,0,0,0,0
GENE-1658,NO,1,0,0,0,0,0,0
GENE-1659,NO,1,0,1,1,2,2,4
GENE-1660,NO,1,0,0,0,0,0,0
GENE-1661,NO,1,42,58,39,53,66,62
GENE-1662,NO,1,0,0,0,0,0,0
GENE-1663,NO,1,0,0,0,0,0,0
GENE-1664,NO,1,33,27,16,18,20,30
GENE-1665,NO,1,0,0,0,0,0,0
GENE-1666,NO,1,0,0,0,0,0,0
GENE-1667,NO,1,368,474,405,409,412,373
GENE-1668,NO,1,1363,1674,1652,1825,2459,1543
GENE-1669,NO,1,1006,482,965,598,738,560
GENE-1670,NO,1,1,3,3,1,0,1
GENE-1671,NO,1,13,8,9,11,10,18
GENE-1672,NO,1,70,395,444,504,876,810
GENE-1673,NO,1,0,0,0,0,0,0
GENE-1674,NO,1,6,12,0,7,3,6
GENE-1675,NO,1,0,0,0,0,0,0
GENE-1676,NO,1,3,1,0,0,1,2
GENE-1677,NO,1,145,118,119,108,119,131
GENE-1678,NO,1,13,15,10,17,13,8
GENE-1679,NO,1,0,0,0,0,0,0
GENE-1680,NO,1,0,0,0,0,0,0
GENE-1681,NO,1,0,0,0,0,0,0
GENE-1682,NO,1,0,0,0,0,0,0
GENE-1683,NO,1,0,0,0,0,0,0
GENE-1684,NO,1,0,0,0,0,0,0
GENE-1685,NO,1,0,0,1,0,0,0
GENE-1686,NO,1,0,0,0,0,0,0
GENE-1687,NO,1,0,0,0,0,0,0
GENE-1688,NO,1,0,0,0,0,0,0
GENE-1689,NO,1,896,722,1095,810,933,998
GENE-1690,NO,1,0,0,0,0,0,0
GENE-1691,NO,1,763,890,1202,1076,873,1014
GENE-1692,NO,1,0,0,0,0,0,0
GENE-1693,NO,1,0,0,0,0,0,0
GENE-1694,NO,1,0,0,0,0,0,0
GENE-1695,NO,1,0,0,0,0,0,0
GENE-1696,NO,1,0,0,0,0,0,0
GENE-1697,NO,1,4,1,3,4,6,1
GENE-1698,NO,1,0,0,0,0,0,0
GENE-1699,NO,1,1,3,2,2,5,2
GENE-1700,NO,1,0,0,0,0,0,0
GENE-1701,YES,1,0,0,0,0,0,0
GENE-1702,NO,1,0,0,0,0,0,0
GENE-1703,NO,1,0,0,0,0,0,0
GENE-1704,NO,1,20,29,33,19,32,15
GENE-1705,NO,1,0,0,0,0,0,0
GENE-1706,NO,1,1835,1843,1935,1587,1820,1757
GENE-1707,NO,1,1,0,0,0,0,0
GENE-1708,NO,1,0,0,0,0,0,0
GENE-1709,NO,1,9,331,267,180,138,56
GENE-1710,NO,1,119,157,133,113,151,140
GENE-1711,NO,1,0,0,0,0,0,0
GENE-1712,NO,1,0,0,0,0,0,0
GENE-1713,NO,1,0,0,0,0,0,0
GENE-1714,NO,1,0,0,0,0,0,0
GENE-1715,NO,1,0,0,0,0,0,0
GENE-1716,NO,1,0,0,0,0,0,0
GENE-1717,NO,1,0,0,0,0,0,0
GENE-1718,NO,1,0,0,0,0,0,0
GENE-1719,NO,1,0,0,0,0,0,0
GENE-1720,NO,1,0,0,0,0,0,0
GENE-1721,NO,1,0,0,0,0,0,0
GENE-1722,NO,1,0,0,0,0,0,0
GENE-1723,NO,1,0,0,0,0,0,0
GENE-1724,NO,1,0,0,0,0,0,0
GENE-1725,NO,1,162,252,306,383,311,434
GENE-1726,NO,1,0,0,0,0,0,0
GENE-1727,NO,1,0,0,0,0,0,0
GENE-1728,NO,1,0,0,0,0,0,0
GENE-1729,NO,1,90,89,85,85,98,80
GENE-1730,NO,1,0,0,0,0,0,0
GENE-1731,NO,1,60,47,44,62,61,55
GENE-1732,NO,1,0,0,0,0,0,0
GENE-1733,NO,1,1,3,0,0,3,0
GENE-1734,NO,1,0,0,0,0,0,0
GENE-1735,NO,1,1943,3918,3515,4478,3666,4912
GENE-1736,NO,1,0,0,0,0,0,0
GENE-1737,NO,1,2,2,4,1,2,0
GENE-1738,NO,1,0,0,0,0,0,0
GENE-1739,NO,1,0,0,0,0,0,0
GENE-1740,NO,1,0,0,0,0,0,0
GENE-1741,NO,1,0,0,0,0,0,0
GENE-1742,NO,1,0,0,0,0,0,0
GENE-1743,NO,1,0,0,0,0,0,0
GENE-1744,NO,1,0,0,0,0,0,0
GENE-1745,NO,1,0,0,0,0,0,0
GENE-1746,NO,1,245,245,247,249,202,225
GENE-1747,NO,1,0,0,0,0,0,0
GENE-1748,NO,1,18,16,6,12,17,23
GENE-1749,NO,1,0,0,0,0,0,0
GENE-1750,NO,1,0,0,0,0,0,0
GENE-1751,NO,1,0,0,0,0,0,0
GENE-1752,NO,1,0,0,0,0,0,0
GENE-1753,NO,1,2,2,1,4,3,6
GENE-1754,NO,1,0,0,0,0,0,0
GENE-1755,NO,1,0,0,0,0,0,0
GENE-1756,NO,1,3,0,3,4,1,3
GENE-1757,NO,1,0,0,0,0,0,0
GENE-1758,NO,1,13,6,9,7,1,2
GENE-1759,NO,1,0,0,0,0,0,0
GENE-1760,NO,1,0,0,0,0,0,0
GENE-1761,NO,1,0,0,0,0,0,0
GENE-1762,NO,1,362,339,266,331,290,345
GENE-1763,NO,1,0,0,0,0,0,0
GENE-1764,NO,1,0,0,0,0,0,0
GENE-1765,NO,1,0,0,0,0,0,0
GENE-1767,NO,1,0,0,0,0,0,0
GENE-1768,NO,1,0,0,0,0,0,0
GENE-1769,NO,1,40,36,70,57,57,73
GENE-1770,NO,1,0,0,0,0,0,0
GENE-1771,NO,1,0,0,0,0,0,0
GENE-1772,NO,1,0,0,0,0,0,0
GENE-1773,NO,1,0,0,0,0,0,0
GENE-1774,NO,1,851,787,778,791,827,668
GENE-1775,NO,1,0,0,0,0,0,0
GENE-1776,NO,1,0,0,0,0,0,0
GENE-1777,NO,1,79,64,85,61,75,81
GENE-1778,NO,1,0,0,0,0,0,0
GENE-1779,NO,1,3,2,0,0,2,1
GENE-1780,NO,1,0,0,0,0,0,0
GENE-1781,NO,1,38,25,39,40,41,31
GENE-1782,NO,1,0,0,0,0,0,0
GENE-1784,NO,1,0,0,0,0,0,0
GENE-1785,NO,1,0,0,0,0,0,0
GENE-1786,NO,1,0,0,0,0,0,0
GENE-1787,NO,1,37,108,112,61,81,152
GENE-1788,NO,1,0,0,0,0,0,0
GENE-1789,NO,1,0,0,0,0,0,0
GENE-1790,NO,1,0,0,0,0,0,0
GENE-1791,NO,1,1,2,2,1,3,0
GENE-1792,NO,1,11,8,23,16,7,15
GENE-1793,NO,1,515,486,478,597,591,702
GENE-1794,NO,1,1025,1130,37,174,402,312
GENE-1795,NO,1,2,4,1,1,1,0
GENE-1796,NO,1,116,138,71,105,82,79
GENE-1797,NO,1,0,0,0,0,0,0
GENE-1798,NO,1,0,0,0,0,0,0
GENE-1799,NO,1,0,0,0,0,0,0
GENE-1800,NO,1,0,0,0,0,0,0
GENE-1801,NO,1,0,0,0,0,0,0
GENE-1802,NO,1,0,0,0,0,0,0
GENE-1803,NO,1,0,0,0,0,0,0
GENE-1804,NO,1,0,0,0,0,0,0
GENE-1805,NO,1,0,0,0,0,0,0
GENE-1806,NO,1,0,0,0,0,0,0
GENE-1807,NO,1,6,4,3,0,2,9
GENE-1808,NO,1,0,0,0,0,0,0
GENE-1809,NO,1,2,1,1,2,2,1
GENE-1810,NO,1,109,95,160,149,172,105
GENE-1811,NO,1,0,0,0,0,0,1
GENE-1812,NO,1,0,0,0,0,0,0
GENE-1813,NO,1,0,0,0,0,0,0
GENE-1814,NO,1,0,0,0,0,0,0
GENE-1815,NO,1,0,0,0,0,0,0
GENE-1816,NO,1,0,0,0,0,0,0
GENE-1817,NO,1,0,0,0,0,0,0
GENE-1818,NO,1,2,1,3,2,2,5
GENE-1819,NO,1,4,7,4,2,7,8
GENE-1820,YES,1,0,0,0,0,0,0
GENE-1821,NO,1,0,0,0,0,0,0
GENE-1822,NO,1,0,0,0,0,0,0
GENE-1823,NO,1,0,0,0,0,0,0
GENE-1824,NO,1,0,0,0,0,0,0
GENE-1825,NO,1,0,0,0,0,0,0
GENE-1826,NO,1,0,0,0,0,0,0
GENE-1827,NO,1,0,0,0,0,0,0
GENE-1828,NO,1,0,0,0,0,0,0
GENE-1829,NO,1,47,79,32,24,26,31
GENE-1830,NO,1,0,0,0,0,0,0
GENE-1831,NO,1,0,0,0,0,0,1
GENE-1832,NO,1,0,0,0,0,0,0
GENE-1833,NO,1,0,0,0,0,0,0
GENE-1834,NO,1,0,0,0,0,0,0
GENE-1835,NO,1,0,0,0,0,0,0
GENE-1836,NO,1,1,1,0,0,0,2
GENE-1837,NO,1,0,0,0,0,0,0
GENE-1838,NO,1,17,7,15,18,21,3
GENE-1839,NO,1,0,0,0,0,0,0
GENE-1840,NO,1,7,5,2,3,1,8
GENE-1841,NO,1,168,157,153,207,107,89
GENE-1842,NO,1,0,0,0,0,0,0
GENE-1843,NO,1,0,0,0,0,0,0
GENE-1844,NO,1,57,45,49,51,46,43
GENE-1845,NO,1,1,1,0,0,0,0
GENE-1846,NO,1,31,46,40,34,26,37
GENE-1847,NO,1,5,6,3,3,4,5
GENE-1848,YES,1,9,8,6,4,3,7
GENE-1849,NO,1,84,120,153,128,85,105
GENE-1850,NO,1,0,0,0,0,0,0
GENE-1851,NO,1,0,0,0,0,0,0
GENE-1852,NO,1,0,0,0,0,0,0
GENE-1853,NO,1,0,0,0,0,0,0
GENE-1854,NO,1,0,0,0,0,0,0
GENE-1855,NO,1,23,23,14,32,23,31
GENE-1856,NO,1,0,0,0,0,0,0
GENE-1857,NO,1,199,236,303,193,177,215
GENE-1858,NO,1,0,0,0,0,0,0
GENE-1859,NO,1,13,29,44,33,50,34
GENE-1860,NO,1,0,0,0,0,0,0
GENE-1861,NO,1,0,0,0,0,0,0
GENE-1862,NO,1,0,0,0,0,0,0
GENE-1863,NO,1,20,33,23,23,21,24
GENE-1864,NO,1,0,0,0,0,0,0
GENE-1865,NO,1,49,17,16,20,35,23
GENE-1866,NO,1,0,0,0,0,0,0
GENE-1867,NO,1,0,0,0,0,0,0
GENE-1868,NO,1,0,0,0,0,0,0
GENE-1869,NO,1,2152,1794,3723,3279,2375,2803
GENE-1870,NO,1,0,0,0,0,0,0
GENE-1871,NO,1,0,0,0,0,0,0
GENE-1872,NO,1,0,0,0,0,0,0
GENE-1873,NO,1,0,0,0,0,0,0
GENE-1874,NO,1,0,0,0,0,0,0
GENE-1875,NO,1,1,0,0,1,0,0
GENE-1876,NO,1,0,0,0,0,0,0
GENE-1877,NO,1,0,0,0,0,0,0
GENE-1878,NO,1,59,48,68,53,68,72
GENE-1879,NO,1,0,0,0,0,0,0
GENE-1880,NO,1,0,0,0,0,0,0
GENE-1881,NO,1,0,1,4,0,0,1
GENE-1882,NO,1,0,0,0,0,0,0
GENE-1883,NO,1,2319,2378,4524,2930,2218,4344
GENE-1884,NO,1,0,0,0,0,0,0
GENE-1885,NO,1,0,0,0,0,0,0
GENE-1886,NO,1,0,0,0,0,0,0
GENE-1887,NO,1,0,0,0,0,0,0
GENE-1888,NO,1,0,0,0,0,0,0
GENE-1889,NO,1,0,0,0,0,0,0
GENE-1890,NO,1,0,0,0,0,0,0
GENE-1891,NO,1,62,78,64,86,85,84
GENE-1892,NO,1,81,84,64,92,84,54
GENE-1893,NO,1,0,0,0,0,0,0
GENE-1894,NO,1,0,0,0,0,1,1
GENE-1895,YES,1,0,0,0,0,0,0
GENE-1896,NO,1,0,0,0,0,0,0
GENE-1897,NO,1,40,47,25,25,35,34
GENE-1898,NO,1,0,0,0,0,0,0
GENE-1899,NO,1,0,0,0,0,0,0
GENE-1900,NO,1,0,0,0,0,0,0
GENE-1901,NO,1,0,0,0,0,0,0
GENE-1902,NO,1,0,0,0,0,0,0
GENE-1903,NO,1,0,0,0,0,0,0
GENE-1904,NO,1,0,0,0,0,0,0
GENE-1905,NO,1,0,0,0,0,0,0
GENE-1906,NO,1,15,22,21,21,25,37
GENE-1907,NO,1,0,0,0,0,0,0
GENE-1908,NO,1,0,0,0,0,0,0
GENE-1909,NO,1,115,89,100,112,113,72
GENE-1910,NO,1,0,0,0,0,0,0
GENE-1911,NO,1,0,0,0,0,0,0
GENE-1912,NO,1,444,542,362,149,2045,702
GENE-1913,NO,1,0,0,0,0,0,0
GENE-1914,NO,1,0,0,0,0,0,0
GENE-1915,NO,1,299,259,284,273,329,284
GENE-1916,NO,1,0,0,0,0,0,0
GENE-1917,NO,1,0,0,0,0,0,0
GENE-1918,NO,1,2,0,1,4,0,0
GENE-1919,NO,1,0,0,0,0,0,0
GENE-1920,NO,1,0,0,0,0,0,0
GENE-1921,NO,1,0,0,0,0,0,0
GENE-1922,NO,1,0,0,0,0,0,0
GENE-1923,YES,1,0,0,0,0,0,0
GENE-1924,NO,1,5,4,8,6,12,3
GENE-1925,NO,1,0,0,0,0,0,0
GENE-1926,NO,1,0,0,0,0,0,0
GENE-1927,NO,1,0,0,0,0,0,0
GENE-1928,NO,1,0,0,0,0,0,0
GENE-1929,NO,1,0,0,0,0,0,0
GENE-1930,NO,1,0,0,0,0,0,0
GENE-1931,NO,1,218,185,210,233,219,216
GENE-1932,NO,1,0,0,0,0,0,0
GENE-1933,NO,1,0,0,0,0,0,0
GENE-1934,NO,1,0,0,0,0,0,0
GENE-1935,NO,1,263,333,329,277,265,270
GENE-1936,NO,1,1898,2211,2648,2490,2225,2313
GENE-1937,NO,1,0,0,0,0,0,0
GENE-1938,NO,1,0,0,0,0,0,0
GENE-1939,NO,1,0,0,0,0,0,0
GENE-1940,NO,1,0,0,0,0,0,0
GENE-1941,NO,1,0,0,0,0,0,0
GENE-1942,NO,1,503,480,478,373,478,535
GENE-1943,NO,1,0,0,0,0,0,0
GENE-1944,NO,1,0,0,0,0,0,0
GENE-1945,NO,1,7,15,9,6,14,9
GENE-1946,NO,1,1,0,1,0,0,0
GENE-1947,NO,1,0,0,0,0,0,0
GENE-1948,NO,1,270,218,224,268,298,314
GENE-1949,NO,1,0,0,0,0,0,0
GENE-1950,NO,1,0,0,0,0,0,0
GENE-1951,NO,1,5783,2335,2966,4058,3335,2792
GENE-1952,NO,1,0,0,0,0,0,0
GENE-1953,NO,1,0,0,0,0,0,0
GENE-1954,NO,1,0,0,0,0,0,0
GENE-1955,NO,1,34,22,36,32,28,36
GENE-1956,NO,1,284,297,310,323,329,270
GENE-1957,YES,1,0,0,0,0,0,0
GENE-1958,NO,1,0,0,0,0,0,0
GENE-1959,NO,1,106,148,113,40,105,43
GENE-1960,NO,1,0,0,0,0,0,0
GENE-1961,NO,1,0,0,0,0,0,0
GENE-1962,NO,1,0,0,0,0,0,0
GENE-1963,NO,1,0,0,0,0,0,0
GENE-1964,NO,1,0,0,0,0,0,0
GENE-1965,NO,1,2,1,0,2,0,0
GENE-1966,NO,1,0,0,0,0,0,0
GENE-1967,NO,1,0,0,0,0,0,0
GENE-1968,NO,1,10,13,13,10,13,14
GENE-1969,NO,1,0,0,0,0,0,0
GENE-1970,NO,1,0,0,0,0,0,0
GENE-1971,NO,1,0,0,0,0,0,0
GENE-1972,NO,1,0,0,0,0,0,0
GENE-1973,NO,1,0,0,0,0,0,0
GENE-1974,NO,1,0,0,0,0,0,0
GENE-1975,NO,1,0,0,0,0,0,0
GENE-1976,NO,1,0,0,0,0,0,0
GENE-1977,NO,1,0,0,0,0,0,0
GENE-1978,NO,1,212,233,165,317,185,155
GENE-1979,NO,1,4311,5037,6201,4227,5187,4941
GENE-1980,NO,1,0,0,0,0,0,0
GENE-1981,NO,1,0,0,0,0,0,0
GENE-1982,NO,1,0,0,0,0,0,0
GENE-1983,NO,1,0,0,0,0,0,0
GENE-1984,NO,1,0,0,0,0,0,0
GENE-1985,NO,1,0,0,0,0,0,0
GENE-1986,NO,1,0,0,0,0,0,0
GENE-1987,NO,1,0,0,0,1,0,0
GENE-1988,NO,1,0,0,0,0,0,0
GENE-1989,NO,1,0,0,0,0,0,0
GENE-1990,NO,1,0,0,0,0,0,0
GENE-1991,NO,1,0,0,0,0,0,0
GENE-1992,NO,1,0,0,0,0,0,0
GENE-1993,NO,1,20,20,23,25,34,23
GENE-1994,NO,1,0,0,0,0,0,0
GENE-1995,NO,1,0,0,0,0,0,0
GENE-1996,NO,1,15,7,10,14,8,7
GENE-1997,YES,1,0,0,0,0,0,0
GENE-1998,NO,1,0,0,0,0,0,0
GENE-1999,YES,1,0,0,0,0,0,0
GENE-2000,NO,1,0,0,0,0,0,0
GENE-2001,NO,1,0,0,0,0,0,0
GENE-2002,NO,1,0,0,0,0,0,0
GENE-2003,NO,1,4,11,2,5,5,7
GENE-2004,NO,1,0,0,0,0,0,0
GENE-2005,YES,1,0,0,0,0,0,0
GENE-2006,NO,1,0,0,0,0,0,0
GENE-2007,NO,1,0,0,0,0,0,0
GENE-2008,NO,1,0,1,1,0,2,1
GENE-2009,NO,1,23,2,9,9,89,15
GENE-2010,NO,1,0,0,0,0,0,0
GENE-2011,NO,1,33,277,72,261,138,151
GENE-2012,NO,1,0,0,0,0,0,0
GENE-2013,NO,1,67,44,159,40,153,61
GENE-2014,NO,1,65,88,105,75,67,96
GENE-2015,NO,1,0,0,0,0,0,0
GENE-2016,NO,1,0,0,0,0,0,0
GENE-2017,NO,1,0,0,0,0,0,0
GENE-2018,NO,1,0,0,0,0,0,0
GENE-2019,NO,1,0,0,0,0,0,0
GENE-2020,NO,1,3,3,3,1,3,0
GENE-2021,NO,1,0,0,0,0,0,0
GENE-2022,NO,1,4,9,7,13,15,12
GENE-2023,NO,1,0,0,0,0,0,0
GENE-2024,NO,1,0,0,0,0,0,0
GENE-2025,NO,1,0,0,0,0,0,0
GENE-2026,NO,1,0,0,0,0,0,0
GENE-2027,NO,1,0,0,0,0,0,0
GENE-2028,NO,1,0,0,0,0,0,0
GENE-2029,NO,1,0,0,0,0,0,0
GENE-2030,NO,1,296,477,199,302,296,230
GENE-2031,NO,1,0,0,0,0,0,0
GENE-2032,NO,1,43,120,140,25,272,114
GENE-2033,NO,1,11,4,6,7,8,6
GENE-2034,NO,1,0,0,0,0,0,0
GENE-2035,YES,1,0,0,0,0,0,0
GENE-2036,NO,1,1,3,3,5,5,2
GENE-2037,NO,1,0,0,0,0,0,0
GENE-2038,NO,1,379,548,556,691,418,652
GENE-2039,NO,1,0,0,0,0,2,2
GENE-2040,NO,1,0,0,0,0,0,0
GENE-2041,NO,1,0,0,0,0,1,0
GENE-2042,NO,1,0,2,0,0,1,0
GENE-2043,NO,1,2,4,4,4,0,1
GENE-2044,NO,1,36,26,15,33,18,40
GENE-2045,NO,1,0,0,0,0,0,0
GENE-2046,NO,1,0,2,1,0,0,0
GENE-2047,NO,1,98,108,125,109,112,110
GENE-2048,NO,1,0,0,0,0,0,0
GENE-2049,NO,1,23,22,32,21,25,24
GENE-2050,YES,1,0,0,0,0,0,0
GENE-2051,NO,1,4,5,4,7,6,7
GENE-2052,NO,1,3,0,1,3,2,4
GENE-2053,NO,1,170,118,131,132,148,171
GENE-2054,NO,1,60,43,52,43,52,32
GENE-2055,NO,1,0,0,0,0,0,0
GENE-2056,NO,1,0,0,0,0,0,0
GENE-2057,NO,1,0,0,0,0,0,0
GENE-2058,NO,1,0,1,0,0,2,0
GENE-2059,NO,1,19,27,7,46,10,22
GENE-2060,NO,1,0,0,0,0,0,0
GENE-2061,NO,1,0,0,0,0,0,0
GENE-2062,NO,1,0,0,0,0,0,0
GENE-2063,NO,1,0,0,0,0,0,0
GENE-2064,NO,1,23,27,23,20,13,28
GENE-2065,NO,1,46,65,56,47,56,46
GENE-2066,NO,1,0,0,0,0,0,0
GENE-2067,NO,1,7,10,6,9,2,8
GENE-2068,NO,1,0,0,0,0,0,0
GENE-2069,NO,1,22,37,18,27,32,26
GENE-2070,NO,1,0,0,0,0,0,0
GENE-2071,NO,1,0,0,0,0,0,0
GENE-2072,NO,1,599,591,489,709,711,691
GENE-2074,NO,1,0,0,0,0,0,0
GENE-2075,NO,1,121,152,103,127,115,121
GENE-2076,NO,1,0,0,0,0,0,0
GENE-2077,NO,1,0,0,0,0,0,0
GENE-2078,NO,1,0,0,0,0,0,0
GENE-2079,NO,1,0,0,0,0,0,0
GENE-2080,NO,1,0,0,0,0,0,0
GENE-2081,NO,1,0,0,0,0,0,0
GENE-2082,NO,1,0,0,0,0,0,0
GENE-2083,NO,1,0,0,0,0,0,0
GENE-2084,NO,1,2198,1959,1861,2444,2547,2344
GENE-2085,NO,1,0,0,0,0,0,0
GENE-2086,NO,1,0,0,0,0,0,0
GENE-2087,NO,1,30,31,32,22,25,18
GENE-2088,NO,1,0,0,0,0,0,0
GENE-2089,NO,1,0,0,0,0,0,0
GENE-2090,NO,1,300,325,288,343,322,305
GENE-2091,NO,1,0,0,0,0,0,0
GENE-2092,NO,1,70,104,50,86,76,95
GENE-2093,NO,1,0,0,0,0,0,0
GENE-2094,NO,1,0,0,0,0,0,0
GENE-2095,NO,1,0,0,0,0,0,0
GENE-2096,NO,1,0,0,0,0,0,0
GENE-2097,NO,1,0,4,3,2,1,2
GENE-2098,NO,1,30,25,21,25,29,27
GENE-2099,YES,1,0,0,0,0,0,0
GENE-2100,NO,1,0,0,0,0,0,0
GENE-2101,NO,1,0,0,0,0,0,0
GENE-2102,NO,1,5,0,1,3,2,5
GENE-2103,NO,1,417,334,458,485,523,346
GENE-2104,YES,1,0,0,0,0,0,0
GENE-2105,NO,1,2,0,0,1,0,1
GENE-2106,NO,1,0,0,0,0,0,0
GENE-2107,NO,1,0,0,0,0,0,0
GENE-2108,NO,1,0,0,0,0,0,0
GENE-2109,NO,1,15,9,10,16,21,10
GENE-2110,NO,1,0,0,0,0,0,0
GENE-2111,NO,1,274,103,396,531,255,190
GENE-2112,NO,1,59,29,59,58,33,41
GENE-2113,NO,1,0,0,0,0,0,1
GENE-2114,YES,1,0,0,0,0,0,0
GENE-2115,NO,1,547,490,448,660,432,424
GENE-2116,NO,1,0,0,0,0,0,0
GENE-2117,NO,1,10,7,17,10,13,11
GENE-2118,NO,1,258,265,270,247,292,233
GENE-2119,NO,1,0,0,0,0,0,0
GENE-2120,YES,1,0,0,0,0,0,0
GENE-2121,NO,1,0,0,0,0,0,0
GENE-2122,NO,1,0,0,0,0,0,0
GENE-2123,NO,1,669,859,704,673,788,817
GENE-2124,YES,1,0,0,0,0,0,0
GENE-2125,NO,1,560,746,590,637,704,471
GENE-2126,NO,1,0,0,0,0,0,0
GENE-2127,NO,1,185,116,163,156,130,160
GENE-2128,NO,1,0,0,0,0,0,0
GENE-2129,YES,1,0,0,0,0,0,1
GENE-2130,NO,1,11,19,13,11,20,18
GENE-2131,NO,1,0,0,0,0,0,0
GENE-2132,NO,1,146,157,125,181,193,123
GENE-2133,NO,1,0,0,0,0,0,0
GENE-2134,NO,1,0,0,0,0,0,0
GENE-2135,NO,1,0,0,0,0,0,0
GENE-2136,NO,1,0,0,0,0,0,0
GENE-2137,NO,1,49,53,50,41,42,56
GENE-2138,NO,1,0,0,0,0,0,0
GENE-2139,NO,1,269,203,189,173,228,225
GENE-2140,NO,1,0,0,0,0,0,0
GENE-2141,NO,1,0,0,0,0,0,0
GENE-2142,NO,1,0,0,0,0,0,0
GENE-2143,NO,1,0,0,0,0,0,0
GENE-2144,NO,1,217,410,355,241,313,146
GENE-2145,YES,1,0,0,0,0,0,0
GENE-2146,NO,1,1,3,1,2,0,0
GENE-2147,NO,1,482,518,558,547,612,680
GENE-2148,NO,1,307,423,268,307,229,248
GENE-2149,NO,1,0,0,0,0,0,0
GENE-2150,NO,1,0,0,0,1,0,0
GENE-2151,NO,1,0,0,0,0,0,0
GENE-2152,NO,1,0,0,0,0,0,0
GENE-2153,NO,1,0,0,0,0,0,0
GENE-2154,NO,1,0,0,0,0,0,0
GENE-2155,NO,1,0,0,0,0,0,0
GENE-2156,NO,1,6,5,4,7,7,6
GENE-2157,NO,1,0,0,0,0,0,0
GENE-2158,NO,1,0,0,0,0,0,0
GENE-2159,NO,1,0,0,0,0,0,0
GENE-2160,NO,1,0,0,0,0,0,0
GENE-2161,NO,1,4,15,4,9,10,10
GENE-2162,NO,1,0,0,0,0,0,0
GENE-2163,NO,1,0,0,0,0,0,0
GENE-2164,NO,1,8,10,9,6,15,18
GENE-2165,NO,1,0,0,0,0,0,0
GENE-2166,NO,1,16,37,27,24,23,42
GENE-2167,NO,1,9,7,14,5,10,6
GENE-2168,NO,1,4193,3746,2763,3847,3250,3565
GENE-2169,NO,1,0,0,0,0,0,0
GENE-2170,NO,1,0,0,0,0,0,0
GENE-2171,NO,1,1,0,0,2,1,0
GENE-2172,NO,1,0,0,0,0,0,0
GENE-2173,NO,1,0,0,0,0,0,0
GENE-2174,NO,1,0,0,0,0,0,0
GENE-2175,NO,1,185,230,223,246,174,328
GENE-2176,NO,1,0,0,0,0,0,0
GENE-2177,YES,1,0,0,0,0,0,0
GENE-2178,NO,1,0,1,3,3,0,0
GENE-2179,NO,1,2,4,6,4,2,1
GENE-2180,NO,1,0,0,0,0,0,0
GENE-2181,NO,1,0,1,0,0,0,1
GENE-2182,NO,1,192,235,193,175,183,164
GENE-2183,NO,1,1,2,3,3,3,4
GENE-2184,NO,1,0,0,0,0,0,0
GENE-2185,NO,1,0,0,0,0,0,0
GENE-2186,NO,1,0,0,0,0,0,0
GENE-2187,NO,1,0,0,0,0,0,0
GENE-2188,NO,1,0,0,0,0,0,0
GENE-2189,NO,1,0,0,0,0,0,0
GENE-2190,NO,1,0,0,0,0,0,0
GENE-2191,NO,1,3,1,1,1,2,2
GENE-2192,NO,1,1,1,1,3,1,3
GENE-2193,NO,1,0,0,0,0,0,0
GENE-2194,NO,1,0,0,0,0,0,0
GENE-2195,NO,1,0,0,0,2,0,0
GENE-2196,NO,1,570,537,433,501,515,561
GENE-2197,NO,1,1,1,1,1,0,2
GENE-2198,NO,1,1,2,1,1,0,0
GENE-2199,NO,1,0,0,0,0,0,0
GENE-2200,YES,1,0,0,0,0,0,0
GENE-2201,NO,1,212,232,133,149,204,175
GENE-2202,NO,1,0,0,0,0,0,0
GENE-2203,NO,1,0,0,0,0,0,0
GENE-2204,NO,1,413,442,477,480,523,482
GENE-2205,NO,1,2873,3488,3278,3393,3312,3399
GENE-2206,YES,1,0,0,0,0,0,0
GENE-2207,NO,1,0,0,0,0,0,0
GENE-2208,NO,1,3,2,5,6,6,2
GENE-2209,NO,1,13,26,18,17,26,20
GENE-2210,NO,1,0,0,0,0,0,0
GENE-2211,NO,1,0,0,0,0,0,0
GENE-2212,NO,1,0,0,0,1,3,0
GENE-2213,NO,1,12,9,8,4,10,7
GENE-2214,NO,1,0,0,0,0,0,0
GENE-2215,NO,1,0,0,0,0,0,0
GENE-2216,NO,1,0,0,0,0,0,0
GENE-2217,NO,1,0,0,0,0,0,0
GENE-2218,NO,1,21,21,8,18,9,11
GENE-2219,NO,1,0,0,0,0,0,0
GENE-2220,NO,1,0,0,0,0,0,0
GENE-2221,NO,1,8,11,12,12,11,13
GENE-2222,NO,1,0,0,0,0,0,0
GENE-2223,NO,1,3,3,3,5,2,0
GENE-2224,NO,1,18,20,10,19,20,14
GENE-2225,NO,1,0,0,0,0,0,0
GENE-2226,NO,1,0,0,0,0,0,0
GENE-2227,NO,1,524,707,612,1096,613,924
GENE-2228,NO,1,0,0,0,0,0,0
GENE-2229,NO,1,0,0,0,0,0,0
GENE-2230,NO,1,0,0,0,0,0,0
GENE-2231,NO,1,2,0,0,0,0,0
GENE-2232,NO,1,2426,2392,2059,2165,2417,2229
GENE-2233,NO,1,0,0,0,0,0,0
GENE-2234,NO,1,0,0,0,0,0,0
GENE-2235,NO,1,239,209,204,142,164,246
GENE-2236,NO,1,0,0,0,0,0,0
GENE-2237,NO,1,62,46,45,34,41,48
GENE-2238,NO,1,0,0,0,0,0,0
GENE-2239,NO,1,14,8,6,6,7,11
GENE-2240,NO,1,0,0,0,0,0,0
GENE-2241,YES,1,0,0,0,0,0,0
GENE-2242,NO,1,0,0,0,0,0,0
GENE-2243,NO,1,0,0,0,0,0,0
GENE-2244,NO,1,0,0,0,0,0,0
GENE-2245,NO,1,11,7,14,15,5,5
GENE-2246,NO,1,2518,2501,2471,3515,3265,5226
GENE-2247,NO,1,0,0,0,0,0,0
GENE-2248,NO,1,0,0,0,0,0,0
GENE-2249,NO,1,235,192,178,196,235,216
GENE-2250,NO,1,0,0,0,0,0,0
GENE-2251,NO,1,0,0,0,0,0,0
GENE-2252,NO,1,0,0,0,0,0,0
GENE-2253,YES,1,3,4,5,2,0,2
GENE-2254,NO,1,0,0,0,0,0,0
GENE-2255,NO,1,0,0,0,0,0,0
GENE-2256,NO,1,378,327,279,156,370,391
GENE-2257,NO,1,0,0,0,0,0,0
GENE-2258,NO,1,0,0,0,0,0,0
GENE-2259,NO,1,0,0,0,0,0,0
GENE-2260,NO,1,0,0,0,0,0,0
GENE-2261,NO,1,0,0,0,0,0,0
GENE-2262,NO,1,1,0,0,0,0,0
GENE-2263,NO,1,0,0,0,0,0,0
GENE-2264,NO,1,0,0,0,0,0,0
GENE-2265,NO,1,0,0,0,0,0,0
GENE-2266,NO,1,0,0,0,0,0,0
GENE-2267,NO,1,386,764,656,729,466,294
GENE-2268,NO,1,234,223,201,168,249,218
GENE-2269,NO,1,0,0,0,0,0,0
GENE-2270,NO,1,0,0,0,0,0,0
GENE-2271,NO,1,1,4,2,3,2,2
GENE-2272,NO,1,5,8,6,11,3,5
GENE-2273,NO,1,0,0,0,0,0,0
GENE-2274,NO,1,0,0,0,0,0,0
GENE-2275,NO,1,0,0,0,0,0,0
GENE-2276,NO,1,0,0,0,0,0,0
GENE-2277,NO,1,1,2,0,1,1,3
GENE-2278,NO,1,1097,1284,1032,1175,1775,1052
GENE-2279,NO,1,104,136,126,147,149,139
GENE-2280,NO,1,0,0,0,0,0,0
GENE-2281,NO,1,0,0,0,0,0,0
GENE-2282,NO,1,0,0,0,0,0,0
GENE-2283,NO,1,11,6,14,13,12,7
GENE-2284,NO,1,0,1,2,0,0,1
GENE-2285,NO,1,0,0,0,0,0,0
GENE-2286,NO,1,25,18,23,30,29,30
GENE-2287,NO,1,0,0,0,0,0,0
GENE-2288,NO,1,785,711,841,763,666,740
GENE-2289,NO,1,0,0,0,0,0,0
GENE-2290,NO,1,0,0,0,0,0,0
GENE-2291,NO,1,2,1,0,1,0,2
GENE-2292,NO,1,0,0,0,0,0,0
GENE-2293,NO,1,0,0,0,0,0,0
GENE-2294,NO,1,0,0,0,0,0,0
GENE-2295,NO,1,0,0,0,0,0,0
GENE-2296,NO,1,120,133,100,112,108,114
GENE-2297,NO,1,0,0,0,0,0,0
GENE-2298,NO,1,0,0,0,0,0,0
GENE-2299,NO,1,64,83,5,32,23,55
GENE-2300,YES,1,0,0,0,0,0,0
GENE-2301,NO,1,0,0,0,0,0,0
GENE-2302,NO,1,2195,3322,2235,2629,2598,3365
GENE-2303,NO,1,782,1456,792,825,1093,821
GENE-2304,NO,1,0,0,0,0,0,0
GENE-2305,NO,1,0,0,0,0,0,0
GENE-2306,NO,1,0,0,0,0,0,0
GENE-2307,NO,1,0,0,1,0,1,0
GENE-2308,NO,1,0,0,0,0,0,0
GENE-2309,NO,1,0,0,0,0,0,0
GENE-2310,NO,1,0,0,0,0,0,0
GENE-2311,NO,1,0,0,0,0,0,0
GENE-2312,NO,1,0,0,0,1,2,0
GENE-2313,NO,1,0,0,0,0,0,0
GENE-2314,NO,1,20,28,20,23,12,27
GENE-2315,NO,1,0,0,0,0,1,1
GENE-2316,NO,1,0,0,0,0,0,0
GENE-2317,NO,1,0,0,0,0,0,0
GENE-2318,NO,1,0,0,0,0,0,0
GENE-2319,NO,1,0,0,0,0,0,0
GENE-2320,NO,1,0,0,0,0,0,0
GENE-2321,NO,1,0,0,0,0,0,0
GENE-2322,NO,1,0,0,0,0,0,0
GENE-2323,NO,1,0,0,0,0,0,0
GENE-2324,NO,1,0,0,0,0,0,0
GENE-2325,NO,1,0,0,0,0,0,0
GENE-2326,NO,1,0,0,0,0,0,0
GENE-2327,NO,1,0,0,0,0,0,0
GENE-2328,NO,1,1079,1242,1337,979,1012,1634
GENE-2329,NO,1,4527,4829,4680,4599,3591,3837
GENE-2330,NO,1,0,0,0,0,0,0
GENE-2331,NO,1,0,0,0,0,0,0
GENE-2332,NO,1,0,0,0,0,0,0
GENE-2333,NO,1,1,0,3,1,4,1
GENE-2334,NO,1,0,0,0,0,0,0
GENE-2335,NO,1,0,0,0,0,0,0
GENE-2336,NO,1,0,0,0,0,0,0
GENE-2337,NO,1,17,18,11,17,17,11
GENE-2338,NO,1,0,0,0,0,0,0
GENE-2339,NO,1,0,0,0,0,0,0
GENE-2340,NO,1,0,0,0,0,0,0
GENE-2341,NO,1,0,0,0,0,0,0
GENE-2342,NO,1,2,0,0,0,2,0
GENE-2343,NO,1,0,0,0,0,0,0
GENE-2344,NO,1,0,0,0,0,0,0
GENE-2345,NO,1,0,0,0,0,0,0
GENE-2346,NO,1,0,0,0,0,0,0
GENE-2347,NO,1,0,0,0,0,0,0
GENE-2348,NO,1,0,0,0,0,0,0
GENE-2349,NO,1,793,881,827,764,719,727
GENE-2350,NO,1,104,95,139,114,107,111
GENE-2351,NO,1,0,0,0,0,0,0
GENE-2352,NO,1,0,0,0,0,0,0
GENE-2353,NO,1,89,133,138,131,162,181
GENE-2354,NO,1,0,0,0,0,0,0
GENE-2355,NO,1,0,0,0,0,0,0
GENE-2356,NO,1,0,0,0,0,0,0
GENE-2357,NO,1,0,0,0,0,0,0
GENE-2358,NO,1,36,50,27,32,46,41
GENE-2359,NO,1,0,0,2,1,1,2
GENE-2360,NO,1,1,0,0,1,1,0
GENE-2361,NO,1,0,0,0,0,0,0
GENE-2362,NO,1,459,147,229,191,194,238
GENE-2363,NO,1,1,0,0,0,0,0
GENE-2364,NO,1,8,9,6,8,7,5
GENE-2365,NO,1,0,0,0,0,0,1
GENE-2366,NO,1,462,534,495,558,621,461
GENE-2367,NO,1,327,301,293,399,398,492
GENE-2368,NO,1,0,0,0,0,0,0
GENE-2369,NO,1,0,0,0,0,0,0
GENE-2370,NO,1,0,0,0,0,0,0
GENE-2371,NO,1,1,2,0,1,1,0
GENE-2372,NO,1,0,0,0,0,0,0
GENE-2373,NO,1,0,0,0,0,0,0
GENE-2374,NO,1,396,516,501,506,538,629
GENE-2375,NO,1,0,241,0,40,0,336
GENE-2376,NO,1,775,743,804,789,747,607
GENE-2377,NO,1,0,0,0,0,0,0
GENE-2378,NO,1,709,707,657,607,956,809
GENE-2379,NO,1,0,0,0,0,0,0
GENE-2380,NO,1,1,0,0,0,0,0
GENE-2381,NO,1,188,173,179,176,208,171
GENE-2382,NO,1,0,0,0,0,0,0
GENE-2383,NO,1,0,0,0,0,0,0
GENE-2384,NO,1,0,0,0,0,0,0
GENE-2385,NO,1,2,0,1,1,1,1
GENE-2386,NO,1,0,0,0,0,0,0
GENE-2387,NO,1,0,0,0,0,0,0
GENE-2388,NO,1,7,4,10,5,5,4
GENE-2389,NO,1,0,0,0,0,0,0
GENE-2390,NO,1,0,0,0,0,0,0
GENE-2391,NO,1,531,547,559,457,474,604
GENE-2392,NO,1,0,0,0,0,0,0
GENE-2393,NO,1,0,0,0,0,0,0
GENE-2394,NO,1,167,241,157,230,200,143
GENE-2395,NO,1,0,0,0,0,0,0
GENE-2396,NO,1,0,0,0,0,0,0
GENE-2397,NO,1,0,0,0,0,0,0
GENE-2398,NO,1,0,0,0,0,0,0
GENE-2399,NO,1,0,0,0,0,0,0
GENE-2400,NO,1,6,6,3,7,5,12
GENE-2401,NO,1,0,0,0,0,0,0
GENE-2402,NO,1,0,0,0,0,0,0
GENE-2403,NO,1,6,5,6,5,1,3
GENE-2404,NO,1,3,5,0,1,4,2
GENE-2406,NO,1,0,0,0,0,0,0
GENE-2407,NO,1,0,0,0,0,0,0
GENE-2408,NO,1,0,0,0,0,0,0
GENE-2409,NO,1,0,0,0,0,0,0
GENE-2410,NO,1,0,0,0,0,0,0
GENE-2411,NO,1,4,0,1,1,1,1
GENE-2412,NO,1,43,40,39,44,38,38
GENE-2413,NO,1,1,0,0,0,1,0
GENE-2414,NO,1,0,0,0,0,0,0
GENE-2415,NO,1,0,0,0,0,0,0
GENE-2416,NO,1,1,4,2,2,5,1
GENE-2417,NO,1,0,0,0,0,0,0
GENE-2418,NO,1,0,0,0,0,0,0
GENE-2419,NO,1,12984,12489,16150,10520,16423,11761
GENE-2420,NO,1,0,0,0,0,0,0
GENE-2421,NO,1,0,0,0,0,0,0
GENE-2422,NO,1,0,0,0,0,0,0
GENE-2423,NO,1,0,0,0,0,0,0
GENE-2424,NO,1,0,0,0,0,0,0
GENE-2425,NO,1,17,18,15,21,17,22
GENE-2426,NO,1,225,236,213,240,226,274
GENE-2427,NO,1,0,0,0,0,0,0
GENE-2428,YES,1,0,1,1,0,0,0
GENE-2429,NO,1,0,0,0,0,0,0
GENE-2430,NO,1,22,14,5,16,14,16
GENE-2431,NO,1,0,0,0,0,0,0
GENE-2432,NO,1,0,0,0,0,0,0
GENE-2433,NO,1,0,0,0,0,0,0
GENE-2434,NO,1,0,0,0,0,0,0
GENE-2435,NO,1,1789,1681,2026,1739,1894,1494
GENE-2436,NO,1,0,0,0,0,0,0
GENE-2437,NO,1,0,0,0,0,0,0
GENE-2438,NO,1,0,0,0,0,0,0
GENE-2439,NO,1,16,27,14,14,19,24
GENE-2440,NO,1,27,26,20,24,25,20
GENE-2441,NO,1,0,0,0,0,0,0
GENE-2442,NO,1,0,0,0,0,0,0
GENE-2443,NO,1,0,0,0,0,0,0
GENE-2444,NO,1,0,1,2,0,2,1
GENE-2445,NO,1,0,0,0,0,0,0
GENE-2446,NO,1,0,0,0,0,0,0
GENE-2447,NO,1,0,0,0,0,0,0
GENE-2448,NO,1,0,0,0,0,0,0
GENE-2449,NO,1,0,0,0,0,0,0
GENE-2450,NO,1,0,0,0,0,0,0
GENE-2451,NO,1,0,0,0,0,0,0
GENE-2452,NO,1,5,1,2,4,6,3
GENE-2453,NO,1,31,29,32,31,26,30
GENE-2454,NO,1,0,0,0,0,0,0
GENE-2455,NO,1,3,2,2,6,1,3
GENE-2456,NO,1,192,169,213,280,226,228
GENE-2457,NO,1,0,0,0,0,0,0
GENE-2458,YES,1,0,0,0,0,0,0
GENE-2459,NO,1,0,0,0,0,0,0
GENE-2460,NO,1,0,0,0,0,0,0
GENE-2461,NO,1,0,0,0,0,0,0
GENE-2462,YES,1,0,0,0,0,0,0
GENE-2463,NO,1,0,0,0,0,0,0
GENE-2464,NO,1,0,0,0,0,0,1
GENE-2465,NO,1,0,0,0,0,0,0
GENE-2466,NO,1,0,0,0,0,0,0
GENE-2467,NO,1,479,385,264,292,388,302
GENE-2468,NO,1,0,0,0,0,0,0
GENE-2469,NO,1,0,0,0,0,0,0
GENE-2470,NO,1,3,16,6,8,13,0
GENE-2471,NO,1,0,0,0,0,0,0
GENE-2472,NO,1,0,0,0,0,0,0
GENE-2473,NO,1,0,0,0,0,0,0
GENE-2474,NO,1,0,0,0,0,0,0
GENE-2475,NO,1,0,0,0,0,0,0
GENE-2476,NO,1,259,229,342,171,248,306
GENE-2477,YES,1,0,0,0,0,0,0
GENE-2478,NO,1,0,0,0,0,0,0
GENE-2479,NO,1,290,442,852,1170,1110,963
GENE-2480,NO,1,199,207,222,195,227,185
GENE-2481,NO,1,0,0,0,0,0,0
GENE-2482,NO,1,0,0,0,0,0,0
GENE-2483,NO,1,0,0,0,0,0,0
GENE-2484,NO,1,1,0,1,1,2,2
GENE-2485,NO,1,0,0,0,0,0,0
GENE-2486,NO,1,0,0,0,0,0,0
GENE-2487,NO,1,0,0,0,0,0,0
GENE-2488,NO,1,0,0,0,0,0,0
GENE-2489,NO,1,0,0,0,0,0,0
GENE-2490,NO,1,0,0,0,0,0,0
GENE-2491,NO,1,1,0,1,0,1,2
GENE-2492,NO,1,0,0,0,0,0,0
GENE-2493,NO,1,1,0,0,0,0,1
GENE-2494,NO,1,0,0,0,0,0,0
GENE-2495,NO,1,0,0,0,0,0,0
GENE-2496,NO,1,4890,4752,5605,5963,7316,7146
GENE-2497,NO,1,0,0,0,0,0,0
GENE-2498,NO,1,0,0,0,0,0,0
GENE-2499,NO,1,0,0,0,0,0,0
GENE-2500,NO,1,1359,1156,1100,1063,1218,1269
GENE-2501,NO,1,0,0,0,0,0,0
GENE-2502,NO,1,0,0,0,0,0,0
GENE-2503,NO,1,0,0,0,0,0,0
GENE-2504,YES,1,0,0,0,0,0,0
GENE-2505,YES,1,0,0,0,0,0,0
GENE-2506,NO,1,0,0,0,0,0,0
GENE-2507,NO,1,304,299,283,319,288,286
GENE-2508,NO,1,2511,2605,3414,2943,1843,2137
GENE-2509,NO,1,12,14,15,7,14,6
GENE-2510,NO,1,0,0,0,1,0,0
GENE-2511,NO,1,0,0,0,0,0,0
GENE-2512,NO,1,0,0,0,0,0,0
GENE-2513,NO,1,1257,1305,736,1452,794,936
GENE-2514,YES,1,0,0,0,0,0,0
GENE-2515,NO,1,0,0,0,0,0,0
GENE-2516,NO,1,0,0,0,0,0,0
GENE-2517,NO,1,0,0,0,0,0,0
GENE-2518,NO,1,0,0,0,0,0,0
GENE-2519,NO,1,0,0,0,0,0,0
GENE-2520,NO,1,190,113,142,131,154,79
GENE-2521,NO,1,51,80,44,27,68,31
GENE-2522,NO,1,0,0,0,0,0,0
GENE-2523,NO,1,102,130,173,173,164,205
GENE-2524,NO,1,0,0,0,0,0,0
GENE-2525,NO,1,0,0,0,2,0,0
GENE-2526,YES,1,0,0,0,0,0,0
GENE-2527,NO,1,29,20,42,30,21,30
GENE-2528,NO,1,1799,2752,2076,2037,1629,2584
GENE-2529,NO,1,0,0,0,0,0,0
GENE-2530,NO,1,0,1,1,0,0,0
GENE-2531,NO,1,2634,2144,2032,2112,2357,1879
GENE-2532,NO,1,0,0,0,0,0,0
GENE-2533,NO,1,78,104,123,131,80,73
GENE-2534,NO,1,0,0,0,0,0,0
GENE-2535,NO,1,0,0,0,0,0,0
GENE-2536,NO,1,2251,1945,2030,2018,2536,2130
GENE-2537,NO,1,0,0,0,0,0,0
GENE-2538,NO,1,0,1,1,0,0,1
GENE-2539,NO,1,85,83,59,76,61,56
GENE-2540,NO,1,1165,985,16,127,1563,181
GENE-2541,YES,1,0,0,0,0,0,0
GENE-2542,NO,1,0,0,0,0,0,0
GENE-2543,NO,1,0,0,0,0,0,0
GENE-2544,NO,1,36,50,40,38,44,44
GENE-2545,NO,1,418,444,391,493,467,623
GENE-2546,NO,1,374,565,488,547,511,568
GENE-2547,YES,1,0,0,0,0,0,0
GENE-2548,NO,1,0,0,0,0,0,0
GENE-2549,NO,1,0,0,0,0,0,0
GENE-2550,NO,1,1127,1184,1423,1212,1385,1182
GENE-2551,NO,1,0,0,0,0,0,0
GENE-2552,NO,1,5,8,2,6,7,6
GENE-2553,NO,1,0,0,0,0,0,0
GENE-2554,NO,1,11,7,10,14,15,12
GENE-2555,NO,1,0,0,0,0,0,0
GENE-2556,NO,1,0,0,0,0,0,0
GENE-2557,NO,1,0,0,0,0,0,0
GENE-2558,NO,1,0,0,0,0,0,0
GENE-2559,NO,1,106,187,190,251,147,198
GENE-2560,NO,1,0,0,0,0,0,0
GENE-2561,NO,1,93,80,85,72,76,62
GENE-2562,NO,1,0,0,0,0,0,0
GENE-2563,NO,1,0,0,0,0,0,0
GENE-2564,NO,1,0,0,0,0,0,0
GENE-2565,NO,1,93,22,11,36,60,61
GENE-2566,NO,1,0,0,0,0,0,0
GENE-2567,NO,1,0,0,0,0,0,0
GENE-2568,NO,1,1,0,1,1,0,0
GENE-2569,NO,1,0,0,0,0,0,0
GENE-2570,NO,1,0,0,0,0,0,0
GENE-2571,NO,1,8,1,4,5,3,8
GENE-2572,NO,1,0,0,0,0,0,0
GENE-2573,NO,1,0,0,0,0,0,0
GENE-2574,NO,1,0,0,0,0,0,0
GENE-2575,NO,1,0,0,0,0,0,1
GENE-2576,NO,1,0,0,0,0,0,0
GENE-2577,NO,1,0,0,0,0,0,0
GENE-2578,NO,1,330,318,165,203,230,298
GENE-2579,NO,1,0,0,0,0,0,0
GENE-2580,NO,1,0,0,0,0,0,0
GENE-2582,NO,1,2,1,1,2,3,1
GENE-2583,NO,1,0,0,0,0,0,0
GENE-2584,NO,1,0,0,0,0,0,0
GENE-2585,NO,1,0,0,0,0,0,0
GENE-2586,NO,1,20,33,21,24,15,21
GENE-2587,NO,1,0,0,0,0,0,0
GENE-2588,NO,1,7578,7277,8451,7658,6171,6762
GENE-2589,NO,1,2933,1857,1700,3134,2425,2356
GENE-2590,NO,1,332,286,301,229,240,359
GENE-2591,NO,1,0,0,0,0,0,0
GENE-2592,NO,1,0,0,0,0,0,0
GENE-2593,NO,1,0,0,0,0,0,0
GENE-2594,NO,1,0,0,0,0,0,0
GENE-2595,YES,1,0,0,0,0,0,0
GENE-2596,NO,1,0,0,0,0,0,0
GENE-2597,NO,1,0,0,0,0,0,0
GENE-2598,NO,1,0,0,0,0,0,0
GENE-2599,NO,1,0,0,0,0,0,0
GENE-2600,NO,1,1137,993,1215,918,1400,1065
GENE-2601,NO,1,0,0,0,0,0,0
GENE-2602,NO,1,0,0,0,0,0,0
GENE-2603,NO,1,0,0,0,0,0,0
GENE-2604,NO,1,0,0,0,0,0,0
GENE-2605,NO,1,0,0,0,0,0,0
GENE-2606,NO,1,0,0,0,0,0,0
GENE-2607,NO,1,0,0,0,0,0,0
GENE-2608,NO,1,0,0,0,0,0,0
GENE-2609,NO,1,270,193,309,227,242,196
GENE-2610,NO,1,65,57,46,70,71,59
GENE-2611,NO,1,0,0,0,0,0,0
GENE-2612,NO,1,0,0,0,0,0,0
GENE-2613,NO,1,0,0,0,0,0,0
GENE-2614,NO,1,24,20,16,14,12,26
GENE-2615,NO,1,0,0,0,0,0,0
GENE-2616,NO,1,0,0,0,0,0,0
GENE-2617,NO,1,1260,1159,1180,1274,1121,1160
GENE-2618,NO,1,0,0,0,0,0,0
GENE-2619,NO,1,1,1,0,2,1,0
GENE-2620,NO,1,1,1,4,0,10,0
GENE-2621,NO,1,0,0,0,0,0,0
GENE-2622,NO,1,0,0,0,0,0,0
GENE-2624,NO,1,0,0,0,0,0,0
GENE-2625,NO,1,0,0,0,0,0,0
GENE-2626,NO,1,0,0,0,0,0,0
GENE-2627,NO,1,0,0,0,0,0,0
GENE-2628,NO,1,0,0,0,0,0,0
GENE-2629,NO,1,0,0,0,0,0,0
GENE-2630,NO,1,0,0,0,0,0,0
GENE-2631,NO,1,172,171,201,149,214,131
GENE-2632,NO,1,0,0,0,0,0,0
GENE-2633,NO,1,0,0,0,0,0,0
GENE-2634,NO,1,0,0,0,0,0,0
GENE-2635,NO,1,0,0,0,0,0,0
GENE-2636,NO,1,0,0,0,0,0,0
GENE-2637,NO,1,0,0,0,0,0,0
GENE-2638,NO,1,0,0,0,0,0,0
GENE-2639,NO,1,0,0,0,0,0,0
GENE-2640,NO,1,35,41,50,30,37,39
GENE-2641,NO,1,0,1,0,1,0,0
GENE-2642,NO,1,0,0,0,0,0,0
GENE-2643,NO,1,13,6,17,10,12,13
GENE-2644,NO,1,0,0,0,0,0,0
GENE-2645,NO,1,0,0,0,0,0,0
GENE-2646,NO,1,551,550,494,601,649,525
GENE-2647,NO,1,0,0,0,0,0,0
GENE-2648,NO,1,0,0,0,0,0,0
GENE-2649,NO,1,0,0,0,0,0,0
GENE-2650,NO,1,0,0,0,0,0,0
GENE-2651,NO,1,1,1,2,1,3,4
GENE-2652,YES,1,0,1,0,0,0,0
GENE-2653,NO,1,0,0,0,0,0,0
GENE-2654,NO,1,175,168,202,187,229,179
GENE-2655,NO,1,0,0,0,0,0,0
GENE-2656,NO,1,185,235,336,209,338,148
GENE-2657,NO,1,142,90,72,162,126,152
GENE-2658,NO,1,0,0,0,0,0,0
GENE-2659,NO,1,0,0,0,0,0,0
GENE-2660,NO,1,0,0,0,0,0,0
GENE-2661,NO,1,0,0,0,0,0,0
GENE-2662,NO,1,0,0,0,0,0,0
GENE-2663,NO,1,17,14,12,9,21,23
GENE-2664,NO,1,0,0,0,0,0,0
GENE-2665,NO,1,4,11,6,6,9,7
GENE-2666,NO,1,0,0,0,0,0,0
GENE-2667,NO,1,0,0,0,0,0,0
GENE-2668,NO,1,0,0,0,0,0,0
GENE-2669,NO,1,0,0,0,0,0,0
GENE-2670,NO,1,0,0,0,0,0,0
GENE-2671,NO,1,4,4,3,2,2,3
GENE-2672,NO,1,0,0,0,0,0,0
GENE-2673,NO,1,0,0,0,0,0,0
GENE-2674,NO,1,15,8,16,8,6,7
GENE-2675,NO,1,0,0,0,0,0,0
GENE-2676,NO,1,63,108,51,66,99,67
GENE-2677,NO,1,0,0,0,0,0,0
GENE-2678,NO,1,0,0,0,0,0,0
GENE-2679,NO,1,0,0,0,0,0,0
GENE-2680,NO,1,0,0,0,0,0,0
GENE-2681,NO,1,0,0,0,0,0,0
GENE-2682,NO,1,0,0,0,0,0,0
GENE-2683,NO,1,28,28,34,18,32,29
GENE-2684,NO,1,0,0,0,0,0,0
GENE-2685,YES,1,0,0,0,0,0,0
GENE-2686,NO,1,0,0,0,0,0,0
GENE-2687,NO,1,0,0,0,0,0,0
GENE-2688,NO,1,0,1,0,0,0,0
GENE-2689,NO,1,0,0,0,0,0,0
GENE-2690,NO,1,0,0,0,0,0,0
GENE-2691,NO,1,0,0,0,0,0,0
GENE-2692,NO,1,0,0,0,0,0,0
GENE-2693,NO,1,0,0,0,0,0,0
GENE-2694,NO,1,0,0,0,0,0,0
GENE-2695,NO,1,0,0,0,0,0,0
GENE-2696,NO,1,2,0,1,0,2,0
GENE-2697,NO,1,0,0,0,0,0,0
GENE-2698,NO,1,0,0,0,0,0,0
GENE-2699,NO,1,0,0,0,0,0,0
GENE-2700,NO,1,0,0,0,0,0,0
GENE-2701,NO,1,0,0,0,0,0,0
GENE-2702,NO,1,8,15,5,2,12,5
GENE-2703,NO,1,0,0,0,0,0,0
GENE-2704,NO,1,0,0,0,0,0,0
GENE-2705,NO,1,0,0,0,0,0,0
GENE-2706,NO,1,0,0,0,0,0,0
GENE-2707,NO,1,0,0,0,0,0,0
GENE-2708,NO,1,0,0,0,0,0,0
GENE-2709,NO,1,62,83,54,58,94,100
GENE-2710,NO,1,85,133,1114,577,37,218
GENE-2711,NO,1,0,0,0,0,0,0
GENE-2712,NO,1,72,52,41,45,21,51
GENE-2713,NO,1,0,0,0,0,0,0
GENE-2714,NO,1,0,0,0,0,0,0
GENE-2715,YES,1,1,0,0,2,1,2
GENE-2716,NO,1,0,0,0,0,0,0
GENE-2717,NO,1,19,11,11,15,7,9
GENE-2718,YES,1,0,0,0,0,0,0
GENE-2719,NO,1,0,0,0,0,0,0
GENE-2720,NO,1,0,0,0,0,0,0
GENE-2721,NO,1,0,0,0,0,0,0
GENE-2722,NO,1,4,3,2,1,0,3
GENE-2723,NO,1,0,0,0,0,0,0
GENE-2724,NO,1,0,0,0,1,0,0
GENE-2725,NO,1,0,0,0,0,0,0
GENE-2726,NO,1,0,0,0,0,0,0
GENE-2727,NO,1,43,29,58,52,29,33
GENE-2728,NO,1,23,38,24,30,31,23
GENE-2729,YES,1,0,0,0,0,0,0
GENE-2730,NO,1,79,60,66,72,71,80
GENE-2731,NO,1,0,0,0,0,0,0
GENE-2732,NO,1,47,49,42,43,44,56
GENE-2733,NO,1,0,0,0,0,0,0
GENE-2734,NO,1,23,12,19,10,16,18
GENE-2735,NO,1,0,0,0,0,0,0
GENE-2736,NO,1,4,4,5,4,2,6
GENE-2737,NO,1,0,0,0,0,0,0
GENE-2738,NO,1,0,0,0,0,0,0
GENE-2739,NO,1,51,30,51,51,45,46
GENE-2740,NO,1,494,1,20,1,94,9
GENE-2741,NO,1,0,0,0,0,0,0
GENE-2742,NO,1,0,0,0,0,0,0
GENE-2743,NO,1,0,0,0,0,0,0
GENE-2744,NO,1,0,0,0,0,0,0
GENE-2745,NO,1,0,0,0,0,0,0
GENE-2746,NO,1,0,0,0,0,0,0
GENE-2747,NO,1,0,0,0,0,0,0
GENE-2748,NO,1,0,0,0,0,0,0
GENE-2749,NO,1,15,11,13,18,19,26
GENE-2750,NO,1,78,49,50,53,51,64
GENE-2751,NO,1,0,0,0,0,0,0
GENE-2752,NO,1,0,0,0,0,0,0
GENE-2753,NO,1,0,0,0,0,0,0
GENE-2754,NO,1,0,0,0,0,0,0
GENE-2755,YES,1,0,0,0,0,0,0
GENE-2756,NO,1,296,314,259,271,211,287
GENE-2757,NO,1,0,0,0,0,0,0
GENE-2758,NO,1,0,0,0,0,0,0
GENE-2759,NO,1,349,274,421,358,359,336
GENE-2760,NO,1,0,0,0,0,0,0
GENE-2761,NO,1,2,0,0,0,0,0
GENE-2762,NO,1,72,53,64,72,67,63
GENE-2763,NO,1,0,0,0,0,0,0
GENE-2764,NO,1,0,0,0,0,0,0
GENE-2765,NO,1,14,17,34,9,19,36
GENE-2766,NO,1,0,0,0,0,0,0
GENE-2767,NO,1,0,0,0,0,0,0
GENE-2768,NO,1,0,0,0,0,0,0
GENE-2769,NO,1,0,0,0,0,0,0
GENE-2770,NO,1,313,435,97,74,172,264
GENE-2771,NO,1,0,0,0,0,0,0
GENE-2772,NO,1,53,42,64,104,73,36
GENE-2773,NO,1,0,0,0,0,0,0
GENE-2774,NO,1,0,0,0,0,0,0
GENE-2775,NO,1,304,73,90,90,28,115
GENE-2776,NO,1,0,0,0,0,0,0
GENE-2777,NO,1,0,0,0,0,0,0
GENE-2778,NO,1,0,0,0,0,0,0
GENE-2779,NO,1,255,229,249,287,243,270
GENE-2780,NO,1,2878,3463,2806,2800,2352,2731
GENE-2781,NO,1,48,63,49,45,56,36
GENE-2782,NO,1,0,0,0,0,0,0
GENE-2783,NO,1,0,0,0,0,1,0
GENE-2784,NO,1,1838,1825,1895,1779,1518,1644
GENE-2785,NO,1,0,0,0,0,0,0
GENE-2786,NO,1,0,0,0,0,0,0
GENE-2787,NO,1,0,0,0,0,0,0
GENE-2788,NO,1,0,0,0,0,0,0
GENE-2789,NO,1,0,0,0,0,0,0
GENE-2790,NO,1,0,0,0,0,0,0
GENE-2791,NO,1,0,0,0,1,0,0
GENE-2792,NO,1,12,9,9,11,10,13
GENE-2793,NO,1,7,5,7,7,2,3
GENE-2794,NO,1,0,0,0,0,0,0
GENE-2795,NO,1,0,0,0,0,0,0
GENE-2796,NO,1,748,939,583,852,690,691
GENE-2797,NO,1,0,0,0,0,0,0
GENE-2798,NO,1,74,101,49,77,73,77
GENE-2799,NO,1,0,0,0,0,0,0
GENE-2800,NO,1,0,0,0,0,0,0
GENE-2801,NO,1,0,0,0,0,0,0
GENE-2802,NO,1,0,0,0,0,0,0
GENE-2803,NO,1,0,0,0,0,0,0
GENE-2804,NO,1,0,0,0,0,0,0
GENE-2805,NO,1,0,0,0,0,0,0
GENE-2806,NO,1,0,0,0,0,0,0
GENE-2807,NO,1,0,1,1,1,0,1
GENE-2808,NO,1,70,46,93,85,63,73
GENE-2809,NO,1,0,0,0,0,0,0
GENE-2810,NO,1,9,9,18,8,19,11
GENE-2811,NO,1,0,0,0,0,0,0
GENE-2812,NO,1,0,0,0,0,0,0
GENE-2813,NO,1,0,0,0,0,0,0
GENE-2814,NO,1,0,0,0,0,0,0
GENE-2815,NO,1,0,0,0,0,0,0
GENE-2816,NO,1,0,3,1,1,1,1
GENE-2817,NO,1,1,2,1,2,2,2
GENE-2818,NO,1,18,17,15,20,16,16
GENE-2819,NO,1,0,0,0,0,0,0
GENE-2820,NO,1,0,0,0,0,0,0
GENE-2821,NO,1,0,0,0,0,0,0
GENE-2822,NO,1,0,0,0,0,0,0
GENE-2823,NO,1,0,0,0,0,0,0
GENE-2824,NO,1,1,0,1,0,0,2
GENE-2825,NO,1,0,0,0,0,0,0
GENE-2826,NO,1,0,0,0,0,0,0
GENE-2827,NO,1,17256,15891,17013,18057,16703,18510
GENE-2828,NO,1,0,0,0,0,0,0
GENE-2829,NO,1,15,11,15,17,22,13
GENE-2830,NO,1,0,0,0,0,0,0
GENE-2831,NO,1,0,0,0,0,0,0
GENE-2832,NO,1,38,93,18,19,151,0
GENE-2833,YES,1,0,0,0,0,0,0
GENE-2834,NO,1,0,0,0,0,0,0
GENE-2835,NO,1,0,0,0,0,0,0
GENE-2836,NO,1,0,0,0,0,0,0
GENE-2837,NO,1,0,0,0,0,0,0
GENE-2838,NO,1,3,2,4,4,1,0
GENE-2839,NO,1,230,249,263,246,232,295
GENE-2840,NO,1,5,5,11,10,7,4
GENE-2841,NO,1,145,161,165,169,135,184
GENE-2842,NO,1,2,3,1,1,4,1
GENE-2843,NO,1,0,0,0,0,0,0
GENE-2844,NO,1,99,77,78,89,65,83
GENE-2845,NO,1,836,809,624,820,893,574
GENE-2846,NO,1,0,0,1,0,0,0
GENE-2847,NO,1,0,0,0,0,0,0
GENE-2848,NO,1,0,0,0,0,0,0
GENE-2849,YES,1,0,0,0,0,0,0
GENE-2850,NO,1,11,2,8,10,6,3
GENE-2851,NO,1,0,0,0,0,0,0
GENE-2852,NO,1,0,0,0,0,0,0
GENE-2853,NO,1,4,1,0,0,0,2
GENE-2854,YES,1,0,0,0,0,0,0
GENE-2855,NO,1,636,894,637,428,705,584
GENE-2856,NO,1,82,98,129,139,136,102
GENE-2857,NO,1,0,0,0,0,0,0
GENE-2858,NO,1,0,0,0,0,0,0
GENE-2859,NO,1,0,0,0,0,0,0
GENE-2860,NO,1,0,0,0,0,0,0
GENE-2861,NO,1,238,185,187,213,146,195
GENE-2863,NO,1,0,0,0,0,0,0
GENE-2864,NO,1,0,0,0,0,0,0
GENE-2865,NO,1,0,0,0,0,0,0
GENE-2866,NO,1,0,0,0,0,0,0
GENE-2867,NO,1,0,0,0,0,0,0
GENE-2868,NO,1,330,330,300,313,312,300
GENE-2869,NO,1,14,11,16,10,11,18
GENE-2870,NO,1,25,17,21,26,11,14
GENE-2871,NO,1,0,0,0,0,0,0
GENE-2872,NO,1,1,2,0,0,2,0
GENE-2873,NO,1,2,2,5,2,1,1
GENE-2874,NO,1,0,0,0,0,0,0
GENE-2875,NO,1,0,0,0,0,0,0
GENE-2876,NO,1,0,0,0,0,0,0
GENE-2877,NO,1,568,251,521,389,391,277
GENE-2878,NO,1,0,0,0,0,0,0
GENE-2879,NO,1,8,14,3,14,11,7
GENE-2880,NO,1,0,0,0,0,0,0
GENE-2881,NO,1,0,0,0,0,0,0
GENE-2882,NO,1,0,0,0,0,0,0
GENE-2883,NO,1,0,0,0,0,0,0
GENE-2884,NO,1,0,0,0,0,0,0
GENE-2886,NO,1,0,0,0,0,0,0
GENE-2887,NO,1,0,0,0,0,0,0
GENE-2888,NO,1,1,5,8,8,7,9
GENE-2889,NO,1,0,0,0,0,0,0
GENE-2890,NO,1,0,0,0,0,0,0
GENE-2891,NO,1,0,0,0,0,0,0
GENE-2892,NO,1,14,15,17,17,28,10
GENE-2893,NO,1,0,0,0,0,0,0
GENE-2894,NO,1,86,113,80,134,146,152
GENE-2895,NO,1,114,5,199,86,59,67
GENE-2896,NO,1,0,0,0,0,0,0
GENE-2897,NO,1,0,0,0,0,0,0
GENE-2898,NO,1,0,0,0,0,0,0
GENE-2899,NO,1,81,99,86,60,66,102
GENE-2900,NO,1,1,0,0,2,1,1
GENE-2901,NO,1,0,0,0,0,0,0
GENE-2902,NO,1,27,15,20,26,12,15
GENE-2903,NO,1,0,0,0,0,0,0
GENE-2904,NO,1,0,0,0,0,0,0
GENE-2905,NO,1,0,0,0,0,0,0
GENE-2906,NO,1,0,0,0,0,0,0
GENE-2907,NO,1,1,0,1,0,0,0
GENE-2908,NO,1,0,0,0,0,0,0
GENE-2909,NO,1,0,0,0,0,0,0
GENE-2910,NO,1,2,4,6,6,6,2
GENE-2911,NO,1,0,0,0,0,0,0
GENE-2912,NO,1,293,317,291,259,314,264
GENE-2913,NO,1,0,0,0,0,0,0
GENE-2914,NO,1,0,1,0,1,0,0
GENE-2915,YES,1,0,0,0,0,0,0
GENE-2916,NO,1,101,171,117,128,122,113
GENE-2917,NO,1,0,0,0,0,0,0
GENE-2918,NO,1,0,0,0,0,0,0
GENE-2919,NO,1,2,1,4,2,2,3
GENE-2920,NO,1,0,0,0,0,0,0
GENE-2921,NO,1,0,0,0,0,0,0
GENE-2922,NO,1,5,5,1,18,5,19
GENE-2923,NO,1,0,0,0,0,0,0
GENE-2924,NO,1,0,0,0,0,0,0
GENE-2925,NO,1,0,0,0,0,0,0
GENE-2926,NO,1,13,18,19,20,17,33
GENE-2927,NO,1,0,0,0,0,0,0
GENE-2928,NO,1,0,0,0,0,0,0
GENE-2929,NO,1,149,332,115,263,136,142
GENE-2930,NO,1,0,0,0,0,0,0
GENE-2931,NO,1,0,0,0,0,0,0
GENE-2932,NO,1,0,1,0,1,0,2
GENE-2933,NO,1,15,17,10,5,55,29
GENE-2934,NO,1,0,0,0,0,0,0
GENE-2935,NO,1,0,1,0,0,2,1
GENE-2936,NO,1,0,0,0,0,0,0
GENE-2937,NO,1,25,25,21,19,22,26
GENE-2938,NO,1,135,130,101,253,127,112
GENE-2939,NO,1,0,0,0,0,0,0
GENE-2940,NO,1,0,0,0,0,0,0
GENE-2941,NO,1,33,34,29,42,38,30
GENE-2942,YES,1,0,0,0,0,0,0
GENE-2943,NO,1,0,0,0,0,0,0
GENE-2944,NO,1,132,189,163,181,207,207
GENE-2945,NO,1,0,0,0,0,0,0
GENE-2946,NO,1,0,0,0,0,0,0
GENE-2947,NO,1,0,0,0,0,0,0
GENE-2948,NO,1,0,0,0,0,0,0
GENE-2949,NO,1,0,0,0,0,0,0
GENE-2950,NO,1,0,0,0,0,0,0
GENE-2951,NO,1,0,0,0,0,0,0
GENE-2952,NO,1,20,47,37,26,35,24
GENE-2953,NO,1,0,0,0,0,0,0
GENE-2954,NO,1,0,0,0,0,0,0
GENE-2955,YES,1,0,0,0,0,0,0
GENE-2956,NO,1,0,0,0,0,0,0
GENE-2957,NO,1,18,10,11,13,11,9
GENE-2958,YES,1,0,0,0,0,0,0
GENE-2959,NO,1,257,273,338,271,316,336
GENE-2960,NO,1,0,0,0,0,0,0
GENE-2961,NO,1,0,0,0,0,0,0
GENE-2962,NO,1,0,0,0,0,0,0
GENE-2963,NO,1,0,0,0,0,0,0
GENE-2964,NO,1,0,0,0,0,0,0
GENE-2965,NO,1,0,0,1,1,0,0
GENE-2966,NO,1,0,0,0,0,0,0
GENE-2967,NO,1,0,0,0,0,0,0
GENE-2968,NO,1,0,0,0,0,0,0
GENE-2969,NO,1,0,0,0,0,0,0
GENE-2970,NO,1,5,6,10,6,5,4
GENE-2971,NO,1,33,28,32,29,21,22
GENE-2972,NO,1,0,0,0,0,0,0
GENE-2973,NO,1,0,0,0,0,0,0
GENE-2974,NO,1,0,0,0,0,0,0
GENE-2975,NO,1,86,38,73,63,72,68
GENE-2976,NO,1,45,43,43,63,45,62
GENE-2977,NO,1,0,0,0,0,0,0
GENE-2978,NO,1,63,84,65,187,86,71
GENE-2979,NO,1,0,0,0,0,0,0
GENE-2980,NO,1,0,0,0,0,0,0
GENE-2981,NO,1,639,577,282,1563,239,462
GENE-2982,NO,1,0,0,0,0,0,0
GENE-2984,YES,1,0,0,0,0,0,0
GENE-2985,NO,1,0,0,0,0,0,0
GENE-2986,NO,1,0,0,0,0,0,0
GENE-2987,NO,1,0,0,0,0,0,0
GENE-2988,NO,1,444,281,361,316,419,465
GENE-2989,NO,1,0,0,0,0,0,0
GENE-2990,NO,1,0,0,0,0,0,1
GENE-2991,NO,1,1,0,3,2,1,0
GENE-2992,NO,1,34,29,38,38,30,23
GENE-2993,YES,1,0,0,0,0,0,0
GENE-2994,NO,1,0,0,0,0,0,0
GENE-2995,NO,1,2338,1637,2294,1946,1866,1784
GENE-2996,NO,1,0,0,0,0,0,0
GENE-2997,NO,1,0,0,0,0,0,0
GENE-2998,NO,1,0,0,0,0,0,0
GENE-2999,NO,1,0,0,0,0,0,0
GENE-3000,NO,1,0,0,0,0,0,0
GENE-3001,NO,1,2,2,3,4,1,4
GENE-3002,NO,1,0,0,0,0,0,0
GENE-3003,NO,1,1,2,1,1,4,0
GENE-3004,YES,1,0,0,0,0,0,0
GENE-3005,NO,1,62,65,69,79,70,74
GENE-3006,NO,1,17,12,13,11,16,7
GENE-3007,NO,1,1,0,1,1,2,0
GENE-3008,NO,1,44,28,38,30,28,29
GENE-3009,NO,1,5,12,8,4,4,10
GENE-3010,NO,1,0,0,0,0,0,0
GENE-3011,NO,1,0,0,0,0,0,0
GENE-3012,NO,1,0,1,1,1,3,2
GENE-3013,NO,1,0,0,0,0,0,0
GENE-3014,NO,1,0,0,0,0,0,0
GENE-3015,NO,1,74,59,49,86,68,45
GENE-3016,NO,1,614,738,580,495,697,553
GENE-3017,NO,1,0,0,0,0,0,0
GENE-3018,NO,1,1,0,0,0,0,0
GENE-3019,NO,1,276,257,156,299,255,375
GENE-3020,YES,1,0,0,0,0,0,0
GENE-3021,NO,1,1,1,0,0,1,0
GENE-3022,NO,1,528,271,352,139,324,243
GENE-3023,NO,1,2501,2573,1373,2063,3088,2669
GENE-3024,NO,1,72,37,47,43,79,74
GENE-3025,NO,1,31,42,36,53,44,55
GENE-3026,NO,1,0,0,0,0,0,0
GENE-3027,NO,1,0,0,0,0,0,0
GENE-3028,NO,1,0,0,0,0,0,0
GENE-3029,NO,1,0,0,0,0,0,0
GENE-3031,NO,1,0,0,0,0,0,0
GENE-3032,NO,1,27,18,19,66,54,79
GENE-3033,NO,1,0,0,0,0,0,0
GENE-3034,NO,1,130,82,70,87,111,119
GENE-3035,NO,1,85,134,121,140,188,111
GENE-3036,NO,1,0,0,0,0,0,0
GENE-3037,NO,1,4,1,1,3,1,0
GENE-3038,NO,1,0,0,0,0,0,0
GENE-3039,NO,1,0,0,0,0,0,0
GENE-3040,NO,1,0,0,0,0,0,0
GENE-3041,NO,1,0,0,0,0,0,0
GENE-3042,NO,1,0,0,0,0,0,0
GENE-3043,NO,1,292,339,270,289,312,263
GENE-3044,NO,1,393,371,349,494,351,420
GENE-3045,NO,1,4,7,5,4,8,9
GENE-3046,NO,1,71,82,61,51,64,53
GENE-3047,NO,1,0,0,0,0,1,1
GENE-3048,NO,1,64,51,73,54,52,59
GENE-3049,NO,1,8,13,7,10,7,8
GENE-3050,NO,1,0,0,0,0,0,0
GENE-3051,NO,1,1551,1974,1921,1425,1194,1847
GENE-3052,NO,1,0,0,0,0,0,0
GENE-3053,NO,1,0,0,0,0,0,0
GENE-3054,NO,1,0,0,0,0,0,0
GENE-3055,NO,1,0,0,0,0,0,0
GENE-3056,NO,1,377,382,312,416,385,329
GENE-3057,NO,1,0,0,0,0,0,0
GENE-3058,NO,1,190,187,174,151,147,242
GENE-3059,NO,1,0,0,0,0,0,0
GENE-3060,NO,1,9,13,11,12,15,13
GENE-3061,NO,1,516,2136,1360,1112,187,983
GENE-3062,NO,1,0,0,0,0,0,0
GENE-3063,NO,1,39,31,41,28,30,22
GENE-3064,NO,1,0,0,0,0,0,0
GENE-3065,NO,1,0,0,0,0,0,0
GENE-3066,NO,1,0,0,0,0,0,0
GENE-3067,NO,1,0,0,0,0,0,0
GENE-3068,NO,1,8,3,5,6,6,7
GENE-3069,NO,1,0,0,0,0,0,0
GENE-3070,NO,1,5,5,5,8,5,5
GENE-3071,NO,1,14,47,26,28,18,53
GENE-3072,NO,1,0,0,1,0,0,0
GENE-3073,NO,1,3,3,3,3,2,3
GENE-3074,NO,1,0,0,0,0,0,0
GENE-3076,NO,1,0,0,0,0,0,0
GENE-3077,NO,1,0,0,0,0,0,0
GENE-3078,NO,1,0,0,0,0,0,0
GENE-3079,NO,1,116,158,138,158,200,157
GENE-3080,NO,1,0,0,0,0,0,0
GENE-3081,NO,1,1059,904,1157,827,1173,1374
GENE-3082,NO,1,0,0,0,0,0,0
GENE-3083,NO,1,0,0,0,0,0,0
GENE-3084,NO,1,0,0,0,0,0,0
GENE-3085,NO,1,0,0,0,0,0,0
GENE-3086,NO,1,0,0,0,0,0,0
GENE-3087,YES,1,0,0,0,0,0,0
GENE-3088,NO,1,0,0,0,0,0,0
GENE-3089,NO,1,0,0,0,0,0,0
GENE-3090,NO,1,0,0,0,0,0,0
GENE-3091,NO,1,0,0,0,0,0,0
GENE-3092,NO,1,0,0,0,0,0,0
GENE-3093,NO,1,0,0,0,0,0,0
GENE-3094,NO,1,29,19,13,10,14,12
GENE-3095,NO,1,0,0,0,0,0,0
GENE-3096,NO,1,14,9,7,10,6,3
GENE-3097,NO,1,0,0,0,0,0,0
GENE-3098,NO,1,211,188,249,274,207,242
GENE-3099,NO,1,0,0,0,0,0,0
GENE-3100,NO,1,0,0,0,0,0,0
GENE-3101,NO,1,4,2,7,1,3,6
GENE-3102,NO,1,0,0,0,0,0,0
GENE-3103,NO,1,204,228,226,241,276,253
GENE-3104,NO,1,0,0,0,0,0,0
GENE-3105,NO,1,301,259,270,420,313,281
GENE-3106,NO,1,0,0,0,0,0,0
GENE-3107,NO,1,0,0,0,0,0,0
GENE-3108,NO,1,0,0,0,0,0,0
GENE-3109,NO,1,0,0,0,0,0,0
GENE-3110,NO,1,0,0,0,0,0,0
GENE-3111,NO,1,0,0,0,0,0,0
GENE-3112,NO,1,53,3,59,55,11,0
GENE-3113,NO,1,0,0,0,0,0,0
GENE-3114,NO,1,0,0,0,0,0,0
GENE-3115,NO,1,0,0,0,0,0,0
GENE-3116,NO,1,0,0,0,0,0,0
GENE-3117,NO,1,33,20,32,30,31,35
GENE-3118,NO,1,0,0,0,0,0,0
GENE-3119,NO,1,0,0,0,0,0,0
GENE-3120,NO,1,0,0,0,0,0,0
GENE-3121,NO,1,0,0,0,0,0,0
GENE-3122,NO,1,0,0,0,0,0,0
GENE-3123,NO,1,10,18,13,12,20,4
GENE-3124,NO,1,0,0,0,0,0,0
GENE-3125,NO,1,17,30,20,18,26,20
GENE-3126,NO,1,0,0,0,0,0,0
GENE-3127,NO,1,0,0,0,0,0,0
GENE-3128,NO,1,0,0,0,0,0,0
GENE-3129,NO,1,0,0,0,0,0,0
GENE-3130,NO,1,4655,3166,2572,5355,6031,4914
GENE-3131,YES,1,0,0,0,0,0,0
GENE-3132,NO,1,0,0,0,0,0,0
GENE-3133,NO,1,0,0,0,0,0,0
GENE-3134,NO,1,0,0,0,0,0,0
GENE-3135,NO,1,0,0,0,0,0,0
GENE-3136,NO,1,0,0,0,0,0,0
GENE-3137,NO,1,0,0,0,0,0,0
GENE-3138,NO,1,36,49,28,37,34,46
GENE-3139,NO,1,0,0,0,0,0,0
GENE-3140,NO,1,0,0,0,1,0,0
GENE-3141,NO,1,279,231,238,201,247,314
GENE-3142,NO,1,0,0,0,0,0,0
GENE-3143,NO,1,0,0,0,0,0,0
GENE-3144,NO,1,0,0,0,0,0,0
GENE-3145,NO,1,1051,2937,2744,1315,1665,3187
GENE-3146,NO,1,0,0,0,0,0,0
GENE-3147,NO,1,0,0,0,0,0,0
GENE-3148,NO,1,0,0,0,0,0,0
GENE-3149,NO,1,0,0,0,0,0,0
GENE-3150,NO,1,116,144,91,123,146,143
GENE-3151,NO,1,0,0,0,0,0,0
GENE-3152,NO,1,3,0,0,1,2,1
GENE-3153,NO,1,200,226,168,295,221,207
GENE-3154,YES,1,0,0,0,0,0,0
GENE-3155,NO,1,0,0,0,0,0,0
GENE-3156,NO,1,3,4,2,1,0,1
GENE-3157,NO,1,57,46,42,52,57,47
GENE-3158,NO,1,21,24,15,13,16,12
GENE-3159,NO,1,0,0,0,0,0,0
GENE-3160,NO,1,0,0,0,0,0,0
GENE-3161,NO,1,20,18,4,18,16,18
GENE-3162,NO,1,93,89,59,99,82,91
GENE-3163,NO,1,0,0,0,0,0,0
GENE-3164,YES,1,0,0,0,0,0,0
GENE-3165,NO,1,0,0,0,0,0,0
GENE-3166,NO,1,54,58,51,43,50,48
GENE-3167,NO,1,17,26,21,22,24,17
GENE-3168,NO,1,0,0,0,0,0,0
GENE-3169,NO,1,0,0,0,0,0,0
GENE-3170,NO,1,0,0,0,0,0,0
GENE-3171,NO,1,0,0,0,0,0,0
GENE-3172,NO,1,0,0,0,0,0,0
GENE-3173,NO,1,525,405,467,291,212,558
GENE-3174,NO,1,0,0,0,0,0,0
GENE-3175,NO,1,438,402,180,192,242,289
GENE-3176,NO,1,0,0,0,0,0,0
GENE-3177,YES,1,0,0,0,0,0,0
GENE-3178,NO,1,0,0,0,0,0,0
GENE-3179,NO,1,0,0,0,0,0,0
GENE-3180,NO,1,0,0,0,0,0,0
GENE-3181,NO,1,864,836,1182,859,855,843
GENE-3182,NO,1,50,52,29,13,55,58
GENE-3183,NO,1,0,0,0,0,1,0
GENE-3184,NO,1,1,0,0,1,0,1
GENE-3185,NO,1,0,0,0,0,0,0
GENE-3186,NO,1,0,0,0,0,0,0
GENE-3187,NO,1,602,634,589,681,681,644
GENE-3188,NO,1,129,177,221,377,182,323
GENE-3189,NO,1,0,0,0,0,0,0
GENE-3190,NO,1,0,0,0,0,0,0
GENE-3191,NO,1,0,0,0,0,0,0
GENE-3192,NO,1,0,0,0,0,0,0
GENE-3193,NO,1,0,0,0,0,0,0
GENE-3194,NO,1,219,525,119,111,30,114
GENE-3195,NO,1,71,62,56,75,48,87
GENE-3196,NO,1,0,0,0,0,0,0
GENE-3197,NO,1,13,6,15,9,7,6
GENE-3198,NO,1,9,3,4,5,6,7
GENE-3199,NO,1,0,0,0,0,0,0
GENE-3200,NO,1,0,0,0,0,0,0
GENE-3201,NO,1,0,0,0,0,0,0
GENE-3202,NO,1,0,0,0,0,0,0
GENE-3203,NO,1,0,0,0,0,0,0
GENE-3204,NO,1,65,88,89,97,55,53
GENE-3205,NO,1,0,0,0,0,0,0
GENE-3206,NO,1,0,0,0,0,0,0
GENE-3207,NO,1,0,0,0,0,0,0
GENE-3208,NO,1,148,125,121,167,187,125
GENE-3209,NO,1,0,0,0,0,0,0
GENE-3210,NO,1,9,10,13,11,6,4
GENE-3211,NO,1,0,0,0,0,0,0
GENE-3212,NO,1,137,105,98,106,96,87
GENE-3213,NO,1,0,0,0,0,0,0
GENE-3214,NO,1,0,0,0,0,0,0
GENE-3215,NO,1,0,0,0,0,0,0
GENE-3216,NO,1,25,31,28,24,24,17
GENE-3217,NO,1,0,0,0,0,0,0
GENE-3218,NO,1,0,0,0,0,0,0
GENE-3219,NO,1,0,0,0,0,0,0
GENE-3220,NO,1,0,0,0,0,0,0
GENE-3221,NO,1,0,0,0,0,0,0
GENE-3222,NO,1,0,0,0,0,0,0
GENE-3223,NO,1,2,0,0,0,0,0
GENE-3224,NO,1,0,0,0,0,0,0
GENE-3225,NO,1,0,0,0,0,0,0
GENE-3226,NO,1,14,18,15,18,11,12
GENE-3227,NO,1,0,0,0,0,0,0
GENE-3228,NO,1,0,0,0,0,0,0
GENE-3229,NO,1,0,0,0,0,0,0
GENE-3230,NO,1,0,0,0,0,0,0
GENE-3231,NO,1,0,0,0,0,0,0
GENE-3232,NO,1,12,17,22,12,33,11
GENE-3233,NO,1,0,0,0,0,0,0
GENE-3234,NO,1,0,0,0,0,0,0
GENE-3235,YES,1,0,0,0,0,0,0
GENE-3236,NO,1,0,0,0,0,0,0
GENE-3237,NO,1,0,0,0,0,0,0
GENE-3238,NO,1,58,50,66,116,61,85
GENE-3239,NO,1,0,0,2,0,1,1
GENE-3240,NO,1,0,0,0,0,0,0
GENE-3241,NO,1,0,0,0,0,0,0
GENE-3242,NO,1,0,0,0,0,0,0
GENE-3243,NO,1,0,0,0,0,0,0
GENE-3244,NO,1,0,0,0,0,0,0
GENE-3245,NO,1,0,0,0,0,0,0
GENE-3246,NO,1,0,0,0,0,0,0
GENE-3247,NO,1,1,0,0,0,1,1
GENE-3248,NO,1,0,0,2,0,0,0
GENE-3249,NO,1,6,4,2,8,3,3
GENE-3250,NO,1,47,39,64,29,54,63
GENE-3251,NO,1,79,56,95,83,51,69
GENE-3252,NO,1,138,112,67,82,101,56
GENE-3253,NO,1,0,0,0,0,0,0
GENE-3254,NO,1,2,0,3,1,0,1
GENE-3255,NO,1,29,20,21,13,3,7
GENE-3256,NO,1,0,0,0,0,0,0
GENE-3257,NO,1,0,0,0,0,0,0
GENE-3258,NO,1,0,0,0,0,0,0
GENE-3259,NO,1,0,0,0,0,0,0
GENE-3260,NO,1,0,0,0,0,0,0
GENE-3261,NO,1,0,0,0,0,0,0
GENE-3262,NO,1,30,19,19,22,36,25
GENE-3263,YES,1,0,0,0,0,0,0
GENE-3264,NO,1,0,0,0,0,0,0
GENE-3265,NO,1,0,0,0,0,0,0
GENE-3266,NO,1,0,0,0,0,0,0
GENE-3267,NO,1,61,66,68,43,88,78
GENE-3268,NO,1,0,0,0,0,0,0
GENE-3269,NO,1,0,0,0,0,0,0
GENE-3270,NO,1,0,0,0,0,0,0
GENE-3271,NO,1,1,3,1,4,1,1
GENE-3272,NO,1,0,0,0,0,0,0
GENE-3273,NO,1,7,6,5,5,2,3
GENE-3274,NO,1,0,0,0,0,0,0
GENE-3275,NO,1,22,18,26,20,24,15
GENE-3276,NO,1,0,0,0,0,0,0
GENE-3277,NO,1,270,227,183,250,269,238
GENE-3278,NO,1,0,0,0,0,0,0
GENE-3279,NO,1,2,0,2,0,1,0
GENE-3280,NO,1,29,34,49,40,37,24
GENE-3281,NO,1,0,0,0,0,0,0
GENE-3282,NO,1,0,0,0,0,0,0
GENE-3283,NO,1,53,38,48,51,47,48
GENE-3284,NO,1,120,135,117,87,85,111
GENE-3285,NO,1,0,0,0,0,0,0
GENE-3286,YES,1,0,0,0,0,0,0
GENE-3287,NO,1,0,0,0,0,0,1
GENE-3288,NO,1,0,0,0,0,0,0
GENE-3289,NO,1,229,248,224,239,236,239
GENE-3290,NO,1,0,0,0,0,0,0
GENE-3291,NO,1,0,0,0,0,0,0
GENE-3292,NO,1,2,3,1,2,0,1
GENE-3293,NO,1,36,39,48,55,53,35
GENE-3294,NO,1,0,0,0,0,0,0
GENE-3295,NO,1,0,0,0,0,0,0
GENE-3296,NO,1,0,0,0,0,0,0
GENE-3297,NO,1,84,52,107,79,146,91
GENE-3298,NO,1,0,0,0,0,0,0
GENE-3299,NO,1,180,165,212,138,184,205
GENE-3300,NO,1,0,0,0,0,0,0
GENE-3301,NO,1,0,0,0,0,0,0
GENE-3302,NO,1,0,0,1,3,1,0
GENE-3303,NO,1,0,0,0,0,0,0
GENE-3304,NO,1,0,0,0,0,0,0
GENE-3305,NO,1,0,0,0,0,0,0
GENE-3306,NO,1,0,0,0,0,0,0
GENE-3307,NO,1,0,0,0,0,0,0
GENE-3308,NO,1,244,281,334,320,277,192
GENE-3309,NO,1,318,377,280,282,353,229
GENE-3310,NO,1,0,0,0,0,0,0
GENE-3311,NO,1,0,0,0,0,0,0
GENE-3312,NO,1,13,8,8,17,4,14
GENE-3313,NO,1,8,11,24,26,18,34
GENE-3314,NO,1,0,0,0,0,0,0
GENE-3315,NO,1,5,1,3,1,1,5
GENE-3316,NO,1,0,0,0,0,0,0
GENE-3317,NO,1,0,0,0,0,0,0
GENE-3318,YES,1,0,0,0,0,0,0
GENE-3319,NO,1,0,0,0,0,0,0
GENE-3320,NO,1,797,859,790,789,834,722
GENE-3321,NO,1,0,0,0,0,0,0
GENE-3322,NO,1,0,0,0,0,0,0
GENE-3323,NO,1,0,0,0,0,0,0
GENE-3324,NO,1,1,0,4,2,2,1
GENE-3325,NO,1,0,0,0,0,0,0
GENE-3326,NO,1,0,0,0,0,0,0
GENE-3327,NO,1,0,0,0,0,0,0
GENE-3328,NO,1,3,1,0,7,6,6
GENE-3329,NO,1,0,0,0,0,0,0
GENE-3330,NO,1,21,18,13,18,23,15
GENE-3331,NO,1,3,1,0,0,0,0
GENE-3332,NO,1,813,522,367,512,253,731
GENE-3333,NO,1,0,0,0,0,0,0
GENE-3334,NO,1,5906,6595,7776,8026,5616,8059
GENE-3335,NO,1,1,5,2,6,1,7
GENE-3336,NO,1,0,0,0,0,0,0
GENE-3337,NO,1,24,26,57,33,45,29
GENE-3338,NO,1,0,0,0,0,0,0
GENE-3339,NO,1,74,60,82,66,76,23
GENE-3340,NO,1,0,0,0,0,0,0
GENE-3341,NO,1,14,8,11,11,7,10
GENE-3342,NO,1,11,15,15,16,26,12
GENE-3343,NO,1,0,0,0,0,0,0
GENE-3344,NO,1,0,0,0,0,0,0
GENE-3345,NO,1,0,0,0,0,0,0
GENE-3346,NO,1,0,0,0,0,0,0
GENE-3347,NO,1,0,0,0,0,0,0
GENE-3348,NO,1,0,0,0,0,0,0
GENE-3349,NO,1,1906,818,1317,1879,1796,1661
GENE-3350,NO,1,0,0,0,0,0,0
GENE-3351,NO,1,0,0,1,0,0,1
GENE-3352,NO,1,0,0,0,0,0,0
GENE-3353,NO,1,1372,1786,1367,1495,923,1777
GENE-3354,NO,1,763,641,656,727,724,795
GENE-3355,NO,1,27,72,57,33,35,49
GENE-3356,NO,1,0,0,0,0,0,0
GENE-3357,NO,1,16,11,15,14,9,16
GENE-3358,NO,1,0,0,0,0,0,0
GENE-3359,NO,1,0,0,0,0,0,0
GENE-3360,NO,1,37,144,86,74,67,67
GENE-3361,NO,1,0,0,0,0,0,0
GENE-3362,NO,1,3,4,0,1,2,2
GENE-3363,NO,1,0,0,0,0,0,0
GENE-3364,NO,1,0,0,0,0,0,0
GENE-3365,NO,1,0,0,0,0,0,0
GENE-3366,NO,1,0,0,0,0,0,0
GENE-3367,NO,1,155,155,95,62,148,128
GENE-3368,NO,1,0,0,0,0,0,0
GENE-3369,NO,1,0,0,0,0,0,0
GENE-3370,NO,1,0,0,0,0,0,0
GENE-3371,NO,1,40,68,59,36,26,44
GENE-3372,NO,1,0,0,0,0,0,0
GENE-3373,NO,1,148,151,159,226,146,119
GENE-3374,NO,1,202,265,292,181,207,264
GENE-3375,NO,1,0,0,0,0,0,0
GENE-3376,NO,1,0,0,0,0,0,0
GENE-3377,NO,1,0,0,0,0,0,0
GENE-3378,NO,1,0,0,0,0,0,0
GENE-3379,NO,1,0,0,0,0,0,0
GENE-3380,NO,1,0,0,0,0,0,0
GENE-3381,YES,1,0,0,0,0,0,0
GENE-3382,NO,1,0,0,0,0,0,0
GENE-3383,NO,1,0,0,0,0,0,0
GENE-3384,NO,1,1639,1526,1506,1448,1471,1463
GENE-3385,NO,1,0,0,0,0,0,0
GENE-3386,NO,1,0,0,0,0,0,0
GENE-3387,NO,1,9,19,7,13,5,9
GENE-3388,NO,1,0,0,0,0,0,0
GENE-3389,NO,1,22,20,38,46,71,48
GENE-3390,NO,1,3576,3282,4613,3384,2873,2696
GENE-3391,YES,1,0,0,0,0,0,0
GENE-3392,NO,1,6,5,2,4,3,0
GENE-3393,NO,1,0,0,0,0,0,0
GENE-3395,NO,1,369,399,843,544,440,410
GENE-3396,NO,1,0,0,0,0,0,0
GENE-3397,NO,1,0,0,0,0,0,0
GENE-3398,NO,1,0,0,0,0,0,0
GENE-3399,NO,1,1335,1392,1413,1153,1259,1326
GENE-3400,NO,1,37,54,48,63,50,52
GENE-3401,NO,1,0,0,0,0,0,0
GENE-3402,NO,1,0,0,0,0,0,0
GENE-3403,NO,1,0,0,0,0,0,0
GENE-3404,NO,1,0,0,0,1,0,0
GENE-3405,NO,1,1539,249,24,400,504,628
GENE-3406,NO,1,1,0,1,4,1,11
GENE-3407,NO,1,0,0,0,0,0,0
GENE-3408,NO,1,3,0,0,0,3,0
GENE-3409,NO,1,1339,1298,2270,1834,1170,1460
GENE-3411,NO,1,0,0,0,0,0,0
GENE-3412,NO,1,14,11,6,10,13,15
GENE-3413,NO,1,2,2,7,4,6,2
GENE-3414,YES,1,0,0,0,0,0,0
GENE-3415,NO,1,392,160,238,234,284,176
GENE-3416,NO,1,38,38,39,33,25,26
GENE-3417,NO,1,0,0,0,0,0,0
GENE-3418,NO,1,0,0,0,0,0,0
GENE-3419,NO,1,49,28,36,31,35,19
GENE-3420,NO,1,0,0,0,0,0,0
GENE-3421,NO,1,0,0,0,0,0,0
GENE-3422,NO,1,172,171,148,166,195,180
GENE-3423,YES,1,0,0,0,0,0,0
GENE-3424,NO,1,0,0,0,0,2,0
GENE-3425,NO,1,0,0,0,0,0,0
GENE-3426,NO,1,0,0,0,0,0,0
GENE-3427,NO,1,59,63,57,69,62,47
GENE-3428,NO,1,1,3,0,3,2,1
GENE-3429,NO,1,0,0,0,0,0,0
GENE-3430,NO,1,0,0,0,0,0,0
GENE-3431,NO,1,0,0,0,0,0,0
GENE-3432,NO,1,0,0,0,0,0,0
GENE-3433,NO,1,1509,4051,3327,3713,4397,1917
GENE-3434,NO,1,1210,829,796,899,824,701
GENE-3435,NO,1,128,91,106,120,83,142
GENE-3436,NO,1,0,0,0,0,0,0
GENE-3437,NO,1,0,0,0,2,0,0
GENE-3438,NO,1,0,0,0,0,0,0
GENE-3439,NO,1,0,0,0,0,0,0
GENE-3440,NO,1,0,0,0,0,0,0
GENE-3441,NO,1,0,0,1,0,0,0
GENE-3442,NO,1,4,1,1,2,2,3
GENE-3443,NO,1,0,0,0,0,0,0
GENE-3444,NO,1,337,263,304,279,263,373
GENE-3445,NO,1,15,18,27,22,20,21
GENE-3446,NO,1,0,0,0,0,0,0
GENE-3447,NO,1,0,0,0,0,0,0
GENE-3448,NO,1,0,0,0,0,0,0
GENE-3449,NO,1,33,40,33,23,30,41
GENE-3450,NO,1,0,0,0,0,0,0
GENE-3451,NO,1,0,0,0,0,0,0
GENE-3452,NO,1,0,0,0,0,0,0
GENE-3453,NO,1,0,0,0,0,0,0
GENE-3454,NO,1,73,77,69,60,59,68
GENE-3455,NO,1,117,172,144,154,68,153
GENE-3456,NO,1,109,128,136,115,127,128
GENE-3457,NO,1,2,1,0,1,0,0
GENE-3458,NO,1,0,0,0,0,0,0
GENE-3459,NO,1,0,0,0,0,0,0
GENE-3460,NO,1,0,0,0,0,0,0
GENE-3461,NO,1,0,0,0,0,0,0
GENE-3462,NO,1,5,5,2,7,4,5
GENE-3463,NO,1,0,0,0,0,1,0
GENE-3464,NO,1,0,0,0,0,0,0
GENE-3465,NO,1,112,90,113,93,140,83
GENE-3466,NO,1,0,0,0,0,0,0
GENE-3467,NO,1,0,0,0,0,0,0
GENE-3468,NO,1,0,0,0,0,0,0
GENE-3469,NO,1,0,0,0,0,0,0
GENE-3470,NO,1,233,210,231,239,219,228
GENE-3472,NO,1,0,0,0,0,0,0
GENE-3473,NO,1,3,3,0,1,2,2
GENE-3474,NO,1,261,881,138,197,202,623
GENE-3475,NO,1,0,0,0,0,0,0
GENE-3476,NO,1,1264,1855,1243,2003,2427,1030
GENE-3477,NO,1,0,0,0,0,0,0
GENE-3478,NO,1,0,0,0,0,0,0
GENE-3479,NO,1,3,4,5,4,3,5
GENE-3480,NO,1,112,64,74,72,88,95
GENE-3481,NO,1,0,0,0,0,0,0
GENE-3482,NO,1,340,422,383,404,420,490
GENE-3483,NO,1,0,0,0,0,0,0
GENE-3484,NO,1,0,0,0,0,0,0
GENE-3485,NO,1,0,0,0,0,0,0
GENE-3486,NO,1,0,0,0,0,0,0
GENE-3487,NO,1,0,0,0,0,0,0
GENE-3488,YES,1,0,0,0,0,0,0
GENE-3489,NO,1,0,0,0,0,0,0
GENE-3490,YES,1,0,0,0,0,0,0
GENE-3491,NO,1,1,2,2,1,1,5
GENE-3492,NO,1,0,0,0,0,0,0
GENE-3493,NO,1,0,0,0,0,0,0
GENE-3494,NO,1,1,0,0,1,0,6
GENE-3495,NO,1,159,76,104,58,103,137
GENE-3496,NO,1,1430,2883,5329,1902,2030,3610
GENE-3497,NO,1,0,0,0,0,0,0
GENE-3498,NO,1,1,0,0,1,0,0
GENE-3499,NO,1,2,3,1,6,6,6
GENE-3500,NO,1,17,12,12,8,19,12
GENE-3501,NO,1,0,0,3,1,0,0
GENE-3502,NO,1,0,0,0,0,0,0
GENE-3503,NO,1,0,0,0,0,0,0
GENE-3504,NO,1,3,5,0,2,3,2
GENE-3505,NO,1,0,0,0,0,0,0
GENE-3506,NO,1,0,0,0,0,0,0
GENE-3507,NO,1,0,0,0,0,0,0
GENE-3508,NO,1,0,0,0,0,0,0
GENE-3509,NO,1,0,0,0,0,0,0
GENE-3510,NO,1,0,0,0,0,0,0
GENE-3511,NO,1,899,796,720,898,768,866
GENE-3512,NO,1,0,0,0,0,0,0
GENE-3513,NO,1,656,832,514,753,1280,626
GENE-3514,NO,1,0,0,0,0,0,0
GENE-3515,NO,1,875,835,817,738,737,668
GENE-3516,NO,1,590,569,618,734,615,659
GENE-3517,NO,1,2301,1889,2145,2330,2063,2046
GENE-3518,NO,1,0,0,0,0,0,0
GENE-3519,NO,1,8,8,6,10,5,10
GENE-3520,NO,1,6,12,12,12,13,4
GENE-3521,NO,1,0,0,0,0,0,0
GENE-3522,NO,1,36,41,67,36,33,79
GENE-3523,NO,1,3,9,7,14,7,6
GENE-3524,NO,1,0,0,0,0,0,0
GENE-3525,YES,1,0,0,0,0,0,0
GENE-3526,NO,1,349,285,416,215,250,223
GENE-3527,NO,1,0,0,0,0,0,0
GENE-3528,NO,1,0,0,0,0,0,0
GENE-3529,NO,1,0,0,0,0,0,0
GENE-3530,NO,1,0,0,0,1,0,0
GENE-3531,NO,1,0,0,0,0,0,0
GENE-3532,NO,1,0,0,0,0,0,0
GENE-3533,NO,1,0,1,1,0,1,2
GENE-3534,NO,1,1,1,0,0,2,1
GENE-3535,NO,1,68,54,49,58,48,63
GENE-3536,NO,1,0,0,0,0,0,0
GENE-3537,NO,1,0,0,0,0,0,0
GENE-3538,NO,1,0,0,0,0,0,0
GENE-3539,NO,1,0,0,0,0,0,0
GENE-3540,NO,1,110,168,96,120,79,188
GENE-3541,NO,1,1034,314,420,388,315,440
GENE-3542,NO,1,0,0,0,0,0,0
GENE-3543,NO,1,0,0,0,0,0,0
GENE-3544,NO,1,0,0,0,0,0,0
GENE-3545,NO,1,24,20,15,10,25,6
GENE-3546,NO,1,1903,1983,927,865,1364,1252
GENE-3547,NO,1,0,0,0,0,0,0
GENE-3548,NO,1,0,0,0,0,0,0
GENE-3549,NO,1,0,0,0,0,0,0
GENE-3550,NO,1,0,0,0,0,0,0
GENE-3551,NO,1,0,0,0,0,0,0
GENE-3552,NO,1,0,0,0,0,0,0
GENE-3553,NO,1,0,0,0,0,0,0
GENE-3554,NO,1,4,1,2,0,2,5
GENE-3555,NO,1,0,0,0,0,0,0
GENE-3556,YES,1,0,0,0,0,0,0
GENE-3557,NO,1,0,0,0,0,0,0
GENE-3558,NO,1,0,0,0,0,0,0
GENE-3559,NO,1,0,0,0,0,0,0
GENE-3560,NO,1,0,0,0,0,0,0
GENE-3561,NO,1,230,361,190,313,154,263
GENE-3562,NO,1,0,0,0,0,0,0
GENE-3563,NO,1,0,0,0,0,0,0
GENE-3564,NO,1,0,0,0,0,0,0
GENE-3565,NO,1,1,0,2,2,0,1
GENE-3566,NO,1,26,22,23,22,27,23
GENE-3567,NO,1,0,0,0,0,0,0
GENE-3568,NO,1,0,5,8,19,4,4
GENE-3569,NO,1,343,454,383,300,352,373
GENE-3570,NO,1,0,0,0,0,0,0
GENE-3571,NO,1,9,13,7,4,11,5
GENE-3572,NO,1,1,2,1,1,4,3
GENE-3573,NO,1,0,0,0,0,0,0
GENE-3574,NO,1,78,58,50,46,25,51
GENE-3575,NO,1,0,0,0,0,0,0
GENE-3576,YES,1,0,0,0,0,0,0
GENE-3577,NO,1,0,0,0,0,0,0
GENE-3578,NO,1,11,1,5,4,5,9
GENE-3579,NO,1,0,0,0,0,0,0
GENE-3580,NO,1,5,0,3,0,1,3
GENE-3581,NO,1,0,0,0,0,0,0
GENE-3582,NO,1,3,1,5,3,1,3
GENE-3583,NO,1,0,0,0,0,0,0
GENE-3584,NO,1,0,0,0,0,0,0
GENE-3585,NO,1,0,0,0,0,0,0
GENE-3586,NO,1,0,0,0,0,0,0
GENE-3587,NO,1,3,7,1,1,4,3
GENE-3588,NO,1,0,0,0,0,0,0
GENE-3589,NO,1,0,0,0,0,0,0
GENE-3590,NO,1,0,0,0,0,0,0
GENE-3591,NO,1,8,4,10,4,3,4
GENE-3592,NO,1,0,0,0,0,0,0
GENE-3594,NO,1,0,0,0,0,0,0
GENE-3595,NO,1,10,5,8,2,3,6
GENE-3596,NO,1,0,0,0,0,0,0
GENE-3597,NO,1,0,0,0,0,0,0
GENE-3598,NO,1,1063,1157,1353,1245,1229,1567
GENE-3599,NO,1,0,0,0,0,0,0
GENE-3600,NO,1,0,0,0,0,0,0
GENE-3601,NO,1,0,0,0,0,0,0
GENE-3602,NO,1,0,0,0,0,0,0
GENE-3603,NO,1,119,236,255,225,71,160
GENE-3604,NO,1,0,0,0,0,0,0
GENE-3605,NO,1,0,0,0,0,0,0
GENE-3606,NO,1,0,0,0,0,0,0
GENE-3607,NO,1,0,0,0,0,0,0
GENE-3608,NO,1,0,0,0,0,0,0
GENE-3609,NO,1,3,1,1,1,1,0
GENE-3610,NO,1,0,0,0,0,0,0
GENE-3611,YES,1,0,0,0,0,0,0
GENE-3612,NO,1,0,0,0,0,0,0
GENE-3613,NO,1,0,0,0,0,0,0
GENE-3614,YES,1,0,0,0,0,0,0
GENE-3615,NO,1,0,0,0,0,0,0
GENE-3616,NO,1,43,40,52,48,48,31
GENE-3617,NO,1,0,0,0,0,0,0
GENE-3618,NO,1,0,0,0,0,0,0
GENE-3619,NO,1,0,0,0,0,0,0
GENE-3620,NO,1,0,0,0,0,0,0
GENE-3621,NO,1,0,0,0,0,0,0
GENE-3622,NO,1,0,0,0,0,0,0
GENE-3623,NO,1,0,0,0,0,0,0
GENE-3624,NO,1,0,0,0,0,0,0
GENE-3625,NO,1,0,0,0,0,0,0
GENE-3626,NO,1,74,77,94,60,91,91
GENE-3627,NO,1,0,0,0,0,0,0
GENE-3628,NO,1,0,0,0,0,0,0
GENE-3629,NO,1,0,0,0,0,0,0
GENE-3630,NO,1,144,115,133,155,136,124
GENE-3631,NO,1,0,0,0,0,0,0
GENE-3632,NO,1,151,188,164,197,158,194
GENE-3633,NO,1,0,0,0,0,0,0
GENE-3634,NO,1,0,0,0,0,0,0
GENE-3635,NO,1,0,0,0,0,0,0
GENE-3636,NO,1,169,189,132,130,109,240
GENE-3637,NO,1,0,0,0,0,0,0
GENE-3638,NO,1,0,0,0,0,0,0
GENE-3639,NO,1,1,1,1,3,5,1
GENE-3640,NO,1,0,0,0,0,0,0
GENE-3641,NO,1,0,0,0,0,0,0
GENE-3642,NO,1,190,118,118,259,155,145
GENE-3643,NO,1,38,52,32,39,38,36
GENE-3644,NO,1,0,0,0,0,0,0
GENE-3645,YES,1,0,0,0,0,0,0
GENE-3646,NO,1,54,90,60,73,103,74
GENE-3647,NO,1,0,0,0,0,0,0
GENE-3648,NO,1,0,0,0,0,0,0
GENE-3649,NO,1,2,0,0,0,0,0
GENE-3650,NO,1,1337,2249,2367,1001,2099,2199
GENE-3651,NO,1,69,101,115,50,86,98
GENE-3652,NO,1,0,0,0,0,0,0
GENE-3653,NO,1,791,825,751,953,573,1333
GENE-3654,NO,1,294,227,242,297,305,194
GENE-3655,NO,1,0,0,0,0,0,0
GENE-3656,NO,1,45,51,51,32,50,45
GENE-3657,NO,1,0,0,0,0,0,0
GENE-3658,NO,1,0,0,0,0,0,0
GENE-3659,NO,1,53,112,72,54,48,45
GENE-3660,NO,1,266,336,348,280,254,238
GENE-3661,NO,1,0,0,0,0,0,0
GENE-3662,NO,1,6,1,13,7,19,3
GENE-3663,NO,1,0,0,0,0,0,0
GENE-3664,NO,1,0,0,0,0,0,0
GENE-3665,NO,1,73,53,99,33,50,54
GENE-3666,NO,1,0,0,0,0,0,0
GENE-3667,NO,1,0,0,0,0,0,0
GENE-3668,NO,1,0,0,0,0,0,0
GENE-3669,YES,1,0,0,0,0,0,0
GENE-3670,NO,1,0,0,0,0,0,0
GENE-3671,NO,1,89,93,79,72,76,85
GENE-3672,NO,1,0,0,0,0,0,0
GENE-3673,NO,1,5,9,5,9,4,8
GENE-3674,NO,1,0,0,0,0,0,0
GENE-3675,NO,1,0,0,0,0,0,0
GENE-3676,NO,1,0,0,0,0,0,0
GENE-3677,NO,1,16,13,15,15,11,6
GENE-3678,NO,1,26,26,46,20,45,53
GENE-3679,NO,1,0,0,0,0,0,0
GENE-3680,NO,1,4,3,8,5,0,4
GENE-3681,NO,1,0,0,0,0,0,0
GENE-3682,NO,1,48,31,47,45,32,62
GENE-3683,NO,1,169,131,160,158,126,171
GENE-3684,NO,1,0,0,0,0,0,0
GENE-3685,NO,1,186,307,209,266,325,130
GENE-3686,NO,1,0,0,0,2,1,0
GENE-3687,NO,1,0,0,0,0,0,0
GENE-3688,NO,1,0,0,0,0,0,0
GENE-3689,NO,1,1691,1452,717,2245,1836,1527
GENE-3690,NO,1,0,0,0,0,0,0
GENE-3691,NO,1,0,0,0,0,0,0
GENE-3692,NO,1,0,0,0,0,0,0
GENE-3693,NO,1,0,0,0,0,0,0
GENE-3694,NO,1,31,4,4,5,0,0
GENE-3695,NO,1,0,0,0,0,0,0
GENE-3696,NO,1,0,0,0,0,0,0
GENE-3697,NO,1,0,0,0,0,0,0
GENE-3698,NO,1,0,0,0,0,0,0
GENE-3699,NO,1,64,129,42,112,55,132
GENE-3700,NO,1,0,0,0,0,0,0
GENE-3701,NO,1,0,0,0,0,0,0
GENE-3702,NO,1,0,0,0,0,0,0
GENE-3703,NO,1,0,0,0,0,0,0
GENE-3704,NO,1,293,370,279,294,299,368
GENE-3705,NO,1,0,0,0,0,0,0
GENE-3706,NO,1,0,0,0,0,0,0
GENE-3707,NO,1,52,51,76,47,78,47
GENE-3708,NO,1,0,0,0,0,0,0
GENE-3709,NO,1,0,0,0,0,0,0
GENE-3710,NO,1,0,0,0,0,0,0
GENE-3711,NO,1,132,104,101,109,91,95
GENE-3712,NO,1,14,10,21,21,18,13
GENE-3713,NO,1,0,0,0,0,0,0
GENE-3714,NO,1,1,1,1,0,3,1
GENE-3715,NO,1,0,0,0,0,0,0
GENE-3716,YES,1,0,0,0,0,0,0
GENE-3717,NO,1,0,0,0,0,0,0
GENE-3718,NO,1,0,0,0,0,0,0
GENE-3719,NO,1,0,0,0,0,0,0
GENE-3720,NO,1,0,0,0,0,0,0
GENE-3721,NO,1,0,0,0,0,0,0
GENE-3722,NO,1,0,2,0,1,2,0
GENE-3723,NO,1,72,68,68,94,75,49
GENE-3724,NO,1,0,0,0,0,0,0
GENE-3725,NO,1,0,0,0,0,0,0
GENE-3726,NO,1,254,234,240,250,304,263
GENE-3727,NO,1,0,0,0,0,0,0
GENE-3728,NO,1,170,129,163,137,155,143
GENE-3729,NO,1,0,0,0,0,0,0
GENE-3730,NO,1,0,0,0,0,0,0
GENE-3731,NO,1,1,0,0,0,0,1
GENE-3732,NO,1,0,0,0,0,0,0
GENE-3733,NO,1,0,1,4,3,2,3
GENE-3734,NO,1,0,0,0,0,0,0
GENE-3735,NO,1,0,0,0,0,0,0
GENE-3736,NO,1,0,0,0,0,0,0
GENE-3737,NO,1,0,0,0,0,0,0
GENE-3738,NO,1,1,2,1,0,1,0
GENE-3739,NO,1,0,0,0,0,0,0
GENE-3740,NO,1,0,0,0,0,0,0
GENE-3741,NO,1,5,4,2,4,3,0
GENE-3742,NO,1,0,0,0,0,0,0
GENE-3743,NO,1,0,0,0,0,0,0
GENE-3744,NO,1,0,0,0,0,0,0
GENE-3745,NO,1,0,0,0,0,0,0
GENE-3746,NO,1,0,0,0,0,0,0
GENE-3747,YES,1,0,0,0,0,0,0
GENE-3748,NO,1,0,0,0,0,0,0
GENE-3749,NO,1,0,0,0,0,0,0
GENE-3750,NO,1,0,0,0,0,0,0
GENE-3751,NO,1,0,0,0,0,0,0
GENE-3752,NO,1,323,543,261,440,399,200
GENE-3753,NO,1,0,0,0,0,0,0
GENE-3754,NO,1,0,0,0,0,0,0
GENE-3755,NO,1,0,0,0,0,0,0
GENE-3756,NO,1,0,0,0,0,0,0
GENE-3757,NO,1,0,0,0,0,0,0
GENE-3758,NO,1,0,0,0,0,0,0
GENE-3759,NO,1,0,0,0,0,0,0
GENE-3760,NO,1,0,0,0,0,0,0
GENE-3761,NO,1,162,148,171,186,160,135
GENE-3762,NO,1,0,0,0,0,0,0
GENE-3763,NO,1,0,0,0,0,0,0
GENE-3764,NO,1,0,0,0,0,0,0
GENE-3765,NO,1,0,5,2,3,4,1
GENE-3766,NO,1,0,4,4,5,2,0
GENE-3767,NO,1,0,1,0,0,1,0
GENE-3768,NO,1,1,1,0,2,1,2
GENE-3769,NO,1,0,0,0,0,0,0
GENE-3770,NO,1,0,0,1,0,0,0
GENE-3771,NO,1,903,833,685,828,842,758
GENE-3772,NO,1,0,0,0,0,0,0
GENE-3773,NO,1,278,521,261,209,202,226
GENE-3774,NO,1,0,0,0,0,0,0
GENE-3775,NO,1,0,0,0,0,0,0
GENE-3776,NO,1,0,0,0,0,0,0
GENE-3777,NO,1,0,0,0,0,0,0
GENE-3778,NO,1,0,0,0,0,0,0
GENE-3779,NO,1,0,0,0,0,0,0
GENE-3780,NO,1,0,0,0,0,0,0
GENE-3781,NO,1,0,0,0,0,0,0
GENE-3782,NO,1,3867,3491,2869,3219,2565,3002
GENE-3783,NO,1,21,29,25,15,13,11
GENE-3784,NO,1,0,0,0,0,0,0
GENE-3785,NO,1,0,0,0,0,0,0
GENE-3786,NO,1,7,3,3,5,5,1
GENE-3787,NO,1,0,0,0,0,0,0
GENE-3788,NO,1,1,0,0,0,0,0
GENE-3789,NO,1,0,0,0,0,0,0
GENE-3790,NO,1,0,0,0,0,0,0
GENE-3791,NO,1,0,0,0,0,0,0
GENE-3792,NO,1,0,0,0,0,0,0
GENE-3793,NO,1,0,0,0,0,0,0
GENE-3794,NO,1,0,0,0,0,0,0
GENE-3795,NO,1,17,21,6,14,13,10
GENE-3796,NO,1,0,0,0,0,0,0
GENE-3797,NO,1,53,78,71,56,66,58
GENE-3798,YES,1,0,0,0,0,0,0
GENE-3799,NO,1,1991,2667,2397,1996,2958,2717
GENE-3800,NO,1,1611,1156,1180,1576,1506,1090
GENE-3801,NO,1,3,7,1,4,2,4
GENE-3802,NO,1,5,12,8,8,12,13
GENE-3803,NO,1,0,0,0,0,0,0
GENE-3804,NO,1,0,0,0,0,0,0
GENE-3805,NO,1,0,0,0,0,0,0
GENE-3806,NO,1,1,1,2,7,2,1
GENE-3807,NO,1,0,0,0,0,0,1
GENE-3808,NO,1,0,0,0,0,0,0
GENE-3809,NO,1,0,0,0,0,0,0
GENE-3810,NO,1,1162,662,1856,1192,1384,1129
GENE-3811,NO,1,0,0,0,0,0,0
GENE-3812,NO,1,15,10,18,11,14,18
GENE-3813,NO,1,11,11,8,5,12,9
GENE-3814,NO,1,1585,1593,1406,1173,1520,1976
GENE-3815,NO,1,0,0,0,0,0,0
GENE-3816,NO,1,7,4,5,5,5,1
GENE-3817,NO,1,0,0,0,0,0,0
GENE-3818,NO,1,0,0,0,0,0,0
GENE-3819,NO,1,5019,3352,4752,3823,4667,5460
GENE-3820,NO,1,0,0,0,0,0,0
GENE-3821,NO,1,272,285,247,304,317,219
GENE-3822,NO,1,0,0,0,0,0,0
GENE-3823,NO,1,0,0,0,0,0,0
GENE-3824,NO,1,0,0,0,0,0,0
GENE-3825,NO,1,0,0,0,0,0,0
GENE-3826,NO,1,75,91,64,55,77,60
GENE-3827,NO,1,0,0,0,0,0,1
GENE-3828,NO,1,0,0,0,0,0,0
GENE-3829,NO,1,0,0,0,0,0,0
GENE-3830,NO,1,156,88,182,112,113,178
GENE-3831,NO,1,0,0,0,0,0,0
GENE-3832,NO,1,89,60,54,92,57,69
GENE-3833,NO,1,501,483,498,472,465,501
GENE-3834,NO,1,0,0,0,0,0,0
GENE-3835,NO,1,0,0,0,0,0,0
GENE-3836,NO,1,206,182,191,195,168,191
GENE-3837,NO,1,0,0,1,0,0,0
GENE-3838,NO,1,6,9,5,3,3,6
GENE-3839,NO,1,0,0,0,0,0,0
GENE-3840,NO,1,0,0,0,0,0,0
GENE-3841,NO,1,18,22,19,22,18,15
GENE-3842,NO,1,0,0,0,0,0,0
GENE-3843,NO,1,0,0,0,0,0,0
GENE-3844,NO,1,0,0,0,0,0,0
GENE-3845,NO,1,0,0,0,0,0,0
GENE-3846,NO,1,0,0,0,0,0,0
GENE-3847,NO,1,1,1,2,0,1,1
GENE-3848,NO,1,11,15,11,11,9,7
GENE-3849,NO,1,0,0,0,0,0,0
GENE-3850,NO,1,52,35,16,25,17,38
GENE-3851,NO,1,262,669,129,1937,639,163
GENE-3852,NO,1,0,0,0,0,0,0
GENE-3853,NO,1,0,0,0,0,0,0
GENE-3854,NO,1,0,0,0,0,0,0
GENE-3855,NO,1,0,0,0,0,0,0
GENE-3856,YES,1,0,0,0,0,0,0
GENE-3857,NO,1,0,0,0,0,0,0
GENE-3858,NO,1,0,0,0,0,0,0
GENE-3859,NO,1,0,0,0,0,0,0
GENE-3860,NO,1,0,0,0,0,0,0
GENE-3861,NO,1,82,87,49,48,113,100
GENE-3862,NO,1,18,18,27,11,19,14
GENE-3863,NO,1,0,0,0,0,0,0
GENE-3864,NO,1,0,0,0,0,0,0
GENE-3865,NO,1,0,0,0,0,0,0
GENE-3866,NO,1,0,0,0,0,0,0
GENE-3867,NO,1,0,0,0,0,0,0
GENE-3868,NO,1,0,0,0,0,0,0
GENE-3869,NO,1,0,0,0,0,0,0
GENE-3870,NO,1,0,0,0,0,0,0
GENE-3871,NO,1,0,0,0,0,0,0
GENE-3872,NO,1,0,0,0,0,0,0
GENE-3873,NO,1,1,0,0,0,0,1
GENE-3874,NO,1,0,0,0,0,0,0
GENE-3875,NO,1,0,0,0,0,0,0
GENE-3876,NO,1,0,0,0,0,0,0
GENE-3877,YES,1,0,0,0,0,0,0
GENE-3878,NO,1,0,0,0,0,0,0
GENE-3879,YES,1,0,0,0,0,0,0
GENE-3880,NO,1,10,10,13,17,15,12
GENE-3881,NO,1,0,0,0,0,0,0
GENE-3882,NO,1,0,0,0,0,0,0
GENE-3883,NO,1,0,0,0,0,0,0
GENE-3884,NO,1,296,244,230,295,261,267
GENE-3885,NO,1,0,0,0,0,0,0
GENE-3886,NO,1,0,0,0,0,0,0
GENE-3887,NO,1,5,6,5,1,6,6
GENE-3888,NO,1,37,25,19,27,39,37
GENE-3889,NO,1,0,0,182,13,2,0
GENE-3890,NO,1,0,0,0,0,0,0
GENE-3891,NO,1,0,0,0,0,0,0
GENE-3892,NO,1,0,0,0,0,0,0
GENE-3893,NO,1,0,0,0,0,0,0
GENE-3894,NO,1,0,0,0,0,0,0
GENE-3895,NO,1,0,0,0,0,0,0
GENE-3896,NO,1,0,0,0,0,0,0
GENE-3897,NO,1,0,0,0,0,0,0
GENE-3898,NO,1,13698,15543,11015,21702,16704,10511
GENE-3899,NO,1,0,0,0,0,0,0
GENE-3900,NO,1,0,0,0,0,0,0
GENE-3901,NO,1,0,0,0,0,0,0
GENE-3902,NO,1,0,0,0,0,0,0
GENE-3903,YES,1,0,0,0,0,0,0
GENE-3904,NO,1,0,0,0,0,0,0
GENE-3905,NO,1,0,0,0,0,0,0
GENE-3906,NO,1,145,206,262,232,221,240
GENE-3907,NO,1,0,0,0,0,0,0
GENE-3908,NO,1,0,0,0,0,0,0
GENE-3909,NO,1,0,0,0,0,0,0
GENE-3910,NO,1,0,0,0,0,0,0
GENE-3911,NO,1,0,0,0,0,0,0
GENE-3912,NO,1,0,0,0,0,0,0
GENE-3913,NO,1,0,0,0,0,0,0
GENE-3914,NO,1,121,129,74,157,180,90
GENE-3915,NO,1,207,231,203,219,195,246
GENE-3916,NO,1,1,3,4,6,2,2
GENE-3917,NO,1,0,0,0,0,0,0
GENE-3918,NO,1,0,0,0,0,0,0
GENE-3919,NO,1,523,508,558,426,478,496
GENE-3920,NO,1,50,50,59,47,69,60
GENE-3921,NO,1,0,0,0,0,0,0
GENE-3922,NO,1,0,0,0,0,0,0
GENE-3923,NO,1,0,0,0,0,0,0
GENE-3924,NO,1,0,0,0,0,0,0
GENE-3925,NO,1,0,0,0,0,0,0
GENE-3926,NO,1,0,0,0,0,0,0
GENE-3927,NO,1,0,0,0,0,0,0
GENE-3928,NO,1,57,54,57,53,56,66
GENE-3929,NO,1,81,78,101,54,55,55
GENE-3930,NO,1,0,0,0,0,0,0
GENE-3931,NO,1,0,0,0,0,0,0
GENE-3932,NO,1,0,0,0,0,0,0
GENE-3933,NO,1,0,0,0,0,0,0
GENE-3934,NO,1,207,165,232,232,190,200
GENE-3935,NO,1,16,19,19,23,32,14
GENE-3936,NO,1,0,0,0,0,0,0
GENE-3937,NO,1,1,3,1,3,3,5
GENE-3938,NO,1,0,0,0,1,1,0
GENE-3939,NO,1,0,0,0,0,0,0
GENE-3940,NO,1,327,348,349,369,308,347
GENE-3941,NO,1,0,2,1,1,0,0
GENE-3942,NO,1,0,0,0,0,0,0
GENE-3943,NO,1,461,443,467,492,572,589
GENE-3945,NO,1,0,0,0,0,0,0
GENE-3946,NO,1,317,233,279,293,249,281
GENE-3947,NO,1,0,0,0,0,0,0
GENE-3948,NO,1,37,31,35,48,33,48
GENE-3950,YES,1,0,0,0,0,0,0
GENE-3951,NO,1,0,0,0,0,0,0
GENE-3952,NO,1,0,0,0,0,0,0
GENE-3953,NO,1,284,1239,2209,801,2238,1110
GENE-3954,NO,1,0,0,0,0,0,0
GENE-3955,NO,1,0,0,0,0,0,0
GENE-3956,NO,1,0,0,0,0,0,0
GENE-3957,NO,1,0,0,0,0,0,0
GENE-3958,NO,1,0,0,0,0,0,0
GENE-3959,NO,1,0,0,0,0,0,0
GENE-3960,NO,1,20,19,30,41,20,35
GENE-3961,NO,1,396,433,798,660,661,368
GENE-3962,NO,1,0,0,0,0,0,0
GENE-3963,NO,1,0,0,0,0,0,0
GENE-3964,NO,1,0,0,0,0,0,0
GENE-3965,NO,1,250,286,251,316,375,305
GENE-3966,NO,1,218,176,207,202,185,153
GENE-3967,NO,1,0,0,0,0,0,0
GENE-3968,NO,1,13,18,25,20,19,17
GENE-3969,NO,1,0,0,0,0,0,0
GENE-3970,NO,1,0,0,0,0,0,0
GENE-3971,NO,1,0,0,0,0,0,0
GENE-3972,NO,1,0,0,0,0,0,0
GENE-3973,NO,1,0,0,0,0,0,0
GENE-3974,NO,1,0,0,0,0,0,0
GENE-3975,NO,1,0,0,0,0,0,0
GENE-3976,NO,1,2502,2396,2545,2344,3064,2340
GENE-3977,NO,1,0,0,0,0,0,0
GENE-3978,NO,1,371,276,391,582,428,315
GENE-3979,NO,1,0,0,0,0,0,0
GENE-3980,NO,1,22,22,15,23,26,21
GENE-3981,NO,1,5,2,5,5,3,4
GENE-3982,NO,1,2259,2174,2018,2190,2380,2392
GENE-3983,NO,1,0,0,0,0,0,0
GENE-3984,NO,1,0,0,0,0,0,0
GENE-3985,NO,1,0,0,0,0,0,0
GENE-3986,NO,1,0,0,0,0,0,0
GENE-3987,NO,1,0,0,0,0,0,0
GENE-3988,NO,1,0,0,0,0,0,0
GENE-3989,NO,1,0,0,0,0,0,0
GENE-3990,NO,1,43,28,40,52,67,37
GENE-3991,NO,1,0,0,0,0,0,0
GENE-3992,NO,1,11,15,12,17,6,20
GENE-3993,NO,1,196,235,172,343,331,191
GENE-3994,NO,1,25,30,19,30,24,21
GENE-3995,NO,1,1,0,1,1,0,0
GENE-3996,NO,1,0,0,0,0,0,0
GENE-3997,NO,1,430,280,357,414,380,309
GENE-3998,NO,1,0,0,0,0,0,0
GENE-3999,NO,1,352,400,328,391,284,327
GENE-4000,NO,1,0,0,0,0,0,0
GENE-4001,NO,1,0,0,0,0,0,0
GENE-4002,NO,1,0,0,0,0,0,0
GENE-4003,NO,1,0,0,0,0,0,0
GENE-4004,NO,1,0,0,0,0,0,0
GENE-4005,NO,1,0,0,0,0,0,0
GENE-4006,NO,1,0,0,0,0,0,0
GENE-4007,NO,1,0,0,0,0,0,0
GENE-4008,NO,1,0,0,0,0,0,0
GENE-4009,NO,1,24,112,56,54,49,102
GENE-4010,NO,1,71,71,36,94,80,89
GENE-4011,NO,1,0,0,0,0,0,0
GENE-4012,NO,1,3,4,4,12,2,6
GENE-4013,NO,1,0,0,0,0,0,0
GENE-4014,NO,1,1,0,1,0,0,1
GENE-4015,NO,1,735,686,721,692,653,685
GENE-4016,NO,1,0,0,0,0,0,0
GENE-4017,NO,1,0,0,0,0,0,0
GENE-4018,NO,1,0,0,0,0,0,0
GENE-4019,NO,1,0,0,0,0,0,0
GENE-4020,NO,1,0,0,0,0,0,0
GENE-4021,NO,1,0,0,0,0,0,0
GENE-4022,NO,1,0,0,0,0,0,0
GENE-4023,NO,1,6,1,0,0,1,1
GENE-4024,NO,1,3,3,1,1,2,1
GENE-4025,NO,1,0,0,0,0,0,0
GENE-4026,NO,1,0,0,0,0,0,0
GENE-4027,NO,1,0,0,0,0,0,0
GENE-4028,NO,1,81,80,82,102,83,80
GENE-4029,NO,1,0,0,0,0,0,0
GENE-4030,NO,1,0,0,0,0,0,0
GENE-4031,NO,1,0,0,0,0,0,0
GENE-4032,NO,1,0,0,0,0,0,0
GENE-4033,NO,1,0,0,0,0,0,0
GENE-4034,NO,1,0,0,0,0,0,0
GENE-4035,NO,1,0,0,0,0,0,0
GENE-4036,NO,1,1,1,0,0,1,0
GENE-4037,NO,1,0,0,0,0,0,0
GENE-4038,NO,1,0,0,0,0,0,0
GENE-4039,NO,1,0,0,0,0,0,0
GENE-4040,NO,1,104,145,198,114,232,155
GENE-4041,NO,1,377,260,358,417,480,287
GENE-4042,NO,1,0,0,0,0,0,0
GENE-4043,NO,1,0,0,0,0,0,0
GENE-4044,NO,1,0,0,0,0,0,0
GENE-4045,NO,1,0,0,0,0,0,0
GENE-4046,NO,1,0,0,0,0,0,0
GENE-4047,NO,1,0,3,3,3,7,3
GENE-4048,NO,1,32,33,28,30,28,30
GENE-4049,NO,1,0,0,0,0,0,0
GENE-4050,NO,1,11,8,14,7,4,5
GENE-4051,NO,1,1,0,0,0,0,0
GENE-4052,NO,1,0,0,0,0,0,0
GENE-4053,NO,1,0,0,0,0,0,0
GENE-4054,NO,1,0,0,0,0,0,0
GENE-4055,NO,1,84,72,93,96,111,74
GENE-4056,NO,1,0,0,0,0,0,0
GENE-4057,NO,1,612,824,523,684,1016,562
GENE-4058,NO,1,0,0,0,0,0,0
GENE-4059,NO,1,0,0,0,0,0,0
GENE-4060,NO,1,0,0,0,0,0,0
GENE-4061,YES,1,0,0,0,0,0,0
GENE-4062,NO,1,0,0,0,0,0,0
GENE-4063,NO,1,102,82,91,108,80,84
GENE-4064,NO,1,0,0,0,0,0,0
GENE-4065,NO,1,12,7,6,6,9,5
GENE-4066,NO,1,0,0,0,0,0,0
GENE-4067,NO,1,0,0,0,0,0,0
GENE-4068,NO,1,0,0,0,0,0,0
GENE-4069,NO,1,891,906,883,926,972,873
GENE-4070,NO,1,123,179,224,133,161,126
GENE-4071,NO,1,0,0,0,0,0,0
GENE-4072,NO,1,16,11,13,7,20,9
GENE-4073,NO,1,0,0,0,0,0,0
GENE-4074,NO,1,0,0,0,0,0,0
GENE-4075,NO,1,1088,1017,1361,1185,881,1562
GENE-4076,NO,1,0,0,0,0,0,0
GENE-4077,NO,1,0,0,0,0,0,0
GENE-4078,NO,1,0,0,0,0,0,0
GENE-4079,NO,1,5,1,1,0,3,2
GENE-4080,NO,1,0,0,0,0,0,0
GENE-4081,NO,1,4600,5120,5331,5796,4694,4513
GENE-4082,NO,1,0,0,0,0,0,0
GENE-4083,NO,1,9,5,10,14,10,10
GENE-4084,NO,1,0,0,0,0,0,0
GENE-4086,NO,1,0,0,0,0,0,0
GENE-4087,NO,1,11,6,4,9,7,9
GENE-4088,NO,1,0,0,0,0,0,0
GENE-4089,NO,1,1404,957,1336,1840,1731,1425
GENE-4090,NO,1,6,11,6,4,8,8
GENE-4091,NO,1,289,373,329,293,168,460
GENE-4092,NO,1,155,117,127,93,126,135
GENE-4093,NO,1,0,0,0,0,0,0
GENE-4094,NO,1,0,0,0,0,0,0
GENE-4096,NO,1,0,0,0,0,0,0
GENE-4097,NO,1,325,187,318,216,279,163
GENE-4098,NO,1,975,917,644,1283,829,898
GENE-4099,NO,1,0,0,0,0,0,0
GENE-4100,NO,1,0,0,0,0,0,0
GENE-4101,YES,1,0,0,0,0,0,0
GENE-4102,NO,1,0,0,0,0,0,0
GENE-4103,NO,1,3783,1870,1598,1927,2364,1701
GENE-4104,NO,1,0,0,0,0,0,0
GENE-4105,NO,1,2759,3193,3084,4846,6237,4363
GENE-4106,NO,1,121,232,188,83,258,168
GENE-4107,NO,1,2,4,3,4,6,3
GENE-4108,NO,1,109,91,109,77,105,94
GENE-4109,NO,1,0,0,0,0,0,0
GENE-4110,NO,1,0,0,0,0,0,0
GENE-4111,NO,1,0,0,0,0,0,0
GENE-4112,NO,1,0,0,0,0,0,0
GENE-4113,NO,1,0,0,0,0,0,0
GENE-4114,NO,1,1555,479,933,481,651,648
GENE-4115,NO,1,0,0,0,0,0,0
GENE-4116,YES,1,0,0,0,0,0,0
GENE-4117,NO,1,0,0,0,0,0,0
GENE-4118,NO,1,323,315,298,298,276,262
GENE-4119,NO,1,0,0,0,0,0,0
GENE-4120,NO,1,0,0,0,0,0,0
GENE-4121,NO,1,0,0,0,0,0,0
GENE-4122,NO,1,0,0,0,0,0,0
GENE-4123,NO,1,142,198,234,182,203,234
GENE-4124,NO,1,0,0,0,0,0,0
GENE-4125,NO,1,0,0,0,0,0,0
GENE-4126,NO,1,7,3,10,11,12,7
GENE-4127,NO,1,5,2,3,1,3,4
GENE-4128,NO,1,0,0,0,1,0,1
GENE-4129,NO,1,0,0,0,0,0,0
GENE-4130,NO,1,0,0,0,0,0,0
GENE-4131,NO,1,38,54,72,88,57,56
GENE-4132,NO,1,0,0,0,0,0,0
GENE-4133,NO,1,29,38,42,21,29,53
GENE-4134,NO,1,0,0,0,0,0,0
GENE-4135,NO,1,0,0,0,0,0,0
GENE-4136,NO,1,0,0,0,0,0,0
GENE-4137,NO,1,0,0,0,0,0,0
GENE-4138,NO,1,0,0,0,0,0,0
GENE-4139,NO,1,0,0,0,0,0,0
GENE-4140,NO,1,244,227,253,234,239,253
GENE-4141,NO,1,0,0,0,0,0,0
GENE-4142,NO,1,0,0,0,0,0,0
GENE-4143,NO,1,0,0,0,0,0,0
GENE-4144,NO,1,47,49,50,44,52,48
GENE-4145,NO,1,0,0,0,0,0,0
GENE-4146,NO,1,0,0,0,0,0,0
GENE-4147,NO,1,0,0,1,0,0,0
GENE-4148,NO,1,0,0,0,0,0,0
GENE-4149,NO,1,0,0,0,0,0,0
GENE-4150,NO,1,0,0,0,0,0,0
GENE-4151,NO,1,0,0,0,0,0,0
GENE-4152,NO,1,0,0,0,0,0,0
GENE-4153,NO,1,0,0,0,0,0,0
GENE-4154,NO,1,299,265,290,265,241,249
GENE-4155,NO,1,0,0,0,0,0,0
GENE-4156,NO,1,0,0,0,0,0,0
GENE-4157,NO,1,0,0,0,0,0,0
GENE-4158,NO,1,1,1,1,1,1,1
GENE-4159,NO,1,6,9,7,12,6,10
GENE-4160,NO,1,1011,33,1,0,5,6829
GENE-4161,NO,1,0,0,0,1,0,0
GENE-4162,NO,1,0,0,0,0,0,0
GENE-4163,NO,1,1,2,5,2,1,4
GENE-4164,NO,1,693,886,704,639,657,756
GENE-4165,NO,1,0,0,1,0,0,0
GENE-4166,NO,1,0,0,0,0,0,0
GENE-4167,NO,1,7,3,1,0,2,3
GENE-4168,NO,1,0,0,0,0,0,0
GENE-4169,NO,1,0,0,0,0,0,0
GENE-4170,NO,1,0,0,0,0,0,0
GENE-4171,NO,1,0,0,0,0,0,0
GENE-4172,YES,1,0,0,0,0,0,0
GENE-4173,NO,1,0,1,3,0,1,4
GENE-4174,NO,1,0,0,0,0,0,0
GENE-4175,NO,1,213,294,157,268,261,351
GENE-4176,NO,1,0,0,0,0,0,0
GENE-4177,YES,1,0,0,0,0,0,0
GENE-4178,NO,1,0,0,0,0,0,0
GENE-4179,NO,1,0,0,0,0,0,0
GENE-4180,NO,1,0,0,0,0,0,0
GENE-4181,NO,1,0,0,0,0,0,0
GENE-4182,NO,1,0,0,0,0,0,0
GENE-4183,NO,1,38,32,31,42,28,43
GENE-4184,NO,1,18121,19984,19299,18055,21536,20177
GENE-4185,NO,1,0,0,0,0,0,0
GENE-4186,NO,1,0,0,0,0,0,0
GENE-4187,NO,1,0,0,0,0,0,0
GENE-4188,NO,1,0,0,0,0,0,0
GENE-4189,NO,1,16,18,18,11,13,10
GENE-4190,NO,1,109,127,116,115,106,198
GENE-4191,NO,1,0,0,0,0,0,0
GENE-4192,NO,1,26,20,14,18,17,16
GENE-4193,NO,1,3,2,0,0,3,1
GENE-4194,NO,1,0,0,0,0,0,0
GENE-4195,NO,1,0,0,0,0,0,0
GENE-4196,NO,1,0,0,0,0,0,0
GENE-4197,NO,1,645,256,430,694,246,362
GENE-4198,NO,1,67,65,40,82,62,68
GENE-4199,NO,1,0,0,0,0,0,0
GENE-4200,NO,1,0,0,0,0,0,0
GENE-4201,NO,1,673,705,629,598,597,602
GENE-4202,YES,1,0,0,0,0,0,0
GENE-4203,NO,1,0,0,0,0,0,0
GENE-4204,NO,1,1,1,2,1,1,0
GENE-4205,NO,1,2,2,4,5,4,3
GENE-4206,NO,1,0,0,0,0,0,0
GENE-4207,NO,1,0,0,0,0,0,0
GENE-4208,NO,1,3,4,2,1,0,2
GENE-4209,NO,1,0,0,0,0,0,0
GENE-4210,NO,1,0,0,0,0,0,0
GENE-4211,NO,1,0,0,0,0,0,0
GENE-4212,NO,1,275,210,255,244,282,222
GENE-4213,NO,1,0,0,0,0,0,0
GENE-4214,NO,1,0,0,0,0,0,0
GENE-4215,NO,1,112,134,102,131,96,86
GENE-4216,NO,1,3,3,4,3,5,3
GENE-4217,NO,1,0,0,0,0,0,0
GENE-4218,NO,1,0,0,0,0,0,0
GENE-4219,NO,1,0,0,0,0,0,0
GENE-4220,NO,1,0,0,0,0,0,0
GENE-4221,NO,1,0,0,0,1,0,0
GENE-4222,NO,1,0,0,0,0,0,0
GENE-4223,NO,1,0,0,0,0,0,0
GENE-4224,NO,1,0,0,0,0,0,0
GENE-4225,NO,1,0,0,0,0,0,0
GENE-4226,NO,1,0,0,1,0,0,0
GENE-4227,NO,1,0,0,0,0,0,0
GENE-4228,NO,1,0,0,0,0,0,0
GENE-4229,NO,1,0,0,0,1,0,0
GENE-4230,NO,1,0,0,0,0,0,0
GENE-4231,NO,1,0,0,0,0,0,0
GENE-4232,YES,1,0,0,0,0,0,0
GENE-4233,NO,1,0,0,0,0,0,0
GENE-4234,NO,1,0,0,0,0,0,0
GENE-4235,NO,1,57,61,43,59,90,38
GENE-4236,NO,1,0,0,0,0,0,0
GENE-4237,NO,1,0,0,0,0,0,0
GENE-4238,NO,1,0,0,0,0,0,0
GENE-4239,NO,1,229,247,248,199,350,212
GENE-4240,NO,1,1,0,0,2,1,2
GENE-4241,NO,1,0,0,0,0,0,0
GENE-4242,NO,1,0,0,0,0,0,0
GENE-4243,NO,1,0,0,0,0,0,0
GENE-4244,NO,1,0,0,0,0,0,0
GENE-4245,NO,1,0,0,0,0,0,0
GENE-4246,NO,1,0,0,0,0,0,0
GENE-4247,NO,1,0,0,0,0,0,0
GENE-4248,NO,1,0,0,0,0,0,0
GENE-4249,NO,1,0,0,0,0,0,0
GENE-4250,NO,1,759,499,561,345,446,271
GENE-4251,NO,1,0,0,0,0,0,0
GENE-4252,NO,1,0,0,0,0,0,0
GENE-4253,NO,1,0,0,0,0,0,0
GENE-4254,NO,1,0,0,0,0,0,0
GENE-4255,NO,1,0,0,0,0,0,0
GENE-4256,NO,1,0,0,0,0,0,0
GENE-4257,NO,1,0,0,0,0,0,0
GENE-4258,NO,1,59,73,76,72,90,62
GENE-4259,NO,1,1771,515,813,1550,1421,1468
GENE-4260,NO,1,0,0,0,0,0,0
GENE-4261,NO,1,37,44,73,179,55,102
GENE-4262,NO,1,2,1,1,2,0,1
GENE-4263,NO,1,399,142,251,150,326,218
GENE-4264,NO,1,0,0,0,0,0,0
GENE-4265,NO,1,0,0,0,0,0,0
GENE-4266,NO,1,0,0,0,0,0,0
GENE-4267,NO,1,0,0,0,0,0,0
GENE-4268,NO,1,317,239,297,251,304,301
GENE-4269,NO,1,41,39,56,37,40,26
GENE-4270,NO,1,0,0,0,0,0,0
GENE-4271,NO,1,0,0,0,0,0,0
GENE-4272,NO,1,749,900,813,994,834,852
GENE-4273,NO,1,0,0,0,0,0,0
GENE-4274,NO,1,0,0,0,0,0,0
GENE-4275,NO,1,0,0,0,0,0,0
GENE-4276,NO,1,3,0,3,2,2,0
GENE-4277,NO,1,0,0,0,0,0,0
GENE-4278,NO,1,63,67,60,64,72,91
GENE-4279,NO,1,0,0,0,0,0,0
GENE-4280,NO,1,185,117,136,130,125,178
GENE-4281,NO,1,29,26,26,24,16,17
GENE-4282,NO,1,832,912,946,986,958,1025
GENE-4283,NO,1,0,0,0,0,0,0
GENE-4284,NO,1,0,0,0,0,0,0
GENE-4285,NO,1,1895,1746,1608,1236,1535,1600
GENE-4286,NO,1,33,34,69,49,29,84
GENE-4287,NO,1,0,0,0,0,0,0
GENE-4288,NO,1,0,0,0,0,0,0
GENE-4289,NO,1,266,234,234,245,213,213
GENE-4290,NO,1,0,0,0,0,0,0
GENE-4291,NO,1,452,376,464,349,423,459
GENE-4292,NO,1,0,0,0,0,0,0
GENE-4293,NO,1,5,1,5,3,1,0
GENE-4294,NO,1,0,0,0,0,0,0
GENE-4295,NO,1,0,0,0,0,0,0
GENE-4297,NO,1,0,0,0,0,0,0
GENE-4298,NO,1,0,0,0,0,0,0
GENE-4299,NO,1,19,23,24,28,28,31
GENE-4300,YES,1,0,0,0,0,0,0
GENE-4301,NO,1,0,0,0,0,0,0
GENE-4302,NO,1,0,0,0,0,0,0
GENE-4303,NO,1,0,0,0,0,0,0
GENE-4304,NO,1,0,0,0,0,0,0
GENE-4305,NO,1,0,0,0,0,0,0
GENE-4306,NO,1,0,0,0,0,0,0
GENE-4307,NO,1,5329,1376,18,88,181,289
GENE-4308,NO,1,15,163,12,3,161,13
GENE-4309,NO,1,0,0,0,0,0,0
GENE-4310,NO,1,0,0,0,0,0,0
GENE-4311,NO,1,0,0,0,0,0,0
GENE-4312,NO,1,0,0,0,0,0,0
GENE-4313,NO,1,912,1471,1307,1129,669,780
GENE-4314,NO,1,130,171,116,201,192,128
GENE-4315,NO,1,0,0,0,0,0,0
GENE-4316,NO,1,0,0,0,0,0,0
GENE-4317,NO,1,0,0,0,0,0,1
GENE-4318,NO,1,1017,936,899,1028,991,1086
GENE-4319,NO,1,482,504,385,570,471,616
GENE-4320,NO,1,0,0,0,0,0,0
GENE-4321,YES,1,3,0,3,0,0,0
GENE-4322,NO,1,47,54,62,56,53,45
GENE-4323,NO,1,0,0,0,0,0,0
GENE-4324,NO,1,0,0,0,0,0,0
GENE-4325,NO,1,0,0,0,0,0,0
GENE-4326,NO,1,0,0,0,0,0,0
GENE-4327,NO,1,0,0,0,0,0,0
GENE-4328,NO,1,0,0,0,0,0,0
GENE-4329,NO,1,68,100,92,150,78,96
GENE-4330,NO,1,0,0,0,0,1,0
GENE-4331,NO,1,0,0,0,0,0,0
GENE-4332,NO,1,6,9,7,4,3,4
GENE-4333,NO,1,0,0,0,0,0,0
GENE-4334,NO,1,619,757,713,589,625,616
GENE-4336,NO,1,0,1,2,0,0,0
GENE-4337,NO,1,0,0,0,0,0,0
GENE-4338,NO,1,0,0,0,0,0,0
GENE-4339,NO,1,0,0,0,0,0,0
GENE-4340,NO,1,0,0,0,0,0,0
GENE-4341,NO,1,366,313,361,420,342,408
GENE-4342,NO,1,1573,1484,1551,1578,1666,1568
GENE-4343,NO,1,0,0,0,0,0,0
GENE-4344,NO,1,0,1,7,2,108,149
GENE-4345,NO,1,0,0,0,0,0,0
GENE-4346,NO,1,0,0,0,0,0,0
GENE-4347,NO,1,0,0,0,0,0,0
GENE-4348,NO,1,0,0,0,0,0,0
GENE-4349,NO,1,7224,8976,8787,7075,7896,7698
GENE-4350,NO,1,0,0,0,0,0,0
GENE-4351,NO,1,272,345,239,148,168,308
GENE-4352,NO,1,1038,791,1020,733,913,965
GENE-4353,NO,1,0,0,0,0,0,0
GENE-4354,NO,1,0,0,0,0,0,0
GENE-4355,NO,1,0,0,0,0,0,0
GENE-4356,NO,1,0,0,0,0,0,0
GENE-4357,NO,1,0,0,0,0,0,0
GENE-4358,NO,1,233,363,220,213,306,236
GENE-4359,NO,1,7,3,12,6,13,12
GENE-4360,NO,1,0,0,0,0,0,0
GENE-4361,YES,1,0,0,0,0,0,0
GENE-4362,NO,1,0,0,0,0,0,0
GENE-4363,NO,1,77,56,98,41,62,60
GENE-4364,YES,1,0,0,0,0,0,0
GENE-4365,NO,1,42,25,44,34,15,29
GENE-4366,NO,1,0,0,0,0,0,0
GENE-4367,NO,1,0,0,0,0,0,0
GENE-4368,NO,1,0,0,0,0,0,0
GENE-4369,NO,1,0,0,0,0,0,0
GENE-4370,NO,1,274,276,344,283,264,247
GENE-4371,NO,1,0,0,0,0,0,0
GENE-4372,NO,1,4,9,10,5,4,4
GENE-4373,NO,1,261,206,263,167,219,307
GENE-4374,NO,1,0,0,0,0,0,0
GENE-4375,NO,1,267,283,217,225,233,240
GENE-4376,NO,1,0,0,0,0,0,0
GENE-4377,NO,1,0,0,0,0,0,0
GENE-4378,NO,1,0,0,0,0,0,0
GENE-4379,NO,1,0,0,0,0,0,0
GENE-4380,NO,1,42,27,35,40,33,30
GENE-4381,NO,1,0,0,0,0,0,0
GENE-4382,NO,1,0,0,0,0,0,0
GENE-4383,NO,1,0,0,0,0,0,0
GENE-4384,NO,1,0,0,0,0,0,0
GENE-4385,NO,1,0,0,0,0,0,0
GENE-4386,NO,1,0,0,0,0,0,0
GENE-4387,NO,1,860,879,812,805,769,781
GENE-4388,NO,1,0,0,0,0,0,0
GENE-4389,NO,1,0,0,0,0,0,0
GENE-4390,NO,1,0,0,0,0,0,0
GENE-4391,NO,1,21,12,12,12,17,27
GENE-4392,NO,1,0,0,0,0,0,0
GENE-4393,NO,1,0,0,0,0,0,0
GENE-4394,NO,1,4,11,11,5,6,7
GENE-4395,NO,1,0,0,0,0,0,0
GENE-4396,NO,1,30,34,30,27,23,48
GENE-4397,NO,1,0,0,0,0,0,0
GENE-4398,NO,1,416,525,468,304,673,394
GENE-4399,NO,1,392,125,471,113,117,420
GENE-4400,NO,1,41,42,38,42,36,25
GENE-4401,NO,1,0,0,0,0,1,2
GENE-4402,NO,1,0,0,0,0,0,0
GENE-4403,NO,1,4,0,4,5,2,2
GENE-4404,YES,1,0,0,0,0,0,0
GENE-4405,NO,1,0,0,0,0,0,0
GENE-4406,NO,1,13,4,13,14,9,13
GENE-4407,NO,1,0,0,0,0,0,0
GENE-4408,NO,1,0,0,0,0,0,0
GENE-4409,NO,1,3,2,5,3,4,2
GENE-4410,NO,1,0,0,0,0,0,0
GENE-4411,NO,1,150,134,156,132,170,141
GENE-4412,NO,1,30,37,41,28,43,39
GENE-4413,NO,1,0,0,0,0,0,0
GENE-4414,NO,1,0,0,0,0,0,0
GENE-4415,NO,1,0,1,0,0,0,0
GENE-4416,NO,1,0,0,0,0,0,0
GENE-4417,NO,1,0,0,0,0,0,0
GENE-4418,NO,1,0,0,0,0,0,0
GENE-4419,NO,1,0,1,0,0,0,1
GENE-4420,NO,1,12,15,16,20,11,16
GENE-4421,NO,1,64,49,55,42,49,42
GENE-4422,NO,1,45,27,26,33,51,26
GENE-4423,NO,1,0,0,0,0,0,0
GENE-4424,NO,1,1443,1553,1633,1567,1613,1458
GENE-4425,NO,1,0,1,0,1,0,0
GENE-4426,NO,1,0,0,0,0,0,0
GENE-4427,NO,1,0,0,0,0,0,0
GENE-4428,NO,1,46,54,52,44,47,37
GENE-4429,NO,1,0,0,0,0,0,0
GENE-4430,NO,1,3,4,6,4,3,1
GENE-4431,NO,1,0,0,0,0,0,0
GENE-4432,NO,1,0,0,0,0,0,0
GENE-4433,NO,1,436,520,473,596,641,603
GENE-4434,NO,1,0,0,0,0,0,0
GENE-4435,NO,1,0,0,0,0,0,0
GENE-4436,NO,1,0,0,0,0,0,0
GENE-4437,NO,1,36,37,39,31,38,37
GENE-4438,NO,1,0,0,0,0,0,0
GENE-4439,NO,1,0,0,0,0,0,0
GENE-4440,NO,1,1349,771,1463,1673,1843,1312
GENE-4441,NO,1,9,12,9,14,7,13
GENE-4442,NO,1,0,0,0,0,0,0
GENE-4443,NO,1,51,57,45,63,53,40
GENE-4444,NO,1,2,1,1,0,1,2
GENE-4445,NO,1,0,0,0,0,0,0
GENE-4446,NO,1,0,0,0,0,0,0
GENE-4447,NO,1,7,1,9,17,19,3
GENE-4448,NO,1,0,0,0,0,0,0
GENE-4449,NO,1,0,0,0,0,0,0
GENE-4450,NO,1,0,0,0,0,0,0
GENE-4451,NO,1,0,0,0,0,0,0
GENE-4452,NO,1,0,0,0,0,0,0
GENE-4453,NO,1,1287,1465,1618,1583,1475,1557
GENE-4454,NO,1,0,0,0,0,0,0
GENE-4455,NO,1,15,19,13,11,22,13
GENE-4456,NO,1,1857,949,874,572,926,1128
GENE-4457,NO,1,0,0,0,0,0,0
GENE-4458,NO,1,0,0,0,0,0,0
GENE-4459,NO,1,0,0,0,0,0,0
GENE-4460,NO,1,25,14,27,22,22,10
GENE-4461,YES,1,0,0,0,0,0,0
GENE-4462,NO,1,80,104,101,110,98,56
GENE-4463,NO,1,0,0,0,0,0,0
GENE-4464,NO,1,0,0,0,0,0,0
GENE-4465,NO,1,0,0,0,0,0,0
GENE-4466,NO,1,0,0,0,0,0,0
GENE-4467,NO,1,0,0,0,0,0,0
GENE-4468,NO,1,3,1,1,0,0,2
GENE-4469,NO,1,0,0,0,0,0,0
GENE-4470,NO,1,144,63,37,39,95,69
GENE-4471,NO,1,26,14,33,18,28,24
GENE-4472,NO,1,0,0,0,0,0,0
GENE-4473,NO,1,0,0,0,0,0,0
GENE-4474,NO,1,0,0,0,0,0,0
GENE-4475,NO,1,0,0,0,0,0,0
GENE-4476,NO,1,0,0,0,0,0,0
GENE-4477,NO,1,0,0,0,0,0,0
GENE-4478,NO,1,5935,5827,5238,5147,5665,5800
GENE-4479,NO,1,0,0,0,0,0,0
GENE-4480,NO,1,0,0,0,0,0,0
GENE-4481,NO,1,387,388,335,285,308,357
GENE-4482,NO,1,7,16,14,9,12,9
GENE-4483,NO,1,0,0,0,0,0,0
GENE-4484,NO,1,0,0,0,0,0,0
GENE-4485,NO,1,0,0,0,0,0,0
GENE-4486,NO,1,1,0,0,0,0,0
GENE-4487,NO,1,0,0,0,0,0,0
GENE-4488,NO,1,0,0,0,0,0,0
GENE-4489,NO,1,0,0,0,0,0,0
GENE-4490,NO,1,5,45,13,20,62,35
GENE-4491,NO,1,0,0,0,0,0,0
GENE-4492,NO,1,44,34,36,31,33,48
GENE-4493,YES,1,0,0,0,0,0,0
GENE-4494,NO,1,0,0,0,0,0,0
GENE-4495,NO,1,0,0,0,0,0,0
GENE-4496,NO,1,0,0,0,0,0,0
GENE-4497,NO,1,88,64,92,76,78,75
GENE-4498,NO,1,0,0,0,0,0,0
GENE-4499,NO,1,0,0,0,0,0,0
GENE-4500,NO,1,1858,1660,1704,1755,1740,1712
GENE-4501,NO,1,0,0,0,0,0,0
GENE-4502,NO,1,17,30,10,62,59,9
GENE-4503,NO,1,0,0,0,0,0,0
GENE-4504,NO,1,0,0,0,0,0,0
GENE-4505,NO,1,0,0,0,0,0,0
GENE-4506,NO,1,0,0,0,0,0,0
GENE-4507,NO,1,0,0,0,0,0,0
GENE-4508,NO,1,0,0,0,0,0,0
GENE-4509,NO,1,1,2,0,1,1,0
GENE-4510,NO,1,0,0,0,0,0,0
GENE-4511,NO,1,19,0,0,3,4,0
GENE-4512,NO,1,0,0,0,0,0,0
GENE-4513,NO,1,0,0,0,0,0,0
GENE-4514,NO,1,0,0,0,0,0,0
GENE-4515,NO,1,98,89,80,103,63,73
GENE-4516,NO,1,12,6,16,9,10,20
GENE-4517,NO,1,1,2,1,1,1,4
GENE-4518,NO,1,49,36,54,68,61,45
GENE-4519,NO,1,0,0,0,0,0,0
GENE-4520,NO,1,0,0,0,0,0,0
GENE-4521,NO,1,0,0,0,0,0,0
GENE-4522,NO,1,1,0,0,1,0,0
GENE-4523,NO,1,0,0,0,0,0,0
GENE-4524,NO,1,0,0,0,0,0,0
GENE-4525,NO,1,0,0,0,0,0,0
GENE-4526,YES,1,0,0,0,0,0,0
GENE-4527,NO,1,572,458,571,628,466,457
GENE-4528,NO,1,197,129,182,218,307,130
GENE-4529,NO,1,0,0,0,0,0,0
GENE-4530,YES,1,0,0,0,0,0,0
GENE-4531,NO,1,121,159,46,183,62,123
GENE-4532,NO,1,0,0,0,0,0,0
GENE-4533,NO,1,0,0,0,0,0,0
GENE-4534,NO,1,0,0,0,0,0,0
GENE-4535,NO,1,0,0,0,0,0,0
GENE-4536,YES,1,0,0,0,0,0,0
GENE-4537,NO,1,67,70,61,44,65,65
GENE-4538,NO,1,0,0,0,0,0,0
GENE-4539,NO,1,1,0,0,2,0,0
GENE-4541,NO,1,0,0,0,0,0,0
GENE-4542,NO,1,0,0,0,0,0,0
GENE-4543,NO,1,0,0,0,0,0,0
GENE-4544,NO,1,0,2,2,3,5,4
GENE-4545,NO,1,10,8,4,13,6,7
GENE-4546,NO,1,1930,2595,2321,3759,1665,2063
GENE-4547,NO,1,0,0,0,0,0,0
GENE-4548,NO,1,0,2,2,0,1,0
GENE-4549,NO,1,0,0,0,0,0,0
GENE-4550,NO,1,0,0,0,0,0,0
GENE-4551,NO,1,0,0,0,0,0,0
GENE-4552,NO,1,274,219,247,371,319,164
GENE-4553,NO,1,0,0,0,0,0,0
GENE-4554,NO,1,0,0,0,0,0,0
GENE-4555,YES,1,0,0,0,0,0,0
GENE-4556,NO,1,0,0,0,0,0,0
GENE-4557,NO,1,844,1006,1642,964,1591,1243
GENE-4558,NO,1,0,0,0,0,0,0
GENE-4559,NO,1,812,912,813,790,779,818
GENE-4560,NO,1,0,0,0,0,0,0
GENE-4561,NO,1,0,0,0,0,0,0
GENE-4562,NO,1,45,19,31,48,29,49
GENE-4563,NO,1,14105,11418,6124,6556,8890,7057
GENE-4564,NO,1,0,0,0,0,0,0
GENE-4565,NO,1,0,0,0,0,0,0
GENE-4566,NO,1,7,10,15,12,14,12
GENE-4567,NO,1,0,0,0,0,0,0
GENE-4568,NO,1,172,183,198,178,208,190
GENE-4569,NO,1,271,228,233,244,209,241
GENE-4570,NO,1,0,0,0,0,0,0
GENE-4571,NO,1,5,2,0,2,5,3
GENE-4572,NO,1,0,0,0,0,0,0
GENE-4573,NO,1,0,0,0,0,0,0
GENE-4574,NO,1,0,0,0,0,0,0
GENE-4575,NO,1,0,0,0,0,0,0
GENE-4576,NO,1,0,0,0,0,0,0
GENE-4577,NO,1,0,0,0,0,0,0
GENE-4578,NO,1,0,0,0,0,0,0
GENE-4579,NO,1,0,0,0,0,0,0
GENE-4580,NO,1,0,0,0,0,0,0
GENE-4581,NO,1,0,0,0,0,0,0
GENE-4582,NO,1,5,2,4,4,1,3
GENE-4583,NO,1,0,0,0,0,0,0
GENE-4584,NO,1,0,0,0,0,0,0
GENE-4585,NO,1,80,83,81,80,96,89
GENE-4586,NO,1,1151,1486,1775,1391,1201,1588
GENE-4587,NO,1,521,458,443,392,530,462
GENE-4588,NO,1,0,0,0,0,0,0
GENE-4589,NO,1,0,0,0,0,0,0
GENE-4590,NO,1,0,0,0,0,0,0
GENE-4591,NO,1,5,3,2,3,8,7
GENE-4592,NO,1,1,2,4,5,2,1
GENE-4593,NO,1,0,0,0,0,0,0
GENE-4594,NO,1,0,0,0,0,0,0
GENE-4595,NO,1,92,62,105,66,111,84
GENE-4596,NO,1,0,0,0,1,1,0
GENE-4597,NO,1,0,0,0,0,0,0
GENE-4598,NO,1,345,332,347,339,331,354
GENE-4599,NO,1,0,0,0,0,0,0
GENE-4600,NO,1,83,109,258,185,99,121
GENE-4601,NO,1,0,0,0,0,0,0
GENE-4602,NO,1,0,0,0,0,0,0
GENE-4603,NO,1,28,39,23,15,16,26
GENE-4604,NO,1,0,0,0,0,0,0
GENE-4605,NO,1,511,583,651,346,453,420
GENE-4606,NO,1,6,2,5,14,0,10
GENE-4607,NO,1,146,212,127,211,150,177
GENE-4608,NO,1,122,77,89,79,113,85
GENE-4609,NO,1,1075,756,1086,934,877,1074
GENE-4610,NO,1,5,8,13,6,17,9
GENE-4611,NO,1,592,245,323,546,738,517
GENE-4612,NO,1,396,269,307,279,264,362
GENE-4613,NO,1,53,55,52,88,54,50
GENE-4614,NO,1,0,0,0,0,0,0
GENE-4615,NO,1,0,0,0,0,0,0
GENE-4616,NO,1,0,0,0,0,0,0
GENE-4617,NO,1,1843,1795,1996,2196,1532,1394
GENE-4618,NO,1,5,5,4,1,4,3
GENE-4619,NO,1,737,595,715,544,505,479
GENE-4620,NO,1,0,0,0,0,0,0
GENE-4621,NO,1,1151,1166,1074,1141,863,1144
GENE-4622,NO,1,0,0,0,0,0,0
GENE-4623,NO,1,0,0,0,0,0,0
GENE-4624,NO,1,0,0,0,0,0,0
GENE-4625,NO,1,0,0,0,0,0,0
GENE-4626,NO,1,5,3,1,2,1,4
GENE-4627,NO,1,0,0,0,0,0,0
GENE-4628,NO,1,0,2,0,0,0,1
GENE-4629,NO,1,0,2,0,0,2,0
GENE-4630,NO,1,0,0,0,0,0,0
GENE-4631,NO,1,0,0,0,0,0,0
GENE-4632,NO,1,0,0,0,0,0,0
GENE-4633,NO,1,125,138,147,179,86,159
GENE-4635,NO,1,0,0,0,0,0,0
GENE-4636,NO,1,0,0,0,0,0,0
GENE-4637,NO,1,0,0,0,0,0,0
GENE-4638,NO,1,0,0,0,0,0,0
GENE-4639,NO,1,0,0,0,0,0,0
GENE-4640,NO,1,0,0,0,0,0,0
GENE-4641,NO,1,0,0,0,0,0,0
GENE-4642,NO,1,0,0,0,0,0,0
GENE-4643,NO,1,1,0,2,5,1,3
GENE-4644,NO,1,0,0,0,0,0,0
GENE-4645,NO,1,241,245,278,225,238,263
GENE-4646,NO,1,7,11,13,15,13,12
GENE-4647,YES,1,0,0,0,0,0,0
GENE-4648,NO,1,71,36,50,56,65,59
GENE-4649,NO,1,0,0,0,0,0,0
GENE-4650,NO,1,0,0,0,0,0,0
GENE-4651,NO,1,0,0,0,0,0,0
GENE-4652,NO,1,73,72,80,79,78,68
GENE-4653,NO,1,0,0,0,0,0,0
GENE-4654,NO,1,0,0,0,0,0,0
GENE-4655,NO,1,0,0,0,0,0,0
GENE-4656,NO,1,0,0,0,0,0,0
GENE-4657,NO,1,0,0,0,0,0,0
GENE-4658,NO,1,0,0,0,0,0,0
GENE-4659,NO,1,0,0,0,0,0,0
GENE-4660,NO,1,0,0,0,0,0,0
GENE-4661,NO,1,0,0,0,0,0,0
GENE-4662,NO,1,0,0,0,0,0,0
GENE-4663,NO,1,4,6,7,10,6,4
GENE-4664,NO,1,0,0,0,0,0,0
GENE-4665,NO,1,213,207,96,362,321,220
GENE-4666,NO,1,0,0,0,0,0,0
GENE-4667,YES,1,0,0,0,0,0,0
GENE-4668,NO,1,0,0,0,0,0,0
GENE-4669,NO,1,0,0,0,0,0,0
GENE-4670,NO,1,0,0,0,0,0,0
GENE-4671,NO,1,421,563,449,412,509,462
GENE-4672,NO,1,0,0,0,0,0,0
GENE-4673,NO,1,1376,898,1510,920,1737,1582
GENE-4674,NO,1,0,0,0,0,0,0
GENE-4675,NO,1,0,0,0,0,0,0
GENE-4676,NO,1,0,0,0,0,0,0
GENE-4677,NO,1,0,0,0,0,0,0
GENE-4678,NO,1,267,221,209,349,296,160
GENE-4679,NO,1,0,0,0,0,0,0
GENE-4680,NO,1,0,0,0,0,0,0
GENE-4681,NO,1,3,1,1,0,1,2
GENE-4682,NO,1,0,0,0,0,0,0
GENE-4683,NO,1,0,0,0,0,0,0
GENE-4684,NO,1,0,0,0,0,0,0
GENE-4685,NO,1,0,0,0,0,0,0
GENE-4686,NO,1,0,0,0,0,0,0
GENE-4687,NO,1,0,0,0,0,0,0
GENE-4688,NO,1,370,288,387,330,565,365
GENE-4689,NO,1,0,0,0,0,0,0
GENE-4690,YES,1,0,0,0,0,0,0
GENE-4691,NO,1,0,0,0,0,0,0
GENE-4693,NO,1,0,0,1,0,0,0
GENE-4694,NO,1,114,133,134,112,109,134
GENE-4695,NO,1,0,0,0,0,0,0
GENE-4696,NO,1,0,0,0,0,0,0
GENE-4697,NO,1,0,0,0,0,0,0
GENE-4698,NO,1,0,0,0,0,0,0
GENE-4699,NO,1,0,0,0,0,0,0
GENE-4700,NO,1,0,0,0,0,0,0
GENE-4701,NO,1,0,0,0,0,0,0
GENE-4702,NO,1,0,0,0,0,0,0
GENE-4703,NO,1,0,0,0,0,0,0
GENE-4704,NO,1,2292,1714,2090,2374,1864,1965
GENE-4705,NO,1,0,0,0,0,0,0
GENE-4706,NO,1,394,377,463,426,400,487
GENE-4707,YES,1,0,0,0,0,0,0
GENE-4708,NO,1,0,0,0,0,0,0
GENE-4709,NO,1,0,0,0,0,0,0
GENE-4710,NO,1,0,1,1,0,1,0
GENE-4711,NO,1,0,0,0,0,0,0
GENE-4712,NO,1,0,0,0,0,0,0
GENE-4713,NO,1,0,0,0,0,0,0
GENE-4714,NO,1,0,0,0,0,0,0
GENE-4715,NO,1,18,24,31,28,40,38
GENE-4716,NO,1,0,0,0,0,0,0
GENE-4717,NO,1,0,0,0,0,0,0
GENE-4718,NO,1,0,0,0,0,0,0
GENE-4719,NO,1,110,111,81,125,114,92
GENE-4720,NO,1,2,3,37,18,92,193
GENE-4721,NO,1,0,0,0,0,0,0
GENE-4722,NO,1,0,0,0,0,0,0
GENE-4723,NO,1,0,0,0,0,0,0
GENE-4724,NO,1,0,0,0,0,0,0
GENE-4725,NO,1,1402,1497,1199,1828,1370,1511
GENE-4726,NO,1,0,1,0,1,0,1
GENE-4727,NO,1,0,0,0,0,0,0
GENE-4728,NO,1,0,0,0,0,0,0
GENE-4729,NO,1,23,18,28,22,22,28
GENE-4730,NO,1,1,1,0,1,1,0
GENE-4731,NO,1,0,0,0,0,0,0
GENE-4732,NO,1,0,0,1,1,0,0
GENE-4733,NO,1,0,0,0,0,0,0
GENE-4734,NO,1,335,368,313,371,301,278
GENE-4735,YES,1,0,0,0,0,0,0
GENE-4736,NO,1,3,3,4,2,6,2
GENE-4737,NO,1,0,0,0,0,0,0
GENE-4739,NO,1,0,0,0,0,0,0
GENE-4740,NO,1,0,0,0,0,0,0
GENE-4741,NO,1,0,0,0,0,0,0
GENE-4742,NO,1,0,0,0,0,0,0
GENE-4743,NO,1,0,0,0,0,0,0
GENE-4744,NO,1,0,0,0,0,0,0
GENE-4745,NO,1,0,1,0,0,0,0
GENE-4746,NO,1,0,0,0,0,0,0
GENE-4747,NO,1,0,0,0,0,0,0
GENE-4748,NO,1,0,0,0,0,0,0
GENE-4749,NO,1,0,0,0,0,0,0
GENE-4750,NO,1,0,0,0,0,0,0
GENE-4751,NO,1,0,0,0,0,0,0
GENE-4752,NO,1,42,45,42,24,40,40
GENE-4753,NO,1,0,0,0,0,0,0
GENE-4754,NO,1,0,0,0,0,0,0
GENE-4755,NO,1,43,46,33,47,37,70
GENE-4756,NO,1,0,1,0,0,1,0
GENE-4757,NO,1,0,0,0,0,0,0
GENE-4758,NO,1,504,430,407,390,380,392
GENE-4759,NO,1,0,0,0,0,0,0
GENE-4760,NO,1,1,1,0,1,3,0
GENE-4761,NO,1,0,0,0,0,0,0
GENE-4762,NO,1,167,163,179,121,105,104
GENE-4763,NO,1,5,11,10,7,6,11
GENE-4764,NO,1,200,144,188,218,233,173
GENE-4765,NO,1,0,0,0,0,0,0
GENE-4766,NO,1,29,33,38,41,32,40
GENE-4767,NO,1,0,0,0,0,0,0
GENE-4768,NO,1,1764,1778,1606,1923,1658,1977
GENE-4769,NO,1,0,0,0,0,0,0
GENE-4770,NO,1,0,0,0,0,0,0
GENE-4771,NO,1,119,161,120,143,133,156
GENE-4772,NO,1,545,547,636,609,468,642
GENE-4773,NO,1,0,0,0,0,0,0
GENE-4774,NO,1,11,9,5,3,10,5
GENE-4775,NO,1,0,0,0,0,0,0
GENE-4776,NO,1,0,0,0,0,0,0
GENE-4777,NO,1,0,0,0,0,0,0
GENE-4778,NO,1,0,0,0,0,0,0
GENE-4779,NO,1,4,2,12,7,5,7
GENE-4780,NO,1,0,0,0,0,0,0
GENE-4781,NO,1,0,0,0,0,0,0
GENE-4782,NO,1,0,0,0,0,0,0
GENE-4783,NO,1,2,2,1,3,2,1
GENE-4784,NO,1,0,0,0,0,0,0
GENE-4785,NO,1,0,0,0,0,0,0
GENE-4787,NO,1,0,0,0,0,0,0
GENE-4788,NO,1,0,0,0,0,0,0
GENE-4789,NO,1,0,0,0,0,0,0
GENE-4790,NO,1,0,0,0,0,0,0
GENE-4791,NO,1,0,0,0,0,0,0
GENE-4792,NO,1,3,3,11,7,1,6
GENE-4794,NO,1,0,0,0,0,0,0
GENE-4795,NO,1,0,0,0,0,0,0
GENE-4796,NO,1,0,0,0,1,1,0
GENE-4797,NO,1,0,0,0,0,0,0
GENE-4798,NO,1,0,0,0,0,0,0
GENE-4799,NO,1,18,19,17,28,19,26
GENE-4800,NO,1,0,0,0,0,0,0
GENE-4801,YES,1,0,0,0,0,0,0
GENE-4802,NO,1,0,0,0,0,0,0
GENE-4803,NO,1,277,277,182,259,343,341
GENE-4804,NO,1,1,3,1,2,5,4
GENE-4805,NO,1,0,0,0,0,0,0
GENE-4806,NO,1,0,0,0,0,0,0
GENE-4807,NO,1,81,228,79,167,119,51
GENE-4808,NO,1,1541,721,1121,805,1130,1795
GENE-4809,NO,1,6140,4974,4815,4685,3813,4884
GENE-4810,NO,1,35,56,67,45,42,55
GENE-4811,NO,1,65,64,72,102,94,82
GENE-4812,NO,1,744,586,595,595,727,698
GENE-4813,NO,1,0,0,0,0,0,0
GENE-4814,NO,1,0,0,0,0,0,0
GENE-4815,NO,1,537,459,457,516,599,588
GENE-4816,NO,1,0,0,0,0,0,0
GENE-4817,NO,1,0,0,0,0,0,0
GENE-4818,NO,1,42,27,20,28,28,53
GENE-4819,NO,1,0,0,0,0,0,0
GENE-4820,NO,1,0,0,0,0,0,0
GENE-4821,NO,1,0,0,0,0,0,0
GENE-4822,NO,1,0,0,0,0,0,0
GENE-4823,NO,1,160,183,221,217,177,228
GENE-4824,NO,1,174,131,67,118,150,66
GENE-4825,NO,1,2,3,11,5,5,8
GENE-4826,NO,1,26,39,73,71,37,16
GENE-4827,NO,1,0,0,0,0,0,1
GENE-4828,NO,1,0,0,0,0,0,0
GENE-4829,NO,1,1,0,2,0,1,2
GENE-4831,NO,1,901,1074,900,938,1160,929
GENE-4832,NO,1,0,0,0,0,0,0
GENE-4833,NO,1,1020,1154,1236,752,737,763
GENE-4834,NO,1,0,0,0,0,0,0
GENE-4835,NO,1,0,0,0,0,0,0
GENE-4836,NO,1,0,0,0,0,0,0
GENE-4837,NO,1,15,16,15,11,18,27
GENE-4838,NO,1,0,0,0,0,0,0
GENE-4839,NO,1,3,3,1,4,2,1
GENE-4840,NO,1,0,0,0,0,0,0
GENE-4841,NO,1,0,0,0,0,0,0
GENE-4842,NO,1,0,0,0,0,0,0
GENE-4843,NO,1,0,0,0,0,0,0
GENE-4844,NO,1,0,0,0,0,0,0
GENE-4845,NO,1,0,0,0,0,0,0
GENE-4846,NO,1,0,0,0,0,0,0
GENE-4847,NO,1,0,0,0,0,0,0
GENE-4848,NO,1,0,0,0,0,0,0
GENE-4849,NO,1,0,0,0,0,0,0
GENE-4850,NO,1,0,0,0,0,0,0
GENE-4851,NO,1,0,0,0,0,0,0
GENE-4852,NO,1,0,0,0,0,0,0
GENE-4853,NO,1,39,28,21,59,48,51
GENE-4854,NO,1,0,0,0,0,0,0
GENE-4855,NO,1,0,0,0,0,0,0
GENE-4856,NO,1,0,0,0,0,0,0
GENE-4857,NO,1,0,0,0,0,0,0
GENE-4858,NO,1,0,0,0,0,0,0
GENE-4859,NO,1,0,0,0,0,0,0
GENE-4860,NO,1,0,0,0,0,0,0
GENE-4861,NO,1,0,0,0,0,0,0
GENE-4862,NO,1,59,50,76,52,63,62
GENE-4863,NO,1,3,4,2,4,2,2
GENE-4864,NO,1,0,0,0,0,0,0
GENE-4865,NO,1,0,0,0,0,0,0
GENE-4866,NO,1,18,100,17,56,6,76
GENE-4867,NO,1,38221,33195,41153,34626,35489,45582
GENE-4868,NO,1,0,0,0,0,0,0
GENE-4869,NO,1,0,0,0,0,0,0
GENE-4870,NO,1,0,0,0,1,0,1
GENE-4871,NO,1,0,0,0,0,0,0
GENE-4872,NO,1,2588,3326,1467,5197,5510,760
GENE-4873,NO,1,0,0,0,0,0,0
GENE-4874,NO,1,135,149,109,126,109,105
GENE-4875,NO,1,0,0,0,0,0,0
GENE-4876,NO,1,0,0,0,0,0,0
GENE-4877,NO,1,0,0,0,0,0,0
GENE-4878,NO,1,0,0,0,0,0,0
GENE-4879,NO,1,0,0,0,0,0,0
GENE-4880,NO,1,0,0,0,0,0,0
GENE-4881,NO,1,18,21,16,24,29,15
GENE-4882,NO,1,0,0,0,0,0,0
GENE-4883,NO,1,0,0,0,0,0,0
GENE-4884,NO,1,23,15,17,10,8,13
GENE-4885,NO,1,0,0,0,0,0,0
GENE-4886,NO,1,7,3,6,3,8,3
GENE-4887,NO,1,0,0,0,0,0,0
GENE-4888,NO,1,0,0,0,0,0,0
GENE-4889,NO,1,0,0,0,0,0,0
GENE-4890,NO,1,93,86,123,99,106,80
GENE-4891,NO,1,7,10,6,2,6,14
GENE-4892,NO,1,0,0,0,0,0,0
GENE-4893,NO,1,0,0,1,0,0,0
GENE-4894,NO,1,0,0,0,0,0,0
GENE-4895,NO,1,0,0,0,0,0,0
GENE-4896,NO,1,171,160,128,117,217,189
GENE-4897,NO,1,0,0,0,0,0,0
GENE-4898,NO,1,0,0,0,0,0,0
GENE-4899,NO,1,0,0,0,0,0,0
GENE-4900,NO,1,74,76,62,67,85,60
GENE-4901,NO,1,630,680,667,921,788,822
GENE-4902,NO,1,0,0,0,0,0,0
GENE-4903,NO,1,0,0,1,0,0,0
GENE-4904,NO,1,0,0,0,0,0,0
GENE-4905,NO,1,0,0,0,0,0,0
GENE-4906,NO,1,0,0,0,0,0,0
GENE-4907,NO,1,0,0,0,0,0,0
GENE-4908,NO,1,0,0,0,0,0,0
GENE-4909,NO,1,0,0,0,0,0,0
GENE-4910,NO,1,97,126,141,106,221,122
GENE-4911,NO,1,0,0,0,0,0,0
GENE-4912,NO,1,0,0,0,0,0,0
GENE-4913,NO,1,0,0,0,0,0,0
GENE-4914,NO,1,0,0,0,0,0,0
GENE-4915,NO,1,1,2,0,0,0,1
GENE-4916,NO,1,0,0,0,0,0,0
GENE-4917,NO,1,36,42,29,44,37,23
GENE-4918,NO,1,0,0,0,0,0,0
GENE-4919,NO,1,0,0,0,0,0,0
GENE-4920,NO,1,0,0,0,0,0,0
GENE-4921,NO,1,0,0,0,0,0,0
GENE-4922,NO,1,192,251,217,229,220,190
GENE-4923,NO,1,0,0,0,0,0,0
GENE-4924,NO,1,0,0,0,0,0,0
GENE-4925,NO,1,2,2,11,1,5,7
GENE-4926,NO,1,8,10,17,18,15,9
GENE-4927,NO,1,30,0,11,24,0,7
GENE-4928,NO,1,0,0,0,0,0,0
GENE-4929,NO,1,0,0,0,0,0,0
GENE-4930,NO,1,0,0,0,0,0,0
GENE-4931,NO,1,0,0,0,0,0,0
GENE-4932,NO,1,907,1037,1643,1153,811,1104
GENE-4933,NO,1,4,6,6,5,5,8
GENE-4934,NO,1,0,0,0,0,0,0
GENE-4935,NO,1,0,0,0,0,0,0
GENE-4936,NO,1,3,3,4,2,4,7
GENE-4937,NO,1,75,90,92,69,105,126
GENE-4938,NO,1,0,0,0,0,0,0
GENE-4939,NO,1,1026,1881,1774,1033,1056,982
GENE-4940,NO,1,0,0,0,0,0,0
GENE-4941,NO,1,0,0,0,0,0,0
GENE-4942,NO,1,6,14,7,15,6,9
GENE-4943,NO,1,0,0,0,0,0,0
GENE-4944,NO,1,0,0,0,0,0,0
GENE-4945,NO,1,64,67,74,86,63,57
GENE-4946,NO,1,28,21,15,22,24,27
GENE-4947,NO,1,0,0,0,0,0,0
GENE-4948,NO,1,0,0,0,0,0,0
GENE-4949,NO,1,0,0,0,0,0,0
GENE-4950,NO,1,0,0,0,0,0,0
GENE-4951,NO,1,3,5,2,2,5,3
GENE-4952,NO,1,0,0,0,0,0,0
GENE-4953,NO,1,147,148,160,117,111,112
GENE-4954,NO,1,0,0,0,0,0,0
GENE-4955,YES,1,0,0,0,0,0,0
GENE-4956,NO,1,0,0,0,0,0,0
GENE-4957,NO,1,0,0,0,0,0,0
GENE-4958,NO,1,0,0,0,0,0,0
GENE-4959,NO,1,4,5,2,5,4,4
GENE-4960,NO,1,0,0,0,0,0,0
GENE-4961,NO,1,0,0,0,0,0,0
GENE-4962,YES,1,0,0,0,0,0,0
GENE-4963,NO,1,9,8,11,9,4,9
GENE-4964,NO,1,71,34,41,38,35,42
GENE-4965,NO,1,1,0,3,2,0,1
GENE-4966,NO,1,0,0,0,0,0,0
GENE-4967,NO,1,98,89,107,99,117,85
GENE-4968,NO,1,0,0,0,0,0,1
GENE-4969,NO,1,0,0,0,0,0,0
GENE-4970,NO,1,54,68,52,60,56,52
GENE-4971,NO,1,0,0,0,0,0,0
GENE-4972,NO,1,0,0,0,0,0,0
GENE-4973,NO,1,2,4,3,6,2,5
GENE-4974,NO,1,0,0,1,0,0,1
GENE-4975,NO,1,0,0,0,0,0,0
GENE-4976,NO,1,0,0,0,0,0,0
GENE-4977,NO,1,0,0,0,0,0,0
GENE-4978,NO,1,2,2,1,2,0,0
GENE-4979,NO,1,0,0,0,0,0,0
GENE-4980,NO,1,0,0,0,0,0,0
GENE-4981,NO,1,0,0,0,0,0,0
GENE-4982,NO,1,3,4,4,3,1,3
GENE-4983,NO,1,395,387,526,445,350,261
GENE-4984,NO,1,0,0,0,0,0,0
GENE-4985,NO,1,0,0,0,0,0,0
GENE-4986,NO,1,0,0,0,0,0,0
GENE-4987,YES,1,0,0,0,0,0,0
GENE-4988,NO,1,0,0,0,0,0,0
GENE-4989,NO,1,0,0,0,0,0,0
GENE-4990,NO,1,0,0,0,0,0,0
GENE-4991,NO,1,0,0,0,0,0,0
GENE-4992,NO,1,0,0,0,0,0,0
GENE-4993,NO,1,0,0,0,0,0,0
GENE-4994,NO,1,0,0,0,0,0,0
GENE-4995,NO,1,3375,3527,4239,2390,2461,2899
GENE-4996,YES,1,0,0,0,0,0,0
GENE-4997,NO,1,0,0,0,0,0,0
GENE-4998,NO,1,2,1,4,3,5,2
GENE-4999,NO,1,0,0,0,0,0,0
GENE-5000,NO,1,4,3,2,5,0,2
GENE-5001,NO,1,0,0,0,0,0,0
GENE-5002,NO,1,0,0,0,0,0,0
GENE-5003,NO,1,57,67,53,60,92,68
GENE-5004,NO,1,162,210,190,181,216,288
GENE-5005,NO,1,254,193,198,183,304,191
GENE-5006,NO,1,0,0,0,0,0,0
GENE-5007,NO,1,0,0,0,0,0,0
GENE-5008,NO,1,0,0,0,0,0,0
GENE-5009,NO,1,0,0,0,0,0,0
GENE-5010,NO,1,0,0,0,0,0,0
GENE-5011,YES,1,0,0,0,0,0,0
GENE-5012,NO,1,0,0,0,0,0,0
GENE-5013,NO,1,0,0,0,0,0,0
GENE-5014,NO,1,0,0,0,0,0,0
GENE-5015,NO,1,35,20,29,18,27,51
GENE-5016,NO,1,0,2,2,0,1,2
GENE-5017,NO,1,0,0,0,0,0,0
GENE-5018,NO,1,0,0,0,0,0,0
GENE-5019,NO,1,1,1,1,1,0,2
GENE-5020,NO,1,0,0,0,0,0,0
GENE-5021,NO,1,0,0,0,0,0,0
GENE-5022,NO,1,0,0,0,0,0,0
GENE-5023,NO,1,0,0,0,0,0,0
GENE-5024,NO,1,0,0,0,0,0,0
GENE-5025,NO,1,1,0,0,2,1,0
GENE-5026,NO,1,0,0,0,0,0,0
GENE-5027,NO,1,0,0,0,0,0,0
GENE-5028,NO,1,0,0,0,0,0,0
GENE-5029,NO,1,134,151,60,119,52,17
GENE-5030,NO,1,12,15,12,10,13,21
GENE-5032,NO,1,0,0,0,0,0,0
GENE-5033,NO,1,1,1,0,0,0,0
GENE-5034,NO,1,0,0,0,0,0,0
GENE-5035,NO,1,0,0,0,0,1,0
GENE-5036,NO,1,0,0,0,0,0,0
GENE-5037,NO,1,0,0,0,0,0,0
GENE-5038,YES,1,0,0,0,0,0,0
GENE-5039,NO,1,0,0,0,0,0,0
GENE-5040,NO,1,0,0,0,0,0,0
GENE-5041,NO,1,0,0,0,0,0,0
GENE-5042,NO,1,0,0,0,0,0,0
GENE-5043,NO,1,0,0,0,0,0,0
GENE-5044,NO,1,0,0,0,0,0,0
GENE-5045,NO,1,295,292,329,486,420,365
GENE-5046,NO,1,0,0,0,0,0,0
GENE-5048,NO,1,162,66,95,78,91,86
GENE-5049,NO,1,0,0,0,0,0,0
GENE-5050,NO,1,41,47,95,79,68,60
GENE-5051,NO,1,0,0,0,0,0,0
GENE-5052,NO,1,204,233,288,292,273,245
GENE-5053,NO,1,1298,1484,1635,1734,1773,1184
GENE-5054,NO,1,0,0,0,0,0,0
GENE-5055,NO,1,0,0,0,0,0,0
GENE-5056,NO,1,0,0,0,0,0,0
GENE-5057,NO,1,0,0,0,0,0,0
GENE-5058,NO,1,31,34,47,48,27,23
GENE-5059,YES,1,5,5,1,9,12,11
GENE-5060,NO,1,20,63,136,108,60,134
GENE-5061,NO,1,0,0,0,0,0,0
GENE-5062,NO,1,15,20,17,10,17,14
GENE-5063,NO,1,0,0,0,0,0,0
GENE-5064,NO,1,0,0,0,0,0,0
GENE-5065,NO,1,0,0,0,0,0,0
GENE-5066,NO,1,0,0,0,0,0,0
GENE-5067,NO,1,1,0,3,3,1,1
GENE-5068,NO,1,35,52,31,33,51,43
GENE-5069,NO,1,0,0,0,0,0,0
GENE-5070,NO,1,1,1,0,1,0,0
GENE-5071,NO,1,0,0,0,0,0,0
GENE-5072,NO,1,133,66,114,119,53,87
GENE-5073,NO,1,0,0,0,0,0,0
GENE-5074,NO,1,0,0,0,0,0,0
GENE-5075,NO,1,60,59,49,68,58,65
GENE-5076,NO,1,0,3,6,0,13,3
GENE-5077,NO,1,0,0,0,0,0,0
GENE-5078,NO,1,0,0,0,0,0,0
GENE-5079,NO,1,0,0,0,0,0,0
GENE-5080,NO,1,0,0,0,0,0,0
GENE-5081,NO,1,0,0,0,0,0,0
GENE-5082,NO,1,35,28,52,59,34,33
GENE-5083,NO,1,0,0,0,0,0,0
GENE-5084,NO,1,23,22,14,28,28,20
GENE-5085,NO,1,1,0,0,1,0,0
GENE-5086,NO,1,0,0,0,0,0,0
GENE-5087,NO,1,683,754,808,729,843,750
GENE-5088,NO,1,0,0,0,0,0,0
GENE-5089,NO,1,0,0,0,0,0,0
GENE-5090,NO,1,0,0,0,0,0,0
GENE-5091,NO,1,1,0,0,1,1,0
GENE-5092,NO,1,0,0,0,0,0,0
GENE-5093,YES,1,0,0,0,0,0,0
GENE-5094,NO,1,0,0,0,0,0,0
GENE-5095,YES,1,0,0,0,0,0,0
GENE-5096,NO,1,13,10,5,22,11,8
GENE-5097,NO,1,0,0,0,0,0,0
GENE-5098,NO,1,45,42,38,45,41,55
GENE-5099,NO,1,0,0,0,0,0,0
GENE-5100,NO,1,40,38,40,41,37,40
GENE-5101,NO,1,0,0,0,0,0,0
GENE-5102,NO,1,73,82,82,60,76,57
GENE-5103,NO,1,151,133,181,198,155,133
GENE-5104,NO,1,75,67,79,59,64,69
GENE-5105,NO,1,0,0,0,0,0,0
GENE-5106,NO,1,84,35,79,76,44,110
GENE-5107,NO,1,389,524,430,398,364,436
GENE-5108,YES,1,0,0,0,0,0,0
GENE-5109,NO,1,0,0,0,0,0,0
GENE-5110,NO,1,0,0,0,0,0,0
GENE-5111,NO,1,0,0,4,1,1,3
GENE-5112,NO,1,0,0,0,0,0,0
GENE-5113,NO,1,0,0,0,0,0,0
GENE-5114,NO,1,2,1,3,4,5,6
GENE-5115,NO,1,365,369,341,368,354,321
GENE-5116,NO,1,2,1,6,7,8,5
GENE-5117,NO,1,0,0,0,0,0,0
GENE-5118,NO,1,5,6,2,9,4,8
GENE-5119,NO,1,5,13,8,8,8,17
GENE-5120,NO,1,0,0,0,0,0,0
GENE-5121,NO,1,8,1,3,6,5,3
GENE-5122,NO,1,17107,17969,16762,12458,16623,18906
GENE-5123,NO,1,0,0,0,0,0,1
GENE-5124,NO,1,10,12,11,13,11,6
GENE-5125,YES,1,0,0,0,0,0,0
GENE-5126,NO,1,869,915,592,852,1095,1084
GENE-5127,YES,1,2,1,1,1,0,1
GENE-5128,NO,1,0,0,0,0,0,0
GENE-5129,NO,1,0,0,0,0,0,0
GENE-5130,NO,1,0,0,0,0,0,0
GENE-5131,NO,1,0,0,0,0,0,0
GENE-5132,NO,1,0,0,0,0,0,0
GENE-5133,NO,1,898,857,909,649,1033,962
GENE-5134,NO,1,0,0,0,0,0,0
GENE-5135,NO,1,0,0,0,0,0,0
GENE-5136,NO,1,0,0,0,0,0,0
GENE-5137,NO,1,0,0,0,0,0,0
GENE-5138,NO,1,0,0,0,0,0,0
GENE-5139,NO,1,0,0,0,0,0,0
GENE-5141,NO,1,0,0,0,0,0,0
GENE-5142,NO,1,0,0,0,0,0,0
GENE-5143,NO,1,0,0,0,0,0,0
GENE-5145,NO,1,43,29,39,57,41,30
GENE-5146,NO,1,0,0,0,0,0,0
GENE-5147,NO,1,0,0,0,0,0,0
GENE-5148,NO,1,724,785,655,821,699,589
GENE-5149,NO,1,1312,1419,1201,1560,1172,1508
GENE-5150,YES,1,0,0,0,0,0,0
GENE-5151,NO,1,477,423,443,465,491,487
GENE-5152,NO,1,0,0,0,0,0,0
GENE-5153,NO,1,0,0,0,0,0,0
GENE-5154,NO,1,453,265,310,266,282,312
GENE-5155,NO,1,0,0,0,0,0,0
GENE-5156,NO,1,3,7,11,7,4,11
GENE-5157,NO,1,1,0,1,0,0,1
GENE-5158,NO,1,0,0,0,0,0,0
GENE-5159,NO,1,0,0,0,0,0,0
GENE-5160,NO,1,0,0,0,0,0,0
GENE-5161,NO,1,21,15,12,17,9,15
GENE-5162,NO,1,0,0,0,0,0,0
GENE-5163,NO,1,22,19,15,4,42,56
GENE-5164,NO,1,160,157,173,161,172,139
GENE-5165,NO,1,0,0,0,0,0,0
GENE-5166,NO,1,62,88,62,81,72,104
GENE-5167,NO,1,0,0,0,0,0,0
GENE-5168,NO,1,0,0,0,0,0,0
GENE-5169,NO,1,0,0,0,0,0,0
GENE-5170,NO,1,308,350,362,353,283,362
GENE-5171,NO,1,10,5,8,14,24,18
GENE-5172,YES,1,0,0,0,0,0,0
GENE-5173,YES,1,0,0,0,0,0,0
GENE-5174,NO,1,0,0,0,0,0,0
GENE-5175,NO,1,1,0,0,0,0,0
GENE-5176,NO,1,5932,6867,6061,6586,6367,6102
GENE-5177,NO,1,0,0,0,0,0,0
GENE-5178,NO,1,73,50,49,49,59,54
GENE-5179,NO,1,0,0,0,0,0,0
GENE-5180,NO,1,0,0,0,0,0,0
GENE-5181,NO,1,336,434,460,361,343,371
GENE-5182,NO,1,24,30,48,40,44,48
GENE-5183,NO,1,4,7,8,13,10,15
GENE-5184,NO,1,0,2,1,1,3,3
GENE-5185,NO,1,0,0,0,0,0,0
GENE-5186,NO,1,0,0,0,0,0,0
GENE-5187,NO,1,0,0,0,0,0,0
GENE-5188,YES,1,0,0,0,0,0,0
GENE-5189,NO,1,0,0,0,0,0,0
GENE-5190,NO,1,0,0,0,0,0,0
GENE-5191,NO,1,0,0,0,2,0,0
GENE-5192,NO,1,0,0,0,0,0,0
GENE-5193,NO,1,1066,1324,1430,1074,934,1126
GENE-5194,NO,1,0,0,0,0,0,0
GENE-5195,NO,1,0,0,0,0,0,0
GENE-5196,NO,1,0,1,1,0,0,1
GENE-5197,NO,1,0,0,0,0,0,0
GENE-5198,YES,1,0,0,0,0,0,0
GENE-5199,NO,1,0,0,0,0,0,0
GENE-5200,NO,1,687,1340,694,426,745,1050
GENE-5201,NO,1,525,560,535,653,359,591
GENE-5202,NO,1,136,167,120,142,161,158
GENE-5203,NO,1,9,1,6,4,7,7
GENE-5204,NO,1,0,0,0,0,0,0
GENE-5205,NO,1,0,0,0,0,0,0
GENE-5206,NO,1,0,1,2,1,0,2
GENE-5207,NO,1,280,248,273,254,281,292
GENE-5208,NO,1,0,0,0,0,0,0
GENE-5209,NO,1,727,682,704,717,588,710
GENE-5210,NO,1,0,0,0,0,0,0
GENE-5211,NO,1,0,0,0,0,0,0
GENE-5212,NO,1,0,0,0,0,0,0
GENE-5213,NO,1,0,0,0,0,0,0
GENE-5214,NO,1,133,131,144,130,147,147
GENE-5215,NO,1,0,0,0,0,0,0
GENE-5216,NO,1,0,0,0,0,0,0
GENE-5217,NO,1,3,12,4,5,3,3
GENE-5218,NO,1,0,0,0,0,0,0
GENE-5219,NO,1,16,11,12,17,9,14
GENE-5220,NO,1,170,153,209,192,210,185
GENE-5221,NO,1,0,0,0,0,0,0
GENE-5222,NO,1,0,0,0,0,0,0
GENE-5223,NO,1,0,0,0,0,0,0
GENE-5224,NO,1,948,1385,1239,1493,1251,1281
GENE-5225,NO,1,0,0,0,0,0,0
GENE-5226,NO,1,4055,4374,4693,4078,4781,5023
GENE-5227,NO,1,0,0,0,0,0,0
GENE-5228,NO,1,158,152,117,122,123,128
GENE-5229,YES,1,0,0,0,0,0,0
GENE-5230,NO,1,134,182,166,152,133,149
GENE-5231,NO,1,0,0,0,0,0,0
GENE-5232,YES,1,0,0,0,0,0,0
GENE-5233,NO,1,29,17,25,24,27,39
GENE-5234,NO,1,0,0,0,0,0,0
GENE-5235,NO,1,0,0,0,0,0,0
GENE-5236,NO,1,0,0,0,0,0,0
GENE-5237,NO,1,0,0,0,0,0,0
GENE-5238,NO,1,0,0,0,0,0,0
GENE-5239,NO,1,88,47,115,117,111,147
GENE-5240,NO,1,0,0,0,0,0,0
GENE-5241,NO,1,0,0,0,0,0,0
GENE-5242,NO,1,0,0,0,0,0,0
GENE-5243,NO,1,0,0,0,0,0,0
GENE-5244,NO,1,244,135,143,162,280,156
GENE-5245,NO,1,0,0,0,0,0,0
GENE-5246,NO,1,0,0,0,0,0,0
GENE-5247,NO,1,0,0,0,0,0,0
GENE-5248,NO,1,0,0,0,0,0,0
GENE-5249,NO,1,1201,985,1455,1634,1338,1371
GENE-5250,NO,1,56,17,30,18,41,12
GENE-5251,NO,1,0,0,0,0,0,0
GENE-5252,NO,1,0,0,0,0,0,0
GENE-5253,NO,1,0,0,0,0,0,0
GENE-5254,NO,1,0,0,0,0,0,0
GENE-5255,NO,1,16,9,8,10,5,14
GENE-5256,NO,1,97,331,97,154,125,48
GENE-5258,NO,1,0,0,0,0,0,0
GENE-5259,NO,1,0,0,0,0,0,0
GENE-5260,NO,1,0,0,0,0,0,0
GENE-5261,NO,1,0,0,0,0,0,0
GENE-5263,NO,1,0,0,0,0,0,0
GENE-5264,YES,1,0,0,0,0,0,0
GENE-5265,NO,1,54,36,47,44,66,63
GENE-5266,YES,1,0,0,0,0,0,0
GENE-5267,NO,1,0,0,0,0,0,0
GENE-5269,NO,1,130,157,149,147,132,146
GENE-5270,NO,1,0,0,0,0,0,0
GENE-5271,NO,1,0,0,0,0,0,0
GENE-5272,NO,1,0,0,0,0,0,0
GENE-5273,NO,1,0,0,0,0,0,0
GENE-5274,NO,1,47,49,61,54,36,60
GENE-5275,NO,1,0,0,0,0,0,0
GENE-5276,NO,1,0,0,0,0,0,0
GENE-5277,NO,1,0,0,0,0,0,0
GENE-5278,NO,1,0,0,0,0,0,0
GENE-5279,NO,1,0,0,0,0,0,0
GENE-5280,NO,1,0,0,0,0,0,0
GENE-5281,YES,1,0,0,0,0,0,0
GENE-5282,NO,1,0,0,0,0,0,0
GENE-5283,NO,1,0,0,0,0,0,0
GENE-5284,NO,1,0,0,0,0,0,0
GENE-5285,NO,1,0,0,0,0,0,0
GENE-5286,NO,1,0,1,1,0,2,2
GENE-5287,NO,1,0,0,0,0,0,0
GENE-5288,NO,1,0,0,0,0,0,0
GENE-5289,NO,1,0,0,0,0,0,0
GENE-5290,NO,1,0,0,0,0,0,0
GENE-5291,NO,1,0,0,0,0,0,0
GENE-5292,NO,1,0,0,0,0,0,0
GENE-5293,NO,1,6,10,11,10,14,12
GENE-5294,NO,1,0,0,0,0,0,0
GENE-5295,NO,1,0,0,0,0,0,0
GENE-5296,NO,1,344,353,299,276,278,256
GENE-5297,NO,1,0,0,0,0,0,0
GENE-5298,NO,1,0,0,0,0,0,0
GENE-5299,NO,1,5,6,7,8,13,12
GENE-5300,NO,1,6,4,0,6,2,4
GENE-5301,NO,1,0,0,0,0,0,0
GENE-5302,NO,1,0,0,0,0,0,0
GENE-5303,NO,1,640,542,433,616,525,837
GENE-5304,NO,1,0,0,0,0,0,0
GENE-5305,NO,1,23,18,23,33,15,34
GENE-5306,NO,1,0,0,0,0,0,0
GENE-5308,NO,1,0,0,0,0,0,0
GENE-5309,NO,1,0,0,0,0,0,0
GENE-5310,NO,1,0,0,0,0,0,0
GENE-5311,NO,1,0,0,0,0,0,0
GENE-5312,NO,1,0,0,0,0,0,0
GENE-5313,NO,1,0,0,0,0,0,0
GENE-5314,NO,1,0,0,0,0,0,0
GENE-5315,NO,1,0,0,0,0,0,0
GENE-5316,NO,1,0,0,0,0,0,0
GENE-5317,NO,1,0,0,0,0,0,0
GENE-5318,NO,1,2817,3908,3747,2797,3458,2762
GENE-5319,NO,1,0,0,0,0,0,0
GENE-5320,NO,1,0,0,0,0,0,0
GENE-5321,NO,1,0,0,0,0,0,0
GENE-5322,NO,1,0,0,0,0,0,0
GENE-5323,NO,1,0,0,0,0,0,0
GENE-5324,NO,1,1,0,0,0,0,0
GENE-5325,NO,1,0,0,0,0,0,0
GENE-5326,NO,1,0,0,0,0,0,0
GENE-5327,NO,1,0,0,0,0,0,0
GENE-5328,NO,1,0,0,0,0,0,0
GENE-5329,NO,1,231,160,201,173,220,170
GENE-5330,NO,1,174,161,158,196,172,201
GENE-5331,NO,1,0,0,0,0,0,0
GENE-5332,NO,1,0,0,0,0,0,0
GENE-5333,NO,1,1,0,0,0,1,1
GENE-5334,NO,1,607,723,512,729,722,457
GENE-5335,NO,1,125,185,105,180,183,183
GENE-5337,NO,1,1759,1757,1463,1603,1528,1614
GENE-5338,NO,1,1,0,2,0,0,0
GENE-5339,NO,1,62,54,62,56,48,32
GENE-5340,NO,1,11,10,16,16,5,9
GENE-5341,NO,1,0,0,0,0,0,0
GENE-5342,NO,1,0,0,0,0,0,0
GENE-5343,NO,1,0,0,0,0,0,0
GENE-5344,NO,1,1263,1751,1144,977,1240,1246
GENE-5345,NO,1,1,0,0,0,0,0
GENE-5346,NO,1,1044,1124,1234,1379,1280,1239
GENE-5347,NO,1,271,188,235,261,228,381
GENE-5348,NO,1,0,0,0,0,0,0
GENE-5349,NO,1,0,0,0,0,0,0
GENE-5350,NO,1,0,0,0,0,0,0
GENE-5351,NO,1,5,4,1,4,2,4
GENE-5352,NO,1,0,0,0,0,0,0
GENE-5353,NO,1,0,0,0,0,0,0
GENE-5354,NO,1,0,0,0,0,0,0
GENE-5355,NO,1,0,0,0,0,0,0
GENE-5356,NO,1,0,0,0,0,0,0
GENE-5357,NO,1,0,0,0,0,0,0
GENE-5358,NO,1,0,0,0,0,0,0
GENE-5359,NO,1,0,0,0,0,0,0
GENE-5360,NO,1,2237,3125,2902,1663,2539,1959
GENE-5361,NO,1,0,0,0,0,0,0
GENE-5362,NO,1,0,0,0,0,0,0
GENE-5363,NO,1,0,0,0,0,0,0
GENE-5364,NO,1,0,0,0,0,0,0
GENE-5365,NO,1,0,0,0,0,0,0
GENE-5366,NO,1,0,0,0,0,0,0
GENE-5367,NO,1,0,0,0,0,0,0
GENE-5368,NO,1,0,0,0,0,0,0
GENE-5369,NO,1,0,0,0,0,0,0
GENE-5370,NO,1,0,0,0,0,0,0
GENE-5371,NO,1,0,0,0,0,0,0
GENE-5372,NO,1,2,4,2,1,0,0
GENE-5373,NO,1,0,1,0,0,0,2
GENE-5374,NO,1,1,0,0,1,1,1
GENE-5375,NO,1,0,0,0,0,0,0
GENE-5376,NO,1,0,0,0,0,0,0
GENE-5377,NO,1,10,20,14,51,23,30
GENE-5378,NO,1,0,0,0,0,0,0
GENE-5379,NO,1,9,4,3,6,5,9
GENE-5380,NO,1,3,2,4,1,1,3
GENE-5381,NO,1,0,0,0,0,0,0
GENE-5382,NO,1,0,0,0,0,0,0
GENE-5383,NO,1,0,0,0,0,0,0
GENE-5384,NO,1,0,0,0,0,0,0
GENE-5385,NO,1,0,0,0,0,0,0
GENE-5386,NO,1,59,39,55,54,38,64
GENE-5387,NO,1,0,0,0,0,0,0
GENE-5388,NO,1,1,0,0,2,2,2
GENE-5389,NO,1,0,0,0,0,0,0
GENE-5390,NO,1,832,1167,1081,1174,1157,1046
GENE-5391,NO,1,0,0,0,0,0,0
GENE-5392,NO,1,0,0,0,0,0,0
GENE-5393,NO,1,0,0,0,0,0,0
GENE-5394,NO,1,246,293,267,263,229,278
GENE-5395,NO,1,7,6,11,4,6,4
GENE-5396,NO,1,0,0,0,0,0,0
GENE-5397,NO,1,0,0,0,0,0,0
GENE-5398,NO,1,53,69,33,74,80,49
GENE-5399,NO,1,0,0,0,0,0,0
GENE-5400,NO,1,0,0,0,0,0,0
GENE-5401,NO,1,265,282,295,228,289,263
GENE-5402,NO,1,0,0,0,0,0,0
GENE-5403,NO,1,0,0,0,0,0,0
GENE-5404,NO,1,0,0,0,0,0,0
GENE-5405,NO,1,0,0,0,0,0,0
GENE-5406,NO,1,15121,14133,13059,17553,16708,15998
GENE-5407,NO,1,1,2,1,5,1,1
GENE-5408,YES,1,0,0,0,0,0,0
GENE-5409,NO,1,0,0,0,0,0,0
GENE-5410,NO,1,172,70,375,124,292,143
GENE-5411,NO,1,37,29,42,42,38,33
GENE-5412,NO,1,0,0,0,0,0,0
GENE-5413,NO,1,0,0,0,0,0,0
GENE-5414,NO,1,0,0,0,0,0,0
GENE-5415,NO,1,0,0,0,0,0,0
GENE-5416,NO,1,1,1,2,0,0,2
GENE-5417,NO,1,0,0,0,0,0,0
GENE-5418,NO,1,0,0,0,0,0,0
GENE-5419,NO,1,10,4,12,11,18,12
GENE-5420,NO,1,0,0,0,2,1,0
GENE-5421,NO,1,0,0,0,0,0,0
GENE-5422,NO,1,0,0,0,0,0,0
GENE-5423,NO,1,0,0,0,0,0,0
GENE-5424,NO,1,88,123,159,133,99,99
GENE-5425,NO,1,0,0,0,0,0,0
GENE-5426,NO,1,2,3,7,3,10,4
GENE-5427,NO,1,211,344,21,47,54,200
GENE-5428,NO,1,0,0,0,0,0,0
GENE-5429,NO,1,0,0,0,0,0,0
GENE-5430,NO,1,117,135,116,125,130,137
GENE-5431,NO,1,0,0,0,0,0,0
GENE-5432,NO,1,0,0,0,0,0,0
GENE-5433,NO,1,0,0,0,0,0,0
GENE-5434,NO,1,0,0,0,0,0,0
GENE-5435,NO,1,8,2,5,4,4,1
GENE-5436,NO,1,0,1,1,6,0,0
GENE-5437,NO,1,0,0,0,0,0,0
GENE-5438,NO,1,0,0,0,0,0,0
GENE-5439,NO,1,0,0,0,0,0,0
GENE-5440,NO,1,95,88,75,79,74,75
GENE-5441,NO,1,0,0,0,0,0,0
GENE-5442,NO,1,0,0,0,0,0,0
GENE-5443,NO,1,48,92,91,118,93,120
GENE-5444,NO,1,0,0,0,0,0,0
GENE-5445,NO,1,0,0,0,0,0,0
GENE-5446,NO,1,0,0,0,0,0,0
GENE-5447,NO,1,0,0,0,0,0,0
GENE-5448,NO,1,0,0,0,0,0,0
GENE-5449,NO,1,0,0,0,0,0,0
GENE-5450,NO,1,105,121,151,125,157,115
GENE-5451,NO,1,145,145,101,127,116,134
GENE-5452,NO,1,0,0,0,0,0,0
GENE-5453,NO,1,0,0,0,0,0,0
GENE-5454,NO,1,682,600,590,556,524,707
GENE-5455,NO,1,0,0,0,0,0,0
GENE-5456,NO,1,0,0,0,0,0,0
GENE-5457,YES,1,0,0,0,0,0,0
GENE-5458,NO,1,0,0,0,0,0,0
GENE-5459,NO,1,0,0,1,0,0,1
GENE-5460,NO,1,0,0,0,0,0,0
GENE-5461,NO,1,0,0,0,0,0,0
GENE-5462,NO,1,0,0,0,0,0,0
GENE-5463,NO,1,0,0,0,0,0,0
GENE-5464,NO,1,0,0,0,0,0,0
GENE-5465,NO,1,0,0,0,0,0,0
GENE-5466,NO,1,0,0,0,0,0,0
GENE-5467,NO,1,0,0,0,0,0,0
GENE-5468,NO,1,0,0,0,0,0,0
GENE-5469,NO,1,0,0,0,0,0,0
GENE-5470,NO,1,3,8,7,8,10,9
GENE-5471,NO,1,0,0,0,0,0,0
GENE-5472,NO,1,0,0,0,0,0,0
GENE-5473,NO,1,0,0,0,0,0,0
GENE-5474,NO,1,175,160,143,173,107,144
GENE-5475,YES,1,0,0,0,0,0,0
GENE-5476,NO,1,0,0,0,0,0,0
GENE-5477,NO,1,4,1,4,3,2,2
GENE-5478,NO,1,0,0,0,0,0,0
GENE-5479,NO,1,0,0,0,0,0,0
GENE-5480,NO,1,0,0,0,0,0,0
GENE-5481,NO,1,782,253,476,320,844,530
GENE-5482,NO,1,0,0,0,0,0,0
GENE-5483,NO,1,0,0,0,0,0,0
GENE-5484,NO,1,72,59,80,78,71,89
GENE-5485,NO,1,0,0,0,0,0,0
GENE-5486,NO,1,0,0,0,0,0,0
GENE-5487,NO,1,0,0,0,0,0,0
GENE-5488,NO,1,0,0,0,0,0,0
GENE-5489,NO,1,0,0,0,0,0,0
GENE-5490,NO,1,0,0,0,0,0,0
GENE-5491,NO,1,0,0,0,0,0,0
GENE-5492,YES,1,0,0,0,0,0,0
GENE-5493,NO,1,0,0,0,0,0,0
GENE-5494,NO,1,444,448,453,448,442,487
GENE-5495,NO,1,0,0,0,0,0,0
GENE-5496,NO,1,0,0,0,0,0,0
GENE-5497,NO,1,0,0,0,0,0,0
GENE-5498,NO,1,0,0,0,0,0,0
GENE-5499,NO,1,0,0,0,0,0,0
GENE-5500,NO,1,0,0,0,0,0,0
GENE-5501,NO,1,7311,6561,6590,5151,5938,4246
GENE-5502,NO,1,0,0,0,0,0,0
GENE-5503,NO,1,411,478,582,721,460,649
GENE-5504,NO,1,346,667,504,609,429,415
GENE-5505,NO,1,150,107,119,123,81,71
GENE-5506,NO,1,0,0,0,0,0,0
GENE-5507,NO,1,0,0,0,0,0,0
GENE-5508,NO,1,82,61,67,56,80,73
GENE-5509,NO,1,0,0,0,0,0,0
GENE-5510,NO,1,190,245,143,106,309,45
GENE-5511,NO,1,388,556,664,819,796,622
GENE-5512,NO,1,0,0,0,0,0,0
GENE-5513,NO,1,0,0,0,0,0,0
GENE-5514,NO,1,273,397,407,347,311,235
GENE-5515,NO,1,0,0,0,0,0,0
GENE-5516,NO,1,0,0,0,0,0,0
GENE-5517,NO,1,0,0,0,0,0,0
GENE-5518,NO,1,0,0,0,1,0,0
GENE-5519,NO,1,1,3,3,3,0,1
GENE-5520,NO,1,0,0,0,0,0,0
GENE-5521,NO,1,9,1,2,13,2,4
GENE-5522,NO,1,0,0,0,0,0,0
GENE-5523,NO,1,0,0,0,0,0,0
GENE-5524,NO,1,1,0,1,0,0,1
GENE-5525,NO,1,0,0,0,0,0,0
GENE-5526,NO,1,0,0,0,0,0,0
GENE-5527,NO,1,0,0,0,0,0,0
GENE-5528,NO,1,1,0,0,1,2,2
GENE-5529,NO,1,0,0,0,0,0,0
GENE-5530,NO,1,0,0,0,0,0,0
GENE-5531,NO,1,21,19,20,23,25,23
GENE-5532,NO,1,0,0,0,0,0,0
GENE-5533,YES,1,0,0,0,0,0,0
GENE-5534,NO,1,0,0,0,0,0,0
GENE-5535,NO,1,0,0,0,0,0,0
GENE-5536,NO,1,0,0,0,0,0,0
GENE-5537,NO,1,28,23,35,23,25,24
GENE-5538,NO,1,0,0,0,0,0,0
GENE-5539,NO,1,1,1,3,1,3,1
GENE-5540,NO,1,10,4,7,9,10,5
GENE-5541,NO,1,0,0,0,0,0,0
GENE-5542,NO,1,0,0,0,0,0,0
GENE-5543,NO,1,0,0,0,0,0,0
GENE-5544,NO,1,0,0,0,0,0,0
GENE-5545,NO,1,0,0,0,0,0,0
GENE-5546,NO,1,0,0,0,0,0,0
GENE-5547,NO,1,2,1,2,2,3,2
GENE-5548,NO,1,0,0,0,0,0,0
GENE-5549,NO,1,0,1,0,1,1,0
GENE-5550,NO,1,0,0,0,0,0,0
GENE-5551,NO,1,0,0,0,0,0,0
GENE-5552,NO,1,0,0,0,0,0,0
GENE-5553,NO,1,0,0,0,0,0,0
GENE-5554,NO,1,0,0,0,0,0,0
GENE-5555,NO,1,0,0,0,0,0,0
GENE-5556,NO,1,832,764,835,665,820,677
GENE-5557,NO,1,84,112,74,49,69,43
GENE-5558,NO,1,0,0,0,0,0,0
GENE-5559,NO,1,0,0,0,0,0,0
GENE-5560,NO,1,0,0,0,0,0,0
GENE-5561,NO,1,0,0,0,0,0,0
GENE-5562,NO,1,0,0,0,0,0,0
GENE-5563,NO,1,5,4,8,8,2,11
GENE-5564,NO,1,1,0,0,0,0,0
GENE-5565,NO,1,0,0,1,0,0,0
GENE-5566,NO,1,0,0,0,0,0,0
GENE-5567,NO,1,0,0,0,0,0,0
GENE-5568,NO,1,0,0,0,0,0,0
GENE-5569,NO,1,0,0,0,0,0,0
GENE-5570,NO,1,0,0,0,0,0,0
GENE-5571,NO,1,163,185,165,153,184,173
GENE-5572,NO,1,118,119,110,118,132,121
GENE-5573,NO,1,0,0,0,0,0,0
GENE-5574,NO,1,98,70,80,32,98,56
GENE-5575,NO,1,0,0,0,0,0,0
GENE-5576,NO,1,39,42,38,41,32,31
GENE-5577,NO,1,73,102,74,72,81,68
GENE-5578,NO,1,36,20,33,9,18,26
GENE-5579,NO,1,11,4,11,13,7,14
GENE-5580,NO,1,40,26,27,30,15,34
GENE-5581,NO,1,13,9,8,8,10,7
GENE-5582,NO,1,0,1,1,0,0,0
GENE-5583,NO,1,0,0,0,0,0,0
GENE-5584,NO,1,0,0,0,0,0,0
GENE-5585,NO,1,41,33,31,31,39,50
GENE-5586,NO,1,0,0,0,0,0,0
GENE-5587,NO,1,0,0,0,0,0,0
GENE-5588,NO,1,0,0,0,0,0,0
GENE-5589,NO,1,3,2,3,0,2,2
GENE-5590,NO,1,0,0,0,0,0,0
GENE-5591,NO,1,0,0,0,0,0,0
GENE-5592,NO,1,3,1,1,1,2,2
GENE-5593,NO,1,0,0,0,0,0,0
GENE-5594,NO,1,131,117,148,176,138,117
GENE-5595,NO,1,0,0,0,0,0,0
GENE-5596,YES,1,0,0,0,0,0,0
GENE-5597,NO,1,382,332,302,344,312,255
GENE-5598,NO,1,0,0,0,0,0,0
GENE-5599,NO,1,46,36,50,34,35,52
GENE-5600,NO,1,0,0,0,0,0,0
GENE-5601,NO,1,18,31,22,29,27,13
GENE-5602,NO,1,0,0,0,0,0,0
GENE-5603,NO,1,72,54,56,92,64,54
GENE-5604,NO,1,2445,1861,3348,3954,4803,1533
GENE-5605,NO,1,4,2,3,2,2,1
GENE-5606,NO,1,0,0,0,0,0,0
GENE-5607,NO,1,0,0,0,0,0,0
GENE-5608,NO,1,920,733,853,696,990,925
GENE-5609,NO,1,0,0,0,0,0,0
GENE-5610,NO,1,0,0,0,0,0,0
GENE-5611,NO,1,0,0,0,0,0,0
GENE-5612,NO,1,0,0,0,0,0,0
GENE-5613,NO,1,0,0,0,0,0,0
GENE-5614,NO,1,0,0,0,1,0,0
GENE-5615,YES,1,0,0,0,0,0,0
GENE-5616,NO,1,112,2,24,52,22,3
GENE-5617,NO,1,238,224,281,274,226,206
GENE-5618,NO,1,0,0,0,0,0,1
GENE-5619,NO,1,0,0,0,0,0,0
GENE-5620,NO,1,0,0,0,0,0,0
GENE-5621,NO,1,0,0,2,1,1,1
GENE-5622,NO,1,0,0,0,0,0,0
GENE-5623,NO,1,0,0,0,0,0,0
GENE-5624,NO,1,0,0,0,0,0,0
GENE-5625,NO,1,0,0,0,0,0,0
GENE-5626,NO,1,4,3,3,3,2,8
GENE-5627,NO,1,0,0,0,0,0,0
GENE-5628,NO,1,0,0,0,0,0,0
GENE-5629,NO,1,15,13,11,15,11,10
GENE-5630,NO,1,0,0,0,0,0,0
GENE-5631,NO,1,0,0,0,0,0,0
GENE-5632,NO,1,85,141,81,144,99,85
GENE-5633,NO,1,0,0,0,0,0,0
GENE-5634,NO,1,0,0,0,0,0,0
GENE-5635,NO,1,0,0,0,0,0,0
GENE-5636,NO,1,0,0,0,0,0,0
GENE-5637,NO,1,94,154,164,297,265,298
GENE-5638,NO,1,0,0,0,0,0,0
GENE-5639,NO,1,0,0,0,0,0,0
GENE-5640,NO,1,0,0,0,0,0,0
GENE-5641,NO,1,19,23,13,16,12,14
GENE-5642,NO,1,0,0,0,0,0,0
GENE-5643,NO,1,0,0,0,0,0,0
GENE-5644,NO,1,0,0,0,0,0,0
GENE-5645,NO,1,0,0,0,0,0,0
GENE-5646,NO,1,0,0,0,0,0,0
GENE-5647,NO,1,0,0,0,0,0,0
GENE-5648,NO,1,0,0,0,0,0,0
GENE-5649,NO,1,0,0,0,0,0,0
GENE-5650,NO,1,0,0,0,0,0,0
GENE-5651,NO,1,0,0,0,0,0,0
GENE-5652,NO,1,0,0,0,0,0,0
GENE-5653,NO,1,221,103,133,258,136,136
GENE-5654,NO,1,0,0,0,0,0,0
GENE-5655,YES,1,0,0,0,0,0,0
GENE-5656,NO,1,315,180,205,255,206,192
GENE-5657,NO,1,1,0,0,0,0,0
GENE-5658,NO,1,1147,1093,1208,1167,1164,1228
GENE-5659,NO,1,0,0,0,0,0,0
GENE-5660,NO,1,30,34,27,39,28,33
GENE-5661,NO,1,278,295,260,285,270,243
GENE-5662,NO,1,0,1,1,0,0,0
GENE-5663,NO,1,0,0,0,0,0,0
GENE-5664,NO,1,96,124,94,102,114,106
GENE-5665,NO,1,0,0,0,0,0,0
GENE-5666,NO,1,4,4,4,1,1,2
GENE-5667,NO,1,3,3,5,5,2,3
GENE-5668,NO,1,0,0,0,0,0,0
GENE-5669,NO,1,0,0,0,0,0,0
GENE-5670,NO,1,0,0,0,0,0,0
GENE-5671,NO,1,0,0,0,0,0,0
GENE-5672,NO,1,0,0,0,0,0,0
GENE-5673,NO,1,0,0,0,0,1,0
GENE-5674,NO,1,146,224,218,195,236,192
GENE-5675,NO,1,13,9,5,6,11,9
GENE-5676,NO,1,0,2,4,9,2,4
GENE-5677,NO,1,0,0,0,0,0,0
GENE-5678,NO,1,413,411,499,385,527,468
GENE-5679,NO,1,395,353,368,402,277,336
GENE-5680,NO,1,0,0,0,0,0,0
GENE-5681,NO,1,0,0,0,0,0,0
GENE-5682,NO,1,0,0,0,0,0,0
GENE-5683,NO,1,1,2,2,2,1,3
GENE-5684,NO,1,0,0,0,0,0,0
GENE-5685,NO,1,0,0,0,0,0,0
GENE-5686,NO,1,0,0,0,0,0,0
GENE-5687,NO,1,3,5,1,3,4,3
GENE-5688,NO,1,0,0,0,0,0,0
GENE-5689,NO,1,2800,2513,2691,2529,2748,2293
GENE-5690,NO,1,0,0,0,0,0,0
GENE-5691,NO,1,0,0,0,0,0,0
GENE-5692,NO,1,343,276,399,355,357,363
GENE-5693,NO,1,0,0,0,0,0,0
GENE-5694,NO,1,0,0,0,0,0,0
GENE-5695,NO,1,0,0,0,0,0,0
GENE-5696,NO,1,0,0,0,0,0,0
GENE-5697,NO,1,0,0,0,0,0,0
GENE-5698,NO,1,0,0,0,0,0,0
GENE-5699,NO,1,12,11,3,8,8,5
GENE-5700,YES,1,0,0,0,0,0,0
GENE-5701,NO,1,0,0,0,0,0,0
GENE-5702,NO,1,1534,1261,1527,3017,1797,1007
GENE-5703,NO,1,0,0,0,0,0,0
GENE-5704,NO,1,0,0,0,0,0,0
GENE-5705,NO,1,813,818,798,759,841,550
GENE-5706,NO,1,0,0,0,0,0,0
GENE-5707,NO,1,0,0,0,0,0,0
GENE-5708,NO,1,13,22,24,14,28,15
GENE-5709,NO,1,75,102,74,92,98,66
GENE-5710,NO,1,0,0,0,0,0,0
GENE-5711,NO,1,0,0,0,0,0,0
GENE-5712,NO,1,0,0,0,0,0,0
GENE-5713,NO,1,0,0,0,0,0,0
GENE-5714,NO,1,0,0,0,0,0,0
GENE-5715,NO,1,0,0,0,0,0,0
GENE-5716,NO,1,801,965,830,842,906,480
GENE-5717,NO,1,0,4,5,4,4,5
GENE-5718,NO,1,0,0,0,0,0,0
GENE-5719,NO,1,201,60,78,471,130,506
GENE-5720,NO,1,0,0,0,0,0,0
GENE-5721,NO,1,0,0,0,0,0,0
GENE-5722,NO,1,110,179,196,176,139,155
GENE-5723,NO,1,0,0,0,0,0,0
GENE-5724,NO,1,0,0,0,0,0,0
GENE-5725,NO,1,0,0,0,0,0,0
GENE-5726,NO,1,0,0,0,0,0,0
GENE-5727,NO,1,1,0,3,0,2,2
GENE-5728,NO,1,0,0,0,0,0,0
GENE-5729,NO,1,1711,1630,1688,1731,1600,1650
GENE-5730,NO,1,0,0,0,0,0,0
GENE-5731,NO,1,0,0,0,0,0,0
GENE-5732,NO,1,0,0,0,0,0,0
GENE-5733,NO,1,0,0,0,0,0,0
GENE-5734,NO,1,0,0,0,0,0,0
GENE-5735,NO,1,0,0,0,0,0,0
GENE-5736,NO,1,0,0,0,0,0,0
GENE-5737,NO,1,0,0,0,0,0,0
GENE-5738,NO,1,0,0,0,0,0,0
GENE-5739,NO,1,0,0,0,0,0,0
GENE-5740,NO,1,7,23,15,19,17,10
GENE-5741,NO,1,0,0,0,0,0,0
GENE-5742,NO,1,0,0,0,0,0,0
GENE-5743,NO,1,0,0,0,0,0,0
GENE-5744,NO,1,0,0,0,0,0,0
GENE-5746,NO,1,77,94,54,65,62,79
GENE-5747,NO,1,0,0,0,0,0,0
GENE-5748,NO,1,30,48,39,36,32,42
GENE-5749,NO,1,353,214,394,197,199,269
GENE-5750,NO,1,0,0,0,0,0,0
GENE-5751,NO,1,0,0,0,0,0,0
GENE-5752,NO,1,0,0,0,0,0,0
GENE-5753,NO,1,0,0,0,0,0,0
GENE-5754,NO,1,0,1,0,1,0,1
GENE-5755,NO,1,0,0,0,0,0,0
GENE-5756,NO,1,0,0,0,0,0,0
GENE-5757,YES,1,0,0,0,0,0,0
GENE-5758,NO,1,0,0,0,0,0,0
GENE-5759,YES,1,0,0,0,0,0,0
GENE-5760,NO,1,3,5,7,4,7,1
GENE-5761,NO,1,0,0,0,0,0,0
GENE-5762,NO,1,12,17,14,13,25,23
GENE-5763,NO,1,89,159,121,133,142,101
GENE-5764,NO,1,926,986,955,976,1057,901
GENE-5765,NO,1,119,115,127,92,121,79
GENE-5766,NO,1,0,0,0,0,0,0
GENE-5767,NO,1,0,0,0,0,0,0
GENE-5768,NO,1,0,0,0,0,0,0
GENE-5769,NO,1,881,2416,2231,2235,2236,3418
GENE-5770,NO,1,41,28,28,24,44,20
GENE-5771,NO,1,0,0,0,0,0,0
GENE-5772,NO,1,0,15,2,1,0,23
GENE-5773,NO,1,0,0,0,0,0,0
GENE-5774,NO,1,41,44,11,52,39,48
GENE-5775,NO,1,0,0,0,0,0,0
GENE-5776,NO,1,0,0,0,0,0,0
GENE-5777,NO,1,725,801,797,661,797,712
GENE-5778,NO,1,0,0,0,0,0,0
GENE-5779,NO,1,0,0,0,0,0,0
GENE-5780,NO,1,3,3,1,3,3,3
GENE-5781,NO,1,0,0,0,0,0,0
GENE-5782,NO,1,0,0,0,0,0,0
GENE-5783,NO,1,0,0,0,0,0,0
GENE-5784,NO,1,0,0,0,0,0,0
GENE-5785,NO,1,0,1,0,1,1,0
GENE-5786,NO,1,324,356,272,351,342,347
GENE-5787,NO,1,0,0,0,0,0,0
GENE-5788,NO,1,27,30,31,12,26,63
GENE-5789,NO,1,1,0,0,0,0,0
GENE-5790,NO,1,0,0,0,0,0,0
GENE-5791,NO,1,0,0,0,0,0,0
GENE-5792,NO,1,0,0,0,0,0,0
GENE-5793,NO,1,2,0,0,1,2,1
GENE-5794,NO,1,0,0,0,0,1,0
GENE-5795,NO,1,0,0,0,0,0,0
GENE-5796,NO,1,0,0,0,0,0,0
GENE-5797,NO,1,0,0,0,0,0,0
GENE-5798,NO,1,2,7,0,1,2,3
GENE-5799,NO,1,320,442,372,332,338,450
GENE-5800,NO,1,14,14,18,19,15,15
GENE-5801,NO,1,0,0,0,0,0,0
GENE-5802,NO,1,0,0,0,0,0,0
GENE-5803,NO,1,304,350,362,381,347,349
GENE-5804,NO,1,9,4,10,6,10,8
GENE-5805,NO,1,0,0,0,0,0,0
GENE-5806,NO,1,11,3,6,6,7,7
GENE-5807,NO,1,0,0,0,0,0,0
GENE-5808,NO,1,0,0,0,0,0,0
GENE-5809,NO,1,36,37,30,34,47,35
GENE-5810,NO,1,0,0,0,0,0,0
GENE-5811,NO,1,41,28,13,20,38,37
GENE-5812,NO,1,0,0,0,0,0,0
GENE-5813,NO,1,0,0,0,0,0,0
GENE-5814,NO,1,0,0,0,0,0,0
GENE-5815,YES,1,4,9,7,5,16,8
GENE-5816,NO,1,0,0,0,0,0,0
GENE-5817,NO,1,0,0,0,0,0,0
GENE-5818,NO,1,1,3,0,1,2,2
GENE-5819,NO,1,2,1,1,0,2,0
GENE-5820,NO,1,0,0,0,0,0,0
GENE-5821,YES,1,0,0,0,0,0,0
GENE-5822,NO,1,0,0,0,0,0,0
GENE-5823,NO,1,0,0,0,0,0,0
GENE-5824,NO,1,0,0,0,0,0,0
GENE-5825,NO,1,0,0,0,0,0,0
GENE-5826,NO,1,0,0,0,0,0,0
GENE-5827,NO,1,19,25,18,16,15,18
GENE-5828,NO,1,5,3,0,2,6,2
GENE-5829,NO,1,0,0,0,0,0,0
GENE-5830,NO,1,0,0,0,0,0,0
GENE-5831,NO,1,15,12,20,30,24,12
GENE-5832,NO,1,0,0,0,0,0,0
GENE-5833,NO,1,0,0,0,0,0,0
GENE-5834,NO,1,49,104,76,63,74,39
GENE-5835,NO,1,0,0,0,0,0,0
GENE-5836,NO,1,18,18,18,21,15,20
GENE-5837,NO,1,0,0,0,0,0,0
GENE-5838,NO,1,68,79,66,74,64,67
GENE-5839,NO,1,0,0,0,0,0,0
GENE-5840,NO,1,0,0,0,0,0,0
GENE-5841,NO,1,3,1,6,4,6,4
GENE-5842,NO,1,120,96,102,97,171,114
GENE-5843,NO,1,0,0,0,0,0,0
GENE-5844,NO,1,0,0,0,0,0,0
GENE-5845,NO,1,152,157,170,138,222,174
GENE-5846,NO,1,0,0,0,0,0,0
GENE-5847,NO,1,0,0,0,0,0,0
GENE-5848,NO,1,1,2,7,2,0,4
GENE-5849,NO,1,0,3,3,1,2,0
GENE-5850,NO,1,0,0,0,0,0,0
GENE-5851,NO,1,0,0,0,0,0,0
GENE-5852,NO,1,0,0,0,0,0,0
GENE-5853,NO,1,0,0,0,0,1,1
GENE-5854,NO,1,0,0,0,0,0,0
GENE-5855,NO,1,0,0,0,0,0,0
GENE-5856,YES,1,0,0,0,0,0,0
GENE-5857,NO,1,0,0,0,0,0,0
GENE-5858,NO,1,0,0,0,0,0,1
GENE-5859,NO,1,0,0,0,0,0,0
GENE-5860,NO,1,0,0,0,0,0,0
GENE-5861,NO,1,570,499,843,605,639,719
GENE-5862,NO,1,11,9,5,11,12,11
GENE-5863,NO,1,28,40,90,55,33,83
GENE-5864,NO,1,0,0,0,0,0,0
GENE-5865,NO,1,0,0,0,0,0,0
GENE-5866,NO,1,0,0,0,0,0,0
GENE-5867,NO,1,240,239,86,260,27,51
GENE-5868,NO,1,0,0,0,0,0,0
GENE-5869,NO,1,0,0,0,0,0,0
GENE-5870,NO,1,0,0,0,0,0,0
GENE-5871,NO,1,0,0,0,0,0,0
GENE-5872,NO,1,0,0,0,0,0,0
GENE-5873,NO,1,0,0,0,0,0,0
GENE-5874,YES,1,0,0,0,0,0,0
GENE-5875,NO,1,0,0,0,0,0,0
GENE-5876,NO,1,0,0,0,0,0,0
GENE-5877,NO,1,18,14,14,8,11,12
GENE-5878,NO,1,51,45,27,49,29,50
GENE-5879,NO,1,0,0,0,0,0,0
GENE-5880,NO,1,0,0,0,0,0,0
GENE-5881,NO,1,51,52,294,38,235,6
GENE-5882,NO,1,33,32,27,29,30,28
GENE-5883,NO,1,812,1126,1109,1173,1074,1105
GENE-5884,NO,1,0,0,0,0,0,0
GENE-5885,NO,1,0,0,0,0,0,0
GENE-5886,NO,1,239,138,248,167,231,288
GENE-5887,NO,1,1522,947,672,1377,1221,860
GENE-5888,NO,1,38,40,58,52,48,69
GENE-5889,NO,1,15,10,10,8,14,19
GENE-5890,NO,1,0,0,0,0,0,0
GENE-5891,NO,1,0,0,0,0,0,0
GENE-5892,YES,1,0,0,0,0,0,0
GENE-5893,NO,1,43,51,33,34,47,54
GENE-5894,NO,1,0,0,0,0,0,0
GENE-5895,NO,1,0,0,0,0,0,0
GENE-5896,NO,1,39,28,29,45,42,41
GENE-5897,NO,1,0,0,0,0,0,0
GENE-5898,NO,1,0,0,0,0,0,0
GENE-5899,NO,1,0,0,0,0,0,0
GENE-5900,NO,1,0,0,0,0,0,0
GENE-5901,NO,1,0,0,0,0,0,0
GENE-5902,NO,1,0,2,4,5,3,2
GENE-5903,NO,1,0,1,2,0,0,2
GENE-5904,NO,1,0,0,0,0,0,0
GENE-5905,YES,1,0,0,0,0,0,0
GENE-5906,YES,1,4,6,4,9,10,9
GENE-5907,YES,1,0,0,0,0,0,0
GENE-5908,NO,1,0,0,0,0,0,0
GENE-5909,NO,1,63,48,56,55,61,59
GENE-5910,NO,1,0,0,0,0,0,0
GENE-5911,NO,1,54,57,66,47,71,49
GENE-5912,NO,1,11,14,10,10,12,10
GENE-5913,NO,1,10,16,17,14,11,19
GENE-5914,NO,1,0,0,0,0,0,0
GENE-5915,NO,1,44,33,53,36,61,40
GENE-5916,NO,1,0,0,0,0,0,0
GENE-5917,NO,1,0,0,0,0,0,0
GENE-5918,NO,1,111,291,509,812,287,345
GENE-5919,NO,1,41,60,31,73,69,76
GENE-5920,NO,1,0,0,0,0,0,0
GENE-5921,NO,1,884,1608,1109,1155,780,1007
GENE-5922,NO,1,4,0,4,3,0,3
GENE-5923,NO,1,0,0,0,0,0,0
GENE-5924,NO,1,0,0,0,0,0,0
GENE-5925,NO,1,68,72,73,91,60,47
GENE-5926,NO,1,0,0,0,0,0,0
GENE-5927,NO,1,0,0,0,0,0,0
GENE-5928,NO,1,0,0,0,0,0,0
GENE-5929,NO,1,0,0,0,0,0,0
GENE-5931,NO,1,0,0,0,0,0,0
GENE-5932,NO,1,0,0,0,0,0,0
GENE-5933,NO,1,0,0,0,0,0,0
GENE-5934,NO,1,42,51,57,64,57,44
GENE-5935,NO,1,0,0,0,0,0,1
GENE-5936,NO,1,827,899,1214,1010,949,749
GENE-5937,NO,1,10,15,7,7,10,13
GENE-5938,NO,1,0,0,0,0,0,0
GENE-5939,NO,1,0,0,0,0,0,0
GENE-5940,NO,1,36,40,36,18,44,39
GENE-5941,NO,1,0,0,0,0,0,0
GENE-5942,NO,1,0,0,0,0,0,0
GENE-5943,NO,1,1189,1042,790,1042,948,1231
GENE-5944,NO,1,0,0,0,0,0,0
GENE-5945,NO,1,0,0,0,0,0,0
GENE-5946,NO,1,506,848,605,471,1007,481
GENE-5947,NO,1,6,7,11,9,9,8
GENE-5948,NO,1,801,570,737,844,850,677
GENE-5949,NO,1,0,0,0,0,0,0
GENE-5950,NO,1,21,15,11,13,14,19
GENE-5951,NO,1,0,0,0,0,0,0
GENE-5952,NO,1,0,0,0,0,0,0
GENE-5953,NO,1,0,0,0,0,0,0
GENE-5954,NO,1,0,0,0,0,0,0
GENE-5955,NO,1,0,0,0,0,0,0
GENE-5956,NO,1,0,1,1,0,1,1
GENE-5957,NO,1,43,39,57,55,59,41
GENE-5958,NO,1,577,517,695,647,528,599
GENE-5959,NO,1,0,0,0,0,0,0
GENE-5960,NO,1,0,0,0,0,0,0
GENE-5961,NO,1,0,0,0,0,0,0
GENE-5962,NO,1,304,243,399,238,480,274
GENE-5963,NO,1,0,0,0,0,0,0
GENE-5964,NO,1,29,42,28,47,30,43
GENE-5965,NO,1,0,0,0,0,0,0
GENE-5966,NO,1,0,0,0,0,0,0
GENE-5967,NO,1,0,0,0,0,0,0
GENE-5968,NO,1,0,0,0,0,0,0
GENE-5969,NO,1,0,0,0,0,0,0
GENE-5970,NO,1,0,0,0,0,0,0
GENE-5971,NO,1,0,0,0,0,0,0
GENE-5972,NO,1,149,123,117,184,64,150
GENE-5973,YES,1,0,0,0,0,0,0
GENE-5974,NO,1,0,0,0,0,0,0
GENE-5975,NO,1,0,0,0,0,0,0
GENE-5976,NO,1,0,0,0,0,0,0
GENE-5977,NO,1,0,0,0,0,0,0
GENE-5978,NO,1,0,0,0,0,0,0
GENE-5979,NO,1,0,0,0,0,0,0
GENE-5980,NO,1,0,0,0,0,0,0
GENE-5981,NO,1,0,0,0,0,0,0
GENE-5982,NO,1,0,0,0,0,0,0
GENE-5983,NO,1,0,0,0,0,0,0
GENE-5984,NO,1,0,0,0,0,0,0
GENE-5985,NO,1,35,63,32,48,59,30
GENE-5986,NO,1,0,0,0,0,0,0
GENE-5987,NO,1,0,0,0,0,0,0
GENE-5988,NO,1,3,10,7,12,11,8
GENE-5989,NO,1,0,0,1,0,3,1
GENE-5990,NO,1,0,0,0,0,0,0
GENE-5991,NO,1,36,36,25,58,63,30
GENE-5992,NO,1,0,0,0,0,0,0
GENE-5993,NO,1,0,0,0,0,0,0
GENE-5994,NO,1,297,557,524,540,469,490
GENE-5995,NO,1,0,0,0,0,0,0
GENE-5996,NO,1,0,0,0,0,0,0
GENE-5997,NO,1,0,0,0,0,0,0
GENE-5998,NO,1,0,0,0,0,0,0
GENE-6000,NO,1,0,0,0,0,0,0
GENE-6001,NO,1,0,0,0,0,0,0
GENE-6002,NO,1,0,0,0,0,0,0
GENE-6003,NO,1,0,0,0,0,0,0
GENE-6004,NO,1,0,0,0,0,0,0
GENE-6005,NO,1,0,0,0,0,0,0
GENE-6006,NO,1,0,0,0,0,0,0
GENE-6007,NO,1,0,0,0,0,0,0
GENE-6008,NO,1,1156,930,1206,1296,1301,1140
GENE-6009,NO,1,1,1,1,2,2,2
GENE-6010,NO,1,0,0,0,0,0,0
GENE-6011,NO,1,57,53,103,73,63,133
GENE-6012,NO,1,21,17,11,11,15,14
GENE-6013,NO,1,0,0,0,0,0,0
GENE-6014,NO,1,0,0,0,0,0,0
GENE-6015,NO,1,83,98,104,75,69,85
GENE-6016,YES,1,0,0,0,0,0,0
GENE-6017,NO,1,0,0,0,0,0,0
GENE-6018,NO,1,0,0,0,0,0,0
GENE-6019,NO,1,0,0,0,0,0,0
GENE-6020,NO,1,18,236,283,12,370,729
GENE-6021,NO,1,66,67,53,70,69,57
GENE-6022,NO,1,0,0,0,0,0,0
GENE-6023,NO,1,0,0,0,0,0,0
GENE-6024,NO,1,0,0,0,0,0,0
GENE-6025,NO,1,0,0,0,0,0,0
GENE-6026,NO,1,0,0,0,0,0,0
GENE-6027,NO,1,0,1,1,1,2,1
GENE-6028,NO,1,148,98,63,53,59,125
GENE-6029,NO,1,5,2,2,3,3,0
GENE-6030,NO,1,0,0,0,0,0,0
GENE-6031,NO,1,1470,1143,1415,1355,1084,1243
GENE-6032,NO,1,0,0,0,0,0,0
GENE-6033,NO,1,0,0,0,0,0,0
GENE-6034,NO,1,0,0,0,0,0,0
GENE-6035,NO,1,0,0,0,0,0,0
GENE-6036,NO,1,0,0,0,0,0,0
GENE-6037,NO,1,0,0,0,0,0,0
GENE-6038,NO,1,119,107,103,131,118,83
GENE-6039,NO,1,0,0,0,0,0,0
GENE-6040,NO,1,15,14,10,14,17,11
GENE-6041,NO,1,0,0,0,0,0,0
GENE-6042,NO,1,0,0,0,0,0,0
GENE-6043,NO,1,752,1332,974,916,968,879
GENE-6044,NO,1,316,167,273,247,295,235
GENE-6045,NO,1,227,173,184,166,162,175
GENE-6046,NO,1,0,0,0,0,0,0
GENE-6047,NO,1,0,0,0,0,0,0
GENE-6048,NO,1,0,0,0,0,0,0
GENE-6049,NO,1,0,0,0,0,0,0
GENE-6050,NO,1,0,0,0,0,0,0
GENE-6051,NO,1,0,0,0,0,0,0
GENE-6052,NO,1,0,0,0,0,0,0
GENE-6053,NO,1,0,0,0,0,0,0
GENE-6054,NO,1,0,0,0,0,0,0
GENE-6055,NO,1,0,0,0,0,0,0
GENE-6057,NO,1,0,3,0,0,4,1
GENE-6058,NO,1,0,0,0,0,0,0
GENE-6059,NO,1,0,0,0,0,0,0
GENE-6060,NO,1,0,0,0,0,0,0
GENE-6061,NO,1,0,0,0,0,0,0
GENE-6062,NO,1,0,0,0,0,0,0
GENE-6063,NO,1,0,0,0,0,0,0
GENE-6064,NO,1,0,0,0,0,0,0
GENE-6065,NO,1,21,18,18,22,14,16
GENE-6066,YES,1,0,0,0,0,0,0
GENE-6067,YES,1,0,0,0,0,0,0
GENE-6068,NO,1,0,0,0,0,0,0
GENE-6069,NO,1,0,0,0,0,0,0
GENE-6070,NO,1,5,4,7,7,10,4
GENE-6071,NO,1,0,0,0,0,0,0
GENE-6072,NO,1,2,0,0,1,1,0
GENE-6073,NO,1,0,0,0,0,0,0
GENE-6074,NO,1,0,0,0,0,0,0
GENE-6075,NO,1,304,117,231,110,253,171
GENE-6076,NO,1,0,0,0,0,0,0
GENE-6077,NO,1,0,1,2,0,0,0
GENE-6078,NO,1,0,0,0,0,0,0
GENE-6079,NO,1,0,0,0,0,0,0
GENE-6080,NO,1,0,0,0,0,0,0
GENE-6081,NO,1,0,0,0,0,0,0
GENE-6082,NO,1,0,0,0,0,0,0
GENE-6083,NO,1,0,0,0,0,0,0
GENE-6084,NO,1,0,0,0,0,0,0
GENE-6086,NO,1,3,3,0,5,5,4
GENE-6087,YES,1,0,0,0,0,0,0
GENE-6088,NO,1,0,2,0,2,3,0
GENE-6089,NO,1,34,36,31,43,43,42
GENE-6090,NO,1,10,4,16,13,7,30
GENE-6091,NO,1,150,77,362,66,86,160
GENE-6092,NO,1,1427,1426,1563,1290,1790,1804
GENE-6093,NO,1,0,0,0,0,0,0
GENE-6094,NO,1,0,0,0,0,0,0
GENE-6095,NO,1,0,0,0,0,0,0
GENE-6096,NO,1,0,0,0,0,0,0
GENE-6097,NO,1,0,0,0,0,0,0
GENE-6098,NO,1,11,17,10,5,7,3
GENE-6099,NO,1,0,0,0,0,0,0
GENE-6100,NO,1,14,19,9,19,15,25
GENE-6101,NO,1,0,0,0,0,0,0
GENE-6102,NO,1,0,0,0,0,0,0
GENE-6103,NO,1,0,0,0,0,0,0
GENE-6104,NO,1,0,0,0,0,0,0
GENE-6105,NO,1,5,6,9,9,13,8
GENE-6106,NO,1,7,5,11,4,5,7
GENE-6107,NO,1,2,1,2,2,0,1
GENE-6108,NO,1,0,0,0,0,0,0
GENE-6109,NO,1,0,0,0,0,0,0
GENE-6110,NO,1,0,0,0,0,0,0
GENE-6111,NO,1,0,0,0,0,0,0
GENE-6112,NO,1,117,101,86,84,74,134
GENE-6113,NO,1,0,0,0,0,0,0
GENE-6114,NO,1,2,0,2,0,0,0
GENE-6115,NO,1,0,0,0,0,0,0
GENE-6116,NO,1,0,0,0,0,0,0
GENE-6117,NO,1,1,2,1,1,1,2
GENE-6118,NO,1,0,0,0,0,0,0
GENE-6119,NO,1,0,0,0,0,0,0
GENE-6120,NO,1,0,0,0,0,0,0
GENE-6121,NO,1,0,0,0,0,0,0
GENE-6122,NO,1,0,0,0,0,0,0
GENE-6123,NO,1,119,109,113,118,84,151
GENE-6124,NO,1,0,0,0,0,0,0
GENE-6125,NO,1,0,0,4,1,0,1
GENE-6126,NO,1,0,0,0,0,0,0
GENE-6127,NO,1,0,0,0,0,0,0
GENE-6128,NO,1,0,0,0,0,0,0
GENE-6129,NO,1,0,0,0,0,0,0
GENE-6130,NO,1,144,385,132,128,131,240
GENE-6131,YES,1,0,0,0,0,0,0
GENE-6132,NO,1,0,0,0,0,0,0
GENE-6133,NO,1,0,0,0,0,0,0
GENE-6134,NO,1,0,0,0,0,0,0
GENE-6135,NO,1,1278,1223,1499,1420,1217,1494
GENE-6136,NO,1,0,0,0,2,1,0
GENE-6137,NO,1,0,0,0,0,0,0
GENE-6138,NO,1,0,0,0,0,0,0
GENE-6139,NO,1,8,9,10,7,12,9
GENE-6140,NO,1,0,0,0,0,0,0
GENE-6141,NO,1,548,574,652,318,465,523
GENE-6142,NO,1,0,0,0,0,0,0
GENE-6143,NO,1,0,0,0,0,0,0
GENE-6144,NO,1,436,750,552,288,489,413
GENE-6145,NO,1,0,0,0,0,0,0
GENE-6146,NO,1,0,0,0,0,0,0
GENE-6147,NO,1,0,0,0,0,0,0
GENE-6148,NO,1,0,0,0,0,0,0
GENE-6149,NO,1,0,0,0,0,0,0
GENE-6150,NO,1,0,0,0,0,0,0
GENE-6151,NO,1,0,0,0,0,0,0
GENE-6152,NO,1,10,6,4,6,12,11
GENE-6153,YES,1,0,0,0,0,0,0
GENE-6154,NO,1,34,73,66,55,61,61
GENE-6156,NO,1,0,0,0,0,0,0
GENE-6157,NO,1,0,0,0,0,0,0
GENE-6158,NO,1,0,0,0,0,0,0
GENE-6159,NO,1,79,49,51,81,74,97
GENE-6160,NO,1,59,31,50,63,71,51
GENE-6161,NO,1,0,0,0,0,0,0
GENE-6162,NO,1,1310,2780,1668,3360,1580,1555
GENE-6163,NO,1,0,0,0,0,0,0
GENE-6164,NO,1,0,0,0,0,0,0
GENE-6165,NO,1,0,0,0,0,0,0
GENE-6166,NO,1,0,0,0,0,0,0
GENE-6167,NO,1,0,0,0,0,0,0
GENE-6168,NO,1,3,4,1,1,1,0
GENE-6169,NO,1,0,0,0,0,0,0
GENE-6170,NO,1,0,0,0,0,0,0
GENE-6171,NO,1,0,0,0,0,0,0
GENE-6172,NO,1,671,639,1247,2759,806,1509
GENE-6173,NO,1,154,171,128,188,143,152
GENE-6174,YES,1,0,0,0,0,0,0
GENE-6175,NO,1,0,0,0,0,0,0
GENE-6176,NO,1,0,0,0,0,0,0
GENE-6177,NO,1,164,159,165,270,134,297
GENE-6178,NO,1,0,0,0,0,0,0
GENE-6179,NO,1,0,0,0,0,0,0
GENE-6180,NO,1,2,1,2,1,4,2
GENE-6181,NO,1,0,0,0,1,0,0
GENE-6182,NO,1,0,0,0,0,0,0
GENE-6183,NO,1,0,0,0,0,0,0
GENE-6184,YES,1,0,0,0,0,0,0
GENE-6185,NO,1,0,0,0,0,0,0
GENE-6186,NO,1,0,0,0,0,0,0
GENE-6187,NO,1,0,0,0,0,0,0
GENE-6188,NO,1,0,0,0,0,0,0
GENE-6189,NO,1,0,0,0,0,0,0
GENE-6190,NO,1,1,0,0,2,1,0
GENE-6191,NO,1,110,93,129,108,94,142
GENE-6193,NO,1,0,0,0,0,0,0
GENE-6194,NO,1,0,0,0,0,0,0
GENE-6195,NO,1,0,0,0,0,0,0
GENE-6196,NO,1,0,0,0,0,0,0
GENE-6197,NO,1,0,0,0,0,0,0
GENE-6198,NO,1,118,165,165,210,134,152
GENE-6199,NO,1,5,8,11,3,8,6
GENE-6200,NO,1,12,11,4,14,5,11
GENE-6201,NO,1,0,0,0,0,0,0
GENE-6202,NO,1,5499,5657,4529,7973,7311,9397
GENE-6203,NO,1,0,0,0,0,0,0
GENE-6204,NO,1,0,0,0,0,0,0
GENE-6205,NO,1,0,0,0,0,0,0
GENE-6206,NO,1,10,11,4,8,12,12
GENE-6207,NO,1,449,683,539,887,829,838
GENE-6208,NO,1,7,7,3,7,10,4
GENE-6209,NO,1,0,0,0,0,0,0
GENE-6210,NO,1,0,0,0,0,0,0
GENE-6211,NO,1,65,87,73,75,69,79
GENE-6212,NO,1,0,0,0,0,0,0
GENE-6213,NO,1,0,0,0,0,0,0
GENE-6214,NO,1,0,0,0,0,0,0
GENE-6215,NO,1,0,0,0,0,0,0
GENE-6216,NO,1,0,0,0,0,0,0
GENE-6217,NO,1,0,0,0,0,0,0
GENE-6218,NO,1,0,0,0,0,0,0
GENE-6219,NO,1,38,52,82,37,41,51
GENE-6220,NO,1,35,26,27,30,35,39
GENE-6221,NO,1,0,0,0,0,0,0
GENE-6222,NO,1,14,22,12,19,17,20
GENE-6223,NO,1,0,0,0,0,0,0
GENE-6224,NO,1,0,0,0,0,0,0
GENE-6225,NO,1,127,171,129,130,111,104
GENE-6226,YES,1,0,0,0,0,0,0
GENE-6227,NO,1,11,9,11,10,10,7
GENE-6228,NO,1,0,0,0,0,0,0
GENE-6229,NO,1,0,0,0,0,0,0
GENE-6230,YES,1,0,0,0,0,0,0
GENE-6231,NO,1,0,0,0,0,0,0
GENE-6232,NO,1,0,0,0,0,0,0
GENE-6233,YES,1,0,0,0,0,0,0
GENE-6234,NO,1,0,0,0,0,0,0
GENE-6235,NO,1,0,0,0,0,0,0
GENE-6236,NO,1,0,0,0,0,0,0
GENE-6237,NO,1,0,0,0,0,0,0
GENE-6238,NO,1,110,87,84,46,33,184
GENE-6239,NO,1,0,0,0,0,0,0
GENE-6240,NO,1,454,1146,505,542,950,578
GENE-6241,NO,1,0,0,0,0,0,0
GENE-6242,NO,1,20,10,18,8,21,13
GENE-6243,NO,1,0,0,0,0,0,0
GENE-6244,NO,1,0,0,0,0,0,0
GENE-6245,NO,1,0,0,0,0,0,0
GENE-6246,NO,1,71,45,31,32,39,37
GENE-6247,NO,1,0,0,0,0,0,0
GENE-6248,NO,1,0,0,0,0,0,0
GENE-6249,NO,1,421,1158,394,1091,122,222
GENE-6251,NO,1,0,0,0,0,0,0
GENE-6252,NO,1,20,29,18,22,25,20
GENE-6253,NO,1,0,0,0,0,0,0
GENE-6254,NO,1,151,188,186,185,157,230
GENE-6255,YES,1,0,0,0,0,0,0
GENE-6256,NO,1,44,22,40,50,51,37
GENE-6257,NO,1,0,0,0,0,0,0
GENE-6258,NO,1,0,0,0,0,0,0
GENE-6259,NO,1,0,0,0,0,0,0
GENE-6260,NO,1,0,0,0,0,0,0
GENE-6261,NO,1,6,9,3,6,2,6
GENE-6262,NO,1,0,0,0,0,0,0
GENE-6263,NO,1,0,0,0,0,0,0
GENE-6264,NO,1,0,0,0,0,0,0
GENE-6265,NO,1,0,0,0,0,0,0
GENE-6266,NO,1,37,44,94,77,91,55
GENE-6267,NO,1,0,0,0,0,0,0
GENE-6268,NO,1,10,6,18,6,14,10
GENE-6269,NO,1,0,0,0,0,0,0
GENE-6270,NO,1,0,0,0,0,0,0
GENE-6271,NO,1,0,0,0,0,0,0
GENE-6272,NO,1,0,0,0,0,0,0
GENE-6273,NO,1,0,0,0,0,0,0
GENE-6274,NO,1,0,0,0,0,0,0
GENE-6275,NO,1,0,0,0,0,0,0
GENE-6276,NO,1,0,0,0,0,0,0
GENE-6277,NO,1,0,0,0,0,0,0
GENE-6278,NO,1,0,0,0,0,0,0
GENE-6279,NO,1,0,0,0,0,0,0
GENE-6280,NO,1,268,236,245,296,238,355
GENE-6281,NO,1,397,413,571,312,297,593
GENE-6282,YES,1,0,0,0,0,0,0
GENE-6283,NO,1,303,403,437,409,432,433
GENE-6284,NO,1,13,17,20,25,7,9
GENE-6285,NO,1,0,0,0,0,0,0
GENE-6286,NO,1,785,1212,1058,1080,1141,1362
GENE-6287,NO,1,13,5,9,11,4,2
GENE-6288,NO,1,0,0,0,0,0,0
GENE-6289,NO,1,12,16,12,17,17,12
GENE-6290,NO,1,0,0,0,0,0,0
GENE-6291,NO,1,0,0,0,0,0,0
GENE-6292,NO,1,0,0,0,0,0,0
GENE-6293,NO,1,0,0,0,0,0,0
GENE-6295,NO,1,0,0,0,0,0,0
GENE-6296,NO,1,285,275,269,205,215,266
GENE-6297,NO,1,0,0,0,0,0,0
GENE-6299,YES,1,0,1,2,1,0,0
GENE-6300,NO,1,0,0,0,0,0,0
GENE-6301,NO,1,2518,2790,1857,2241,2407,2347
GENE-6302,NO,1,17,35,20,9,21,15
GENE-6303,NO,1,10,12,15,11,12,13
GENE-6304,NO,1,0,0,0,0,0,0
GENE-6305,NO,1,45,56,51,27,24,30
GENE-6306,NO,1,0,0,0,0,0,0
GENE-6307,NO,1,0,0,0,0,0,0
GENE-6308,NO,1,0,0,0,0,0,0
GENE-6309,NO,1,0,0,0,0,0,0
GENE-6310,NO,1,0,0,0,1,0,0
GENE-6311,NO,1,271,280,252,289,309,316
GENE-6312,NO,1,1,0,0,1,1,0
GENE-6313,NO,1,0,0,0,0,0,0
GENE-6314,NO,1,0,0,0,0,0,0
GENE-6315,YES,1,0,3,0,0,0,0
GENE-6316,NO,1,333,313,374,337,292,261
GENE-6317,NO,1,0,0,0,0,0,0
GENE-6318,YES,1,0,0,0,0,0,0
GENE-6319,NO,1,4,3,5,4,6,2
GENE-6320,NO,1,0,0,0,0,0,0
GENE-6321,NO,1,31,15,9,10,24,27
GENE-6322,NO,1,0,0,0,0,0,0
GENE-6323,NO,1,696,569,673,663,745,651
GENE-6324,NO,1,100,82,104,94,99,126
GENE-6325,NO,1,0,0,0,0,0,0
GENE-6326,NO,1,4,5,4,3,8,6
GENE-6327,NO,1,0,0,0,0,0,0
GENE-6328,NO,1,0,0,0,0,0,0
GENE-6329,NO,1,0,0,0,0,0,0
GENE-6330,NO,1,0,0,0,0,0,0
GENE-6331,NO,1,0,0,0,0,0,0
GENE-6332,NO,1,1,0,0,0,0,0
GENE-6333,NO,1,9,7,7,6,7,6
GENE-6334,NO,1,0,0,0,0,0,0
GENE-6335,NO,1,1457,1437,1219,1051,1705,991
GENE-6336,NO,1,0,1,1,2,0,0
GENE-6337,NO,1,0,0,0,0,0,0
GENE-6338,NO,1,0,0,0,0,0,0
GENE-6339,NO,1,112,114,142,131,108,129
GENE-6340,NO,1,170,104,212,152,110,99
GENE-6341,NO,1,0,0,0,0,0,0
GENE-6342,NO,1,0,0,0,0,0,0
GENE-6343,NO,1,14,15,18,20,17,11
GENE-6344,NO,1,0,0,0,0,0,0
GENE-6345,NO,1,0,0,0,0,0,0
GENE-6346,NO,1,0,0,0,0,0,0
GENE-6347,NO,1,178,123,101,171,120,133
GENE-6348,NO,1,0,0,0,0,0,0
GENE-6349,NO,1,0,0,0,0,0,0
GENE-6350,NO,1,0,0,0,0,0,0
GENE-6351,NO,1,6,4,5,3,6,5
GENE-6352,NO,1,0,0,0,0,1,0
GENE-6353,NO,1,0,0,0,0,0,0
GENE-6354,NO,1,0,0,0,0,0,0
GENE-6355,YES,1,2,5,6,2,2,5
GENE-6356,NO,1,13,16,24,6,23,12
GENE-6357,NO,1,0,0,0,0,0,0
GENE-6358,YES,1,0,0,0,0,0,0
GENE-6359,NO,1,0,0,0,0,0,0
GENE-6360,NO,1,239,168,356,273,353,303
GENE-6361,NO,1,0,0,0,0,0,0
GENE-6362,NO,1,11,24,12,78,18,9
GENE-6363,NO,1,34,42,42,43,41,41
GENE-6364,NO,1,0,0,0,0,0,0
GENE-6365,NO,1,0,0,0,0,0,0
GENE-6366,NO,1,0,0,0,0,0,0
GENE-6367,NO,1,0,0,0,0,0,0
GENE-6368,NO,1,11,9,13,15,11,10
GENE-6369,NO,1,1,1,10,4,3,3
GENE-6370,NO,1,45,15,47,19,23,63
GENE-6371,NO,1,0,0,0,0,0,0
GENE-6372,NO,1,0,0,0,0,0,0
GENE-6373,NO,1,0,0,0,0,0,0
GENE-6374,NO,1,0,0,0,0,0,0
GENE-6375,NO,1,0,0,0,0,0,0
GENE-6376,NO,1,0,0,0,0,0,0
GENE-6377,NO,1,1185,1210,1680,1349,1545,1382
GENE-6378,NO,1,35,33,66,42,47,52
GENE-6379,YES,1,0,0,0,0,0,0
GENE-6380,NO,1,0,0,0,0,0,0
GENE-6381,NO,1,0,0,0,0,0,0
GENE-6382,NO,1,1,0,2,2,1,1
GENE-6383,NO,1,0,1,0,0,1,0
GENE-6384,NO,1,0,0,0,0,0,0
GENE-6385,NO,1,2549,1272,1940,900,685,2736
GENE-6386,NO,1,0,0,0,0,0,0
GENE-6387,NO,1,0,0,0,0,0,0
GENE-6388,NO,1,352,412,373,301,343,387
GENE-6389,NO,1,0,0,0,0,0,0
GENE-6390,NO,1,0,0,0,0,0,0
GENE-6391,NO,1,0,0,0,0,0,0
GENE-6392,NO,1,0,0,0,0,0,0
GENE-6393,NO,1,0,0,0,0,0,0
GENE-6394,NO,1,0,0,0,0,0,0
GENE-6395,NO,1,124,275,218,445,361,298
GENE-6396,NO,1,0,0,0,0,0,0
GENE-6397,NO,1,0,0,0,0,0,0
GENE-6398,NO,1,105,150,90,95,90,152
GENE-6399,NO,1,0,0,0,0,0,0
GENE-6400,NO,1,24,48,38,41,38,34
GENE-6401,NO,1,0,0,0,1,1,0
GENE-6402,YES,1,0,0,0,0,0,0
GENE-6403,YES,1,0,0,0,0,0,0
GENE-6404,NO,1,1418,1297,1544,1292,1442,1225
GENE-6405,NO,1,0,0,0,0,0,0
GENE-6406,NO,1,3,4,2,2,6,3
GENE-6407,NO,1,1,0,0,0,0,0
GENE-6408,NO,1,0,0,1,0,0,0
GENE-6409,NO,1,0,0,0,0,0,0
GENE-6410,NO,1,243,232,227,500,297,200
GENE-6411,NO,1,0,0,0,0,0,0
GENE-6412,NO,1,0,0,0,0,0,0
GENE-6413,NO,1,18,16,17,23,15,17
GENE-6414,NO,1,1,6,5,5,10,2
GENE-6415,NO,1,182,234,214,215,83,346
GENE-6416,NO,1,44,55,48,48,50,54
GENE-6417,NO,1,71,84,106,75,95,78
GENE-6418,NO,1,209,324,316,309,335,386
GENE-6419,NO,1,0,0,0,2,2,1
GENE-6420,NO,1,1626,1671,1876,1928,1873,1707
GENE-6421,NO,1,0,0,0,0,0,0
GENE-6422,NO,1,0,0,0,0,0,0
GENE-6423,NO,1,0,0,0,0,0,0
GENE-6424,NO,1,0,0,2,0,0,0
GENE-6425,NO,1,0,0,0,0,0,0
GENE-6426,NO,1,58,46,72,41,56,36
GENE-6427,NO,1,0,0,0,0,0,0
GENE-6428,NO,1,17,18,17,13,9,10
GENE-6429,NO,1,0,0,0,0,0,0
GENE-6430,NO,1,0,0,0,0,0,0
GENE-6431,NO,1,0,0,0,0,0,0
GENE-6432,NO,1,0,0,0,0,0,0
GENE-6433,NO,1,0,0,0,0,0,0
GENE-6434,NO,1,4,2,4,9,3,1
GENE-6435,NO,1,0,0,0,0,0,0
GENE-6436,NO,1,0,0,0,0,0,0
GENE-6437,NO,1,0,0,0,0,0,0
GENE-6438,YES,1,0,0,0,0,0,0
GENE-6439,NO,1,634,479,513,476,567,496
GENE-6440,NO,1,164,168,127,133,191,150
GENE-6441,NO,1,0,0,0,0,0,0
GENE-6442,NO,1,0,0,0,0,0,0
GENE-6443,NO,1,0,0,0,0,0,0
GENE-6444,NO,1,0,0,0,0,0,0
GENE-6445,NO,1,0,0,0,0,0,0
GENE-6446,YES,1,0,0,0,0,0,0
GENE-6447,NO,1,0,0,0,0,0,0
GENE-6448,NO,1,0,0,0,0,0,0
GENE-6449,NO,1,0,0,0,0,0,0
GENE-6450,NO,1,0,0,0,0,0,0
GENE-6451,NO,1,0,0,0,0,0,0
GENE-6452,NO,1,0,0,0,0,0,0
GENE-6453,NO,1,759,730,1006,908,941,988
GENE-6454,NO,1,69,58,55,77,68,52
GENE-6455,NO,1,0,0,0,0,0,0
GENE-6456,NO,1,0,0,0,0,0,0
GENE-6457,NO,1,174,206,230,214,137,175
GENE-6458,NO,1,24,9,17,18,8,13
GENE-6459,NO,1,0,0,0,0,0,0
GENE-6460,NO,1,0,0,0,0,0,0
GENE-6462,NO,1,0,0,0,0,0,0
GENE-6463,NO,1,253,307,294,340,311,360
GENE-6464,NO,1,297,215,279,265,279,197
GENE-6465,NO,1,0,0,0,0,0,0
GENE-6466,NO,1,0,0,0,0,0,0
GENE-6467,NO,1,900,824,632,842,856,988
GENE-6468,NO,1,1,5,1,3,1,1
GENE-6469,NO,1,2,1,8,2,2,3
GENE-6470,NO,1,0,0,0,0,0,0
GENE-6471,YES,1,0,0,0,0,0,0
GENE-6472,NO,1,0,0,0,0,0,0
GENE-6473,NO,1,0,0,0,0,0,0
GENE-6474,NO,1,0,0,0,0,0,0
GENE-6475,NO,1,0,0,0,0,0,0
GENE-6476,NO,1,0,0,0,0,0,0
GENE-6477,NO,1,1,2,2,1,1,1
GENE-6478,NO,1,0,0,0,0,0,0
GENE-6479,NO,1,24,18,22,14,17,18
GENE-6480,NO,1,0,0,0,0,0,0
GENE-6481,NO,1,0,0,0,0,0,0
GENE-6482,NO,1,0,0,0,0,0,0
GENE-6483,NO,1,0,0,0,0,0,0
GENE-6484,NO,1,524,381,779,638,1040,1349
GENE-6485,NO,1,1,0,0,0,0,0
GENE-6486,NO,1,0,0,0,0,0,0
GENE-6487,NO,1,0,0,0,0,0,0
GENE-6488,NO,1,0,0,0,0,0,0
GENE-6489,YES,1,4,1,3,4,10,15
GENE-6490,NO,1,0,0,0,0,0,0
GENE-6491,NO,1,0,0,1,0,1,0
GENE-6492,NO,1,0,0,0,0,0,0
GENE-6493,NO,1,0,0,0,0,0,0
GENE-6494,NO,1,0,0,0,0,0,0
GENE-6495,NO,1,0,0,0,0,0,0
GENE-6496,NO,1,0,0,0,0,0,0
GENE-6498,NO,1,0,0,0,0,0,0
GENE-6499,NO,1,94,64,56,71,50,51
GENE-6500,NO,1,807,738,787,881,1118,501
GENE-6501,NO,1,0,0,0,0,0,0
GENE-6502,NO,1,0,0,0,0,0,0
GENE-6503,NO,1,0,0,0,2,3,0
GENE-6504,NO,1,3,6,2,0,3,3
GENE-6505,NO,1,0,0,0,0,0,0
GENE-6506,NO,1,1691,1949,1623,1487,1573,1444
GENE-6507,NO,1,1,0,0,0,0,0
GENE-6508,NO,1,0,0,0,0,0,0
GENE-6509,NO,1,0,0,0,0,0,0
GENE-6510,NO,1,0,0,0,0,0,0
GENE-6511,NO,1,0,0,0,0,0,0
GENE-6512,NO,1,0,0,0,0,0,0
GENE-6513,NO,1,31,28,46,33,16,24
GENE-6514,NO,1,545,562,544,590,595,567
GENE-6515,NO,1,0,0,0,1,0,2
GENE-6516,NO,1,1,0,3,0,2,0
GENE-6517,NO,1,0,0,0,1,0,1
GENE-6518,NO,1,0,0,0,0,0,0
GENE-6519,NO,1,0,0,0,0,0,0
GENE-6520,NO,1,4,2,6,7,3,3
GENE-6521,NO,1,0,0,0,0,0,0
GENE-6522,NO,1,101,110,131,132,110,111
GENE-6523,NO,1,1127,1176,1104,1244,1214,1214
GENE-6524,NO,1,0,0,0,0,0,0
GENE-6525,NO,1,0,0,0,0,0,0
GENE-6526,YES,1,0,0,1,1,3,5
GENE-6527,NO,1,0,0,0,0,0,0
GENE-6528,NO,1,0,0,0,0,0,0
GENE-6529,NO,1,0,0,0,0,0,0
GENE-6530,NO,1,38,40,66,65,58,78
GENE-6531,NO,1,33,30,57,30,28,46
GENE-6532,NO,1,12,13,17,13,17,8
GENE-6533,NO,1,402,381,281,390,326,471
GENE-6534,NO,1,0,0,0,0,0,0
GENE-6535,NO,1,0,0,0,0,0,0
GENE-6536,NO,1,954,779,619,807,751,531
GENE-6537,NO,1,4,4,6,4,1,7
GENE-6538,NO,1,0,0,0,0,0,0
GENE-6539,NO,1,0,0,0,0,0,0
GENE-6540,NO,1,0,0,0,0,0,0
GENE-6541,NO,1,66,84,105,83,90,79
GENE-6542,NO,1,197,184,126,178,145,167
GENE-6543,NO,1,0,0,0,0,0,0
GENE-6544,NO,1,0,0,0,0,0,0
GENE-6545,NO,1,0,0,0,0,0,0
GENE-6546,NO,1,0,0,0,0,0,0
GENE-6547,NO,1,0,0,0,0,0,0
GENE-6548,YES,1,0,0,0,0,0,0
GENE-6549,NO,1,8,10,5,8,8,7
GENE-6550,NO,1,9,24,16,14,15,11
GENE-6551,NO,1,0,0,0,0,0,0
GENE-6552,NO,1,38,51,35,39,51,31
GENE-6553,NO,1,0,0,0,0,0,0
GENE-6554,NO,1,698,690,689,696,632,584
GENE-6555,NO,1,0,0,0,0,0,0
GENE-6556,NO,1,0,0,0,0,0,0
GENE-6557,NO,1,0,0,0,0,0,0
GENE-6558,NO,1,0,0,0,0,0,0
GENE-6559,NO,1,0,0,0,0,0,0
GENE-6560,NO,1,0,0,0,0,0,0
GENE-6561,YES,1,0,0,0,0,0,0
GENE-6562,NO,1,0,0,0,0,0,0
GENE-6563,NO,1,1,0,0,0,0,0
GENE-6564,NO,1,5,4,7,9,10,6
GENE-6565,NO,1,0,0,0,0,0,0
GENE-6566,NO,1,0,0,0,0,0,0
GENE-6567,NO,1,0,0,0,0,0,0
GENE-6568,NO,1,6,10,7,7,6,6
GENE-6569,NO,1,0,0,0,0,0,0
GENE-6570,NO,1,6,6,5,8,6,6
GENE-6571,NO,1,0,0,0,0,0,0
GENE-6572,NO,1,15,18,27,24,26,20
GENE-6573,NO,1,0,0,0,0,0,0
GENE-6574,NO,1,0,0,0,0,1,1
GENE-6575,NO,1,0,0,0,0,0,0
GENE-6576,NO,1,1683,2202,1972,2359,2249,1465
GENE-6577,NO,1,799,672,739,796,595,707
GENE-6579,NO,1,169,230,228,226,324,218
GENE-6580,YES,1,0,0,0,0,0,0
GENE-6581,NO,1,0,0,0,0,0,0
GENE-6582,NO,1,0,0,0,0,0,0
GENE-6583,NO,1,367,334,358,348,301,329
GENE-6584,NO,1,0,0,0,0,0,0
GENE-6585,NO,1,0,0,0,0,0,0
GENE-6586,NO,1,314,371,266,486,402,412
GENE-6587,NO,1,0,0,0,0,0,0
GENE-6588,NO,1,0,0,0,0,0,0
GENE-6589,YES,1,0,0,0,0,0,0
GENE-6590,NO,1,639,606,688,545,654,692
GENE-6591,NO,1,0,0,0,0,0,0
GENE-6592,NO,1,0,0,0,0,0,0
GENE-6593,NO,1,0,0,0,0,0,0
GENE-6594,NO,1,0,0,0,0,0,0
GENE-6595,NO,1,1356,1119,1335,1689,1190,995
GENE-6596,NO,1,0,0,0,0,0,0
GENE-6597,NO,1,0,0,0,0,0,0
GENE-6598,NO,1,0,0,0,0,0,0
GENE-6599,NO,1,18,12,18,13,10,14
GENE-6600,NO,1,0,0,0,0,1,0
GENE-6601,NO,1,102,124,53,96,97,88
GENE-6602,NO,1,0,0,0,0,0,0
GENE-6603,NO,1,0,0,0,0,0,0
GENE-6604,NO,1,0,0,0,0,0,0
GENE-6605,NO,1,0,0,0,0,0,0
GENE-6606,NO,1,849,636,800,708,748,1092
GENE-6607,NO,1,348,412,374,392,394,505
GENE-6608,NO,1,0,0,0,0,0,0
GENE-6609,NO,1,0,0,0,0,0,0
GENE-6610,NO,1,0,0,0,0,0,0
GENE-6611,NO,1,2,0,1,0,1,1
GENE-6612,NO,1,0,0,0,0,0,0
GENE-6613,NO,1,0,0,0,0,0,0
GENE-6614,NO,1,0,0,0,0,0,0
GENE-6615,NO,1,0,0,0,0,0,0
GENE-6616,YES,1,0,2,0,0,0,2
GENE-6617,NO,1,130,62,151,119,112,68
GENE-6618,NO,1,0,0,0,0,0,0
GENE-6619,NO,1,0,0,0,0,0,0
GENE-6620,NO,1,0,0,0,0,0,0
GENE-6621,NO,1,0,0,0,0,0,0
GENE-6622,NO,1,0,0,0,0,0,0
GENE-6623,NO,1,0,0,0,0,0,0
GENE-6624,NO,1,0,0,0,0,0,0
GENE-6625,NO,1,0,0,0,0,0,0
GENE-6626,NO,1,0,0,0,1,0,0
GENE-6627,NO,1,0,0,0,0,0,0
GENE-6628,NO,1,0,0,0,0,0,0
GENE-6629,NO,1,7,5,7,1,3,1
GENE-6630,NO,1,11,13,11,6,8,7
GENE-6631,NO,1,0,0,0,0,0,0
GENE-6632,NO,1,0,0,0,0,0,0
GENE-6633,NO,1,0,0,0,0,0,0
GENE-6634,NO,1,0,0,0,0,0,0
GENE-6635,NO,1,0,0,0,0,0,0
GENE-6636,NO,1,0,0,0,0,0,0
GENE-6637,NO,1,0,0,0,0,0,0
GENE-6638,NO,1,0,0,0,0,0,0
GENE-6639,NO,1,14,17,13,11,6,16
GENE-6640,NO,1,0,0,0,0,0,0
GENE-6641,NO,1,0,0,0,0,0,0
GENE-6642,NO,1,1282,1442,1179,1095,1128,1480
GENE-6643,NO,1,0,0,0,0,0,0
GENE-6644,NO,1,0,0,0,0,0,0
GENE-6645,NO,1,0,0,0,0,0,0
GENE-6646,NO,1,0,0,0,0,0,0
GENE-6647,NO,1,0,0,0,0,0,0
GENE-6648,NO,1,0,0,0,0,0,0
GENE-6649,NO,1,21,28,35,28,35,38
GENE-6650,NO,1,0,0,0,0,0,0
GENE-6651,NO,1,0,0,0,0,0,0
GENE-6652,NO,1,0,0,0,0,0,0
GENE-6653,NO,1,0,0,0,0,0,0
GENE-6654,NO,1,83,119,73,111,66,144
GENE-6655,NO,1,0,0,0,0,0,0
GENE-6656,NO,1,0,0,0,0,0,0
GENE-6657,NO,1,0,0,0,1,0,0
GENE-6658,NO,1,0,0,0,0,0,0
GENE-6659,NO,1,335,173,394,719,109,517
GENE-6660,NO,1,0,0,0,0,0,0
GENE-6661,NO,1,0,0,0,0,0,0
GENE-6662,NO,1,3,4,3,1,2,6
GENE-6663,NO,1,0,0,0,0,0,0
GENE-6664,NO,1,0,0,0,0,0,0
GENE-6665,NO,1,0,0,0,1,0,0
GENE-6666,NO,1,0,0,0,0,0,0
GENE-6667,NO,1,0,0,0,0,0,0
GENE-6668,NO,1,0,0,0,0,0,0
GENE-6669,NO,1,4,3,5,3,0,6
GENE-6670,NO,1,0,0,0,0,0,0
GENE-6671,NO,1,3,4,3,4,6,5
GENE-6672,YES,1,0,0,0,0,0,0
GENE-6673,NO,1,7,4,10,5,8,12
GENE-6674,NO,1,0,0,0,0,1,1
GENE-6675,NO,1,0,4,2,1,3,1
GENE-6676,NO,1,0,0,0,0,0,0
GENE-6677,NO,1,0,0,0,0,0,0
GENE-6678,NO,1,562,618,517,528,335,585
GENE-6679,NO,1,0,0,0,0,0,0
GENE-6680,NO,1,17041,15038,19955,17225,18405,13592
GENE-6681,NO,1,57,66,48,44,71,40
GENE-6682,NO,1,0,0,0,0,0,0
GENE-6683,NO,1,0,0,0,0,0,0
GENE-6684,NO,1,0,0,0,0,0,0
GENE-6685,NO,1,20,12,16,19,16,9
GENE-6686,NO,1,0,0,0,0,0,0
GENE-6687,NO,1,250,103,113,227,112,160
GENE-6688,NO,1,0,0,0,0,0,0
GENE-6689,NO,1,2131,2201,1252,2660,2109,3841
GENE-6690,NO,1,0,0,0,0,0,0
GENE-6691,NO,1,0,0,0,0,0,0
GENE-6692,NO,1,0,0,0,0,0,0
GENE-6693,NO,1,868,354,396,295,322,112
GENE-6694,NO,1,0,0,0,0,0,0
GENE-6695,NO,1,0,0,0,0,0,0
GENE-6696,NO,1,0,0,0,0,0,0
GENE-6697,NO,1,0,0,0,0,0,0
GENE-6698,NO,1,5,0,3,3,0,2
GENE-6699,NO,1,0,0,0,0,0,0
GENE-6700,NO,1,0,0,0,0,0,0
GENE-6701,NO,1,250,204,127,136,227,82
GENE-6702,YES,1,0,0,0,0,0,0
GENE-6703,NO,1,0,0,0,0,0,0
GENE-6704,NO,1,0,0,0,0,0,0
GENE-6705,NO,1,0,0,0,0,0,0
GENE-6706,NO,1,10,17,6,15,12,3
GENE-6707,NO,1,0,0,0,0,0,0
GENE-6708,NO,1,0,0,0,0,0,0
GENE-6709,NO,1,0,0,0,0,0,0
GENE-6710,NO,1,0,0,0,0,0,0
GENE-6711,NO,1,0,0,0,0,0,0
GENE-6712,NO,1,0,0,0,0,0,0
GENE-6713,NO,1,0,0,0,0,0,0
GENE-6714,NO,1,0,0,0,0,0,0
GENE-6715,NO,1,0,0,0,0,0,0
GENE-6716,NO,1,82,44,59,66,67,70
GENE-6717,NO,1,1420,1919,1574,2225,2514,1373
GENE-6718,NO,1,0,0,0,0,0,0
GENE-6719,NO,1,0,0,0,0,0,0
GENE-6720,NO,1,0,0,0,0,0,0
GENE-6721,NO,1,33,41,33,32,39,34
GENE-6722,NO,1,0,0,0,0,0,0
GENE-6723,NO,1,0,0,0,0,0,0
GENE-6724,NO,1,0,0,0,0,0,0
GENE-6725,NO,1,13,72,53,146,29,18
GENE-6726,NO,1,121,113,156,121,126,111
GENE-6727,NO,1,0,0,0,0,0,0
GENE-6728,NO,1,0,0,0,0,0,0
GENE-6729,NO,1,0,0,0,0,0,0
GENE-6730,NO,1,0,0,0,0,0,0
GENE-6731,NO,1,0,0,0,0,0,0
GENE-6732,NO,1,57,58,69,69,93,77
GENE-6733,NO,1,1638,1565,1458,1554,1206,1113
GENE-6734,NO,1,0,0,0,0,0,0
GENE-6735,NO,1,111,103,87,122,85,92
GENE-6736,NO,1,108,108,116,123,94,116
GENE-6737,NO,1,0,0,0,0,0,0
GENE-6738,NO,1,10,8,18,10,23,8
GENE-6739,NO,1,0,0,0,0,0,0
GENE-6740,NO,1,4,3,2,1,4,6
GENE-6741,NO,1,0,0,0,0,0,0
GENE-6742,NO,1,941,786,949,955,1258,1331
GENE-6743,YES,1,0,1,2,2,1,1
GENE-6744,NO,1,0,0,0,0,0,0
GENE-6745,NO,1,195,220,253,221,251,167
GENE-6746,NO,1,405,312,401,338,359,377
GENE-6747,NO,1,55,54,81,78,86,73
GENE-6748,NO,1,21,24,18,18,16,3
GENE-6749,NO,1,0,0,0,0,0,0
GENE-6750,NO,1,2028,2152,2066,1965,2238,2044
GENE-6751,NO,1,19,14,18,16,18,11
GENE-6752,NO,1,2030,1748,2689,2200,2200,2273
GENE-6753,NO,1,0,0,0,0,0,0
GENE-6754,NO,1,0,0,0,0,0,0
GENE-6756,NO,1,0,0,0,0,0,0
GENE-6757,NO,1,0,0,0,0,0,0
GENE-6758,NO,1,334,216,84,216,197,434
GENE-6759,NO,1,0,0,0,0,0,0
GENE-6760,NO,1,0,0,0,0,0,0
GENE-6761,NO,1,10,12,6,7,12,20
GENE-6762,NO,1,210,192,162,180,181,166
GENE-6763,NO,1,117,121,95,160,129,178
GENE-6764,NO,1,0,0,0,0,0,0
GENE-6765,NO,1,0,0,0,0,0,0
GENE-6766,NO,1,0,0,0,0,0,0
GENE-6767,NO,1,0,0,0,0,0,0
GENE-6768,NO,1,0,0,0,0,0,0
GENE-6769,NO,1,1,0,0,0,0,0
GENE-6770,NO,1,44,45,71,54,49,58
GENE-6771,NO,1,0,0,0,0,0,0
GENE-6772,NO,1,0,0,0,0,0,0
GENE-6773,NO,1,107,81,141,130,159,208
GENE-6774,NO,1,0,1,0,1,0,0
GENE-6775,NO,1,0,0,0,0,0,0
GENE-6776,NO,1,2897,2797,2932,2826,3251,3106
GENE-6777,NO,1,0,0,0,0,0,0
GENE-6778,NO,1,9,9,7,3,4,6
GENE-6779,NO,1,42,37,21,45,22,34
GENE-6780,NO,1,3,2,2,2,1,6
GENE-6781,NO,1,0,0,0,0,0,0
GENE-6782,NO,1,12,6,10,11,7,8
GENE-6783,NO,1,0,0,0,0,0,0
GENE-6784,NO,1,4,4,3,11,5,8
GENE-6785,NO,1,0,0,0,0,0,0
GENE-6786,NO,1,59,48,13,33,46,49
GENE-6787,NO,1,0,0,0,0,0,0
GENE-6788,NO,1,105,113,87,103,107,96
GENE-6789,NO,1,0,0,0,0,0,0
GENE-6790,NO,1,778,673,965,954,735,969
GENE-6791,NO,1,0,0,0,0,0,0
GENE-6792,NO,1,0,0,0,0,0,0
GENE-6793,NO,1,0,0,0,0,0,0
GENE-6794,NO,1,1,3,2,0,4,0
GENE-6795,NO,1,0,0,0,0,0,0
GENE-6796,NO,1,29,19,8,21,19,26
GENE-6797,YES,1,0,0,0,0,0,0
GENE-6798,NO,1,0,0,0,0,0,0
GENE-6799,NO,1,512,617,628,623,535,400
GENE-6800,NO,1,14,20,8,20,20,11
GENE-6801,NO,1,0,0,0,0,0,0
GENE-6802,YES,1,0,0,0,0,0,0
GENE-6803,NO,1,0,0,0,0,0,0
GENE-6804,NO,1,37,50,11,22,20,38
GENE-6805,NO,1,0,0,0,0,0,0
GENE-6806,NO,1,1,0,1,0,0,0
GENE-6807,NO,1,728,813,726,820,865,999
GENE-6808,NO,1,0,0,0,0,0,0
GENE-6809,NO,1,0,0,0,1,0,0
GENE-6810,NO,1,0,0,0,0,0,0
GENE-6811,NO,1,0,0,0,0,0,0
GENE-6812,NO,1,0,0,0,0,0,0
GENE-6813,NO,1,0,0,0,0,0,0
GENE-6814,NO,1,0,0,0,0,0,0
GENE-6815,NO,1,0,0,0,0,0,0
GENE-6816,NO,1,7,12,8,7,2,4
GENE-6817,NO,1,0,0,0,0,0,0
GENE-6818,NO,1,0,0,0,0,0,0
GENE-6819,NO,1,0,0,0,0,0,0
GENE-6820,NO,1,0,0,0,0,0,0
GENE-6821,NO,1,3,0,4,4,1,1
GENE-6822,NO,1,0,0,0,0,0,0
GENE-6823,NO,1,0,0,0,0,0,0
GENE-6824,NO,1,481,383,677,397,458,715
GENE-6825,NO,1,0,0,0,0,0,0
GENE-6826,NO,1,0,0,0,0,0,0
GENE-6827,NO,1,228,254,163,232,193,213
GENE-6828,NO,1,8,15,11,7,9,14
GENE-6829,NO,1,13239,7614,8127,18141,15429,22952
GENE-6830,NO,1,0,0,0,0,0,0
GENE-6831,NO,1,0,0,0,0,0,0
GENE-6832,NO,1,44,56,53,41,67,76
GENE-6833,NO,1,0,0,0,0,0,0
GENE-6835,NO,1,0,0,0,0,0,0
GENE-6836,NO,1,0,0,0,0,0,0
GENE-6837,NO,1,26,24,35,25,22,34
GENE-6838,NO,1,4,7,8,7,4,5
GENE-6839,NO,1,0,8,17,6,6,6
GENE-6840,NO,1,0,0,0,0,0,0
GENE-6841,NO,1,580,585,646,598,617,508
GENE-6842,NO,1,0,0,0,0,0,0
GENE-6843,NO,1,1013,602,914,695,1093,837
GENE-6844,NO,1,1745,1418,1866,1527,1528,1456
GENE-6845,NO,1,6,4,3,3,2,6
GENE-6846,NO,1,0,0,0,0,0,0
GENE-6847,NO,1,0,0,0,0,0,0
GENE-6848,NO,1,0,0,0,0,0,0
GENE-6849,NO,1,0,0,0,0,0,0
GENE-6850,NO,1,72,48,36,28,12,39
GENE-6851,NO,1,0,0,0,0,0,0
GENE-6852,NO,1,0,0,0,0,0,0
GENE-6853,NO,1,1,0,0,0,0,1
GENE-6854,NO,1,0,0,0,0,0,0
GENE-6855,NO,1,26,30,30,27,27,33
GENE-6856,NO,1,342,440,442,266,490,411
GENE-6857,NO,1,18,19,11,26,29,25
GENE-6858,NO,1,0,0,0,0,0,0
GENE-6859,NO,1,19,23,21,15,18,19
GENE-6860,NO,1,0,0,0,0,0,0
GENE-6861,NO,1,34,25,49,26,33,37
GENE-6862,YES,1,0,0,0,0,0,0
GENE-6863,NO,1,0,0,0,0,0,0
GENE-6864,NO,1,0,0,0,0,0,0
GENE-6865,NO,1,0,0,0,0,0,0
GENE-6866,NO,1,0,0,0,0,0,0
GENE-6867,NO,1,107,22,43,50,69,79
GENE-6868,NO,1,5,25,26,13,26,49
GENE-6869,NO,1,0,0,0,0,0,0
GENE-6870,NO,1,276,191,195,261,230,363
GENE-6871,NO,1,0,0,0,0,0,0
GENE-6872,NO,1,0,0,0,0,0,0
GENE-6873,NO,1,0,0,0,0,0,0
GENE-6874,NO,1,0,0,0,0,0,0
GENE-6875,NO,1,1,0,2,0,1,0
GENE-6876,NO,1,623,637,616,691,723,667
GENE-6877,NO,1,0,0,0,0,0,0
GENE-6878,NO,1,0,0,0,0,0,0
GENE-6879,NO,1,0,0,0,2,0,0
GENE-6880,NO,1,0,0,0,0,0,0
GENE-6881,YES,1,1,2,0,21,7,13
GENE-6882,NO,1,68,46,49,72,51,60
GENE-6883,NO,1,0,0,0,0,0,0
GENE-6884,NO,1,0,0,0,0,1,0
GENE-6885,NO,1,0,0,0,0,0,0
GENE-6886,NO,1,18,17,19,23,19,12
GENE-6887,NO,1,0,0,0,0,0,0
GENE-6888,NO,1,0,0,0,0,0,0
GENE-6889,NO,1,0,0,0,0,0,0
GENE-6891,NO,1,0,0,0,0,0,0
GENE-6892,NO,1,0,0,0,0,0,0
GENE-6893,NO,1,30,44,32,35,36,88
GENE-6894,NO,1,507,369,413,381,327,344
GENE-6895,NO,1,439,568,443,787,546,358
GENE-6896,NO,1,60,55,41,70,68,80
GENE-6897,NO,1,2091,1243,1380,1382,1639,1421
GENE-6898,NO,1,0,0,0,0,0,0
GENE-6899,NO,1,0,0,0,0,0,0
GENE-6900,NO,1,11,9,18,3,10,12
GENE-6901,NO,1,0,0,0,0,0,0
GENE-6902,NO,1,0,0,0,0,0,0
GENE-6903,NO,1,0,0,0,0,0,0
GENE-6904,NO,1,0,0,0,0,0,0
GENE-6905,NO,1,2,1,1,2,8,1
GENE-6906,NO,1,0,0,0,0,0,0
GENE-6907,NO,1,11,5,5,14,17,11
GENE-6908,NO,1,0,0,0,0,0,0
GENE-6909,NO,1,0,0,0,0,0,0
GENE-6910,NO,1,0,0,0,0,0,0
GENE-6911,NO,1,2,2,1,3,9,4
GENE-6912,NO,1,0,0,0,0,0,0
GENE-6913,NO,1,0,0,0,0,0,0
GENE-6914,NO,1,38,26,45,35,38,37
GENE-6915,NO,1,0,0,0,0,0,0
GENE-6916,NO,1,0,0,0,0,0,0
GENE-6917,NO,1,0,0,0,0,0,0
GENE-6918,NO,1,0,0,0,0,0,0
GENE-6919,NO,1,63,98,127,27,91,157
GENE-6920,NO,1,0,0,0,0,0,0
GENE-6921,NO,1,0,0,0,0,0,0
GENE-6922,NO,1,0,0,0,0,0,0
GENE-6923,NO,1,0,0,0,0,0,0
GENE-6924,NO,1,0,0,0,0,0,0
GENE-6925,NO,1,0,0,0,0,0,0
GENE-6926,NO,1,0,0,0,0,0,0
GENE-6927,NO,1,0,0,0,0,0,0
GENE-6928,YES,1,0,0,0,0,0,0
GENE-6929,NO,1,0,0,0,0,0,0
GENE-6930,YES,1,0,0,0,0,0,0
GENE-6932,NO,1,0,0,0,0,0,0
GENE-6933,NO,1,0,0,0,0,0,0
GENE-6934,NO,1,0,0,0,0,0,0
GENE-6935,NO,1,0,0,0,0,0,0
GENE-6936,NO,1,0,0,0,0,0,0
GENE-6937,NO,1,231,194,383,228,270,248
GENE-6938,NO,1,0,0,0,0,0,0
GENE-6939,NO,1,76,78,43,39,42,37
GENE-6940,NO,1,0,0,0,0,0,0
GENE-6941,NO,1,0,0,0,0,0,0
GENE-6942,NO,1,0,0,0,0,0,0
GENE-6943,NO,1,0,0,0,0,0,0
GENE-6944,NO,1,51,38,45,55,50,50
GENE-6945,NO,1,0,0,0,0,0,0
GENE-6946,NO,1,0,0,0,0,0,0
GENE-6947,NO,1,0,0,0,0,0,0
GENE-6948,NO,1,0,0,0,0,0,0
GENE-6949,NO,1,0,0,0,0,0,0
GENE-6950,NO,1,0,0,0,0,0,0
GENE-6951,NO,1,54,50,37,38,31,47
GENE-6952,NO,1,0,0,0,0,0,0
GENE-6953,YES,1,0,0,0,0,0,0
GENE-6954,NO,1,0,0,0,0,0,0
GENE-6955,NO,1,5,2,1,4,4,3
GENE-6956,NO,1,0,0,0,0,0,0
GENE-6957,NO,1,0,0,1,0,0,0
GENE-6958,NO,1,0,0,0,0,0,0
GENE-6959,NO,1,0,0,0,0,0,0
GENE-6960,NO,1,120,183,177,106,157,91
GENE-6961,NO,1,0,0,0,0,0,0
GENE-6962,NO,1,0,0,0,0,0,0
GENE-6963,NO,1,0,0,0,0,0,0
GENE-6964,NO,1,0,0,0,0,0,0
GENE-6965,NO,1,0,0,0,0,0,0
GENE-6966,NO,1,0,0,0,0,0,0
GENE-6967,NO,1,0,0,0,0,0,0
GENE-6968,NO,1,371,377,389,408,408,374
GENE-6969,NO,1,0,0,0,0,0,0
GENE-6970,NO,1,0,0,0,0,0,0
GENE-6971,NO,1,0,0,0,0,0,0
GENE-6972,NO,1,0,0,0,0,0,0
GENE-6973,NO,1,0,0,0,0,0,0
GENE-6974,YES,1,0,0,0,0,0,0
GENE-6975,NO,1,3491,3504,3929,4045,3872,2152
GENE-6976,NO,1,0,0,0,0,0,0
GENE-6977,NO,1,0,0,0,0,0,0
GENE-6978,NO,1,0,0,0,0,0,0
GENE-6979,NO,1,0,0,0,0,0,0
GENE-6980,NO,1,7,13,10,10,10,16
GENE-6982,NO,1,0,0,0,0,0,0
GENE-6983,NO,1,10,21,23,22,20,16
GENE-6984,NO,1,37,38,26,34,13,19
GENE-6985,NO,1,757,1231,991,1023,1039,941
GENE-6986,NO,1,216,55,3,43,89,493
GENE-6987,NO,1,22,22,18,20,21,14
GENE-6988,NO,1,0,0,0,0,0,0
GENE-6989,NO,1,0,0,0,0,0,0
GENE-6990,YES,1,0,0,0,0,0,0
GENE-6991,NO,1,0,0,0,0,0,0
GENE-6992,NO,1,0,0,0,0,0,0
GENE-6993,NO,1,0,0,0,0,0,0
GENE-6994,NO,1,0,0,0,0,0,0
GENE-6995,NO,1,0,0,0,0,0,0
GENE-6996,NO,1,420,337,316,370,355,341
GENE-6997,NO,1,0,0,1,0,0,1
GENE-6998,NO,1,3151,3127,3367,3009,2936,3705
GENE-6999,NO,1,514,753,516,647,668,452
GENE-7000,NO,1,0,0,0,0,0,0
GENE-7001,NO,1,0,0,0,0,0,0
GENE-7002,NO,1,0,0,0,0,0,0
GENE-7003,NO,1,45,28,50,34,44,42
GENE-7004,NO,1,0,0,0,0,0,0
GENE-7005,NO,1,0,0,0,0,0,0
GENE-7006,NO,1,0,0,0,0,0,0
GENE-7007,NO,1,0,0,0,0,0,0
GENE-7008,NO,1,4,5,6,6,2,9
GENE-7009,NO,1,0,0,0,0,0,0
GENE-7010,NO,1,18,13,20,17,17,19
GENE-7011,NO,1,91,93,113,160,96,101
GENE-7012,NO,1,0,0,0,0,0,0
GENE-7013,NO,1,3,0,0,1,1,2
GENE-7014,NO,1,0,0,0,0,0,0
GENE-7015,NO,1,3,1,5,0,3,2
GENE-7016,NO,1,0,1,0,0,1,1
GENE-7017,NO,1,24,17,16,23,18,26
GENE-7018,NO,1,1101,1334,1400,1400,2425,1472
GENE-7019,NO,1,0,1,0,0,0,0
GENE-7020,NO,1,68,44,61,54,67,48
GENE-7021,NO,1,9,8,7,14,3,9
GENE-7022,NO,1,36,31,36,32,20,21
GENE-7023,NO,1,751,804,622,579,669,651
GENE-7024,NO,1,1,0,0,1,0,0
GENE-7025,NO,1,1002,1302,1039,877,1561,632
GENE-7026,NO,1,0,0,0,0,0,0
GENE-7027,NO,1,0,0,0,0,0,0
GENE-7028,NO,1,0,0,0,0,0,0
GENE-7029,NO,1,0,0,0,0,0,0
GENE-7030,NO,1,48,74,80,68,66,77
GENE-7031,NO,1,0,0,0,0,0,0
GENE-7032,NO,1,0,0,0,0,0,0
GENE-7033,NO,1,0,0,0,0,0,0
GENE-7034,NO,1,2,3,0,6,2,2
GENE-7035,NO,1,887,680,644,659,862,680
GENE-7036,NO,1,0,0,0,0,0,0
GENE-7037,NO,1,0,0,0,0,0,0
GENE-7038,NO,1,0,0,0,0,0,0
GENE-7039,NO,1,0,0,0,0,0,0
GENE-7040,NO,1,0,0,0,0,0,0
GENE-7041,NO,1,0,1,0,0,0,1
GENE-7042,NO,1,0,0,0,0,0,0
GENE-7043,NO,1,0,0,0,0,0,0
GENE-7044,NO,1,0,0,0,0,0,0
GENE-7045,NO,1,0,0,0,0,0,0
GENE-7046,NO,1,0,0,0,0,0,0
GENE-7047,NO,1,0,0,0,0,0,0
GENE-7048,NO,1,49,61,46,62,58,32
GENE-7049,NO,1,0,0,0,0,0,0
GENE-7050,YES,1,0,0,0,0,0,0
GENE-7051,NO,1,0,0,0,0,0,0
GENE-7052,NO,1,0,0,0,0,0,0
GENE-7053,NO,1,0,0,0,0,0,0
GENE-7054,NO,1,0,0,0,0,0,0
GENE-7055,NO,1,0,0,0,0,0,0
GENE-7056,NO,1,0,0,0,0,0,0
GENE-7057,NO,1,0,0,0,0,0,0
GENE-7058,NO,1,502,596,579,590,585,508
GENE-7059,NO,1,0,0,0,0,0,0
GENE-7060,NO,1,440,550,680,650,356,248
GENE-7061,NO,1,0,0,0,0,0,0
GENE-7062,NO,1,0,0,0,0,0,0
GENE-7063,NO,1,21,15,17,20,25,14
GENE-7064,NO,1,0,0,1,1,0,0
GENE-7065,NO,1,0,0,0,0,0,0
GENE-7066,NO,1,0,0,0,0,0,0
GENE-7067,NO,1,0,0,0,0,0,0
GENE-7068,YES,1,0,0,0,0,0,0
GENE-7069,NO,1,0,0,0,0,0,0
GENE-7070,NO,1,0,0,0,0,0,0
GENE-7071,NO,1,0,0,0,0,0,0
GENE-7072,NO,1,0,0,0,0,0,0
GENE-7073,NO,1,0,0,0,0,0,0
GENE-7074,NO,1,1,0,0,2,1,0
GENE-7075,NO,1,0,0,0,0,0,0
GENE-7076,NO,1,0,0,0,0,0,0
GENE-7077,NO,1,0,0,0,0,0,0
GENE-7078,NO,1,314,309,366,334,439,391
GENE-7079,NO,1,3,2,1,0,0,2
GENE-7080,NO,1,0,0,0,0,0,0
GENE-7081,NO,1,0,0,0,0,0,0
GENE-7082,NO,1,0,0,0,0,0,0
GENE-7083,NO,1,0,0,0,0,0,0
GENE-7084,NO,1,0,0,0,0,0,0
GENE-7085,NO,1,0,0,0,0,0,0
GENE-7086,NO,1,0,0,0,0,0,0
GENE-7087,NO,1,27,30,30,22,10,28
GENE-7088,NO,1,454,516,731,553,713,703
GENE-7089,NO,1,789,759,848,768,751,786
GENE-7090,NO,1,0,0,0,0,0,0
GENE-7091,NO,1,0,0,0,0,0,0
GENE-7092,NO,1,1385,1590,649,1797,705,775
GENE-7093,NO,1,0,0,0,0,0,0
GENE-7094,NO,1,0,0,0,0,0,0
GENE-7095,YES,1,0,0,0,0,0,0
GENE-7096,NO,1,106,45,113,85,90,74
GENE-7097,NO,1,1,0,0,2,0,1
GENE-7098,NO,1,0,0,0,0,0,0
GENE-7099,NO,1,0,0,0,0,0,0
GENE-7100,NO,1,0,0,0,0,0,0
GENE-7101,NO,1,0,0,0,0,0,0
GENE-7102,NO,1,0,0,0,0,0,0
GENE-7103,NO,1,0,0,0,0,0,0
GENE-7105,YES,1,0,0,0,0,0,0
GENE-7106,NO,1,0,0,0,0,0,0
GENE-7107,NO,1,879,1339,282,745,1302,991
GENE-7108,NO,1,0,0,0,0,0,0
GENE-7109,NO,1,48,61,37,89,59,41
GENE-7110,NO,1,0,0,0,0,0,0
GENE-7111,NO,1,0,0,0,0,0,0
GENE-7112,NO,1,2,5,6,3,0,2
GENE-7113,NO,1,0,0,0,0,0,0
GENE-7114,NO,1,0,65,1,21,0,2
GENE-7115,NO,1,0,0,0,0,0,0
GENE-7116,NO,1,0,0,0,0,0,0
GENE-7117,NO,1,0,0,0,0,0,0
GENE-7118,NO,1,122,140,137,175,149,181
GENE-7119,NO,1,0,0,0,0,0,0
GENE-7120,NO,1,0,0,0,0,0,0
GENE-7121,NO,1,40,43,49,31,49,62
GENE-7122,NO,1,0,0,0,0,0,0
GENE-7123,NO,1,0,0,0,1,0,0
GENE-7124,NO,1,4373,9092,5923,7628,7392,4675
GENE-7125,NO,1,465,485,1010,696,692,608
GENE-7126,NO,1,0,0,0,0,0,0
GENE-7127,NO,1,81,107,91,82,100,110
GENE-7128,NO,1,0,0,0,0,0,0
GENE-7129,NO,1,0,0,0,0,0,0
GENE-7130,NO,1,0,0,0,0,0,0
GENE-7131,NO,1,0,0,0,0,0,0
GENE-7132,NO,1,6,4,4,5,8,5
GENE-7133,NO,1,40,40,31,29,63,41
GENE-7134,NO,1,0,0,0,0,0,0
GENE-7135,NO,1,0,0,0,0,0,0
GENE-7136,NO,1,0,0,0,0,0,0
GENE-7137,NO,1,1139,1245,1499,1345,969,1220
GENE-7138,NO,1,1878,1440,1562,1700,1714,1311
GENE-7139,NO,1,0,0,0,0,0,0
GENE-7140,NO,1,0,0,0,0,0,0
GENE-7141,YES,1,0,0,0,0,0,0
GENE-7142,NO,1,38,37,29,39,18,28
GENE-7143,NO,1,0,0,0,0,0,0
GENE-7144,NO,1,1,1,0,0,2,1
GENE-7145,NO,1,0,0,0,0,0,0
GENE-7146,NO,1,0,0,0,0,0,0
GENE-7147,NO,1,0,0,0,0,0,0
GENE-7148,NO,1,0,0,0,0,0,0
GENE-7149,NO,1,0,0,0,0,0,0
GENE-7150,NO,1,0,0,0,0,0,0
GENE-7151,NO,1,0,0,0,0,0,0
GENE-7152,NO,1,168,108,117,163,158,241
GENE-7153,NO,1,0,0,0,0,0,0
GENE-7154,NO,1,0,0,0,0,0,0
GENE-7155,NO,1,0,0,0,0,0,0
GENE-7156,NO,1,0,0,0,0,0,0
GENE-7157,NO,1,0,0,0,0,0,0
GENE-7158,NO,1,0,0,0,0,0,0
GENE-7159,NO,1,1129,1081,1098,1278,877,1382
GENE-7160,NO,1,6,5,4,7,5,4
GENE-7161,NO,1,0,0,0,0,0,0
GENE-7162,NO,1,0,0,0,0,0,0
GENE-7163,NO,1,0,0,0,0,0,0
GENE-7164,NO,1,150,119,145,156,149,203
GENE-7165,NO,1,0,0,0,0,0,0
GENE-7166,NO,1,1,0,1,1,4,4
GENE-7167,NO,1,0,0,0,0,0,0
GENE-7168,NO,1,11,20,23,14,11,14
GENE-7169,NO,1,0,0,0,0,0,0
GENE-7170,NO,1,0,0,0,0,0,0
GENE-7171,NO,1,49,36,20,47,42,40
GENE-7172,NO,1,0,0,0,0,0,0
GENE-7173,NO,1,0,0,0,0,0,0
GENE-7174,NO,1,18,16,11,19,13,12
GENE-7175,NO,1,0,0,0,0,0,0
GENE-7176,NO,1,0,0,0,0,0,0
GENE-7177,NO,1,0,0,0,0,0,0
GENE-7178,NO,1,0,0,0,0,0,0
GENE-7179,NO,1,532,479,461,514,525,403
GENE-7180,NO,1,0,0,0,0,0,0
GENE-7181,NO,1,0,0,0,0,0,0
GENE-7182,NO,1,0,0,0,0,0,0
GENE-7183,NO,1,231,404,574,336,374,604
GENE-7184,NO,1,0,0,0,0,0,0
GENE-7185,NO,1,22,11,10,20,12,28
GENE-7186,NO,1,0,0,0,0,0,0
GENE-7187,NO,1,184,188,201,175,198,199
GENE-7188,NO,1,0,0,0,0,0,0
GENE-7189,NO,1,72,72,107,91,85,76
GENE-7190,NO,1,0,0,0,0,0,0
GENE-7191,NO,1,0,0,0,0,0,0
GENE-7193,NO,1,0,0,0,0,0,0
GENE-7194,NO,1,0,0,0,0,0,0
GENE-7195,NO,1,0,0,0,0,0,0
GENE-7196,NO,1,0,0,0,0,0,0
GENE-7197,NO,1,0,0,0,0,0,0
GENE-7198,NO,1,0,0,0,0,0,0
GENE-7199,NO,1,0,0,0,0,0,0
GENE-7200,NO,1,0,0,0,0,0,0
GENE-7201,NO,1,0,0,0,0,0,0
GENE-7202,NO,1,0,0,0,0,0,0
GENE-7203,NO,1,0,0,0,0,0,0
GENE-7204,NO,1,0,0,0,0,0,0
GENE-7205,NO,1,0,0,0,0,0,0
GENE-7206,NO,1,0,0,0,0,0,0
GENE-7207,NO,1,0,0,0,0,0,0
GENE-7208,NO,1,0,0,0,0,0,0
GENE-7209,NO,1,0,0,0,0,0,0
GENE-7210,NO,1,0,0,0,0,0,0
GENE-7211,YES,1,0,0,0,0,0,0
GENE-7212,NO,1,0,0,0,0,0,0
GENE-7213,NO,1,1296,1351,1348,1283,1279,1226
GENE-7214,NO,1,0,0,0,0,0,0
GENE-7215,NO,1,0,0,0,0,0,0
GENE-7216,NO,1,168,170,119,152,151,170
GENE-7217,NO,1,2,1,3,1,0,1
GENE-7218,NO,1,0,0,0,0,0,0
GENE-7219,NO,1,6,7,3,9,4,14
GENE-7220,NO,1,45,47,44,37,41,54
GENE-7221,NO,1,0,0,0,0,0,0
GENE-7222,NO,1,8,18,20,17,11,13
GENE-7223,NO,1,687,700,690,769,582,669
GENE-7225,NO,1,0,0,0,0,0,0
GENE-7226,NO,1,17,8,17,6,15,15
GENE-7227,NO,1,9,9,18,9,12,18
GENE-7228,NO,1,0,0,0,0,0,0
GENE-7229,NO,1,509,300,536,442,320,19
GENE-7230,NO,1,0,0,0,0,0,0
GENE-7231,NO,1,0,0,0,0,0,0
GENE-7232,NO,1,16,14,24,15,16,20
GENE-7233,NO,1,0,0,0,0,0,0
GENE-7234,NO,1,0,0,0,0,0,0
GENE-7235,NO,1,0,0,0,0,0,0
GENE-7236,NO,1,391,330,344,220,237,298
GENE-7237,NO,1,0,0,0,0,0,0
GENE-7238,NO,1,343,401,340,295,360,224
GENE-7239,NO,1,0,0,0,0,0,0
GENE-7240,NO,1,0,0,0,0,0,0
GENE-7241,NO,1,0,0,0,0,0,0
GENE-7242,NO,1,0,0,0,0,0,0
GENE-7243,NO,1,0,0,0,0,0,0
GENE-7244,NO,1,0,0,1,0,0,0
GENE-7245,NO,1,0,0,0,0,0,0
GENE-7246,NO,1,448,467,283,393,370,426
GENE-7247,NO,1,0,0,0,0,0,0
GENE-7248,NO,1,8,7,9,8,7,3
GENE-7249,NO,1,0,0,0,0,0,0
GENE-7250,NO,1,0,0,0,0,0,0
GENE-7251,NO,1,0,0,0,0,0,0
GENE-7252,NO,1,0,0,0,0,0,0
GENE-7253,NO,1,13,21,15,16,11,21
GENE-7254,NO,1,0,0,0,0,0,0
GENE-7255,NO,1,0,0,0,0,0,0
GENE-7256,NO,1,0,0,0,0,0,0
GENE-7257,NO,1,0,0,0,0,0,0
GENE-7258,NO,1,0,0,0,0,0,0
GENE-7259,NO,1,398,402,363,418,438,421
GENE-7260,NO,1,0,0,0,0,0,0
GENE-7261,NO,1,0,0,0,0,0,0
GENE-7262,NO,1,1299,1442,1370,1307,1470,1195
GENE-7263,NO,1,0,0,0,0,0,0
GENE-7264,NO,1,0,0,0,2,0,0
GENE-7265,NO,1,0,0,0,0,0,0
GENE-7266,NO,1,0,0,0,0,0,0
GENE-7267,NO,1,588,506,621,631,486,398
GENE-7268,NO,1,6,4,3,4,2,5
GENE-7269,NO,1,0,0,0,0,0,0
GENE-7270,NO,1,0,0,0,0,0,0
GENE-7271,NO,1,0,0,0,0,0,0
GENE-7272,NO,1,6,1,6,7,2,3
GENE-7273,NO,1,0,0,0,0,0,0
GENE-7274,NO,1,140,158,68,96,89,84
GENE-7275,NO,1,0,0,0,0,0,0
GENE-7276,NO,1,0,0,0,0,0,0
GENE-7277,NO,1,0,0,0,1,0,0
GENE-7278,NO,1,0,0,0,0,0,0
GENE-7279,NO,1,0,0,0,0,0,0
GENE-7280,NO,1,0,0,0,0,0,0
GENE-7281,NO,1,372,318,349,383,399,364
GENE-7282,NO,1,341,438,251,369,390,358
GENE-7283,NO,1,111,122,129,140,89,81
GENE-7284,NO,1,0,0,0,0,0,0
GENE-7285,NO,1,0,0,0,0,0,0
GENE-7286,NO,1,0,0,0,0,0,0
GENE-7287,NO,1,0,0,0,0,0,0
GENE-7288,NO,1,0,0,0,0,0,0
GENE-7289,NO,1,0,0,0,0,0,0
GENE-7290,NO,1,0,0,0,0,0,0
GENE-7291,NO,1,0,0,0,0,0,0
GENE-7292,NO,1,0,0,0,0,0,0
GENE-7293,NO,1,0,0,0,0,0,0
GENE-7294,NO,1,0,0,0,0,0,0
GENE-7295,NO,1,0,0,0,0,0,0
GENE-7296,NO,1,0,0,0,0,0,0
GENE-7297,NO,1,0,0,0,0,0,0
GENE-7298,NO,1,0,0,0,0,0,1
GENE-7299,NO,1,856,794,787,889,872,594
GENE-7300,NO,1,0,0,0,0,0,0
GENE-7302,NO,1,0,0,0,0,0,0
GENE-7303,NO,1,49,74,60,47,50,71
GENE-7304,NO,1,2574,2507,2840,2634,2690,2725
GENE-7305,NO,1,0,0,0,0,0,0
GENE-7306,NO,1,0,0,0,0,0,0
GENE-7307,NO,1,0,0,0,0,0,0
GENE-7308,NO,1,0,0,0,0,0,0
GENE-7309,NO,1,92,92,79,78,104,151
GENE-7310,NO,1,0,0,0,0,0,0
GENE-7311,NO,1,0,0,0,0,0,0
GENE-7312,NO,1,0,0,0,0,0,0
GENE-7313,NO,1,0,0,0,0,0,0
GENE-7314,NO,1,0,0,0,0,0,0
GENE-7315,NO,1,0,0,0,0,0,0
GENE-7316,NO,1,0,0,0,0,0,0
GENE-7317,NO,1,954,722,874,483,695,1465
GENE-7318,NO,1,0,0,0,0,0,0
GENE-7319,NO,1,0,0,0,0,0,0
GENE-7320,NO,1,0,0,0,0,0,0
GENE-7321,NO,1,0,0,0,0,0,0
GENE-7322,NO,1,0,0,0,0,0,0
GENE-7323,NO,1,289,262,172,348,236,387
GENE-7324,NO,1,0,0,0,0,0,0
GENE-7325,NO,1,0,0,0,0,0,0
GENE-7326,NO,1,516,899,706,745,826,786
GENE-7327,NO,1,11,6,8,8,3,8
GENE-7329,NO,1,440,292,278,406,387,397
GENE-7330,NO,1,0,0,0,0,0,0
GENE-7331,NO,1,0,0,0,0,0,0
GENE-7332,NO,1,0,0,0,0,0,0
GENE-7333,NO,1,0,0,0,0,0,0
GENE-7334,YES,1,0,0,0,0,0,0
GENE-7335,NO,1,1,2,1,1,2,2
GENE-7336,NO,1,0,0,0,0,0,0
GENE-7337,NO,1,0,0,0,0,0,0
GENE-7338,NO,1,17624,19584,23306,18071,20957,19566
GENE-7339,NO,1,770,847,897,836,740,810
GENE-7340,NO,1,0,0,0,0,0,0
GENE-7341,NO,1,106,164,115,211,125,138
GENE-7342,NO,1,0,0,0,0,0,0
GENE-7343,NO,1,0,0,0,0,0,0
GENE-7344,NO,1,100,80,105,95,92,88
GENE-7345,NO,1,0,0,0,0,0,0
GENE-7346,NO,1,26,30,30,31,22,20
GENE-7347,NO,1,0,0,0,0,0,0
GENE-7348,NO,1,468,514,342,500,422,494
GENE-7349,NO,1,455,539,467,502,580,466
GENE-7350,NO,1,0,0,0,0,0,0
GENE-7351,YES,1,0,0,0,0,0,0
GENE-7352,NO,1,145,180,308,202,188,210
GENE-7353,NO,1,0,0,0,0,0,0
GENE-7354,NO,1,0,0,0,0,0,0
GENE-7355,NO,1,0,0,0,0,0,0
GENE-7356,NO,1,0,0,0,0,0,0
GENE-7357,NO,1,0,0,0,0,0,0
GENE-7358,NO,1,0,0,0,0,0,0
GENE-7359,NO,1,6,6,5,11,12,14
GENE-7360,NO,1,0,0,0,0,0,0
GENE-7361,NO,1,0,0,0,0,0,0
GENE-7362,NO,1,0,0,0,0,0,0
GENE-7363,NO,1,0,0,0,0,0,0
GENE-7364,NO,1,0,0,0,0,0,0
GENE-7365,NO,1,0,0,0,0,0,0
GENE-7366,NO,1,0,0,1,0,0,0
GENE-7367,NO,1,0,0,0,0,0,0
GENE-7368,YES,1,0,0,0,0,0,0
GENE-7369,NO,1,0,4,3,5,1,4
GENE-7370,NO,1,18,16,18,19,14,17
GENE-7371,NO,1,0,0,0,0,0,0
GENE-7372,NO,1,0,0,0,0,0,0
GENE-7373,NO,1,1,0,0,0,0,0
GENE-7374,NO,1,0,0,0,0,0,0
GENE-7375,NO,1,0,0,0,0,0,0
GENE-7376,NO,1,0,0,0,0,0,0
GENE-7377,NO,1,0,0,0,0,0,0
GENE-7378,NO,1,0,0,0,0,0,0
GENE-7379,NO,1,0,0,0,0,0,0
GENE-7380,NO,1,0,0,0,0,0,0
GENE-7381,NO,1,15,17,25,19,25,21
GENE-7382,YES,1,0,0,0,0,0,0
GENE-7383,NO,1,3263,3282,2908,2549,4587,3282
GENE-7384,NO,1,0,0,0,0,0,0
GENE-7385,YES,1,0,0,0,0,0,0
GENE-7386,NO,1,1,0,0,0,1,4
GENE-7387,NO,1,6,7,15,6,16,11
GENE-7388,NO,1,0,0,0,0,0,0
GENE-7389,NO,1,555,381,506,276,535,533
GENE-7390,NO,1,253,221,236,248,222,262
GENE-7391,NO,1,0,0,0,0,0,0
GENE-7392,NO,1,129,57,245,131,208,61
GENE-7393,NO,1,689,489,373,384,541,475
GENE-7394,NO,1,0,0,0,0,0,0
GENE-7395,NO,1,0,0,0,0,0,0
GENE-7396,NO,1,0,4,4,4,2,3
GENE-7397,NO,1,6,3,8,9,8,8
GENE-7398,NO,1,0,0,0,0,0,0
GENE-7399,NO,1,0,0,0,0,0,0
GENE-7400,NO,1,0,0,0,0,0,0
GENE-7401,NO,1,0,0,0,0,0,0
GENE-7402,NO,1,0,0,0,0,0,0
GENE-7403,NO,1,2,1,1,0,0,0
GENE-7404,NO,1,0,6,2,2,0,2
GENE-7405,NO,1,116,56,117,103,74,226
GENE-7406,NO,1,0,0,0,0,0,0
GENE-7407,NO,1,0,0,0,0,0,0
GENE-7408,NO,1,1,0,0,0,0,0
GENE-7409,NO,1,0,0,0,0,0,0
GENE-7410,NO,1,0,0,0,0,0,0
GENE-7411,NO,1,57,15,18,16,67,42
GENE-7412,YES,1,0,0,0,0,4,2
GENE-7413,NO,1,0,0,0,0,0,0
GENE-7414,NO,1,0,0,0,0,0,0
GENE-7415,NO,1,1,2,6,4,1,2
GENE-7416,NO,1,0,0,0,0,0,0
GENE-7417,NO,1,13,7,9,4,3,8
GENE-7418,NO,1,0,0,0,0,0,0
GENE-7419,YES,1,0,0,0,0,0,0
GENE-7420,NO,1,0,0,0,0,0,0
GENE-7421,NO,1,0,0,0,0,0,0
GENE-7422,NO,1,0,0,0,0,0,0
GENE-7423,NO,1,8,9,5,12,12,9
GENE-7424,NO,1,0,0,0,0,0,0
GENE-7425,NO,1,453,623,416,587,493,462
GENE-7426,NO,1,0,0,0,0,0,0
GENE-7427,NO,1,0,0,0,0,0,0
GENE-7428,NO,1,5,0,2,3,3,3
GENE-7429,NO,1,133,122,124,96,97,145
GENE-7430,NO,1,0,0,0,0,0,0
GENE-7431,YES,1,0,0,0,0,0,0
GENE-7432,NO,1,0,0,0,0,0,0
GENE-7433,NO,1,0,0,0,0,0,0
GENE-7434,NO,1,0,0,0,0,0,0
GENE-7435,NO,1,0,0,0,0,0,0
GENE-7436,NO,1,2381,1741,2783,2849,2889,2271
GENE-7437,NO,1,0,0,0,0,0,0
GENE-7438,YES,1,0,0,0,0,0,0
GENE-7439,NO,1,23,27,24,22,34,26
GENE-7440,NO,1,56,48,46,41,61,60
GENE-7441,NO,1,0,0,0,0,0,0
GENE-7442,NO,1,0,0,0,0,0,0
GENE-7443,NO,1,0,0,0,0,0,0
GENE-7444,NO,1,0,0,0,0,0,0
GENE-7445,NO,1,1454,1565,1135,1422,1415,1226
GENE-7446,NO,1,0,0,0,0,0,0
GENE-7447,NO,1,0,0,0,0,0,0
GENE-7448,NO,1,5,9,6,4,5,5
GENE-7449,NO,1,0,0,0,0,0,0
GENE-7450,NO,1,204,198,138,217,172,214
GENE-7451,NO,1,0,0,0,0,0,0
GENE-7452,NO,1,0,0,0,0,0,0
GENE-7453,NO,1,164,113,154,154,149,161
GENE-7454,NO,1,0,0,0,0,0,0
GENE-7455,NO,1,148,46,66,126,274,47
GENE-7456,NO,1,0,0,0,0,0,0
GENE-7457,NO,1,0,0,0,0,0,0
GENE-7458,NO,1,0,0,0,0,0,0
GENE-7459,NO,1,10,5,6,4,3,5
GENE-7460,YES,1,0,0,0,0,0,0
GENE-7461,NO,1,0,0,0,0,0,0
GENE-7462,NO,1,0,0,0,0,0,0
GENE-7463,NO,1,50,32,25,59,59,35
GENE-7464,NO,1,0,0,0,0,0,0
GENE-7465,NO,1,0,0,0,0,0,0
GENE-7466,NO,1,3564,2504,2867,3618,4262,3351
GENE-7468,NO,1,331,356,459,336,424,499
GENE-7469,NO,1,2,2,4,2,2,3
GENE-7470,NO,1,0,0,0,0,0,0
GENE-7471,NO,1,24,13,47,25,31,14
GENE-7472,YES,1,0,0,0,0,0,0
GENE-7473,NO,1,0,0,0,0,0,0
GENE-7474,NO,1,0,0,0,0,0,0
GENE-7475,NO,1,0,0,0,0,0,0
GENE-7476,NO,1,0,0,0,0,0,0
GENE-7477,NO,1,0,0,0,0,0,0
GENE-7478,NO,1,0,0,0,0,0,0
GENE-7479,NO,1,0,0,0,0,0,0
GENE-7480,NO,1,0,0,0,0,0,0
GENE-7481,NO,1,0,0,0,0,0,0
GENE-7482,NO,1,3018,1425,1858,835,673,1193
GENE-7483,NO,1,0,0,0,0,0,0
GENE-7484,YES,1,0,0,0,0,0,0
GENE-7485,NO,1,0,0,0,0,0,0
GENE-7486,NO,1,138,84,132,120,119,136
GENE-7487,NO,1,138,169,149,130,166,123
GENE-7488,NO,1,0,0,0,0,0,0
GENE-7489,NO,1,0,0,0,0,0,0
GENE-7490,NO,1,0,0,0,0,0,0
GENE-7491,NO,1,0,0,0,0,0,0
GENE-7492,YES,1,0,0,0,0,0,0
GENE-7493,NO,1,0,0,0,0,0,0
GENE-7494,NO,1,0,0,0,0,0,0
GENE-7495,NO,1,0,0,0,0,0,0
GENE-7496,NO,1,3338,4398,2590,2580,3646,4245
GENE-7497,NO,1,14,6,9,8,9,17
GENE-7498,NO,1,457,511,368,409,412,420
GENE-7499,NO,1,0,0,0,0,0,0
GENE-7500,NO,1,0,0,0,0,0,0
GENE-7501,NO,1,66,42,32,34,81,43
GENE-7502,NO,1,0,0,0,0,0,0
GENE-7503,NO,1,0,0,0,0,0,1
GENE-7504,NO,1,0,0,0,0,0,0
GENE-7505,NO,1,0,0,0,0,0,0
GENE-7506,NO,1,0,0,0,0,0,0
GENE-7507,NO,1,0,0,0,0,1,1
GENE-7508,NO,1,30,17,36,28,20,36
GENE-7509,NO,1,0,0,0,0,0,0
GENE-7510,NO,1,0,0,0,0,0,0
GENE-7511,NO,1,0,0,0,0,0,0
GENE-7512,NO,1,122,170,191,163,173,160
GENE-7513,YES,1,0,0,0,1,1,1
GENE-7514,NO,1,0,0,0,0,0,0
GENE-7515,NO,1,0,0,0,0,0,0
GENE-7516,NO,1,0,0,0,0,1,1
GENE-7517,NO,1,0,0,0,0,0,0
GENE-7518,NO,1,0,0,0,0,0,0
GENE-7519,NO,1,0,0,0,0,0,0
GENE-7520,NO,1,1,1,1,2,0,4
GENE-7521,NO,1,0,0,0,0,0,0
GENE-7522,NO,1,41,45,57,51,38,40
GENE-7523,YES,1,0,0,0,0,0,0
GENE-7524,NO,1,0,0,0,0,0,0
GENE-7525,NO,1,0,0,0,0,0,0
GENE-7526,NO,1,0,0,0,0,0,0
GENE-7527,NO,1,0,0,0,0,0,0
GENE-7528,NO,1,0,0,0,0,0,0
GENE-7529,NO,1,0,0,0,0,0,0
GENE-7530,NO,1,0,0,0,0,0,0
GENE-7531,YES,1,0,0,0,0,0,0
GENE-7532,NO,1,0,0,0,0,0,0
GENE-7533,NO,1,0,0,0,0,0,0
GENE-7534,NO,1,0,0,0,0,0,0
GENE-7535,NO,1,0,0,0,0,0,0
GENE-7536,NO,1,0,0,0,0,0,0
GENE-7537,NO,1,157,161,157,192,165,133
GENE-7538,NO,1,0,0,0,0,0,0
GENE-7539,NO,1,0,0,0,0,0,0
GENE-7540,NO,1,0,0,0,0,0,0
GENE-7541,NO,1,0,0,0,0,0,0
GENE-7542,NO,1,0,0,0,0,0,0
GENE-7543,YES,1,0,0,0,0,0,0
GENE-7544,NO,1,0,0,0,0,0,0
GENE-7545,NO,1,0,0,1,1,2,1
GENE-7546,NO,1,0,0,0,0,0,0
GENE-7547,NO,1,1,1,0,1,1,1
GENE-7548,NO,1,0,0,0,0,0,0
GENE-7549,NO,1,0,0,0,0,0,0
GENE-7550,NO,1,0,1,1,1,0,1
GENE-7551,NO,1,0,0,0,0,0,0
GENE-7552,NO,1,0,0,0,0,0,0
GENE-7553,NO,1,24,16,21,22,25,12
GENE-7554,NO,1,0,0,0,0,0,0
GENE-7555,NO,1,0,0,0,0,0,0
GENE-7556,NO,1,0,0,0,0,0,0
GENE-7557,NO,1,0,0,0,0,0,0
GENE-7558,NO,1,0,0,0,0,0,0
GENE-7559,NO,1,267,168,95,126,497,231
GENE-7560,NO,1,14,11,19,18,9,20
GENE-7561,NO,1,26,33,37,28,32,32
GENE-7562,NO,1,6,4,5,1,4,2
GENE-7563,NO,1,0,0,0,0,0,0
GENE-7564,NO,1,0,0,0,0,0,0
GENE-7565,NO,1,2,2,1,1,2,1
GENE-7566,NO,1,0,0,0,0,0,0
GENE-7567,NO,1,0,0,0,0,0,0
GENE-7568,NO,1,0,0,0,0,0,0
GENE-7569,NO,1,1091,862,545,606,858,1074
GENE-7570,NO,1,0,3,0,0,1,1
GENE-7571,NO,1,2,2,4,3,1,1
GENE-7572,NO,1,347,176,331,116,354,222
GENE-7573,NO,1,51,111,49,89,72,55
GENE-7574,NO,1,0,0,0,0,0,0
GENE-7575,NO,1,0,0,0,0,0,0
GENE-7576,NO,1,0,0,0,0,0,0
GENE-7577,NO,1,0,0,0,0,0,0
GENE-7578,NO,1,71,118,134,129,193,177
GENE-7579,NO,1,7,10,7,8,3,7
GENE-7580,NO,1,0,0,0,0,0,0
GENE-7581,NO,1,729,720,770,637,666,671
GENE-7582,NO,1,0,0,0,0,0,0
GENE-7583,NO,1,18,40,24,23,16,28
GENE-7584,NO,1,0,0,0,0,0,0
GENE-7585,NO,1,4,4,2,4,2,4
GENE-7586,NO,1,8,4,9,8,12,6
GENE-7587,NO,1,0,0,0,0,0,0
GENE-7588,NO,1,0,0,0,0,0,0
GENE-7589,NO,1,0,0,0,0,0,0
GENE-7590,NO,1,0,0,0,0,0,0
GENE-7591,NO,1,1383,1358,1968,1883,957,1156
GENE-7592,NO,1,60,58,66,77,52,75
GENE-7593,NO,1,270,275,302,330,274,300
GENE-7594,NO,1,0,0,0,0,0,0
GENE-7595,NO,1,591,534,559,561,717,539
GENE-7596,NO,1,9,10,10,15,16,14
GENE-7597,NO,1,0,0,0,0,0,0
GENE-7598,YES,1,0,0,0,0,0,0
GENE-7599,NO,1,0,0,0,0,0,0
GENE-7600,NO,1,148,141,146,157,220,179
GENE-7601,NO,1,14,14,27,24,14,11
GENE-7602,NO,1,0,0,0,0,0,0
GENE-7603,NO,1,0,0,0,0,0,0
GENE-7604,NO,1,0,0,0,0,0,0
GENE-7605,NO,1,1750,1964,1935,1925,1391,2263
GENE-7606,NO,1,0,0,0,0,0,0
GENE-7607,NO,1,0,0,0,0,0,0
GENE-7608,NO,1,0,0,0,0,0,0
GENE-7609,NO,1,0,0,0,0,0,0
GENE-7610,NO,1,0,0,0,0,0,0
GENE-7611,NO,1,0,0,0,0,0,0
GENE-7612,NO,1,0,0,0,0,0,0
GENE-7613,NO,1,384,389,351,354,375,437
GENE-7614,NO,1,1072,666,713,200,865,571
GENE-7615,NO,1,0,0,0,0,0,0
GENE-7616,NO,1,34,22,33,15,30,23
GENE-7617,NO,1,0,0,0,0,0,0
GENE-7618,NO,1,804,1041,876,1324,1039,1123
GENE-7619,NO,1,0,0,0,0,0,0
GENE-7620,NO,1,0,0,1,0,0,0
GENE-7621,NO,1,0,0,0,0,0,0
GENE-7622,NO,1,321,341,256,330,382,347
GENE-7623,NO,1,0,0,0,0,0,0
GENE-7624,NO,1,0,0,0,0,0,0
GENE-7625,NO,1,0,0,0,0,0,0
GENE-7626,YES,1,0,0,0,3,0,0
GENE-7627,YES,1,0,0,0,0,0,0
GENE-7628,NO,1,0,0,0,0,0,0
GENE-7630,NO,1,108,77,55,94,84,76
GENE-7631,NO,1,0,0,0,0,0,0
GENE-7632,NO,1,2,1,5,1,1,3
GENE-7633,NO,1,0,0,0,0,0,0
GENE-7634,NO,1,0,0,0,0,0,0
GENE-7635,NO,1,10,10,9,14,16,10
GENE-7636,NO,1,64,55,57,26,52,53
GENE-7637,NO,1,13,9,17,12,12,10
GENE-7638,NO,1,111,145,114,151,158,96
GENE-7639,NO,1,0,0,0,0,0,0
GENE-7640,NO,1,0,0,0,0,0,0
GENE-7641,NO,1,0,1,1,3,0,1
GENE-7642,NO,1,10,11,12,21,10,14
GENE-7643,NO,1,0,0,0,0,0,0
GENE-7644,NO,1,0,0,0,0,0,0
GENE-7645,NO,1,0,0,0,0,0,0
GENE-7646,NO,1,2,2,0,3,0,1
GENE-7647,NO,1,0,0,0,0,0,0
GENE-7648,NO,1,0,0,0,0,0,0
GENE-7649,NO,1,0,0,0,0,0,0
GENE-7650,NO,1,0,0,0,0,0,0
GENE-7651,NO,1,31,32,23,19,28,14
GENE-7652,NO,1,0,0,0,0,0,0
GENE-7653,NO,1,34,9,8,20,5,10
GENE-7654,NO,1,0,0,0,0,0,0
GENE-7655,NO,1,0,0,0,0,0,0
GENE-7656,NO,1,0,0,0,0,0,0
GENE-7657,NO,1,0,0,0,0,0,0
GENE-7658,NO,1,0,0,0,0,0,0
GENE-7659,NO,1,0,0,0,0,0,0
GENE-7660,NO,1,0,0,0,0,0,0
GENE-7661,YES,1,2,1,2,6,4,2
GENE-7662,NO,1,1682,1153,1143,1442,1252,1442
GENE-7663,NO,1,202,227,203,229,234,212
GENE-7664,NO,1,0,0,0,0,0,0
GENE-7665,NO,1,0,0,0,0,0,0
GENE-7666,NO,1,81,85,81,78,109,115
GENE-7667,NO,1,27,29,16,43,27,48
GENE-7668,NO,1,0,0,0,0,0,0
GENE-7669,NO,1,0,0,0,0,0,0
GENE-7670,NO,1,0,0,0,0,0,0
GENE-7671,NO,1,0,0,0,0,0,0
GENE-7672,NO,1,87,645,647,168,421,493
GENE-7673,YES,1,0,0,0,0,0,0
GENE-7674,NO,1,0,0,0,0,0,0
GENE-7675,NO,1,1,0,0,2,7,1
GENE-7676,NO,1,1449,2431,862,1704,1800,1579
GENE-7677,NO,1,0,0,0,0,0,0
GENE-7678,NO,1,0,0,0,0,0,0
GENE-7679,NO,1,11,23,15,15,14,28
GENE-7680,NO,1,783,547,893,334,451,405
GENE-7681,NO,1,25,33,33,43,36,43
GENE-7682,NO,1,9,149,71,262,1128,397
GENE-7683,NO,1,0,0,0,0,0,0
GENE-7684,NO,1,0,0,0,0,0,0
GENE-7685,NO,1,0,0,0,0,0,0
GENE-7686,NO,1,0,0,0,0,0,0
GENE-7687,NO,1,0,0,0,0,0,0
GENE-7688,NO,1,0,1,2,1,0,0
GENE-7689,NO,1,0,0,0,0,0,0
GENE-7690,NO,1,0,0,0,0,0,0
GENE-7691,NO,1,0,0,0,0,0,0
GENE-7692,NO,1,0,0,0,0,0,0
GENE-7693,NO,1,0,0,0,0,0,0
GENE-7694,NO,1,0,0,0,0,0,0
GENE-7695,NO,1,0,0,0,0,0,0
GENE-7696,NO,1,0,0,0,0,0,0
GENE-7697,NO,1,29,22,32,20,42,19
GENE-7698,NO,1,0,0,0,0,0,0
GENE-7699,NO,1,0,0,0,0,0,0
GENE-7700,NO,1,1560,1174,1539,1472,2058,1011
GENE-7701,NO,1,1,0,1,6,0,0
GENE-7702,NO,1,0,0,0,0,0,0
GENE-7703,NO,1,309,250,524,522,386,274
GENE-7704,NO,1,0,0,0,0,0,0
GENE-7705,NO,1,888,1632,1208,979,855,1121
GENE-7706,NO,1,263,141,245,262,332,198
GENE-7707,NO,1,53,50,35,41,62,29
GENE-7708,NO,1,0,0,0,0,0,0
GENE-7709,NO,1,0,0,0,0,0,0
GENE-7710,NO,1,0,0,0,0,0,0
GENE-7711,NO,1,0,0,0,0,0,0
GENE-7712,NO,1,90,101,93,83,109,84
GENE-7713,NO,1,0,0,0,0,0,0
GENE-7714,NO,1,3,0,1,1,2,0
GENE-7715,NO,1,0,0,0,0,0,0
GENE-7716,NO,1,0,1,1,1,0,0
GENE-7717,NO,1,0,0,0,0,0,0
GENE-7718,NO,1,0,0,0,0,0,0
GENE-7719,NO,1,0,0,0,0,0,0
GENE-7720,NO,1,311,274,379,459,368,300
GENE-7721,NO,1,0,0,0,0,0,0
GENE-7722,NO,1,0,0,0,0,0,0
GENE-7723,NO,1,0,0,0,0,0,0
GENE-7724,YES,1,0,0,0,0,0,0
GENE-7725,NO,1,2,1,0,1,3,1
GENE-7726,NO,1,0,0,0,0,0,0
GENE-7727,NO,1,0,0,0,0,0,0
GENE-7728,NO,1,0,0,0,0,0,0
GENE-7729,NO,1,0,2,1,2,2,0
GENE-7730,NO,1,0,0,0,0,0,0
GENE-7731,NO,1,0,0,0,0,0,0
GENE-7732,NO,1,0,0,0,0,0,0
GENE-7733,NO,1,0,0,0,0,0,0
GENE-7734,NO,1,0,0,0,0,0,0
GENE-7735,NO,1,76,65,43,69,32,45
GENE-7736,NO,1,0,0,0,0,0,0
GENE-7737,NO,1,0,0,0,0,0,0
GENE-7738,YES,1,0,0,0,0,0,0
GENE-7739,YES,1,0,0,0,0,0,0
GENE-7740,NO,1,0,0,0,0,0,0
GENE-7741,NO,1,15,18,34,11,7,48
GENE-7742,NO,1,0,0,0,0,0,0
GENE-7743,NO,1,0,0,0,0,0,0
GENE-7744,NO,1,172,355,232,192,247,322
GENE-7745,NO,1,0,0,0,0,0,0
GENE-7746,NO,1,0,0,0,0,0,0
GENE-7747,NO,1,0,0,0,0,0,1
GENE-7748,NO,1,0,0,0,0,0,0
GENE-7749,NO,1,0,0,0,0,0,0
GENE-7750,YES,1,0,0,0,0,0,0
GENE-7751,NO,1,0,0,0,0,0,0
GENE-7752,NO,1,0,0,0,0,0,0
GENE-7753,NO,1,12,21,0,9,40,23
GENE-7754,NO,1,0,0,0,0,0,0
GENE-7755,NO,1,0,0,0,0,0,0
GENE-7756,NO,1,0,0,0,0,0,0
GENE-7757,NO,1,0,0,0,0,0,0
GENE-7758,NO,1,0,0,0,0,0,0
GENE-7759,NO,1,0,0,0,0,0,0
GENE-7760,NO,1,25,17,18,16,32,22
GENE-7761,NO,1,0,0,0,0,0,0
GENE-7762,NO,1,0,0,0,0,0,0
GENE-7763,NO,1,0,0,0,0,0,0
GENE-7764,NO,1,695,857,965,728,662,656
GENE-7765,NO,1,0,0,0,0,0,0
GENE-7766,YES,1,0,0,0,0,0,0
GENE-7767,NO,1,0,0,0,0,0,0
GENE-7768,NO,1,0,0,0,0,0,0
GENE-7769,NO,1,0,0,0,0,0,0
GENE-7771,NO,1,222,143,166,178,167,153
GENE-7772,NO,1,8,8,15,14,9,16
GENE-7773,NO,1,0,0,0,0,0,0
GENE-7774,NO,1,0,0,0,0,0,0
GENE-7775,NO,1,0,0,0,0,0,0
GENE-7776,YES,1,0,0,0,0,0,0
GENE-7777,NO,1,4,5,0,2,2,2
GENE-7778,NO,1,2,0,3,6,3,2
GENE-7779,NO,1,0,0,0,0,0,0
GENE-7780,NO,1,0,0,0,0,0,0
GENE-7781,NO,1,0,0,0,0,0,0
GENE-7782,NO,1,0,0,0,0,0,0
GENE-7783,NO,1,0,0,0,0,0,0
GENE-7784,NO,1,0,0,0,0,0,0
GENE-7785,NO,1,0,0,0,0,0,0
GENE-7786,NO,1,0,0,0,0,0,0
GENE-7787,NO,1,0,0,0,0,0,0
GENE-7788,NO,1,0,0,0,0,0,0
GENE-7790,NO,1,2,2,2,1,2,3
GENE-7791,NO,1,0,0,0,0,0,0
GENE-7792,NO,1,0,0,0,0,0,0
GENE-7793,NO,1,605,487,518,538,728,526
GENE-7794,NO,1,0,0,0,0,0,0
GENE-7795,NO,1,0,0,0,0,0,0
GENE-7796,NO,1,0,0,0,0,0,0
GENE-7797,NO,1,0,0,0,0,0,0
GENE-7798,NO,1,2,5,4,2,4,5
GENE-7799,NO,1,0,0,0,0,0,0
GENE-7800,NO,1,0,0,0,0,0,0
GENE-7801,NO,1,0,0,0,0,0,0
GENE-7802,NO,1,0,0,0,0,0,0
GENE-7803,NO,1,0,2,4,0,2,3
GENE-7804,NO,1,66,54,70,51,62,39
GENE-7805,NO,1,177,148,161,198,137,142
GENE-7806,NO,1,110,426,304,380,624,600
GENE-7807,NO,1,5,2,4,0,3,4
GENE-7808,NO,1,284,520,325,228,394,414
GENE-7809,NO,1,0,0,1,0,0,0
GENE-7810,NO,1,308,425,310,409,224,268
GENE-7811,NO,1,0,0,0,0,0,0
GENE-7812,NO,1,0,0,1,2,0,0
GENE-7813,NO,1,44,57,36,39,35,29
GENE-7814,NO,1,0,0,0,0,0,0
GENE-7815,NO,1,748,651,538,576,597,543
GENE-7816,NO,1,0,0,0,0,0,0
GENE-7817,YES,1,0,0,0,0,0,0
GENE-7818,NO,1,0,0,0,0,0,0
GENE-7819,NO,1,0,0,0,0,0,0
GENE-7820,NO,1,15,24,27,19,24,20
GENE-7821,NO,1,0,0,0,0,0,0
GENE-7822,NO,1,0,0,0,0,0,0
GENE-7823,NO,1,317,248,309,519,398,387
GENE-7824,NO,1,0,0,0,0,0,0
GENE-7825,NO,1,16,29,18,10,17,21
GENE-7826,NO,1,0,0,0,0,0,0
GENE-7827,NO,1,0,0,0,0,0,0
GENE-7828,NO,1,0,0,0,0,0,0
GENE-7829,NO,1,0,0,1,0,0,1
GENE-7830,NO,1,426,540,447,439,531,512
GENE-7831,NO,1,0,0,0,0,0,0
GENE-7832,NO,1,0,0,0,0,0,0
GENE-7833,NO,1,0,0,0,0,0,0
GENE-7834,NO,1,0,0,0,0,0,0
GENE-7835,NO,1,3,4,1,5,0,1
GENE-7836,NO,1,0,0,0,0,0,0
GENE-7837,NO,1,0,0,0,0,0,0
GENE-7838,NO,1,0,0,0,0,0,0
GENE-7839,NO,1,0,0,0,0,0,0
GENE-7840,NO,1,176,138,98,91,59,66
GENE-7841,NO,1,3066,3589,3189,3513,3642,5168
GENE-7842,NO,1,20,33,28,28,28,37
GENE-7843,NO,1,0,1,1,0,1,1
GENE-7844,NO,1,0,0,0,0,0,0
GENE-7845,NO,1,0,0,0,0,0,0
GENE-7846,NO,1,0,0,0,0,1,0
GENE-7847,NO,1,0,0,0,0,0,1
GENE-7848,NO,1,656,741,486,264,558,532
GENE-7849,NO,1,0,0,0,0,0,0
GENE-7850,NO,1,1,8,11,6,3,7
GENE-7851,NO,1,3,1,3,3,4,5
GENE-7852,NO,1,0,0,0,0,0,0
GENE-7853,NO,1,53,60,65,55,66,56
GENE-7854,NO,1,0,0,0,0,0,0
GENE-7855,NO,1,0,0,0,0,0,0
GENE-7856,NO,1,491,549,479,418,532,493
GENE-7857,NO,1,2,3,4,4,0,3
GENE-7858,YES,1,0,0,0,0,0,0
GENE-7859,NO,1,0,0,0,0,0,0
GENE-7860,NO,1,1,0,2,0,1,0
GENE-7861,NO,1,0,0,0,0,0,0
GENE-7862,NO,1,0,0,0,0,0,0
GENE-7863,NO,1,0,0,0,0,0,0
GENE-7864,NO,1,0,0,0,0,0,0
GENE-7865,NO,1,0,0,0,0,0,0
GENE-7866,NO,1,0,0,0,0,0,0
GENE-7867,NO,1,366,361,360,328,339,285
GENE-7868,NO,1,0,0,0,0,0,0
GENE-7869,NO,1,0,0,0,0,0,0
GENE-7870,NO,1,2,2,0,2,0,1
GENE-7871,NO,1,32,17,19,14,24,18
GENE-7872,NO,1,0,0,0,0,0,0
GENE-7873,NO,1,0,0,0,0,0,0
GENE-7874,NO,1,0,0,0,0,0,0
GENE-7875,NO,1,0,0,0,0,0,0
GENE-7876,NO,1,0,0,0,0,0,0
GENE-7877,NO,1,0,0,0,0,0,0
GENE-7878,NO,1,0,0,0,0,0,0
GENE-7879,YES,1,0,0,0,0,0,0
GENE-7880,NO,1,33,203,93,123,211,140
GENE-7881,NO,1,205,178,480,160,300,233
GENE-7882,NO,1,0,0,0,0,0,0
GENE-7883,NO,1,0,0,0,0,0,0
GENE-7884,NO,1,0,0,0,0,0,0
GENE-7885,YES,1,1,3,3,3,5,4
GENE-7886,NO,1,242,154,117,198,190,142
GENE-7887,NO,1,30,26,28,20,40,24
GENE-7888,NO,1,937,753,980,807,743,974
GENE-7889,YES,1,0,0,0,0,0,0
GENE-7890,NO,1,0,0,0,0,0,0
GENE-7891,NO,1,437,330,416,387,327,274
GENE-7892,NO,1,27,19,17,21,23,27
GENE-7893,NO,1,0,0,0,0,0,0
GENE-7894,NO,1,0,0,0,0,0,0
GENE-7895,NO,1,0,0,0,0,0,0
GENE-7896,NO,1,80,64,65,67,81,95
GENE-7897,NO,1,0,0,0,0,0,0
GENE-7898,NO,1,0,0,0,0,0,0
GENE-7899,NO,1,0,0,0,0,0,0
GENE-7900,NO,1,0,0,0,0,0,2
GENE-7901,YES,1,0,0,0,0,0,0
GENE-7902,NO,1,0,0,0,0,0,0
GENE-7903,NO,1,0,0,0,0,0,0
GENE-7904,NO,1,133,191,109,133,114,87
GENE-7905,NO,1,38,29,41,25,24,33
GENE-7906,NO,1,0,0,0,0,0,0
GENE-7907,NO,1,0,0,0,0,0,0
GENE-7908,NO,1,0,0,0,0,0,0
GENE-7909,NO,1,0,0,0,0,0,0
GENE-7910,YES,1,0,0,0,0,0,0
GENE-7911,NO,1,1,3,0,1,2,3
GENE-7912,NO,1,0,0,0,0,0,0
GENE-7913,NO,1,0,0,0,0,0,0
GENE-7914,NO,1,0,0,0,0,0,0
GENE-7915,NO,1,0,0,0,0,0,0
GENE-7916,NO,1,0,1,0,0,0,0
GENE-7917,NO,1,0,0,0,0,0,0
GENE-7918,NO,1,0,0,0,0,0,0
GENE-7919,NO,1,0,0,0,0,0,0
GENE-7920,NO,1,0,0,0,0,0,0
GENE-7921,NO,1,56,68,55,77,55,78
GENE-7922,NO,1,0,0,0,0,0,0
GENE-7923,NO,1,0,0,0,0,0,0
GENE-7924,NO,1,0,0,0,0,0,0
GENE-7925,NO,1,9,7,7,9,9,9
GENE-7926,NO,1,0,2,0,0,1,1
GENE-7927,NO,1,0,0,0,0,0,0
GENE-7928,NO,1,0,0,0,0,0,0
GENE-7929,NO,1,0,0,0,0,0,0
GENE-7930,NO,1,0,2,0,0,3,0
GENE-7931,NO,1,0,0,0,0,0,0
GENE-7932,NO,1,0,0,0,0,0,0
GENE-7933,NO,1,0,0,0,0,0,0
GENE-7934,NO,1,0,0,0,0,0,0
GENE-7935,NO,1,367,392,345,397,176,268
GENE-7936,NO,1,4,5,4,4,3,5
GENE-7937,NO,1,0,0,0,0,0,0
GENE-7938,NO,1,3,0,3,1,4,0
GENE-7939,NO,1,221,305,276,175,187,177
GENE-7940,NO,1,0,0,0,0,0,0
GENE-7941,NO,1,54,87,61,85,89,87
GENE-7942,NO,1,0,0,0,0,0,0
GENE-7943,NO,1,333,331,385,340,373,374
GENE-7944,NO,1,79,85,117,85,98,83
GENE-7945,NO,1,17,14,21,18,28,19
GENE-7946,NO,1,0,0,0,0,0,0
GENE-7947,NO,1,199,123,200,200,232,276
GENE-7948,NO,1,0,0,0,0,0,0
GENE-7949,NO,1,0,0,0,0,0,0
GENE-7950,NO,1,0,0,0,0,0,0
GENE-7951,NO,1,48,12,64,52,77,40
GENE-7952,NO,1,0,0,0,0,0,0
GENE-7953,NO,1,0,0,0,0,0,0
GENE-7954,NO,1,0,0,0,0,0,0
GENE-7955,NO,1,0,0,0,0,0,0
GENE-7956,NO,1,1764,2331,1827,2199,1858,1952
GENE-7957,NO,1,0,0,0,0,0,0
GENE-7958,NO,1,0,0,0,0,0,0
GENE-7959,NO,1,0,0,0,0,0,0
GENE-7960,NO,1,9,8,6,8,7,16
GENE-7961,NO,1,0,0,0,0,0,0
GENE-7962,NO,1,1033,907,772,743,701,1477
GENE-7963,NO,1,0,0,0,0,0,0
GENE-7964,NO,1,123,107,106,123,137,152
GENE-7965,NO,1,0,0,0,0,0,0
GENE-7966,YES,1,0,0,0,0,0,0
GENE-7967,NO,1,0,0,0,0,0,0
GENE-7968,NO,1,0,0,0,0,0,0
GENE-7969,NO,1,0,0,0,0,0,0
GENE-7970,NO,1,0,0,0,0,0,0
GENE-7971,NO,1,0,0,0,0,0,0
GENE-7972,NO,1,56,61,45,43,40,47
GENE-7973,NO,1,0,0,0,0,0,0
GENE-7974,NO,1,0,0,0,0,0,0
GENE-7975,NO,1,0,0,0,0,0,0
GENE-7976,NO,1,1370,1696,1473,1456,1531,2051
GENE-7977,NO,1,0,0,0,0,0,0
GENE-7978,NO,1,0,0,0,0,0,0
GENE-7979,NO,1,250,195,216,181,290,281
GENE-7980,NO,1,255,249,316,241,217,220
GENE-7981,NO,1,0,0,0,0,0,0
GENE-7982,NO,1,118,128,118,124,106,109
GENE-7983,NO,1,0,0,0,0,0,0
GENE-7984,YES,1,0,0,0,0,0,0
GENE-7985,NO,1,0,0,0,0,0,0
GENE-7986,NO,1,0,0,0,0,0,0
GENE-7987,NO,1,28,35,57,60,30,57
GENE-7988,NO,1,0,0,0,0,0,0
GENE-7989,NO,1,0,0,0,0,0,0
GENE-7990,NO,1,0,0,0,0,0,0
GENE-7991,NO,1,0,0,0,0,0,0
GENE-7992,NO,1,107,67,66,74,79,47
GENE-7993,YES,1,0,0,0,0,0,0
GENE-7994,YES,1,0,0,0,0,0,0
GENE-7995,NO,1,0,0,0,0,0,0
GENE-7996,NO,1,0,0,0,0,0,0
GENE-7997,NO,1,0,0,0,0,0,0
GENE-7998,NO,1,0,0,0,0,0,0
GENE-7999,NO,1,0,0,0,0,0,0
GENE-8000,NO,1,0,0,0,0,0,0
GENE-8001,NO,1,0,0,0,0,0,0
GENE-8002,NO,1,4,3,2,3,1,2
GENE-8003,NO,1,0,0,0,0,0,0
GENE-8004,NO,1,29,40,36,35,18,34
GENE-8005,NO,1,0,0,0,0,0,0
GENE-8006,NO,1,0,0,0,0,0,0
GENE-8007,NO,1,0,0,0,0,0,0
GENE-8008,NO,1,29,18,21,27,40,20
GENE-8009,NO,1,0,0,0,0,0,0
GENE-8010,NO,1,0,0,0,0,0,0
GENE-8011,NO,1,446,245,136,682,585,274
GENE-8012,NO,1,89,55,36,71,42,46
GENE-8013,NO,1,433,355,413,355,355,400
GENE-8014,NO,1,0,2,0,1,0,2
GENE-8015,NO,1,0,0,0,0,0,0
GENE-8016,NO,1,0,0,0,0,0,0
GENE-8017,NO,1,18,12,14,13,11,12
GENE-8018,NO,1,0,0,0,0,0,0
GENE-8019,NO,1,13,24,17,21,51,18
GENE-8020,NO,1,63,34,42,44,21,26
GENE-8021,NO,1,0,0,0,0,0,0
GENE-8022,NO,1,0,0,0,0,0,0
GENE-8023,NO,1,135,151,170,155,175,151
GENE-8024,NO,1,0,0,0,0,0,0
GENE-8025,NO,1,0,0,0,0,0,0
GENE-8026,NO,1,274,302,326,107,155,216
GENE-8027,NO,1,0,0,0,0,0,0
GENE-8028,NO,1,2202,2606,2667,2124,2713,2477
GENE-8029,NO,1,0,0,0,0,0,0
GENE-8030,NO,1,0,0,0,0,0,0
GENE-8031,NO,1,0,0,0,0,0,0
GENE-8032,NO,1,0,0,0,0,0,0
GENE-8034,NO,1,1,0,4,4,1,2
GENE-8035,NO,1,15,14,27,18,27,22
GENE-8036,NO,1,0,0,0,0,0,0
GENE-8037,NO,1,0,0,0,0,0,0
GENE-8038,NO,1,0,0,0,0,0,0
GENE-8039,NO,1,0,0,0,0,0,0
GENE-8040,NO,1,0,0,0,0,0,0
GENE-8041,NO,1,0,0,0,0,0,0
GENE-8042,NO,1,0,0,0,0,0,0
GENE-8043,NO,1,0,0,0,0,0,0
GENE-8044,NO,1,0,0,0,0,0,0
GENE-8045,NO,1,920,5755,2047,3832,4398,2180
GENE-8046,NO,1,0,0,0,0,0,0
GENE-8047,NO,1,0,0,0,0,0,0
GENE-8048,NO,1,0,0,0,0,0,0
GENE-8049,NO,1,0,0,0,0,0,0
GENE-8050,NO,1,7,2,6,5,1,3
GENE-8051,NO,1,615,1021,1185,951,683,916
GENE-8052,NO,1,0,3,0,1,1,1
GENE-8053,NO,1,0,0,0,0,0,0
GENE-8054,NO,1,1,0,1,0,0,1
GENE-8055,NO,1,0,0,0,0,0,0
GENE-8056,NO,1,0,0,0,0,0,0
GENE-8057,NO,1,0,0,0,0,0,0
GENE-8058,NO,1,0,0,0,0,0,0
GENE-8059,NO,1,15,13,15,17,23,11
GENE-8060,NO,1,0,0,0,0,0,0
GENE-8061,NO,1,0,0,0,0,0,0
GENE-8062,NO,1,0,0,0,0,0,0
GENE-8063,NO,1,0,0,0,0,0,0
GENE-8064,NO,1,0,1,0,0,0,0
GENE-8065,NO,1,0,0,0,0,0,0
GENE-8066,NO,1,0,0,0,0,0,0
GENE-8067,NO,1,0,0,0,0,0,0
GENE-8068,NO,1,0,0,0,0,0,0
GENE-8069,NO,1,243,216,164,298,226,258
GENE-8070,NO,1,0,0,0,0,0,0
GENE-8071,NO,1,27,37,32,29,45,79
GENE-8072,NO,1,0,1,2,0,0,0
GENE-8073,YES,1,0,0,0,0,0,0
GENE-8074,NO,1,0,0,0,0,0,0
GENE-8075,NO,1,0,0,0,0,0,0
GENE-8076,YES,1,1,0,0,10,6,6
GENE-8077,NO,1,0,0,0,0,0,0
GENE-8078,NO,1,0,0,0,0,0,0
GENE-8079,NO,1,0,0,0,0,0,0
GENE-8080,NO,1,0,0,0,0,0,0
GENE-8081,NO,1,28,33,31,30,19,42
GENE-8082,NO,1,0,0,0,0,0,0
GENE-8083,NO,1,0,0,0,0,0,0
GENE-8084,NO,1,0,3,0,6,2,2
GENE-8085,NO,1,0,0,0,0,0,0
GENE-8086,NO,1,0,0,0,0,0,0
GENE-8087,NO,1,0,0,0,0,0,0
GENE-8088,NO,1,13,11,11,16,19,12
GENE-8089,NO,1,0,0,0,0,0,0
GENE-8090,NO,1,0,0,0,0,0,0
GENE-8091,NO,1,105,88,82,61,122,96
GENE-8092,NO,1,9,12,7,3,6,8
GENE-8093,NO,1,0,0,0,0,0,0
GENE-8094,YES,1,0,0,0,0,0,0
GENE-8095,NO,1,0,0,0,0,0,0
GENE-8096,NO,1,0,0,0,0,0,0
GENE-8097,NO,1,8,4,10,11,2,6
GENE-8098,NO,1,143,157,147,165,138,135
GENE-8099,NO,1,0,0,0,0,0,0
GENE-8100,NO,1,0,0,0,0,0,0
GENE-8101,YES,1,0,0,0,0,0,0
GENE-8102,NO,1,0,0,0,0,0,0
GENE-8103,NO,1,0,0,0,0,0,0
GENE-8104,NO,1,0,0,0,0,0,0
GENE-8105,NO,1,106,80,67,87,51,80
GENE-8106,NO,1,0,0,0,0,0,0
GENE-8107,NO,1,0,0,0,0,0,0
GENE-8108,NO,1,0,0,0,0,0,0
GENE-8109,YES,1,0,0,0,0,0,0
GENE-8110,NO,1,0,0,0,0,0,0
GENE-8111,NO,1,135,130,164,140,109,141
GENE-8112,NO,1,1077,996,1059,1059,918,1053
GENE-8113,NO,1,13,12,13,6,9,20
GENE-8114,NO,1,35,52,36,71,11,51
GENE-8115,NO,1,0,0,0,0,0,0
GENE-8116,NO,1,886,966,839,643,786,829
GENE-8117,NO,1,538,678,637,845,447,501
GENE-8118,NO,1,0,0,0,0,0,0
GENE-8119,YES,1,0,0,0,0,0,0
GENE-8120,NO,1,0,0,0,0,0,0
GENE-8121,NO,1,4,0,0,1,2,1
GENE-8122,NO,1,100,93,84,101,73,85
GENE-8123,NO,1,16,15,23,15,15,10
GENE-8124,NO,1,0,0,0,0,0,0
GENE-8125,NO,1,10,13,9,9,7,15
GENE-8126,NO,1,0,0,0,0,0,0
GENE-8127,NO,1,166,305,303,342,219,212
GENE-8128,NO,1,0,0,0,0,0,0
GENE-8129,NO,1,0,0,0,0,0,0
GENE-8130,NO,1,4,1,4,4,5,0
GENE-8131,NO,1,0,0,0,0,0,0
GENE-8132,NO,1,99,121,86,87,65,85
GENE-8133,NO,1,0,0,0,0,0,0
GENE-8134,NO,1,0,0,0,0,0,0
GENE-8135,YES,1,0,0,0,0,0,0
GENE-8136,NO,1,0,0,0,0,0,0
GENE-8137,NO,1,0,0,0,0,0,0
GENE-8138,NO,1,0,0,0,0,0,0
GENE-8139,NO,1,0,0,0,0,0,0
GENE-8140,NO,1,142,94,86,130,130,75
GENE-8141,NO,1,0,0,0,0,0,0
GENE-8142,NO,1,0,0,0,0,0,0
GENE-8143,NO,1,25,32,29,33,23,30
GENE-8144,NO,1,124,190,142,150,175,167
GENE-8145,NO,1,0,0,0,0,0,0
GENE-8146,NO,1,281,233,264,274,256,247
GENE-8147,NO,1,313,309,336,336,406,330
GENE-8148,NO,1,0,0,0,0,0,0
GENE-8149,NO,1,0,0,0,0,0,0
GENE-8150,NO,1,0,0,0,0,0,0
GENE-8151,NO,1,6,6,11,5,9,14
GENE-8152,NO,1,458,666,455,523,641,452
GENE-8153,NO,1,45,35,44,40,35,21
GENE-8155,NO,1,0,0,0,0,0,0
GENE-8156,NO,1,0,0,0,0,0,0
GENE-8157,NO,1,59,49,38,54,36,54
GENE-8158,NO,1,26,18,21,17,11,34
GENE-8159,NO,1,0,0,0,0,0,0
GENE-8160,NO,1,63,40,42,54,60,56
GENE-8161,NO,1,0,0,0,0,0,0
GENE-8162,NO,1,0,0,0,0,0,0
GENE-8163,NO,1,694,701,564,630,778,790
GENE-8164,NO,1,0,0,0,0,0,0
GENE-8165,NO,1,0,0,0,0,0,0
GENE-8166,NO,1,0,0,0,0,0,0
GENE-8167,NO,1,0,0,0,0,0,0
GENE-8168,NO,1,7,1094,56,154,5436,1096
GENE-8169,NO,1,8,13,10,11,20,17
GENE-8170,NO,1,1,2,3,0,3,3
GENE-8171,NO,1,62,160,18,48,29,63
GENE-8172,NO,1,0,0,0,0,0,0
GENE-8173,NO,1,0,0,0,0,0,0
GENE-8174,NO,1,0,0,0,0,0,0
GENE-8175,NO,1,0,2,3,0,1,1
GENE-8176,NO,1,0,0,0,0,0,0
GENE-8177,NO,1,0,0,0,0,0,0
GENE-8178,NO,1,65,39,84,49,56,89
GENE-8179,NO,1,0,0,0,0,0,1
GENE-8180,NO,1,0,0,0,0,0,0
GENE-8181,NO,1,0,0,0,0,0,0
GENE-8182,NO,1,0,0,0,0,0,0
GENE-8183,NO,1,0,0,0,0,0,0
GENE-8184,NO,1,0,0,0,0,0,0
GENE-8185,NO,1,0,0,0,0,0,0
GENE-8186,NO,1,0,0,0,0,0,0
GENE-8187,NO,1,219,198,190,193,211,175
GENE-8188,NO,1,15,23,12,19,26,10
GENE-8190,NO,1,0,0,0,0,0,0
GENE-8191,NO,1,0,0,0,0,0,0
GENE-8192,NO,1,0,0,0,0,0,0
GENE-8193,NO,1,0,0,0,0,0,0
GENE-8194,YES,1,0,1,1,1,0,0
GENE-8195,NO,1,0,0,0,0,0,0
GENE-8196,NO,1,41,53,45,28,65,44
GENE-8197,NO,1,0,0,0,0,0,0
GENE-8198,NO,1,0,0,0,0,0,0
GENE-8199,NO,1,0,0,0,0,0,0
GENE-8200,NO,1,1253,1181,1118,1202,949,1244
GENE-8201,NO,1,0,0,0,0,0,0
GENE-8202,NO,1,0,0,0,0,0,0
GENE-8203,NO,1,70,87,81,48,42,95
GENE-8204,NO,1,0,0,0,0,0,0
GENE-8205,NO,1,0,0,0,0,0,0
GENE-8206,NO,1,0,0,0,0,0,0
GENE-8207,NO,1,0,0,0,0,0,0
GENE-8208,YES,1,0,0,0,0,0,0
GENE-8209,NO,1,0,0,0,0,0,0
GENE-8210,NO,1,0,0,0,0,0,0
GENE-8211,NO,1,0,0,0,0,0,0
GENE-8212,NO,1,0,0,0,0,0,0
GENE-8213,NO,1,0,0,0,0,0,0
GENE-8214,NO,1,0,0,0,0,0,0
GENE-8215,NO,1,0,0,0,0,0,0
GENE-8216,NO,1,0,0,0,0,0,0
GENE-8217,NO,1,0,0,0,0,0,0
GENE-8218,NO,1,0,0,0,0,0,0
GENE-8219,NO,1,0,0,0,0,0,0
GENE-8220,NO,1,0,0,0,0,0,0
GENE-8221,NO,1,0,0,0,0,0,0
GENE-8222,NO,1,0,0,0,0,0,0
GENE-8223,NO,1,0,0,0,0,0,0
GENE-8224,NO,1,0,0,0,0,0,0
GENE-8225,NO,1,7,47,37,23,11,23
GENE-8226,NO,1,101,184,108,64,134,83
GENE-8227,NO,1,2294,1151,3344,2068,1610,2019
GENE-8228,NO,1,0,0,0,0,0,0
GENE-8229,NO,1,0,0,0,0,0,0
GENE-8230,NO,1,0,0,0,0,0,0
GENE-8231,NO,1,0,0,0,0,0,0
GENE-8232,NO,1,14,18,28,11,24,31
GENE-8233,NO,1,19,28,21,19,29,18
GENE-8234,YES,1,0,0,0,0,0,0
GENE-8235,NO,1,168,135,165,120,94,147
GENE-8236,NO,1,104,61,79,76,74,74
GENE-8237,NO,1,9,8,14,15,10,12
GENE-8238,NO,1,0,0,0,0,0,0
GENE-8239,NO,1,0,0,1,1,1,1
GENE-8240,NO,1,1,5,2,4,1,7
GENE-8241,NO,1,0,0,0,0,0,0
GENE-8242,NO,1,1,0,1,1,2,5
GENE-8243,NO,1,1,3,2,5,4,0
GENE-8244,NO,1,21,16,15,22,25,19
GENE-8245,NO,1,0,0,0,0,0,0
GENE-8246,NO,1,174,156,201,115,117,120
GENE-8247,NO,1,6,4,1,4,4,6
GENE-8248,NO,1,0,0,0,0,0,0
GENE-8249,NO,1,0,0,0,0,0,0
GENE-8250,NO,1,0,0,0,0,0,0
GENE-8251,NO,1,0,0,0,0,0,0
GENE-8252,NO,1,267,185,188,166,214,180
GENE-8253,NO,1,143,125,139,124,115,111
GENE-8254,NO,1,0,0,1,0,0,0
GENE-8255,NO,1,847,691,727,734,741,656
GENE-8256,NO,1,0,0,0,0,0,0
GENE-8257,NO,1,0,0,0,0,0,0
GENE-8258,NO,1,25,20,36,34,26,22
GENE-8259,NO,1,0,0,0,0,0,0
GENE-8260,NO,1,0,0,0,0,0,0
GENE-8261,NO,1,0,0,0,0,0,0
GENE-8262,NO,1,0,0,0,0,0,0
GENE-8263,YES,1,0,1,0,2,0,1
GENE-8264,NO,1,0,0,0,0,0,0
GENE-8265,NO,1,1744,1208,1252,1242,1526,1512
GENE-8266,YES,1,0,0,0,0,0,0
GENE-8267,NO,1,0,0,0,0,0,0
GENE-8268,NO,1,0,0,0,0,0,0
GENE-8269,NO,1,38,27,39,34,32,33
GENE-8270,NO,1,92,65,80,90,65,82
GENE-8271,NO,1,0,0,0,0,0,0
GENE-8272,NO,1,439,371,345,442,435,362
GENE-8273,NO,1,39,33,36,35,27,25
GENE-8274,NO,1,0,0,0,0,0,0
GENE-8275,NO,1,1346,2118,2497,1698,2069,2117
GENE-8276,NO,1,2,7,0,1,1,0
GENE-8277,NO,1,252,244,166,230,205,198
GENE-8278,NO,1,0,0,0,0,0,0
GENE-8279,NO,1,0,0,0,0,0,0
GENE-8280,NO,1,0,0,0,0,0,0
GENE-8281,NO,1,0,0,0,0,0,0
GENE-8282,NO,1,0,0,0,0,0,0
GENE-8283,NO,1,74,100,85,67,108,118
GENE-8284,NO,1,91,77,87,88,97,117
GENE-8285,NO,1,0,0,0,0,0,0
GENE-8286,NO,1,12,16,10,15,20,9
GENE-8287,NO,1,66,33,53,40,47,32
GENE-8288,NO,1,0,0,0,0,0,0
GENE-8289,NO,1,30,15,21,11,12,24
GENE-8290,NO,1,0,0,0,0,0,0
GENE-8291,NO,1,2,7,7,2,1,5
GENE-8292,NO,1,0,0,0,0,0,0
GENE-8293,NO,1,0,0,0,0,0,0
GENE-8294,NO,1,169,131,145,183,172,166
GENE-8295,NO,1,1357,1577,2521,1343,1287,2036
GENE-8296,NO,1,0,0,0,0,0,0
GENE-8297,NO,1,0,0,0,0,0,0
GENE-8298,NO,1,0,0,0,0,0,0
GENE-8299,NO,1,2,1,1,2,1,5
GENE-8300,NO,1,0,0,0,0,0,0
GENE-8301,YES,1,0,0,0,0,0,0
GENE-8302,NO,1,0,0,0,0,0,0
GENE-8303,NO,1,0,0,0,0,0,0
GENE-8304,NO,1,0,0,0,0,0,0
GENE-8305,NO,1,21,15,9,27,12,18
GENE-8306,NO,1,0,0,0,0,0,0
GENE-8307,NO,1,11,10,13,8,10,11
GENE-8308,YES,1,0,0,0,0,0,0
GENE-8309,NO,1,0,0,0,0,0,0
GENE-8310,NO,1,0,0,0,0,0,0
GENE-8311,NO,1,0,0,0,0,0,0
GENE-8312,NO,1,0,0,0,0,0,0
GENE-8313,NO,1,11,11,12,7,9,12
GENE-8314,NO,1,0,0,0,0,0,0
GENE-8315,NO,1,0,0,0,0,0,0
GENE-8316,NO,1,0,0,0,0,0,0
GENE-8317,NO,1,0,0,0,0,0,0
GENE-8318,NO,1,0,0,0,0,0,0
GENE-8319,NO,1,0,0,0,0,0,0
GENE-8320,NO,1,0,0,0,0,0,0
GENE-8321,NO,1,0,0,0,0,0,0
GENE-8322,NO,1,21,11,20,28,16,19
GENE-8323,NO,1,11,5,6,12,7,2
GENE-8324,NO,1,0,0,0,0,0,0
GENE-8325,NO,1,0,0,0,0,0,0
GENE-8326,NO,1,0,0,0,0,0,0
GENE-8327,NO,1,0,0,0,0,0,0
GENE-8328,NO,1,0,0,0,0,0,0
GENE-8329,NO,1,0,0,0,0,0,0
GENE-8330,NO,1,0,0,0,0,0,0
GENE-8331,NO,1,0,0,0,0,0,0
GENE-8332,NO,1,0,0,0,0,0,0
GENE-8333,NO,1,12,6,8,2,18,14
GENE-8334,NO,1,0,0,0,0,0,0
GENE-8335,NO,1,0,0,0,0,0,0
GENE-8336,NO,1,0,0,0,0,0,0
GENE-8337,NO,1,0,0,0,0,0,0
GENE-8338,NO,1,1,0,1,0,0,0
GENE-8339,NO,1,0,0,0,0,0,0
GENE-8340,NO,1,0,0,0,0,0,0
GENE-8341,NO,1,0,0,0,0,0,0
GENE-8342,NO,1,0,0,0,0,0,0
GENE-8343,NO,1,0,0,0,0,0,0
GENE-8344,NO,1,0,0,0,0,0,0
GENE-8345,NO,1,0,0,0,0,0,0
GENE-8346,NO,1,0,0,0,0,0,0
GENE-8347,NO,1,0,0,0,0,0,0
GENE-8348,NO,1,359,326,338,289,282,372
GENE-8349,NO,1,0,0,0,0,0,0
GENE-8350,NO,1,580,465,685,518,638,505
GENE-8351,NO,1,0,0,0,0,0,0
GENE-8352,YES,1,0,0,0,0,0,0
GENE-8353,NO,1,20,21,5,9,10,20
GENE-8354,NO,1,0,1,2,0,1,2
GENE-8355,NO,1,0,0,0,0,0,0
GENE-8356,NO,1,0,0,0,0,0,0
GENE-8357,NO,1,478,422,496,366,349,384
GENE-8358,NO,1,0,0,0,0,0,0
GENE-8359,NO,1,0,0,0,0,0,0
GENE-8360,NO,1,0,0,0,0,0,0
GENE-8361,NO,1,0,0,0,0,0,0
GENE-8362,NO,1,127,116,118,135,118,120
GENE-8363,NO,1,1,1,0,2,1,0
GENE-8364,NO,1,1,0,0,0,1,0
GENE-8365,NO,1,0,0,0,0,0,0
GENE-8366,NO,1,0,0,0,0,0,0
GENE-8367,NO,1,4,4,5,6,8,8
GENE-8368,NO,1,2,0,1,2,0,2
GENE-8369,NO,1,0,0,0,0,0,0
GENE-8370,NO,1,0,0,0,0,0,0
GENE-8371,NO,1,0,0,0,0,0,0
GENE-8372,NO,1,0,0,0,0,0,0
GENE-8373,NO,1,8,5,6,10,17,9
GENE-8375,NO,1,0,0,0,0,0,0
GENE-8376,NO,1,94,63,88,99,55,81
GENE-8377,NO,1,0,0,0,0,0,0
GENE-8378,NO,1,565,631,648,396,447,728
GENE-8379,NO,1,359,306,296,291,289,261
GENE-8380,NO,1,214,263,256,300,341,310
GENE-8381,NO,1,0,0,0,0,0,0
GENE-8382,NO,1,0,0,0,2,0,0
GENE-8384,NO,1,0,0,0,0,0,0
GENE-8385,NO,1,0,0,0,0,0,0
GENE-8386,NO,1,0,0,0,0,0,0
GENE-8387,NO,1,0,0,0,0,0,0
GENE-8388,NO,1,0,0,0,0,0,0
GENE-8389,NO,1,159,110,103,162,151,147
GENE-8390,NO,1,0,0,0,0,0,0
GENE-8391,NO,1,0,1,1,0,1,1
GENE-8392,NO,1,0,0,0,0,0,0
GENE-8393,NO,1,2,5,5,7,2,3
GENE-8394,NO,1,0,0,0,0,0,0
GENE-8395,NO,1,0,0,0,0,0,0
GENE-8396,NO,1,0,0,0,0,0,0
GENE-8397,NO,1,0,0,0,0,0,0
GENE-8398,NO,1,0,0,0,0,0,0
GENE-8399,NO,1,0,0,0,0,0,0
GENE-8400,NO,1,27,23,29,23,22,22
GENE-8401,NO,1,5,15,4,7,1,4
GENE-8402,NO,1,1,2,2,3,4,0
GENE-8403,NO,1,0,0,0,0,0,0
GENE-8404,NO,1,0,0,0,0,0,0
GENE-8405,NO,1,0,0,0,0,0,0
GENE-8406,NO,1,0,0,0,0,0,0
GENE-8407,NO,1,0,0,0,0,0,0
GENE-8408,YES,1,0,0,0,0,0,0
GENE-8409,NO,1,920,775,1149,691,838,570
GENE-8410,NO,1,3,1,0,1,1,2
GENE-8411,NO,1,75,75,79,76,81,63
GENE-8412,NO,1,0,0,0,0,0,0
GENE-8413,NO,1,0,0,0,0,0,0
GENE-8414,NO,1,0,0,0,0,0,0
GENE-8415,NO,1,0,0,0,0,0,0
GENE-8416,NO,1,0,0,0,0,0,0
GENE-8417,NO,1,0,0,0,0,0,0
GENE-8418,NO,1,0,0,0,0,0,0
GENE-8419,NO,1,0,0,0,0,0,0
GENE-8420,NO,1,0,0,0,0,0,0
GENE-8421,NO,1,1403,1451,1523,2161,1791,1505
GENE-8422,NO,1,0,0,0,0,0,0
GENE-8423,NO,1,0,2,0,1,0,0
GENE-8424,NO,1,0,0,0,0,0,0
GENE-8425,NO,1,0,0,0,0,0,0
GENE-8426,NO,1,0,0,0,0,0,0
GENE-8427,NO,1,0,0,0,0,0,0
GENE-8428,NO,1,0,0,0,0,0,0
GENE-8429,NO,1,5,7,0,2,6,4
GENE-8430,NO,1,20,13,22,10,18,13
GENE-8431,NO,1,0,0,0,0,0,0
GENE-8432,NO,1,0,0,0,0,0,0
GENE-8433,NO,1,2,6,4,0,2,1
GENE-8434,YES,1,0,1,0,0,0,0
GENE-8435,NO,1,0,0,0,0,0,0
GENE-8436,NO,1,69,88,98,106,102,86
GENE-8437,NO,1,0,0,0,0,0,0
GENE-8438,NO,1,0,0,0,0,0,0
GENE-8439,NO,1,0,0,0,0,0,0
GENE-8440,NO,1,0,0,0,0,0,0
GENE-8441,NO,1,13,20,14,12,12,19
GENE-8442,NO,1,0,0,0,0,0,0
GENE-8443,NO,1,0,0,0,0,0,0
GENE-8444,NO,1,0,0,0,0,0,0
GENE-8445,NO,1,0,0,0,0,0,0
GENE-8446,NO,1,0,0,0,0,0,0
GENE-8447,NO,1,0,0,0,0,0,0
GENE-8448,NO,1,0,0,0,0,0,0
GENE-8449,NO,1,0,0,0,0,0,0
GENE-8450,NO,1,0,0,0,0,0,0
GENE-8451,NO,1,1283,1398,1229,1366,1467,1649
GENE-8452,NO,1,0,0,0,0,0,0
GENE-8453,NO,1,396,577,545,463,703,436
GENE-8454,NO,1,0,0,3,0,0,0
GENE-8455,NO,1,0,0,0,0,0,0
GENE-8456,NO,1,0,0,0,0,0,0
GENE-8457,YES,1,0,0,0,0,0,0
GENE-8458,NO,1,0,0,0,0,0,0
GENE-8459,NO,1,0,0,0,0,0,0
GENE-8460,NO,1,0,0,0,0,0,0
GENE-8461,NO,1,0,0,0,0,0,0
GENE-8462,NO,1,0,0,0,0,0,0
GENE-8463,NO,1,29,67,73,173,416,261
GENE-8464,NO,1,151,171,144,145,108,168
GENE-8465,NO,1,172,178,230,180,187,154
GENE-8466,NO,1,1050,1147,965,1196,1489,944
GENE-8467,NO,1,1,6,0,43,0,57
GENE-8468,NO,1,173,141,135,122,87,92
GENE-8469,NO,1,158,260,235,235,208,158
GENE-8470,NO,1,506,496,596,556,680,575
GENE-8471,NO,1,0,0,0,0,0,0
GENE-8472,NO,1,0,0,0,0,0,0
GENE-8473,NO,1,0,0,0,0,0,0
GENE-8474,NO,1,0,0,0,0,0,0
GENE-8475,NO,1,0,0,0,0,1,2
GENE-8476,NO,1,1809,1141,1648,1701,1540,1802
GENE-8477,NO,1,0,0,0,0,0,0
GENE-8478,NO,1,0,0,0,0,0,0
GENE-8479,NO,1,0,0,0,0,0,0
GENE-8480,YES,1,0,1,0,1,1,1
GENE-8481,NO,1,5,0,3,2,1,2
GENE-8482,NO,1,0,0,0,0,0,0
GENE-8483,NO,1,0,0,1,3,1,0
GENE-8484,NO,1,165,227,150,282,231,252
GENE-8485,NO,1,0,0,0,0,0,0
GENE-8486,NO,1,0,0,0,0,0,0
GENE-8487,NO,1,93,146,152,148,231,156
GENE-8488,NO,1,2017,3012,925,1460,1710,2393
GENE-8489,NO,1,0,0,0,0,0,0
GENE-8490,NO,1,0,0,0,0,0,0
GENE-8491,NO,1,0,0,0,0,0,0
GENE-8492,NO,1,127,123,105,135,144,118
GENE-8493,NO,1,0,0,0,0,0,0
GENE-8494,NO,1,0,0,0,1,0,0
GENE-8495,NO,1,0,0,0,0,0,0
GENE-8496,NO,1,0,0,0,0,0,0
GENE-8497,NO,1,10,10,8,4,11,15
GENE-8498,NO,1,728,759,908,755,986,949
GENE-8499,NO,1,40,13,24,22,26,16
GENE-8500,NO,1,0,0,0,0,0,0
GENE-8501,YES,1,0,0,0,0,0,0
GENE-8502,NO,1,43,51,43,33,34,44
GENE-8503,NO,1,76,73,74,80,81,78
GENE-8504,NO,1,0,0,0,0,0,0
GENE-8505,NO,1,0,0,0,0,0,0
GENE-8506,NO,1,0,0,0,0,0,0
GENE-8507,NO,1,0,0,0,0,0,0
GENE-8508,NO,1,0,0,0,0,0,0
GENE-8509,NO,1,0,0,0,0,0,0
GENE-8510,NO,1,180,185,154,176,156,183
GENE-8511,NO,1,25,36,28,18,13,15
GENE-8512,NO,1,0,0,0,0,0,0
GENE-8513,NO,1,322,375,183,409,324,321
GENE-8514,NO,1,0,0,0,0,0,0
GENE-8515,NO,1,143,106,130,145,163,54
GENE-8516,NO,1,108,53,53,66,66,90
GENE-8517,NO,1,4,8,2,3,7,10
GENE-8518,NO,1,0,0,0,0,0,0
GENE-8519,NO,1,0,0,0,0,0,0
GENE-8520,NO,1,0,0,0,0,0,0
GENE-8521,NO,1,41,26,25,77,49,44
GENE-8522,NO,1,0,0,0,0,0,0
GENE-8523,NO,1,0,0,0,0,0,0
GENE-8524,NO,1,6,7,3,4,6,4
GENE-8525,NO,1,0,0,0,0,0,0
GENE-8526,NO,1,0,0,0,0,0,0
GENE-8527,NO,1,84,94,54,80,130,182
GENE-8528,NO,1,0,0,0,0,0,0
GENE-8529,NO,1,0,0,0,0,0,0
GENE-8530,NO,1,62,58,75,67,71,71
GENE-8531,NO,1,0,0,0,0,0,0
GENE-8532,NO,1,117,115,165,124,134,89
GENE-8533,NO,1,0,0,0,0,0,0
GENE-8534,NO,1,0,0,0,0,0,0
GENE-8535,NO,1,0,0,0,0,0,0
GENE-8536,NO,1,0,0,0,0,0,0
GENE-8537,NO,1,0,0,0,0,0,0
GENE-8538,NO,1,1336,1666,1433,1382,1679,1425
GENE-8539,YES,1,0,0,0,0,0,0
GENE-8540,NO,1,0,0,0,0,0,0
GENE-8541,NO,1,2,1,5,2,2,0
GENE-8542,NO,1,10,16,6,16,16,16
GENE-8543,NO,1,0,0,0,0,0,0
GENE-8544,NO,1,0,0,0,0,0,0
GENE-8545,NO,1,139,152,259,140,255,221
GENE-8546,NO,1,0,0,0,0,0,0
GENE-8547,NO,1,36,34,59,57,46,44
GENE-8548,NO,1,0,0,0,0,0,0
GENE-8549,NO,1,0,0,0,0,0,0
GENE-8550,NO,1,0,0,0,0,0,0
GENE-8551,NO,1,0,0,0,0,0,0
GENE-8552,YES,1,0,0,0,0,0,0
GENE-8553,NO,1,0,0,0,0,0,0
GENE-8554,NO,1,0,0,0,0,0,0
GENE-8555,YES,1,0,0,0,0,0,0
GENE-8556,NO,1,0,0,0,0,0,0
GENE-8557,NO,1,0,0,0,0,0,0
GENE-8558,NO,1,0,0,0,0,0,0
GENE-8559,NO,1,0,0,0,0,0,0
GENE-8560,NO,1,0,0,0,0,0,0
GENE-8561,NO,1,0,0,0,0,0,0
GENE-8562,NO,1,0,0,0,0,0,0
GENE-8563,NO,1,0,1,1,1,4,2
GENE-8564,NO,1,2,0,11,16,8,1
GENE-8565,NO,1,3,15,13,12,10,5
GENE-8566,NO,1,85,93,111,75,137,91
GENE-8567,NO,1,386,256,409,476,262,470
GENE-8568,NO,1,0,0,0,0,0,0
GENE-8569,NO,1,0,0,0,0,0,0
GENE-8570,NO,1,0,0,0,0,0,0
GENE-8571,NO,1,0,0,0,0,0,0
GENE-8572,NO,1,4,5,1,3,3,6
GENE-8573,NO,1,0,0,0,0,0,0
GENE-8574,NO,1,0,0,0,0,0,0
GENE-8575,NO,1,5,9,6,5,1,10
GENE-8576,NO,1,5,7,10,8,10,6
GENE-8577,NO,1,0,0,0,0,0,0
GENE-8578,NO,1,0,0,0,0,0,0
GENE-8579,NO,1,178,207,208,196,181,178
GENE-8580,NO,1,0,0,0,0,0,0
GENE-8581,NO,1,0,0,0,0,0,0
GENE-8583,NO,1,0,0,0,0,0,0
GENE-8584,NO,1,0,0,0,0,0,0
GENE-8585,NO,1,0,0,0,0,0,0
GENE-8586,NO,1,0,0,0,0,0,0
GENE-8587,NO,1,0,0,0,0,0,0
GENE-8588,NO,1,628,816,737,727,686,963
GENE-8589,NO,1,0,0,0,0,0,0
GENE-8590,NO,1,59,52,64,55,74,75
GENE-8591,NO,1,273,229,355,253,251,300
GENE-8592,NO,1,0,0,0,0,0,0
GENE-8593,NO,1,79,52,50,56,74,54
GENE-8594,NO,1,194,137,176,236,195,267
GENE-8595,NO,1,0,0,0,0,0,0
GENE-8596,NO,1,0,0,0,0,0,0
GENE-8597,NO,1,3,5,2,4,6,5
GENE-8598,NO,1,0,0,0,0,0,0
GENE-8599,NO,1,1,0,0,2,0,1
GENE-8600,NO,1,0,0,0,0,0,0
GENE-8601,NO,1,0,0,0,0,0,0
GENE-8602,NO,1,1,1,0,2,2,5
GENE-8603,NO,1,0,0,0,0,0,0
GENE-8604,NO,1,0,0,0,0,0,0
GENE-8605,NO,1,0,0,0,0,0,0
GENE-8606,NO,1,249,387,285,298,305,260
GENE-8607,NO,1,0,0,0,0,0,0
GENE-8608,NO,1,4,6,2,6,3,6
GENE-8609,NO,1,0,0,0,1,0,0
GENE-8610,NO,1,307,268,232,261,248,258
GENE-8611,NO,1,0,0,0,0,0,0
GENE-8612,NO,1,0,0,0,0,0,0
GENE-8613,NO,1,0,0,0,0,0,0
GENE-8614,NO,1,0,0,0,0,0,0
GENE-8615,NO,1,23,13,19,18,17,22
GENE-8616,NO,1,0,0,0,0,0,0
GENE-8617,NO,1,0,5,4,2,5,1
GENE-8618,NO,1,0,0,0,0,0,0
GENE-8619,NO,1,0,0,0,0,0,0
GENE-8620,NO,1,0,0,0,0,0,0
GENE-8621,NO,1,1650,1415,1855,1280,2618,1576
GENE-8623,NO,1,0,0,0,0,0,0
GENE-8624,NO,1,0,0,0,0,0,0
GENE-8625,NO,1,0,0,0,0,0,0
GENE-8626,NO,1,0,0,0,0,0,0
GENE-8627,NO,1,0,0,0,0,0,0
GENE-8628,NO,1,0,0,0,0,0,0
GENE-8629,NO,1,122,163,133,111,145,88
GENE-8630,NO,1,0,0,0,0,0,0
GENE-8632,NO,1,0,0,0,0,0,0
GENE-8633,NO,1,274,192,277,202,346,250
GENE-8634,NO,1,0,0,0,0,0,0
GENE-8635,NO,1,0,0,0,0,0,0
GENE-8636,NO,1,0,0,0,0,0,0
GENE-8637,NO,1,0,0,0,0,0,0
GENE-8638,NO,1,0,0,0,0,0,0
GENE-8639,NO,1,582,640,524,605,555,686
GENE-8640,NO,1,321,434,259,335,621,502
GENE-8641,NO,1,0,0,0,0,0,0
GENE-8642,NO,1,0,0,0,0,0,0
GENE-8643,NO,1,10,11,8,7,3,8
GENE-8644,NO,1,295,144,326,236,254,315
GENE-8645,NO,1,18,11,5,16,20,7
GENE-8646,NO,1,6,5,3,7,8,6
GENE-8647,NO,1,0,0,0,0,0,0
GENE-8648,NO,1,0,0,0,0,0,0
GENE-8649,NO,1,7,13,9,17,14,8
GENE-8650,NO,1,43,51,44,36,46,43
GENE-8651,NO,1,2742,1200,3918,1327,3315,10938
GENE-8652,NO,1,0,0,0,0,0,0
GENE-8653,NO,1,0,0,0,0,0,0
GENE-8654,NO,1,0,0,0,0,0,0
GENE-8655,NO,1,365,314,340,491,362,318
GENE-8656,NO,1,0,0,0,0,0,0
GENE-8657,NO,1,0,0,0,0,0,1
GENE-8658,NO,1,0,0,0,0,0,0
GENE-8659,NO,1,0,0,0,0,0,0
GENE-8660,NO,1,0,0,0,0,0,0
GENE-8661,NO,1,0,0,0,0,0,0
GENE-8662,NO,1,19,12,13,27,32,16
GENE-8663,NO,1,0,0,0,0,0,0
GENE-8664,NO,1,0,0,0,0,0,0
GENE-8665,NO,1,0,0,0,0,0,0
GENE-8666,YES,1,0,0,0,0,0,0
GENE-8667,NO,1,0,0,0,0,0,0
GENE-8668,NO,1,0,0,0,0,0,0
GENE-8669,NO,1,0,0,0,0,0,0
GENE-8670,NO,1,0,3,1,0,3,0
GENE-8671,YES,1,0,0,1,0,0,0
GENE-8672,NO,1,2,1,2,1,2,4
GENE-8673,NO,1,0,0,0,0,0,0
GENE-8674,NO,1,0,0,0,0,0,0
GENE-8675,NO,1,1336,1046,923,895,504,814
GENE-8676,NO,1,0,0,0,0,0,0
GENE-8677,NO,1,0,0,0,0,0,0
GENE-8678,NO,1,0,0,0,0,0,0
GENE-8679,NO,1,6,13,5,10,0,1
GENE-8680,YES,1,0,0,0,0,0,0
GENE-8681,NO,1,0,0,0,0,0,0
GENE-8682,NO,1,0,0,0,0,0,0
GENE-8683,NO,1,0,0,0,0,0,0
GENE-8684,NO,1,0,0,0,0,0,0
GENE-8685,NO,1,0,0,0,0,0,0
GENE-8686,NO,1,0,0,0,0,0,0
GENE-8687,NO,1,53,46,57,66,51,85
GENE-8688,NO,1,0,0,0,0,0,0
GENE-8689,NO,1,0,0,0,0,0,0
GENE-8690,NO,1,62,33,17,23,17,18
GENE-8691,NO,1,0,0,0,0,0,0
GENE-8692,NO,1,0,0,0,0,0,0
GENE-8693,NO,1,0,0,0,0,0,0
GENE-8694,NO,1,73,47,58,69,69,63
GENE-8695,NO,1,2,0,2,0,0,1
GENE-8696,NO,1,119,78,108,119,99,108
GENE-8697,NO,1,18,13,28,13,21,19
GENE-8698,NO,1,596,521,637,587,755,642
GENE-8699,NO,1,575,584,698,556,604,629
GENE-8700,NO,1,0,0,0,0,0,0
GENE-8701,NO,1,0,0,0,0,0,0
GENE-8702,NO,1,0,0,0,0,0,0
GENE-8703,NO,1,0,0,0,0,0,0
GENE-8704,NO,1,0,0,0,0,0,0
GENE-8705,NO,1,647,766,840,806,749,805
GENE-8706,NO,1,0,0,0,0,0,0
GENE-8707,NO,1,0,0,0,0,0,0
GENE-8708,NO,1,0,0,0,0,0,0
GENE-8709,NO,1,0,0,0,0,0,0
GENE-8710,NO,1,0,0,0,0,0,0
GENE-8711,NO,1,0,0,0,0,0,0
GENE-8712,YES,1,0,0,0,0,0,0
GENE-8713,NO,1,0,0,0,0,0,0
GENE-8714,NO,1,0,0,0,0,0,0
GENE-8715,NO,1,0,0,0,1,0,0
GENE-8716,NO,1,0,0,0,0,0,0
GENE-8717,NO,1,0,0,0,0,0,0
GENE-8718,NO,1,0,0,0,0,0,0
GENE-8719,NO,1,1,0,0,0,0,0
GENE-8720,NO,1,0,0,0,0,0,0
GENE-8721,NO,1,0,0,0,0,0,0
GENE-8722,NO,1,103,76,85,86,107,80
GENE-8723,NO,1,224,431,323,741,409,173
GENE-8724,NO,1,0,0,0,0,0,0
GENE-8725,NO,1,53,49,79,36,46,32
GENE-8726,NO,1,0,0,0,0,0,0
GENE-8727,NO,1,0,0,0,0,0,0
GENE-8728,NO,1,452,278,332,684,126,790
GENE-8729,NO,1,1,0,0,2,0,0
GENE-8730,NO,1,0,0,0,0,0,0
GENE-8731,NO,1,99,118,141,126,103,132
GENE-8732,NO,1,0,0,0,0,0,0
GENE-8733,NO,1,0,0,0,0,0,0
GENE-8734,NO,1,0,0,0,0,0,0
GENE-8735,NO,1,0,0,0,0,0,0
GENE-8736,YES,1,0,0,0,0,0,0
GENE-8737,NO,1,10,14,13,6,8,13
GENE-8738,NO,1,0,0,0,0,0,0
GENE-8739,NO,1,0,0,0,0,0,0
GENE-8740,NO,1,0,0,0,0,0,0
GENE-8741,NO,1,0,0,0,0,0,0
GENE-8742,NO,1,0,0,0,0,0,0
GENE-8743,NO,1,1918,1693,1193,1433,1209,1310
GENE-8744,NO,1,0,0,0,0,0,0
GENE-8745,NO,1,0,0,0,0,0,0
GENE-8746,NO,1,31,16,7,57,47,49
GENE-8747,NO,1,0,0,0,0,0,0
GENE-8748,NO,1,38,49,46,52,60,56
GENE-8749,NO,1,0,0,0,0,0,0
GENE-8750,NO,1,0,0,0,0,0,0
GENE-8751,NO,1,0,0,0,0,0,0
GENE-8752,NO,1,0,0,0,0,0,0
GENE-8753,NO,1,0,0,0,0,0,0
GENE-8754,NO,1,0,0,0,0,0,0
GENE-8755,NO,1,0,0,0,0,0,0
GENE-8756,NO,1,0,0,0,0,0,0
GENE-8757,NO,1,28,16,26,17,23,23
GENE-8758,NO,1,0,0,0,0,0,0
GENE-8759,YES,1,0,0,0,0,0,0
GENE-8760,NO,1,0,0,0,0,0,0
GENE-8761,NO,1,0,0,0,0,0,0
GENE-8762,NO,1,15,1,0,13,9,6
GENE-8763,NO,1,0,0,0,0,0,0
GENE-8764,NO,1,0,0,0,0,0,2
GENE-8765,NO,1,0,0,0,0,0,0
GENE-8766,NO,1,0,0,0,0,0,0
GENE-8767,NO,1,0,0,0,0,0,0
GENE-8768,NO,1,0,0,0,0,0,0
GENE-8769,NO,1,0,0,0,0,0,0
GENE-8770,NO,1,7,7,4,5,4,9
GENE-8771,NO,1,0,0,0,0,0,0
GENE-8772,NO,1,0,0,0,0,0,0
GENE-8773,NO,1,0,0,0,0,0,0
GENE-8774,NO,1,0,0,0,0,0,0
GENE-8775,NO,1,0,0,0,0,0,0
GENE-8776,NO,1,0,0,0,0,0,0
GENE-8777,NO,1,0,0,0,0,0,0
GENE-8778,NO,1,4741,4076,4760,5433,4807,5675
GENE-8779,NO,1,0,0,0,0,0,0
GENE-8780,NO,1,0,0,0,0,0,0
GENE-8781,NO,1,0,0,0,0,0,0
GENE-8782,NO,1,0,0,0,0,0,0
GENE-8783,NO,1,0,0,0,0,0,0
GENE-8784,NO,1,0,0,0,0,0,0
GENE-8785,NO,1,0,0,0,0,0,0
GENE-8786,NO,1,0,0,0,0,0,0
GENE-8787,NO,1,83,97,87,71,88,85
GENE-8788,NO,1,0,0,0,0,0,0
GENE-8789,NO,1,2,2,0,1,0,1
GENE-8790,NO,1,0,0,0,0,0,0
GENE-8791,NO,1,41,53,58,44,57,39
GENE-8792,NO,1,0,0,1,1,0,1
GENE-8793,NO,1,0,0,1,2,0,0
GENE-8795,NO,1,0,0,0,0,0,0
GENE-8797,NO,1,0,0,0,0,0,0
GENE-8798,NO,1,0,0,0,0,0,0
GENE-8799,NO,1,0,0,0,0,0,0
GENE-8800,NO,1,496,169,170,324,345,758
GENE-8801,NO,1,42,42,26,27,28,31
GENE-8802,NO,1,0,0,0,0,0,0
GENE-8803,NO,1,35,49,39,59,44,42
GENE-8804,NO,1,0,0,0,0,0,0
GENE-8805,NO,1,0,0,0,0,0,0
GENE-8806,NO,1,0,0,0,0,0,0
GENE-8807,NO,1,0,0,0,0,0,0
GENE-8808,NO,1,1,1,1,0,1,2
GENE-8809,NO,1,0,0,0,0,0,0
GENE-8810,NO,1,2227,1737,1000,1861,2198,4964
GENE-8811,NO,1,0,0,0,0,0,0
GENE-8812,NO,1,0,0,0,0,0,0
GENE-8813,NO,1,0,0,0,0,0,0
GENE-8814,NO,1,0,0,0,0,1,0
GENE-8815,NO,1,0,0,0,0,0,0
GENE-8816,NO,1,9,13,6,14,15,4
GENE-8817,NO,1,0,0,0,0,0,0
GENE-8818,NO,1,0,0,0,0,0,0
GENE-8819,NO,1,0,1,0,0,2,0
GENE-8820,NO,1,0,0,0,0,0,0
GENE-8821,NO,1,0,1,0,1,0,0
GENE-8822,NO,1,0,0,0,0,0,0
GENE-8823,NO,1,0,0,0,0,0,0
GENE-8824,NO,1,0,0,0,0,0,0
GENE-8825,NO,1,15,20,11,18,19,21
GENE-8826,NO,1,677,985,994,826,910,1063
GENE-8827,NO,1,0,0,0,0,0,0
GENE-8829,NO,1,123,197,310,211,245,156
GENE-8830,NO,1,1,6,0,0,1,1
GENE-8831,NO,1,0,0,0,0,0,0
GENE-8832,NO,1,0,0,0,0,0,0
GENE-8833,NO,1,0,0,0,0,0,0
GENE-8834,NO,1,0,0,0,0,0,0
GENE-8835,NO,1,0,0,0,0,0,0
GENE-8836,NO,1,0,0,0,0,0,0
GENE-8837,NO,1,0,0,0,0,0,0
GENE-8838,NO,1,125,119,98,103,117,110
GENE-8839,NO,1,0,0,0,0,0,0
GENE-8840,NO,1,4,10,14,12,9,4
GENE-8841,NO,1,28,14,17,14,11,8
GENE-8842,NO,1,0,0,0,0,0,0
GENE-8843,NO,1,8,13,15,3,13,15
GENE-8844,NO,1,0,0,0,0,0,0
GENE-8845,NO,1,0,0,0,0,0,0
GENE-8846,NO,1,0,0,0,0,0,0
GENE-8847,NO,1,0,0,0,0,0,0
GENE-8848,NO,1,952,937,941,911,1100,1089
GENE-8849,NO,1,200,163,129,187,124,136
GENE-8850,NO,1,167,186,155,157,136,179
GENE-8851,NO,1,0,0,0,0,0,0
GENE-8852,NO,1,0,0,0,0,0,0
GENE-8853,NO,1,1104,965,1003,998,1092,996
GENE-8854,NO,1,307,222,173,206,186,247
GENE-8855,NO,1,0,0,0,0,0,0
GENE-8856,NO,1,312,192,170,266,236,465
GENE-8857,NO,1,0,0,0,0,0,0
GENE-8858,NO,1,27,32,41,34,20,37
GENE-8859,NO,1,0,0,0,0,0,0
GENE-8860,NO,1,0,0,0,0,0,0
GENE-8861,NO,1,356,383,362,244,465,426
GENE-8862,YES,1,0,0,0,0,0,0
GENE-8863,NO,1,0,0,0,0,0,0
GENE-8864,NO,1,0,0,0,0,0,0
GENE-8865,NO,1,0,0,0,0,0,0
GENE-8866,NO,1,0,0,0,0,0,0
GENE-8867,NO,1,0,0,0,0,0,0
GENE-8868,NO,1,0,0,0,0,0,0
GENE-8869,NO,1,0,0,0,0,0,0
GENE-8870,NO,1,17,40,18,21,27,17
GENE-8871,NO,1,0,0,0,0,0,0
GENE-8872,NO,1,0,0,0,0,0,0
GENE-8873,NO,1,0,0,0,0,0,0
GENE-8874,NO,1,0,0,0,0,0,0
GENE-8875,NO,1,0,0,2,1,1,0
GENE-8876,NO,1,0,0,0,0,0,0
GENE-8877,NO,1,80,65,78,88,81,101
GENE-8878,NO,1,0,0,0,0,0,0
GENE-8879,NO,1,413,554,451,276,460,310
GENE-8880,NO,1,0,0,0,0,0,0
GENE-8881,NO,1,2,1,1,1,0,1
GENE-8882,NO,1,0,2,0,0,0,0
GENE-8883,NO,1,1,0,1,0,0,0
GENE-8884,NO,1,0,0,0,0,0,0
GENE-8885,NO,1,271,268,460,288,310,326
GENE-8886,NO,1,26,30,22,26,22,24
GENE-8887,NO,1,1,0,0,0,1,0
GENE-8888,NO,1,1,0,0,0,1,0
GENE-8889,NO,1,7,12,9,7,7,4
GENE-8890,NO,1,687,483,674,605,505,550
GENE-8891,NO,1,167,305,312,179,222,239
GENE-8892,NO,1,0,0,0,0,0,0
GENE-8893,NO,1,0,0,0,0,0,0
GENE-8894,NO,1,0,0,0,0,0,0
GENE-8895,NO,1,0,0,0,0,0,0
GENE-8896,NO,1,111,65,49,137,141,116
GENE-8897,NO,1,0,0,0,0,0,0
GENE-8898,NO,1,754,749,791,616,593,723
GENE-8899,NO,1,0,0,0,0,0,0
GENE-8900,NO,1,5,3,3,2,1,1
GENE-8901,NO,1,0,0,0,0,0,0
GENE-8902,NO,1,0,0,0,0,0,0
GENE-8903,NO,1,1,2,0,0,0,0
GENE-8904,NO,1,0,0,0,0,0,0
GENE-8905,NO,1,4,3,4,0,2,5
GENE-8906,NO,1,0,0,0,0,0,0
GENE-8907,NO,1,0,0,0,0,0,0
GENE-8908,NO,1,21,31,26,20,20,27
GENE-8909,NO,1,0,0,0,0,0,0
GENE-8910,YES,1,0,0,0,0,0,0
GENE-8911,NO,1,0,0,0,0,0,0
GENE-8912,NO,1,0,0,0,0,0,0
GENE-8913,NO,1,207,131,260,179,182,222
GENE-8914,NO,1,0,0,0,0,0,0
GENE-8915,NO,1,0,0,0,0,0,0
GENE-8916,NO,1,0,0,0,0,0,0
GENE-8917,YES,1,0,0,0,0,0,0
GENE-8918,NO,1,0,1,2,4,1,2
GENE-8919,YES,1,0,0,0,0,0,0
GENE-8920,NO,1,0,0,0,0,0,0
GENE-8921,NO,1,1525,1244,1567,1657,1521,1582
GENE-8922,NO,1,0,0,0,0,0,0
GENE-8923,NO,1,0,0,0,0,0,0
GENE-8924,NO,1,0,0,0,0,0,0
GENE-8925,NO,1,0,0,0,0,0,0
GENE-8926,NO,1,0,0,0,0,0,0
GENE-8927,NO,1,4,5,8,4,8,7
GENE-8928,NO,1,4,3,2,3,9,5
GENE-8929,NO,1,0,0,0,0,0,0
GENE-8930,NO,1,0,0,0,0,0,0
GENE-8931,NO,1,1,0,1,1,0,1
GENE-8932,NO,1,0,0,0,0,0,0
GENE-8933,NO,1,0,0,0,0,0,0
GENE-8934,NO,1,0,0,0,0,0,0
GENE-8935,NO,1,12,8,13,14,6,12
GENE-8936,NO,1,0,0,0,0,0,0
GENE-8937,NO,1,0,0,0,0,0,0
GENE-8938,NO,1,4,1,1,4,4,4
GENE-8939,NO,1,0,0,0,0,0,0
GENE-8940,NO,1,0,0,0,0,0,0
GENE-8941,NO,1,2,4,4,4,0,4
GENE-8942,NO,1,0,1,1,0,0,0
GENE-8943,NO,1,436,369,359,282,363,410
GENE-8944,NO,1,21,16,24,25,30,19
GENE-8945,NO,1,0,0,0,0,0,0
GENE-8946,NO,1,0,0,0,0,0,0
GENE-8947,NO,1,150,102,85,96,168,98
GENE-8948,NO,1,89,124,152,112,88,192
GENE-8949,NO,1,0,0,0,0,0,0
GENE-8950,NO,1,3,7,2,0,6,5
GENE-8951,NO,1,275,261,236,228,219,270
GENE-8952,YES,1,0,0,0,0,0,0
GENE-8953,YES,1,0,3,3,1,0,0
GENE-8954,NO,1,0,0,0,0,0,0
GENE-8955,NO,1,13,6,18,9,9,10
GENE-8956,NO,1,0,0,0,0,0,0
GENE-8957,NO,1,72,49,54,38,36,44
GENE-8958,NO,1,70,80,100,79,66,68
GENE-8959,NO,1,398,319,504,285,379,278
GENE-8960,NO,1,0,0,0,0,0,0
GENE-8961,NO,1,0,0,0,0,0,0
GENE-8962,NO,1,0,0,0,0,0,0
GENE-8963,NO,1,0,0,0,0,0,0
GENE-8964,NO,1,0,0,0,0,0,0
GENE-8965,NO,1,0,0,0,0,0,0
GENE-8967,NO,1,3,7,5,4,7,7
GENE-8968,YES,1,0,0,0,0,0,0
GENE-8969,NO,1,0,0,0,0,0,0
GENE-8970,YES,1,6,9,8,0,0,0
GENE-8971,NO,1,0,0,0,0,0,0
GENE-8972,NO,1,519,486,272,491,531,431
GENE-8973,NO,1,9,5,14,15,16,11
GENE-8974,NO,1,0,0,0,0,0,0
GENE-8975,NO,1,0,0,0,0,0,0
GENE-8976,NO,1,0,0,0,0,0,0
GENE-8977,NO,1,0,0,0,0,0,0
GENE-8978,NO,1,0,0,0,0,0,0
GENE-8979,NO,1,0,1,0,0,0,0
GENE-8980,NO,1,0,2,1,1,1,2
GENE-8981,NO,1,0,0,0,0,0,0
GENE-8982,NO,1,0,0,0,0,0,0
GENE-8983,NO,1,0,0,0,0,0,0
GENE-8984,NO,1,3834,3768,2013,4088,4368,5429
GENE-8985,NO,1,0,0,0,0,0,0
GENE-8986,NO,1,0,0,0,0,0,0
GENE-8987,NO,1,562,674,535,763,479,619
GENE-8988,NO,1,641,818,720,654,738,890
GENE-8989,NO,1,0,0,0,0,0,0
GENE-8990,NO,1,0,0,0,0,0,0
GENE-8991,NO,1,0,0,0,0,0,0
GENE-8992,NO,1,0,0,0,0,0,0
GENE-8993,NO,1,0,0,0,0,0,0
GENE-8994,NO,1,13,12,10,9,6,7
GENE-8995,NO,1,0,0,0,0,0,0
GENE-8996,NO,1,0,0,0,0,0,0
GENE-8997,NO,1,212,165,151,243,218,204
GENE-8998,NO,1,0,0,0,0,0,0
GENE-8999,NO,1,0,1,1,1,2,1
GENE-9000,NO,1,0,0,0,0,0,0
GENE-9001,NO,1,0,0,0,0,0,0
GENE-9002,NO,1,0,0,0,0,0,0
GENE-9003,NO,1,0,0,0,0,0,0
GENE-9004,NO,1,0,0,0,0,0,0
GENE-9005,NO,1,0,0,0,0,0,0
GENE-9006,NO,1,109,93,68,97,88,70
GENE-9007,NO,1,0,0,0,0,0,0
GENE-9008,NO,1,0,0,0,0,0,0
GENE-9009,NO,1,0,0,0,0,0,0
GENE-9011,NO,1,0,0,0,0,0,0
GENE-9012,NO,1,0,0,0,0,0,0
GENE-9014,NO,1,0,0,0,0,2,1
GENE-9015,NO,1,0,0,0,0,0,0
GENE-9016,NO,1,0,0,0,0,0,0
GENE-9017,NO,1,0,0,0,0,0,0
GENE-9018,NO,1,0,0,0,0,0,0
GENE-9019,NO,1,0,0,0,0,0,0
GENE-9020,NO,1,0,0,0,0,0,0
GENE-9021,NO,1,2009,1956,1981,1854,2015,1838
GENE-9022,NO,1,0,0,0,0,0,0
GENE-9023,NO,1,0,0,0,0,0,0
GENE-9024,YES,1,0,0,0,0,0,0
GENE-9025,NO,1,37,142,180,21,30,72
GENE-9026,NO,1,537,714,957,672,1011,397
GENE-9027,NO,1,0,0,0,0,0,0
GENE-9028,NO,1,0,0,0,0,0,0
GENE-9029,NO,1,0,0,0,0,0,0
GENE-9030,NO,1,0,0,0,0,0,0
GENE-9031,NO,1,0,0,0,0,0,0
GENE-9032,NO,1,0,0,0,0,0,0
GENE-9033,NO,1,214,189,217,175,209,187
GENE-9034,NO,1,100,115,100,64,94,126
GENE-9035,NO,1,0,0,0,0,0,0
GENE-9036,NO,1,0,0,0,0,0,0
GENE-9037,NO,1,0,1,1,0,2,2
GENE-9038,NO,1,0,0,0,0,0,0
GENE-9039,NO,1,0,0,0,0,0,0
GENE-9040,NO,1,31,33,22,31,32,14
GENE-9041,NO,1,0,0,0,0,0,0
GENE-9042,NO,1,0,0,0,0,0,0
GENE-9043,NO,1,12,2,8,1,7,5
GENE-9044,NO,1,0,0,0,0,0,0
GENE-9045,NO,1,0,0,0,0,0,0
GENE-9046,NO,1,12,18,17,12,16,15
GENE-9047,NO,1,0,0,0,0,0,0
GENE-9048,NO,1,0,0,0,0,0,0
GENE-9049,NO,1,0,0,0,0,0,0
GENE-9050,NO,1,0,0,0,0,0,0
GENE-9051,NO,1,0,0,0,0,0,0
GENE-9052,NO,1,53,58,58,62,56,36
GENE-9053,NO,1,0,0,0,0,0,0
GENE-9054,NO,1,0,0,0,0,0,0
GENE-9055,YES,1,1,1,2,2,0,0
GENE-9056,NO,1,0,0,0,0,0,0
GENE-9057,NO,1,0,0,0,0,0,0
GENE-9058,NO,1,0,2,0,0,0,0
GENE-9059,NO,1,0,0,0,0,0,0
GENE-9060,NO,1,0,0,0,0,0,0
GENE-9061,NO,1,0,0,0,0,0,0
GENE-9062,NO,1,10,9,11,23,21,11
GENE-9063,NO,1,0,0,0,0,0,0
GENE-9065,NO,1,9,7,5,9,7,4
GENE-9067,NO,1,0,0,0,0,0,0
GENE-9068,NO,1,0,0,0,0,0,0
GENE-9069,NO,1,39,58,44,67,43,51
GENE-9070,NO,1,0,0,0,0,0,0
GENE-9071,NO,1,0,0,0,0,0,0
GENE-9072,NO,1,268,193,292,225,296,329
GENE-9073,NO,1,0,0,0,1,0,0
GENE-9074,NO,1,0,0,0,0,0,0
GENE-9075,YES,1,0,0,0,0,0,0
GENE-9076,NO,1,0,0,0,0,0,0
GENE-9077,NO,1,0,0,0,0,0,0
GENE-9078,NO,1,0,0,0,0,0,0
GENE-9079,NO,1,0,2,83,344,0,16
GENE-9080,NO,1,11,12,24,16,27,18
GENE-9081,NO,1,0,0,0,0,0,0
GENE-9082,NO,1,3,4,2,8,5,1
GENE-9083,NO,1,0,0,0,0,0,0
GENE-9084,NO,1,0,0,0,0,0,0
GENE-9085,NO,1,0,0,0,0,0,0
GENE-9086,NO,1,0,0,0,0,0,0
GENE-9087,NO,1,6,0,4,5,3,1
GENE-9088,NO,1,0,0,0,0,0,0
GENE-9089,NO,1,0,0,0,0,0,0
GENE-9090,NO,1,0,0,0,0,0,0
GENE-9092,NO,1,0,0,0,0,0,0
GENE-9093,NO,1,0,0,0,0,0,1
GENE-9094,NO,1,0,0,0,2,0,0
GENE-9095,NO,1,22,15,16,25,26,24
GENE-9096,NO,1,0,0,0,0,0,0
GENE-9097,YES,1,0,0,0,0,0,0
GENE-9098,NO,1,9,14,6,12,4,1
GENE-9099,NO,1,0,0,0,0,0,0
GENE-9100,NO,1,40,21,42,47,25,51
GENE-9101,NO,1,0,0,0,0,0,0
GENE-9102,NO,1,536,407,366,508,406,386
GENE-9103,NO,1,0,0,0,0,0,0
GENE-9104,NO,1,0,0,0,0,0,0
GENE-9105,YES,1,0,0,0,0,0,0
GENE-9106,NO,1,77,63,68,125,138,65
GENE-9107,NO,1,0,0,0,0,0,0
GENE-9108,NO,1,0,0,0,0,0,0
GENE-9109,NO,1,0,0,0,0,0,0
GENE-9110,NO,1,8,8,12,6,8,5
GENE-9111,NO,1,0,0,0,0,0,0
GENE-9112,NO,1,0,0,0,0,0,0
GENE-9113,NO,1,0,0,0,0,0,0
GENE-9114,NO,1,0,0,0,0,0,0
GENE-9115,NO,1,0,0,0,0,0,0
GENE-9116,NO,1,0,0,0,0,0,0
GENE-9117,NO,1,2,0,1,2,5,0
GENE-9118,NO,1,0,0,0,0,0,0
GENE-9119,NO,1,0,1,0,1,1,0
GENE-9120,NO,1,0,0,0,0,0,0
GENE-9121,NO,1,0,0,0,0,0,0
GENE-9122,YES,1,0,0,0,0,0,0
GENE-9123,NO,1,0,0,0,0,0,0
GENE-9124,NO,1,0,0,0,0,0,0
GENE-9125,NO,1,0,0,0,0,0,0
GENE-9126,NO,1,0,0,0,0,0,0
GENE-9127,NO,1,0,0,0,0,0,0
GENE-9128,NO,1,0,0,0,0,0,0
GENE-9129,NO,1,0,0,0,0,0,0
GENE-9130,NO,1,0,0,0,0,0,0
GENE-9131,NO,1,0,0,0,0,0,0
GENE-9132,NO,1,0,0,0,0,0,0
GENE-9133,NO,1,0,0,0,0,0,0
GENE-9134,NO,1,26,39,44,41,31,35
GENE-9135,NO,1,0,0,0,5,0,0
GENE-9136,NO,1,0,0,0,0,0,0
GENE-9137,NO,1,0,0,0,0,0,0
GENE-9138,NO,1,0,0,0,0,0,0
GENE-9139,NO,1,0,0,0,0,0,0
GENE-9140,NO,1,31,70,66,54,46,39
GENE-9141,NO,1,32,35,44,43,49,55
GENE-9142,NO,1,0,0,0,0,0,0
GENE-9143,NO,1,0,0,0,0,0,0
GENE-9144,NO,1,0,0,0,0,0,1
GENE-9145,NO,1,0,0,0,0,0,0
GENE-9146,NO,1,22,19,26,21,33,16
GENE-9147,NO,1,0,0,0,0,0,0
GENE-9148,NO,1,0,0,0,0,0,0
GENE-9149,NO,1,0,0,0,0,0,0
GENE-9150,NO,1,0,0,0,0,0,0
GENE-9151,NO,1,95,115,105,86,120,101
GENE-9152,NO,1,0,0,0,0,0,0
GENE-9153,NO,1,0,0,0,0,0,0
GENE-9154,NO,1,55,45,42,61,50,40
GENE-9155,NO,1,0,0,0,0,0,0
GENE-9156,NO,1,0,0,0,0,0,0
GENE-9157,NO,1,7,7,4,5,2,13
GENE-9158,NO,1,0,0,0,0,0,0
GENE-9159,NO,1,0,0,0,0,0,0
GENE-9160,NO,1,0,0,0,0,0,0
GENE-9161,NO,1,0,0,0,0,0,0
GENE-9162,NO,1,0,0,0,0,0,0
GENE-9163,NO,1,0,0,0,0,0,0
GENE-9164,NO,1,0,0,0,0,0,0
GENE-9165,NO,1,0,0,0,0,0,0
GENE-9166,NO,1,0,0,0,0,0,0
GENE-9167,NO,1,0,0,0,0,0,0
GENE-9168,NO,1,0,0,0,0,0,0
GENE-9169,NO,1,0,0,0,0,0,0
GENE-9170,YES,1,0,0,0,0,0,0
GENE-9171,NO,1,0,2,2,3,1,0
GENE-9172,NO,1,0,0,0,0,0,0
GENE-9173,NO,1,259,339,433,347,357,381
GENE-9174,NO,1,0,0,0,0,0,0
GENE-9175,NO,1,90,124,156,324,322,121
GENE-9176,NO,1,0,0,0,0,0,0
GENE-9177,NO,1,0,0,0,0,0,0
GENE-9178,NO,1,0,0,0,0,0,0
GENE-9179,NO,1,0,0,0,0,0,0
GENE-9181,NO,1,2,4,1,2,1,4
GENE-9182,NO,1,113,116,133,135,164,120
GENE-9183,NO,1,23,19,18,23,26,31
GENE-9184,NO,1,565,368,396,339,450,421
GENE-9185,NO,1,0,0,0,0,0,0
GENE-9186,NO,1,0,0,0,0,0,0
GENE-9187,NO,1,0,3,1,1,0,1
GENE-9188,NO,1,0,0,0,0,0,0
GENE-9190,NO,1,0,3,1,3,2,1
GENE-9191,NO,1,0,0,0,0,0,0
GENE-9192,NO,1,0,0,0,0,0,0
GENE-9193,NO,1,0,0,0,0,0,0
GENE-9194,NO,1,0,0,0,0,0,0
GENE-9195,NO,1,0,0,0,0,0,0
GENE-9196,NO,1,0,0,0,0,0,0
GENE-9197,NO,1,0,0,0,0,0,0
GENE-9198,NO,1,155,176,220,176,171,187
GENE-9199,NO,1,0,2,0,1,2,1
GENE-9200,NO,1,0,0,0,0,0,0
GENE-9201,NO,1,0,0,0,0,0,0
GENE-9202,NO,1,0,0,0,0,0,0
GENE-9203,NO,1,3,7,5,4,9,3
GENE-9204,NO,1,22,17,11,10,17,20
GENE-9205,NO,1,8,18,18,17,24,16
GENE-9206,YES,1,0,0,0,0,0,0
GENE-9207,NO,1,0,0,0,0,0,0
GENE-9208,NO,1,95,107,139,117,123,94
GENE-9209,NO,1,0,0,0,0,0,0
GENE-9210,NO,1,0,0,0,0,0,0
GENE-9211,NO,1,54,46,50,44,49,65
GENE-9212,NO,1,203,341,205,326,295,218
GENE-9213,NO,1,0,0,0,0,0,0
GENE-9214,NO,1,0,0,0,0,0,0
GENE-9215,NO,1,0,0,0,0,0,0
GENE-9216,NO,1,0,0,0,0,0,0
GENE-9217,NO,1,0,0,0,0,0,0
GENE-9218,NO,1,0,0,0,0,0,0
GENE-9219,NO,1,0,0,0,0,0,0
GENE-9220,NO,1,0,0,0,0,0,0
GENE-9221,NO,1,0,0,0,0,0,0
GENE-9222,NO,1,3,0,0,0,1,1
GENE-9223,YES,1,0,0,0,0,0,0
GENE-9224,NO,1,0,0,0,0,0,0
GENE-9225,NO,1,0,0,0,0,0,0
GENE-9226,NO,1,0,0,0,0,0,0
GENE-9227,NO,1,13,9,8,7,11,9
GENE-9228,NO,1,0,0,0,0,0,0
GENE-9229,NO,1,0,0,0,0,0,0
GENE-9230,NO,1,0,0,0,0,0,0
GENE-9231,NO,1,0,0,0,0,0,0
GENE-9232,NO,1,0,0,0,0,0,0
GENE-9233,NO,1,0,0,0,0,0,0
GENE-9234,NO,1,0,0,0,0,0,0
GENE-9235,NO,1,0,0,0,0,0,0
GENE-9236,NO,1,0,0,0,0,0,0
GENE-9237,NO,1,0,0,0,0,0,0
GENE-9238,NO,1,0,0,0,0,0,0
GENE-9239,NO,1,0,1,0,0,0,0
GENE-9240,NO,1,546,592,914,199,1272,581
GENE-9241,NO,1,9,21,29,18,11,8
GENE-9242,NO,1,0,0,0,0,0,0
GENE-9243,NO,1,0,0,0,0,0,0
GENE-9244,YES,1,0,0,0,0,0,0
GENE-9245,NO,1,311,320,355,293,297,326
GENE-9246,NO,1,0,0,2,0,2,0
GENE-9247,NO,1,0,2,2,0,2,1
GENE-9248,NO,1,0,0,0,0,0,0
GENE-9249,NO,1,0,0,0,0,0,0
GENE-9250,YES,1,0,0,0,0,0,0
GENE-9251,NO,1,0,0,0,0,0,0
GENE-9252,NO,1,0,0,0,0,0,0
GENE-9253,NO,1,0,0,0,0,0,0
GENE-9254,NO,1,96,51,103,62,95,75
GENE-9255,NO,1,0,0,0,0,0,0
GENE-9256,NO,1,2036,2027,1626,1585,2180,1654
GENE-9257,NO,1,0,0,0,0,0,0
GENE-9258,NO,1,5,8,7,9,7,7
GENE-9259,NO,1,0,0,0,0,0,0
GENE-9260,NO,1,0,0,0,0,0,0
GENE-9261,NO,1,62,60,62,66,57,70
GENE-9262,NO,1,0,0,0,0,0,0
GENE-9263,NO,1,0,0,0,0,0,0
GENE-9264,YES,1,0,0,0,0,0,0
GENE-9265,NO,1,0,0,0,0,0,0
GENE-9266,NO,1,0,0,0,0,0,0
GENE-9267,YES,1,0,0,0,0,0,0
GENE-9268,NO,1,0,0,0,0,0,0
GENE-9269,NO,1,0,0,0,0,0,0
GENE-9270,NO,1,0,0,0,0,0,0
GENE-9271,NO,1,0,0,0,0,0,0
GENE-9272,NO,1,111,97,122,92,118,126
GENE-9274,NO,1,0,0,0,0,0,0
GENE-9275,NO,1,0,0,0,0,0,0
GENE-9276,YES,1,0,0,0,0,0,0
GENE-9277,NO,1,0,0,0,0,0,0
GENE-9278,NO,1,0,0,0,0,0,0
GENE-9279,NO,1,5,9,6,7,4,6
GENE-9281,NO,1,0,0,0,0,0,0
GENE-9282,NO,1,0,0,0,0,0,0
GENE-9283,NO,1,2,5,8,2,3,4
GENE-9284,NO,1,0,0,1,0,1,2
GENE-9285,NO,1,0,0,0,0,0,0
GENE-9286,NO,1,272,433,396,398,457,391
GENE-9287,NO,1,70,83,103,84,91,116
GENE-9288,NO,1,0,0,0,0,0,0
GENE-9289,NO,1,0,5,1,3,1,1
GENE-9290,NO,1,0,0,0,0,0,0
GENE-9291,NO,1,0,0,0,0,0,0
GENE-9292,NO,1,0,0,0,0,0,0
GENE-9293,YES,1,0,0,0,0,0,0
GENE-9294,NO,1,0,0,0,0,0,0
GENE-9295,NO,1,2,0,2,0,1,2
GENE-9296,NO,1,127,119,137,158,121,118
GENE-9297,NO,1,0,0,0,0,0,0
GENE-9298,NO,1,0,0,0,0,0,0
GENE-9299,NO,1,0,0,0,0,0,0
GENE-9300,NO,1,0,0,0,0,0,0
GENE-9301,NO,1,0,0,0,0,0,0
GENE-9302,NO,1,0,0,0,0,0,0
GENE-9303,NO,1,0,0,0,0,0,0
GENE-9304,NO,1,37,39,42,34,40,32
GENE-9305,NO,1,19,25,19,31,13,11
GENE-9306,NO,1,0,0,0,0,0,0
GENE-9307,NO,1,20,16,19,14,24,14
GENE-9308,NO,1,6,1,9,3,7,2
GENE-9309,NO,1,0,0,0,0,0,0
GENE-9310,NO,1,56,41,28,32,40,43
GENE-9311,NO,1,0,0,0,0,0,0
GENE-9313,NO,1,0,0,0,0,0,0
GENE-9314,NO,1,0,0,0,0,0,0
GENE-9315,NO,1,2,0,1,0,3,0
GENE-9316,NO,1,104,115,177,159,224,173
GENE-9317,NO,1,0,0,0,0,0,0
GENE-9318,NO,1,177,87,23,20,25,61
GENE-9319,NO,1,0,0,0,0,0,0
GENE-9320,NO,1,0,0,0,0,0,0
GENE-9321,NO,1,0,0,0,0,0,0
GENE-9322,NO,1,0,0,0,0,0,0
GENE-9323,NO,1,102,52,92,78,85,118
GENE-9324,NO,1,133,148,148,146,146,154
GENE-9325,NO,1,221,227,223,260,233,210
GENE-9326,NO,1,5,10,10,3,7,9
GENE-9327,NO,1,0,0,0,0,0,0
GENE-9328,NO,1,0,0,0,0,0,0
GENE-9329,NO,1,0,0,0,0,0,0
GENE-9330,NO,1,0,0,0,0,0,0
GENE-9331,NO,1,0,0,0,0,0,0
GENE-9332,NO,1,0,0,0,0,0,0
GENE-9333,NO,1,0,0,0,0,0,0
GENE-9334,NO,1,99,89,105,87,89,88
GENE-9335,YES,1,0,0,0,0,0,0
GENE-9336,NO,1,0,0,0,0,0,0
GENE-9337,NO,1,943,870,961,868,1396,999
GENE-9338,NO,1,0,0,0,0,0,0
GENE-9339,NO,1,0,0,0,0,0,0
GENE-9340,NO,1,129,110,105,118,116,135
GENE-9341,NO,1,0,0,2,3,1,0
GENE-9342,NO,1,554,298,588,793,871,581
GENE-9343,NO,1,5,3,2,2,1,1
GENE-9344,NO,1,0,0,0,0,0,0
GENE-9345,NO,1,18,23,15,14,16,20
GENE-9346,NO,1,224,236,252,211,237,242
GENE-9347,NO,1,0,0,0,0,0,0
GENE-9348,NO,1,0,0,0,0,0,0
GENE-9349,NO,1,4,0,6,2,7,4
GENE-9350,NO,1,0,0,0,0,0,0
GENE-9351,NO,1,0,0,0,0,0,0
GENE-9352,NO,1,82,180,116,140,123,127
GENE-9353,NO,1,0,0,0,0,0,0
GENE-9354,NO,1,0,0,0,0,0,0
GENE-9355,NO,1,0,0,0,0,0,0
GENE-9356,NO,1,0,0,0,0,0,0
GENE-9357,NO,1,0,0,0,0,0,0
GENE-9358,NO,1,0,0,0,0,0,0
GENE-9359,NO,1,0,0,0,0,0,0
GENE-9360,NO,1,0,0,0,0,0,0
GENE-9361,NO,1,462,433,503,553,437,486
GENE-9362,NO,1,0,0,0,0,0,0
GENE-9363,NO,1,0,0,0,0,0,0
GENE-9364,NO,1,0,0,0,0,0,0
GENE-9365,NO,1,0,0,0,0,0,0
GENE-9366,NO,1,0,0,0,0,0,0
GENE-9367,NO,1,0,0,0,0,0,0
GENE-9368,NO,1,0,0,0,0,0,0
GENE-9369,NO,1,32,41,29,10,35,34
GENE-9371,NO,1,115,120,73,91,43,102
GENE-9372,NO,1,0,0,0,0,0,0
GENE-9373,NO,1,0,0,0,0,0,0
GENE-9374,NO,1,0,0,0,0,0,0
GENE-9375,NO,1,79,58,83,44,93,53
GENE-9376,NO,1,0,0,0,0,0,0
GENE-9377,NO,1,0,0,0,0,0,0
GENE-9378,NO,1,0,0,0,0,0,0
GENE-9379,NO,1,24,23,40,30,31,36
GENE-9380,NO,1,0,0,0,0,0,0
GENE-9381,NO,1,0,0,0,0,0,0
GENE-9382,NO,1,1,0,0,3,0,0
GENE-9383,NO,1,0,0,0,0,0,0
GENE-9384,NO,1,155,150,144,160,153,157
GENE-9385,NO,1,0,0,0,0,0,0
GENE-9386,NO,1,502,560,389,439,486,441
GENE-9387,NO,1,0,0,0,0,0,0
GENE-9388,NO,1,0,0,0,0,0,0
GENE-9389,NO,1,30,30,34,38,40,31
GENE-9390,NO,1,1897,3086,2451,2128,2789,2441
GENE-9391,NO,1,284,48,206,184,120,305
GENE-9392,NO,1,0,0,0,0,0,0
GENE-9393,NO,1,0,0,0,0,0,0
GENE-9394,NO,1,0,0,0,0,0,0
GENE-9395,NO,1,0,0,0,0,0,0
GENE-9396,NO,1,0,0,0,0,0,0
GENE-9397,NO,1,0,0,0,0,0,0
GENE-9398,NO,1,0,0,0,0,0,0
GENE-9399,NO,1,0,0,0,0,0,0
GENE-9400,NO,1,0,0,0,0,0,0
GENE-9401,NO,1,25,26,24,20,25,28
GENE-9402,NO,1,694,508,637,700,598,671
GENE-9403,NO,1,212,181,393,200,229,189
GENE-9404,NO,1,0,0,0,0,0,0
GENE-9405,NO,1,0,0,0,0,0,0
GENE-9406,NO,1,14,10,12,14,18,8
GENE-9407,NO,1,0,0,0,0,0,0
GENE-9408,NO,1,0,0,0,0,0,0
GENE-9409,NO,1,33,47,22,29,29,88
GENE-9410,NO,1,0,0,0,0,0,0
GENE-9411,NO,1,0,0,4,0,2,259
GENE-9412,NO,1,45,66,43,56,51,56
GENE-9413,NO,1,15,33,20,33,26,20
GENE-9414,NO,1,794,663,262,708,583,1201
GENE-9415,NO,1,0,0,0,0,0,0
GENE-9416,NO,1,0,0,0,0,0,0
GENE-9417,NO,1,0,0,0,0,0,0
GENE-9418,NO,1,0,0,0,0,0,0
GENE-9419,NO,1,0,0,0,0,1,0
GENE-9420,NO,1,0,0,0,0,0,0
GENE-9421,NO,1,291,198,232,231,300,234
GENE-9422,NO,1,13,15,9,5,17,10
GENE-9423,NO,1,0,0,0,0,0,0
GENE-9424,NO,1,0,0,0,0,0,0
GENE-9425,YES,1,0,0,0,0,0,0
GENE-9426,NO,1,0,0,0,0,0,0
GENE-9427,NO,1,359,333,651,573,319,460
GENE-9428,NO,1,0,0,0,0,0,0
GENE-9429,NO,1,0,0,0,0,0,0
GENE-9430,NO,1,0,0,0,0,0,0
GENE-9431,NO,1,1,1,1,0,0,1
GENE-9433,YES,1,0,0,0,0,0,0
GENE-9434,NO,1,0,0,0,0,0,0
GENE-9435,NO,1,0,0,0,0,0,0
GENE-9436,NO,1,0,0,0,0,0,0
GENE-9437,NO,1,0,0,0,0,0,0
GENE-9438,NO,1,0,0,0,0,0,0
GENE-9439,NO,1,1,7,4,2,4,2
GENE-9440,NO,1,0,0,0,0,0,0
GENE-9441,NO,1,0,0,0,0,0,0
GENE-9442,NO,1,0,0,0,0,0,0
GENE-9443,YES,1,0,0,1,0,2,0
GENE-9444,NO,1,301,329,319,309,308,315
GENE-9445,NO,1,0,0,0,0,0,0
GENE-9446,NO,1,385,609,340,451,636,467
GENE-9447,NO,1,0,0,0,0,0,0
GENE-9448,NO,1,0,0,0,0,0,0
GENE-9449,YES,1,0,0,0,0,0,0
GENE-9450,NO,1,85,91,103,63,143,200
GENE-9451,NO,1,0,0,0,0,0,0
GENE-9453,NO,1,0,0,0,0,0,0
GENE-9454,NO,1,0,0,0,0,0,0
GENE-9455,NO,1,0,0,0,0,0,0
GENE-9456,NO,1,27,23,20,20,11,25
GENE-9457,NO,1,0,0,0,0,0,0
GENE-9458,NO,1,0,0,0,0,0,0
GENE-9459,NO,1,0,0,0,0,0,0
GENE-9460,NO,1,0,0,0,0,0,0
GENE-9461,NO,1,0,0,0,0,0,0
GENE-9462,NO,1,10844,10286,9888,7963,13474,12297
GENE-9463,NO,1,5,6,4,5,8,8
GENE-9464,NO,1,0,0,0,0,0,0
GENE-9465,NO,1,0,0,0,0,0,0
GENE-9466,NO,1,7,14,10,5,6,8
GENE-9467,NO,1,0,0,0,0,0,0
GENE-9468,NO,1,0,0,0,0,0,0
GENE-9469,NO,1,0,0,0,0,0,0
GENE-9470,NO,1,1,5,3,1,3,2
GENE-9471,NO,1,0,0,0,0,0,0
GENE-9472,NO,1,0,0,0,0,0,0
GENE-9473,NO,1,0,1,1,0,1,1
GENE-9474,YES,1,0,0,0,0,0,0
GENE-9475,NO,1,0,0,0,0,0,0
GENE-9476,NO,1,146,213,164,222,223,215
GENE-9477,NO,1,0,0,0,0,0,0
GENE-9478,NO,1,0,0,0,0,0,0
GENE-9479,NO,1,2,5,2,6,3,6
GENE-9480,NO,1,1,1,3,5,0,2
GENE-9481,NO,1,808,664,773,652,748,921
GENE-9482,NO,1,59,68,49,49,43,65
GENE-9483,NO,1,0,0,0,0,0,0
GENE-9484,NO,1,256,236,222,226,274,261
GENE-9485,NO,1,0,0,0,0,0,0
GENE-9486,NO,1,1793,2000,1692,1822,1902,1396
GENE-9487,NO,1,0,0,0,0,0,0
GENE-9488,NO,1,0,0,0,0,0,0
GENE-9489,NO,1,0,0,0,0,0,0
GENE-9490,NO,1,0,0,1,1,0,1
GENE-9491,NO,1,0,0,0,0,0,0
GENE-9492,NO,1,0,0,0,0,0,0
GENE-9493,NO,1,0,0,0,0,0,0
GENE-9494,NO,1,0,0,0,0,0,0
GENE-9495,NO,1,0,0,0,0,0,0
GENE-9496,NO,1,0,0,0,0,0,0
GENE-9497,NO,1,0,1,1,0,0,0
GENE-9498,NO,1,0,0,0,0,0,0
GENE-9499,NO,1,0,0,0,0,0,0
GENE-9500,NO,1,0,0,0,0,0,0
GENE-9501,NO,1,1,0,0,0,0,0
GENE-9502,NO,1,14,10,15,13,21,14
GENE-9503,NO,1,0,0,0,0,0,0
GENE-9504,NO,1,0,1,0,0,0,1
GENE-9505,NO,1,0,0,0,0,0,0
GENE-9506,NO,1,0,0,0,0,0,0
GENE-9507,NO,1,0,0,0,0,0,0
GENE-9508,NO,1,0,0,0,0,0,0
GENE-9509,NO,1,73,85,72,78,82,69
GENE-9510,NO,1,0,0,0,0,0,0
GENE-9511,NO,1,0,0,0,0,0,0
GENE-9512,NO,1,0,0,0,0,0,0
GENE-9513,NO,1,895,1605,1045,884,599,835
GENE-9514,NO,1,0,0,0,0,0,0
GENE-9515,NO,1,0,0,0,0,0,0
GENE-9516,NO,1,0,0,0,0,0,0
GENE-9517,YES,1,0,0,0,0,0,0
GENE-9518,NO,1,0,0,0,0,1,0
GENE-9519,NO,1,0,0,0,0,0,0
GENE-9520,NO,1,0,0,0,0,0,0
GENE-9521,NO,1,0,0,0,0,0,0
GENE-9522,NO,1,147,150,168,158,139,186
GENE-9523,NO,1,0,0,0,0,0,0
GENE-9524,NO,1,0,0,0,0,0,0
GENE-9525,NO,1,4,2,1,0,1,4
GENE-9526,NO,1,64,38,46,55,60,44
GENE-9527,NO,1,0,0,0,0,0,0
GENE-9528,NO,1,0,0,0,0,0,0
GENE-9529,NO,1,0,0,0,0,0,0
GENE-9530,NO,1,0,0,0,0,0,0
GENE-9531,NO,1,112,132,120,129,123,123
GENE-9532,NO,1,13,12,5,2,9,8
GENE-9533,NO,1,0,1,1,1,2,0
GENE-9534,NO,1,0,0,0,0,0,0
GENE-9535,NO,1,0,0,0,0,0,0
GENE-9536,NO,1,0,0,0,1,0,1
GENE-9537,NO,1,0,0,0,0,0,0
GENE-9538,NO,1,0,0,0,0,0,0
GENE-9539,NO,1,0,0,0,0,0,0
GENE-9540,NO,1,9,11,12,7,8,6
GENE-9541,NO,1,37,68,77,62,69,98
GENE-9542,NO,1,0,0,0,0,0,0
GENE-9543,NO,1,347,485,332,321,390,189
GENE-9544,NO,1,0,0,0,0,0,0
GENE-9546,NO,1,0,0,0,0,0,0
GENE-9547,NO,1,127,91,119,103,101,125
GENE-9548,NO,1,0,0,0,0,0,0
GENE-9549,NO,1,1100,938,1352,1133,1283,1383
GENE-9550,NO,1,0,0,0,0,0,0
GENE-9551,NO,1,310,222,280,209,288,252
GENE-9552,NO,1,0,0,0,0,0,0
GENE-9553,NO,1,0,0,0,0,0,0
GENE-9554,NO,1,22,14,29,22,15,19
GENE-9555,NO,1,0,0,0,0,0,0
GENE-9556,NO,1,23,11,16,18,20,13
GENE-9557,NO,1,375,293,247,288,263,238
GENE-9558,NO,1,556,493,609,449,385,408
GENE-9559,NO,1,0,0,0,0,0,0
GENE-9560,NO,1,0,0,0,0,0,0
GENE-9562,NO,1,0,0,0,0,0,0
GENE-9563,NO,1,0,0,0,0,0,0
GENE-9564,NO,1,0,0,0,0,0,0
GENE-9565,NO,1,0,0,0,0,0,0
GENE-9566,NO,1,0,0,0,0,0,0
GENE-9567,NO,1,0,0,0,0,0,0
GENE-9568,NO,1,0,0,0,0,0,0
GENE-9569,NO,1,0,1,2,3,4,0
GENE-9570,NO,1,0,0,0,0,0,0
GENE-9571,NO,1,47,20,50,41,22,43
GENE-9572,NO,1,0,0,0,0,0,0
GENE-9573,NO,1,0,0,0,0,0,0
GENE-9574,NO,1,0,0,0,0,0,0
GENE-9575,NO,1,0,0,0,0,0,0
GENE-9576,NO,1,0,0,0,0,0,0
GENE-9577,YES,1,0,0,0,0,0,0
GENE-9578,NO,1,69,60,62,64,65,70
GENE-9579,NO,1,25,11,25,19,13,20
GENE-9580,NO,1,16,16,21,14,12,14
GENE-9581,NO,1,0,0,0,1,0,0
GENE-9582,NO,1,0,0,0,0,0,0
GENE-9583,NO,1,0,0,0,0,0,0
GENE-9584,NO,1,284,159,93,113,389,65
GENE-9585,NO,1,0,0,0,0,0,0
GENE-9586,NO,1,0,0,0,0,0,0
GENE-9587,NO,1,0,0,0,0,0,0
GENE-9588,NO,1,1049,772,676,868,876,734
GENE-9589,NO,1,0,0,0,0,0,0
GENE-9590,NO,1,0,0,0,0,0,0
GENE-9591,NO,1,0,0,0,0,0,0
GENE-9592,NO,1,0,0,0,0,0,0
GENE-9593,NO,1,122,161,171,165,151,201
GENE-9594,NO,1,0,0,0,1,0,0
GENE-9595,NO,1,0,0,0,0,0,0
GENE-9596,NO,1,0,0,0,0,0,0
GENE-9597,NO,1,26,32,33,41,42,30
GENE-9598,NO,1,60,73,32,71,56,55
GENE-9599,NO,1,0,0,0,0,0,0
GENE-9600,NO,1,0,0,0,0,1,2
GENE-9601,NO,1,0,0,0,0,0,0
GENE-9602,NO,1,0,0,0,0,0,0
GENE-9603,NO,1,0,0,0,0,0,0
GENE-9604,NO,1,6,4,1,3,6,1
GENE-9605,NO,1,1604,1314,2196,1868,1059,1587
GENE-9606,NO,1,409,402,358,452,483,452
GENE-9607,NO,1,140,176,149,157,117,162
GENE-9608,NO,1,1289,2603,2794,269,955,2488
GENE-9609,YES,1,2,5,6,0,0,0
GENE-9610,NO,1,0,0,0,0,0,0
GENE-9611,NO,1,1,1,4,1,1,0
GENE-9612,NO,1,0,0,1,0,0,0
GENE-9613,NO,1,0,0,0,0,0,0
GENE-9614,NO,1,0,0,0,0,0,0
GENE-9615,NO,1,0,0,0,0,0,0
GENE-9616,NO,1,106,144,146,142,119,107
GENE-9617,NO,1,0,0,0,0,0,0
GENE-9618,NO,1,63,54,46,46,42,34
GENE-9619,NO,1,47,43,44,49,50,37
GENE-9620,NO,1,0,0,0,0,0,0
GENE-9621,NO,1,0,0,0,0,0,0
GENE-9622,NO,1,0,0,0,0,0,0
GENE-9623,NO,1,1,0,0,0,0,0
GENE-9624,NO,1,8,5,6,7,4,5
GENE-9625,NO,1,0,0,0,0,0,0
GENE-9626,NO,1,0,0,0,0,0,0
GENE-9627,NO,1,0,0,0,0,0,0
GENE-9628,NO,1,0,0,0,1,0,0
GENE-9629,NO,1,0,0,0,0,0,0
GENE-9630,NO,1,1025,1016,798,708,1108,2271
GENE-9631,NO,1,1,0,2,1,3,0
GENE-9632,NO,1,0,0,0,0,0,0
GENE-9633,NO,1,0,0,0,0,0,0
GENE-9634,NO,1,0,0,1,0,0,0
GENE-9636,NO,1,224,510,1169,1000,342,454
GENE-9637,NO,1,1,1,0,4,0,4
GENE-9638,YES,1,0,0,0,0,0,0
GENE-9639,NO,1,0,0,0,0,0,0
GENE-9640,NO,1,26,37,22,34,37,29
GENE-9641,NO,1,355,705,570,1262,776,387
GENE-9642,NO,1,0,0,0,0,0,0
GENE-9643,NO,1,0,0,0,0,0,0
GENE-9644,NO,1,903,1102,1460,1753,1505,1437
GENE-9645,NO,1,0,0,0,0,0,0
GENE-9646,NO,1,33,43,39,36,25,29
GENE-9647,NO,1,0,0,0,0,0,0
GENE-9648,NO,1,0,0,0,0,0,0
GENE-9649,NO,1,2112,1418,2070,1708,2176,2452
GENE-9650,NO,1,1952,1371,1910,1863,2400,1886
GENE-9651,NO,1,0,0,0,0,0,0
GENE-9652,NO,1,0,0,0,0,0,0
GENE-9653,NO,1,0,0,0,0,0,0
GENE-9654,NO,1,114,135,151,100,157,90
GENE-9655,NO,1,0,0,0,0,0,0
GENE-9656,NO,1,105,127,125,120,80,105
GENE-9657,NO,1,0,0,0,0,0,0
GENE-9658,NO,1,0,0,0,0,0,0
GENE-9659,NO,1,0,0,0,0,0,0
GENE-9660,NO,1,0,0,0,0,0,0
GENE-9661,NO,1,20,11,13,18,21,22
GENE-9662,NO,1,0,0,0,0,0,0
GENE-9663,NO,1,0,0,0,0,0,0
GENE-9664,NO,1,0,0,0,0,0,0
GENE-9665,NO,1,0,0,0,0,0,0
GENE-9666,NO,1,50,33,50,44,12,29
GENE-9667,NO,1,884,1405,1358,2018,1719,1213
GENE-9668,NO,1,479,497,397,610,504,406
GENE-9669,NO,1,0,0,0,0,0,0
GENE-9670,NO,1,0,0,0,0,0,0
GENE-9671,NO,1,0,0,0,0,0,0
GENE-9672,NO,1,0,0,0,0,0,0
GENE-9673,NO,1,0,0,0,0,0,0
GENE-9674,NO,1,0,0,0,0,0,0
GENE-9675,YES,1,0,0,0,0,0,0
GENE-9676,NO,1,0,0,0,0,0,0
GENE-9677,NO,1,0,0,0,0,0,0
GENE-9678,NO,1,0,0,0,0,0,0
GENE-9679,NO,1,0,0,0,0,0,0
GENE-9680,NO,1,97,84,105,86,110,96
GENE-9681,NO,1,0,0,0,0,0,0
GENE-9682,NO,1,9,11,8,9,8,8
GENE-9683,NO,1,0,0,0,0,0,0
GENE-9684,NO,1,0,0,0,0,0,0
GENE-9685,NO,1,0,0,0,0,0,0
GENE-9686,NO,1,0,0,0,0,0,0
GENE-9687,NO,1,0,0,0,0,0,0
GENE-9688,NO,1,12,4,10,4,12,10
GENE-9689,NO,1,3,3,2,1,4,1
GENE-9690,NO,1,0,0,0,0,0,0
GENE-9691,NO,1,614,693,589,454,499,579
GENE-9692,NO,1,28,47,17,27,6,6
GENE-9693,NO,1,0,0,0,0,0,0
GENE-9694,NO,1,0,0,0,0,0,0
GENE-9695,YES,1,0,0,0,0,0,0
GENE-9696,NO,1,0,0,0,0,0,0
GENE-9697,NO,1,0,0,0,0,0,0
GENE-9698,NO,1,36,32,9,38,43,16
GENE-9699,NO,1,2053,760,1680,1092,875,1249
GENE-9700,NO,1,0,0,0,0,0,0
GENE-9701,NO,1,0,0,0,0,0,0
GENE-9702,NO,1,796,815,685,1004,907,764
GENE-9703,NO,1,71,133,64,108,88,96
GENE-9704,NO,1,0,0,0,0,0,0
GENE-9705,NO,1,0,0,0,0,0,0
GENE-9706,NO,1,198,223,209,158,177,217
GENE-9707,YES,1,0,0,0,0,0,0
GENE-9708,NO,1,0,0,0,0,0,0
GENE-9709,NO,1,3,4,5,1,2,6
GENE-9710,NO,1,0,0,0,0,0,0
GENE-9711,NO,1,36,45,57,26,44,49
GENE-9712,NO,1,0,0,0,0,0,0
GENE-9713,NO,1,13,14,15,17,22,9
GENE-9714,NO,1,0,0,0,0,0,0
GENE-9715,NO,1,0,0,0,0,0,0
GENE-9716,NO,1,0,0,0,0,0,0
GENE-9717,NO,1,0,0,0,0,0,0
GENE-9718,NO,1,15,23,34,14,21,19
GENE-9719,NO,1,0,0,0,0,0,0
GENE-9720,NO,1,0,0,0,0,0,0
GENE-9721,NO,1,16,8,9,13,7,22
GENE-9722,NO,1,115,99,122,103,104,105
GENE-9723,NO,1,28,26,25,29,21,21
GENE-9724,NO,1,0,10,0,3,3,3
GENE-9725,NO,1,0,0,0,0,0,0
GENE-9726,NO,1,0,0,0,0,0,0
GENE-9727,NO,1,429,200,366,293,136,464
GENE-9728,YES,1,5,12,6,7,13,12
GENE-9729,NO,1,0,0,0,0,0,0
GENE-9730,NO,1,13,14,11,11,12,15
GENE-9731,NO,1,0,0,0,0,0,0
GENE-9732,NO,1,0,0,0,0,0,0
GENE-9733,NO,1,0,0,0,0,0,0
GENE-9734,NO,1,1153,2505,1285,960,1076,1104
GENE-9735,NO,1,15,12,10,16,17,15
GENE-9736,NO,1,10,9,13,6,6,5
GENE-9737,NO,1,0,0,0,0,0,0
GENE-9738,NO,1,0,0,0,0,0,0
GENE-9739,NO,1,0,0,0,0,0,0
GENE-9740,NO,1,0,0,0,0,0,0
GENE-9741,NO,1,1,1,1,1,0,1
GENE-9742,NO,1,4,3,4,7,11,9
GENE-9743,NO,1,440,357,586,562,570,403
GENE-9744,NO,1,1,3,0,0,1,1
GENE-9745,YES,1,0,0,0,0,0,0
GENE-9746,NO,1,3,7,9,4,9,7
GENE-9747,NO,1,0,0,0,0,0,0
GENE-9748,NO,1,0,0,0,0,0,0
GENE-9749,NO,1,0,0,0,0,0,0
GENE-9750,NO,1,0,0,0,0,0,0
GENE-9751,NO,1,0,0,0,0,0,0
GENE-9752,NO,1,1386,1222,1491,1232,1398,1282
GENE-9753,NO,1,0,0,0,0,0,0
GENE-9754,NO,1,0,0,0,0,0,0
GENE-9755,NO,1,0,0,0,0,0,0
GENE-9756,NO,1,0,0,0,0,0,0
GENE-9757,NO,1,0,0,0,0,0,0
GENE-9758,NO,1,742,636,640,809,686,661
GENE-9759,NO,1,1335,1047,1857,783,1380,1367
GENE-9760,NO,1,0,0,0,0,0,0
GENE-9761,NO,1,138,153,111,106,146,124
GENE-9762,NO,1,1560,1621,1575,1220,1634,1472
GENE-9763,NO,1,0,0,0,0,0,0
GENE-9764,YES,1,0,0,0,0,0,0
GENE-9765,NO,1,0,0,0,0,0,0
GENE-9766,NO,1,7,8,8,5,12,3
GENE-9767,NO,1,414,555,351,331,468,426
GENE-9768,NO,1,4,4,5,3,3,4
GENE-9769,NO,1,5,5,11,16,8,6
GENE-9770,NO,1,0,0,0,0,0,0
GENE-9771,NO,1,0,0,0,0,0,0
GENE-9772,NO,1,0,0,0,0,0,0
GENE-9773,NO,1,159,189,196,165,155,173
GENE-9774,NO,1,0,0,0,0,0,0
GENE-9775,NO,1,94,11,594,273,81,78
GENE-9776,NO,1,0,0,0,0,0,0
GENE-9777,NO,1,0,0,0,0,0,0
GENE-9778,NO,1,0,0,0,0,0,0
GENE-9779,NO,1,0,0,0,0,0,0
GENE-9780,NO,1,5,11,4,3,8,4
GENE-9781,NO,1,3,3,2,1,1,1
GENE-9782,NO,1,0,0,0,0,0,0
GENE-9783,NO,1,0,0,0,0,0,0
GENE-9784,NO,1,461,398,476,389,535,473
GENE-9785,NO,1,0,0,0,0,0,0
GENE-9786,NO,1,0,0,0,0,0,0
GENE-9787,NO,1,0,0,0,0,0,0
GENE-9788,NO,1,199,146,177,92,202,143
GENE-9789,NO,1,0,0,0,0,0,0
GENE-9790,NO,1,1328,2335,9116,987,7377,1291
GENE-9791,NO,1,0,0,0,0,0,0
GENE-9792,NO,1,0,0,0,0,0,0
GENE-9793,NO,1,0,0,0,0,0,0
GENE-9794,NO,1,0,0,0,0,0,0
GENE-9795,NO,1,30,72,22,7,28,16
GENE-9796,NO,1,60,80,66,89,61,91
GENE-9797,NO,1,0,0,0,0,0,0
GENE-9798,NO,1,0,0,0,0,0,0
GENE-9799,NO,1,340,206,315,357,321,240
GENE-9800,NO,1,9,5,6,8,2,4
GENE-9801,NO,1,547,609,573,312,892,726
GENE-9802,YES,1,0,0,0,0,0,0
GENE-9803,NO,1,0,0,0,0,0,0
GENE-9804,NO,1,0,0,0,0,0,0
GENE-9805,NO,1,0,0,0,0,0,0
GENE-9806,NO,1,1,2,2,4,1,3
GENE-9807,YES,1,0,0,0,0,0,0
GENE-9808,NO,1,1,2,1,1,1,0
GENE-9809,NO,1,0,0,0,0,0,0
GENE-9810,NO,1,0,0,0,0,0,0
GENE-9811,NO,1,0,0,0,0,0,0
GENE-9812,NO,1,2009,2805,1342,1217,1659,1566
GENE-9813,NO,1,90,172,114,139,160,104
GENE-9814,NO,1,0,0,0,0,0,0
GENE-9815,NO,1,0,0,0,0,0,0
GENE-9816,NO,1,1,7,7,6,1,2
GENE-9817,NO,1,0,0,0,0,0,0
GENE-9818,NO,1,0,0,0,0,0,0
GENE-9819,NO,1,0,0,0,0,0,0
GENE-9820,NO,1,0,0,0,0,0,0
GENE-9821,NO,1,438,298,445,442,585,466
GENE-9822,NO,1,0,0,0,0,0,0
GENE-9823,NO,1,0,0,0,0,0,0
GENE-9824,YES,1,0,0,1,3,4,5
GENE-9825,NO,1,0,0,0,0,0,0
GENE-9826,NO,1,0,0,0,0,0,0
GENE-9827,NO,1,0,0,0,0,0,0
GENE-9828,NO,1,278,289,263,216,243,259
GENE-9829,NO,1,0,0,0,2,0,0
GENE-9830,NO,1,0,0,0,0,0,0
GENE-9831,NO,1,0,0,0,0,0,0
GENE-9832,NO,1,0,0,0,0,0,0
GENE-9833,NO,1,0,0,0,0,0,0
GENE-9834,NO,1,405,448,317,262,475,258
GENE-9835,NO,1,361,213,1008,1268,101,127
GENE-9836,NO,1,0,0,0,0,0,0
GENE-9837,NO,1,152,130,181,166,161,136
GENE-9838,YES,1,0,0,0,0,0,0
GENE-9839,YES,1,0,0,0,0,0,0
GENE-9840,NO,1,0,0,0,0,0,0
GENE-9841,NO,1,37,47,49,53,51,41
GENE-9842,NO,1,1,2,0,1,3,0
GENE-9843,NO,1,0,0,0,0,0,0
GENE-9844,NO,1,0,0,0,0,0,0
GENE-9845,NO,1,4,3,3,7,4,5
GENE-9846,NO,1,0,0,0,0,0,0
GENE-9847,NO,1,126,116,123,105,119,109
GENE-9848,NO,1,0,0,0,0,0,0
GENE-9849,NO,1,0,0,0,0,0,0
GENE-9850,NO,1,245,194,276,293,290,271
GENE-9851,NO,1,0,0,0,0,0,0
GENE-9852,NO,1,87,78,94,72,66,78
GENE-9853,NO,1,2411,1485,963,1379,2246,888
GENE-9854,NO,1,0,0,0,0,0,0
GENE-9855,NO,1,0,0,0,0,0,0
GENE-9856,NO,1,0,0,0,0,0,0
GENE-9857,NO,1,0,0,0,0,0,0
GENE-9858,NO,1,0,0,0,0,1,2
GENE-9859,NO,1,0,0,0,0,0,0
GENE-9860,NO,1,0,0,0,0,0,0
GENE-9861,NO,1,0,0,0,0,0,0
GENE-9862,NO,1,0,0,0,0,0,0
GENE-9863,NO,1,0,0,0,0,0,0
GENE-9864,NO,1,102,182,145,158,139,141
GENE-9865,NO,1,0,0,0,0,0,0
GENE-9866,NO,1,0,0,0,0,0,0
GENE-9867,NO,1,0,0,0,0,0,0
GENE-9868,NO,1,1,2,2,0,0,0
GENE-9869,NO,1,0,0,0,0,0,0
GENE-9870,NO,1,0,0,0,0,0,0
GENE-9871,NO,1,0,0,0,0,0,0
GENE-9872,NO,1,244,226,248,242,200,228
GENE-9873,NO,1,0,0,0,0,0,0
GENE-9874,NO,1,0,2,0,0,2,1
GENE-9875,NO,1,0,0,0,0,0,0
GENE-9876,NO,1,0,0,0,0,0,0
GENE-9877,NO,1,0,0,0,0,0,0
GENE-9878,NO,1,0,0,0,0,0,0
GENE-9879,NO,1,1695,1542,1518,1599,1508,1845
GENE-9880,NO,1,11,6,7,7,8,6
GENE-9881,NO,1,0,0,0,0,0,0
GENE-9882,NO,1,0,0,0,0,0,0
GENE-9883,NO,1,0,0,0,0,0,0
GENE-9884,NO,1,0,0,0,0,0,0
GENE-9885,NO,1,0,0,0,0,0,0
GENE-9886,NO,1,0,0,0,0,0,0
GENE-9887,NO,1,750,708,669,869,890,758
GENE-9888,NO,1,0,0,0,0,0,0
GENE-9889,NO,1,10,6,20,13,17,7
GENE-9890,NO,1,0,0,0,0,0,0
GENE-9891,NO,1,13,12,7,7,11,8
GENE-9892,NO,1,0,0,0,0,0,0
GENE-9893,NO,1,43,39,39,20,21,25
GENE-9894,NO,1,0,0,0,0,0,0
GENE-9895,NO,1,656,796,792,490,614,596
GENE-9896,NO,1,0,0,0,0,0,0
GENE-9897,NO,1,26,26,42,31,26,34
GENE-9898,NO,1,0,0,0,0,0,0
GENE-9899,NO,1,1279,914,1782,829,1169,1492
GENE-9900,NO,1,0,0,0,0,0,0
GENE-9901,NO,1,0,0,0,0,0,0
GENE-9902,NO,1,0,0,0,0,0,0
GENE-9903,NO,1,318,175,242,271,222,105
GENE-9904,NO,1,0,0,0,0,0,0
GENE-9905,NO,1,0,0,0,0,0,0
GENE-9906,NO,1,540,529,463,574,586,491
GENE-9907,NO,1,0,0,0,0,0,0
GENE-9908,NO,1,0,0,0,0,0,0
GENE-9909,NO,1,0,0,0,0,0,0
GENE-9910,NO,1,0,0,0,0,0,0
GENE-9911,NO,1,0,0,0,0,0,0
GENE-9912,NO,1,0,0,0,0,0,0
GENE-9913,NO,1,0,0,0,0,0,0
GENE-9914,NO,1,0,0,0,0,0,0
GENE-9915,NO,1,267,267,311,130,104,89
GENE-9916,NO,1,0,0,0,0,0,0
GENE-9917,NO,1,0,0,0,0,0,0
GENE-9918,NO,1,11,9,7,2,10,5
GENE-9919,NO,1,0,1,0,0,0,0
GENE-9920,NO,1,190,311,192,164,177,172
GENE-9921,NO,1,0,0,0,0,0,0
GENE-9922,NO,1,382,435,309,281,353,324
GENE-9923,NO,1,0,0,0,0,0,0
GENE-9924,NO,1,0,0,0,0,0,0
GENE-9925,NO,1,0,0,0,0,0,0
GENE-9926,NO,1,0,0,0,0,0,0
GENE-9927,NO,1,471,570,316,352,331,411
GENE-9928,NO,1,541,363,440,759,622,284
GENE-9929,NO,1,0,2,7,2,7,5
GENE-9930,NO,1,0,0,0,0,0,0
GENE-9931,NO,1,0,0,0,0,0,0
GENE-9932,NO,1,0,0,0,0,0,0
GENE-9933,NO,1,65,91,27,45,97,38
GENE-9934,NO,1,67,60,57,62,48,63
GENE-9935,NO,1,0,0,0,0,0,0
GENE-9936,NO,1,11,9,15,7,7,12
GENE-9938,NO,1,0,0,0,0,0,0
GENE-9939,NO,1,0,0,0,0,0,0
GENE-9940,NO,1,653,523,429,597,526,412
GENE-9941,NO,1,0,0,0,0,0,0
GENE-9942,NO,1,236,340,195,218,208,268
GENE-9943,NO,1,0,0,0,0,0,0
GENE-9944,NO,1,0,0,0,0,0,0
GENE-9945,NO,1,0,0,0,0,0,0
GENE-9946,NO,1,0,0,0,0,0,0
GENE-9947,NO,1,16,55,55,41,42,75
GENE-9948,NO,1,0,0,0,0,0,0
GENE-9949,NO,1,1,0,0,0,0,0
GENE-9950,NO,1,0,0,0,0,0,0
GENE-9951,NO,1,48,43,45,64,55,29
GENE-9952,NO,1,0,0,0,0,0,0
GENE-9953,NO,1,0,0,0,1,0,0
GENE-9954,NO,1,0,0,0,0,0,0
GENE-9955,NO,1,0,0,0,0,0,0
GENE-9956,YES,1,0,0,0,0,0,0
GENE-9957,NO,1,145,182,229,219,208,234
GENE-9958,NO,1,2,4,1,3,4,3
GENE-9959,NO,1,0,0,0,0,0,0
GENE-9960,NO,1,0,0,0,0,0,0
GENE-9961,NO,1,171,186,193,189,198,194
GENE-9962,NO,1,1987,1742,1886,1792,1698,1959
GENE-9963,NO,1,42,57,76,46,57,63
GENE-9964,NO,1,0,0,0,0,0,0
GENE-9965,NO,1,0,0,0,0,0,0
GENE-9966,YES,1,0,0,0,0,0,0
GENE-9967,NO,1,0,0,0,0,0,0
GENE-9968,NO,1,0,0,0,0,0,0
GENE-9969,NO,1,0,0,0,0,0,0
GENE-9970,NO,1,0,0,0,0,0,0
GENE-9971,NO,1,0,135,10,59,41,53
GENE-9972,NO,1,0,0,0,0,0,0
GENE-9973,NO,1,0,0,0,0,0,0
GENE-9974,NO,1,129,125,86,140,188,135
GENE-9975,NO,1,0,0,0,0,0,0
GENE-9976,NO,1,70,58,65,49,66,66
GENE-9977,NO,1,0,0,0,0,0,0
GENE-9978,NO,1,0,0,0,0,0,0
GENE-9979,NO,1,710,675,652,527,608,690
GENE-9980,NO,1,1897,1338,1788,1880,1478,1639
GENE-9981,NO,1,0,0,0,1,0,0
GENE-9982,NO,1,354,213,284,399,312,438
GENE-9983,NO,1,0,0,0,0,0,0
GENE-9984,NO,1,0,0,0,0,0,0
GENE-9985,NO,1,0,0,0,0,0,0
GENE-9986,NO,1,0,0,0,0,0,0
GENE-9987,NO,1,0,0,0,0,0,0
GENE-9988,YES,1,0,0,0,0,0,0
GENE-9989,NO,1,0,0,0,0,0,0
GENE-9990,NO,1,2648,1419,2095,2285,2561,1430
GENE-9991,YES,1,0,0,0,0,0,0
GENE-9992,NO,1,0,0,0,0,0,0
GENE-9993,NO,1,0,0,0,0,0,0
GENE-9994,NO,1,0,0,0,0,0,0
GENE-9995,NO,1,46,58,43,58,55,53
GENE-9996,NO,1,0,0,0,0,0,0
GENE-9998,NO,1,356,206,260,276,247,141
GENE-9999,NO,1,0,0,0,0,0,0
GENE-10000,NO,1,132,169,168,198,200,142
GENE-10001,NO,1,197,1018,50,58,190,96
GENE-10002,NO,1,2,6,8,5,2,1
GENE-10003,NO,1,0,0,0,1,0,0
GENE-10004,NO,1,266,343,227,306,300,282
GENE-10005,NO,1,477,4075,233,188,660,2
GENE-10006,NO,1,63,68,60,73,73,62
GENE-10007,NO,1,93,52,75,79,58,75
GENE-10008,NO,1,29,28,31,21,8,24
GENE-10009,YES,1,0,0,0,0,1,0
GENE-10010,NO,1,0,0,0,0,0,0
GENE-10011,NO,1,0,0,0,0,0,0
GENE-10012,NO,1,0,0,0,0,0,0
GENE-10013,NO,1,0,0,0,0,0,0
GENE-10014,YES,1,0,0,0,0,0,0
GENE-10015,NO,1,1,0,0,0,0,0
GENE-10016,NO,1,0,0,0,0,0,0
GENE-10017,NO,1,0,0,0,0,0,0
GENE-10018,NO,1,21,20,13,25,15,11
GENE-10019,NO,1,0,0,0,0,0,0
GENE-10020,NO,1,0,0,0,0,0,0
GENE-10021,NO,1,472,405,344,266,248,697
GENE-10022,NO,1,0,0,0,0,0,0
GENE-10023,NO,1,0,0,0,0,0,0
GENE-10024,NO,1,0,0,0,0,0,0
GENE-10025,NO,1,0,0,0,0,0,0
GENE-10026,NO,1,0,0,0,0,0,0
GENE-10027,NO,1,0,0,0,0,0,0
GENE-10028,NO,1,4,2,0,0,0,1
GENE-10029,NO,1,5170,5883,7216,6130,8626,7341
GENE-10030,NO,1,6,2,6,4,2,4
GENE-10031,NO,1,0,0,0,0,0,0
GENE-10032,NO,1,144,109,93,97,60,111
GENE-10033,NO,1,0,0,0,0,0,0
GENE-10034,NO,1,384,444,381,296,366,372
GENE-10035,NO,1,0,0,0,0,0,0
GENE-10036,NO,1,36,24,40,41,27,48
GENE-10037,NO,1,0,0,0,0,0,0
GENE-10038,NO,1,0,0,0,0,0,0
GENE-10039,NO,1,35,21,33,60,41,15
GENE-10040,NO,1,0,0,0,0,0,0
GENE-10041,NO,1,108,80,102,93,107,96
GENE-10042,NO,1,0,0,0,0,0,0
GENE-10043,NO,1,0,0,0,0,0,0
GENE-10044,NO,1,0,0,0,0,0,0
GENE-10045,NO,1,0,0,0,0,0,0
GENE-10046,NO,1,0,0,0,0,0,0
GENE-10047,NO,1,0,0,0,0,0,0
GENE-10048,NO,1,0,1,0,0,1,0
GENE-10049,NO,1,44,8,0,7,0,41
GENE-10050,NO,1,0,0,0,0,0,0
GENE-10051,NO,1,0,0,0,0,0,0
GENE-10052,NO,1,0,0,0,0,0,0
GENE-10053,NO,1,0,1,1,0,1,3
GENE-10054,NO,1,0,0,0,0,0,0
GENE-10055,NO,1,0,0,0,0,0,0
GENE-10056,NO,1,0,0,0,0,0,0
GENE-10057,NO,1,0,3,1,0,1,3
GENE-10058,NO,1,0,0,0,0,0,1
GENE-10059,NO,1,15,12,3,37,19,20
GENE-10060,NO,1,1339,1164,1228,1776,641,786
GENE-10061,NO,1,0,0,0,0,0,0
GENE-10062,NO,1,0,0,0,0,0,0
GENE-10063,NO,1,5,8,4,4,6,7
GENE-10064,NO,1,0,0,0,0,0,0
GENE-10065,NO,1,1,1,0,2,0,0
GENE-10066,NO,1,67,96,107,106,107,82
GENE-10067,YES,1,0,1,1,0,0,0
GENE-10068,NO,1,45,39,40,49,35,60
GENE-10069,NO,1,0,0,0,0,0,0
GENE-10070,NO,1,0,0,0,0,0,0
GENE-10071,NO,1,0,0,0,0,0,0
GENE-10072,NO,1,0,0,0,0,0,0
GENE-10073,NO,1,294,299,271,271,238,284
GENE-10074,NO,1,0,0,0,0,0,0
GENE-10075,NO,1,0,0,0,0,0,0
GENE-10076,NO,1,321,4,14,469,31,80
GENE-10077,NO,1,0,0,0,0,0,0
GENE-10078,NO,1,0,0,0,0,0,0
GENE-10079,NO,1,0,0,0,0,0,0
GENE-10080,NO,1,0,0,0,0,0,0
GENE-10081,YES,1,0,0,0,0,0,0
GENE-10082,NO,1,0,0,0,0,0,0
GENE-10084,NO,1,1,6,5,3,3,7
GENE-10085,NO,1,1,1,1,4,3,2
GENE-10086,NO,1,0,0,0,0,0,0
GENE-10087,NO,1,0,0,0,0,0,0
GENE-10088,NO,1,0,0,0,0,0,0
GENE-10089,NO,1,0,0,0,0,0,0
GENE-10090,YES,1,0,0,0,0,0,0
GENE-10091,NO,1,0,0,0,0,0,0
GENE-10092,NO,1,278,305,258,295,290,347
GENE-10093,NO,1,70,68,70,81,66,52
GENE-10094,NO,1,0,0,0,0,0,0
GENE-10095,NO,1,0,0,0,0,0,0
GENE-10096,NO,1,0,0,0,0,0,0
GENE-10097,NO,1,0,0,0,0,0,0
GENE-10098,NO,1,1,4,3,4,1,1
GENE-10099,NO,1,1,0,1,1,2,0
GENE-10100,NO,1,0,0,0,0,0,0
GENE-10101,NO,1,0,0,0,0,0,0
GENE-10102,NO,1,0,0,0,0,0,0
GENE-10103,NO,1,0,0,0,0,0,0
GENE-10104,NO,1,60,88,63,73,63,94
GENE-10105,NO,1,0,0,0,0,0,0
GENE-10106,NO,1,141,165,171,150,145,161
GENE-10107,NO,1,2,2,1,4,3,3
GENE-10108,NO,1,2,2,0,1,0,0
GENE-10109,NO,1,0,0,0,0,0,0
GENE-10110,NO,1,0,0,0,0,0,0
GENE-10111,NO,1,0,0,0,0,0,0
GENE-10113,NO,1,230,208,126,169,186,160
GENE-10114,NO,1,0,0,0,0,0,0
GENE-10115,NO,1,0,0,0,0,0,0
GENE-10116,NO,1,8,5,8,5,8,8
GENE-10117,NO,1,0,0,0,0,0,0
GENE-10118,NO,1,0,0,0,0,0,0
GENE-10119,NO,1,0,0,0,0,0,0
GENE-10120,NO,1,0,0,0,0,0,0
GENE-10121,NO,1,22,37,10,13,2,14
GENE-10122,NO,1,0,0,0,0,0,0
GENE-10123,NO,1,20,30,15,28,13,24
GENE-10124,NO,1,0,0,0,0,0,0
GENE-10125,NO,1,0,0,0,0,0,0
GENE-10126,NO,1,0,0,0,0,0,0
GENE-10127,NO,1,0,0,0,0,0,0
GENE-10128,NO,1,0,0,0,0,0,0
GENE-10129,NO,1,0,0,0,0,0,0
GENE-10130,NO,1,0,0,0,0,0,0
GENE-10131,NO,1,0,0,0,0,0,0
GENE-10132,NO,1,0,0,0,0,0,0
GENE-10133,NO,1,206,207,204,239,176,190
GENE-10134,NO,1,712,1578,2839,1385,921,1581
GENE-10135,NO,1,9,7,6,9,2,8
GENE-10136,NO,1,0,0,0,0,0,0
GENE-10137,NO,1,1,2,1,3,3,2
GENE-10138,NO,1,1176,1046,1134,1442,884,993
GENE-10139,NO,1,0,0,0,0,0,0
GENE-10140,NO,1,0,0,0,0,0,0
GENE-10141,NO,1,65,38,75,34,41,39
GENE-10142,NO,1,0,0,0,0,0,0
GENE-10143,NO,1,0,0,0,0,0,0
GENE-10144,NO,1,0,0,0,0,0,0
GENE-10145,NO,1,115,89,100,111,103,130
GENE-10146,YES,1,0,0,0,0,0,0
GENE-10147,NO,1,0,0,0,0,0,0
GENE-10148,NO,1,0,0,0,0,0,0
GENE-10149,NO,1,507,822,433,568,437,769
GENE-10150,NO,1,41,28,16,31,17,27
GENE-10151,NO,1,0,0,0,0,0,0
GENE-10152,NO,1,0,0,0,0,0,0
GENE-10153,NO,1,0,0,0,0,0,0
GENE-10154,NO,1,7,4,7,0,3,7
GENE-10155,NO,1,0,0,0,0,0,0
GENE-10156,NO,1,0,0,0,0,0,0
GENE-10157,NO,1,0,0,0,0,0,0
GENE-10158,NO,1,0,0,0,0,0,0
GENE-10159,NO,1,22,22,19,24,20,13
GENE-10160,NO,1,158,168,143,107,116,127
GENE-10161,NO,1,0,0,0,0,0,0
GENE-10162,NO,1,0,0,0,0,0,0
GENE-10163,NO,1,0,0,0,0,0,0
GENE-10164,NO,1,0,0,0,0,0,0
GENE-10165,YES,1,0,0,0,0,0,0
GENE-10166,NO,1,52,65,159,74,110,100
GENE-10167,NO,1,0,0,0,0,0,0
GENE-10168,NO,1,0,0,0,0,0,0
GENE-10169,NO,1,0,0,0,0,0,0
GENE-10170,NO,1,0,0,0,0,0,0
GENE-10171,NO,1,0,0,0,0,0,0
GENE-10172,NO,1,0,0,0,0,0,0
GENE-10173,NO,1,0,0,2,0,0,1
GENE-10174,NO,1,765,731,463,502,767,581
GENE-10175,NO,1,185,145,263,324,232,246
GENE-10176,NO,1,0,0,0,0,0,0
GENE-10177,NO,1,1,0,0,0,0,0
GENE-10178,NO,1,0,0,0,0,0,0
GENE-10179,NO,1,0,0,0,0,0,0
GENE-10180,NO,1,0,0,0,0,0,0
GENE-10181,NO,1,0,0,0,0,0,0
GENE-10182,NO,1,3,5,4,2,3,5
GENE-10183,NO,1,12,12,22,21,34,14
GENE-10184,NO,1,0,0,0,0,0,0
GENE-10185,NO,1,0,0,0,0,0,0
GENE-10186,NO,1,478,823,913,564,717,515
GENE-10187,NO,1,0,0,0,0,0,0
GENE-10188,NO,1,0,0,0,0,0,0
GENE-10189,NO,1,0,0,0,0,0,0
GENE-10190,NO,1,0,0,0,0,0,0
GENE-10191,NO,1,0,0,0,0,0,0
GENE-10192,NO,1,4,2,3,6,4,4
GENE-10193,NO,1,0,0,0,0,0,0
GENE-10194,NO,1,0,0,0,0,0,0
GENE-10195,NO,1,0,0,0,0,0,0
GENE-10196,NO,1,0,1,2,0,1,1
GENE-10197,NO,1,0,0,0,0,0,0
GENE-10198,NO,1,35,61,46,48,40,66
GENE-10199,NO,1,0,0,0,0,0,0
GENE-10200,NO,1,0,0,0,0,0,0
GENE-10201,NO,1,2,3,1,1,5,1
GENE-10202,NO,1,0,0,0,0,0,0
GENE-10203,NO,1,0,0,0,0,0,0
GENE-10204,NO,1,52,43,32,51,49,45
GENE-10205,NO,1,9,7,6,9,12,17
GENE-10206,NO,1,0,0,0,0,0,0
GENE-10207,NO,1,0,0,0,0,0,0
GENE-10208,YES,1,0,0,0,0,0,0
GENE-10209,NO,1,0,0,0,0,0,0
GENE-10210,NO,1,0,0,0,0,0,0
GENE-10211,NO,1,18,15,14,10,18,19
GENE-10212,NO,1,0,0,0,0,0,0
GENE-10213,NO,1,0,0,0,0,0,0
GENE-10214,NO,1,0,0,0,0,0,0
GENE-10215,NO,1,0,0,0,0,0,0
GENE-10216,NO,1,0,0,0,0,0,0
GENE-10217,NO,1,0,0,0,0,0,0
GENE-10218,NO,1,0,0,0,0,0,0
GENE-10219,NO,1,0,0,0,0,0,0
GENE-10220,NO,1,0,0,0,0,0,0
GENE-10221,NO,1,0,0,0,0,0,0
GENE-10222,NO,1,127,47,59,25,81,233
GENE-10223,NO,1,9,11,18,7,22,12
GENE-10224,NO,1,5315,5267,3843,3745,4677,3023
GENE-10225,NO,1,0,0,0,0,0,0
GENE-10226,NO,1,30,29,22,26,26,31
GENE-10227,NO,1,0,0,0,0,0,0
GENE-10228,NO,1,7,18,10,12,14,17
GENE-10229,NO,1,166,145,184,151,187,181
GENE-10230,NO,1,0,0,0,0,0,0
GENE-10231,NO,1,0,0,0,0,0,0
GENE-10232,NO,1,0,0,0,0,0,0
GENE-10233,NO,1,0,0,0,0,0,0
GENE-10234,NO,1,0,0,0,0,0,0
GENE-10235,NO,1,0,0,0,0,0,0
GENE-10236,NO,1,0,0,1,2,0,1
GENE-10237,YES,1,0,0,0,0,0,0
GENE-10238,NO,1,0,0,0,0,0,0
GENE-10239,NO,1,0,0,0,0,0,0
GENE-10240,NO,1,2,11,7,10,10,3
GENE-10241,NO,1,21,18,23,28,22,27
GENE-10242,NO,1,0,0,0,0,0,0
GENE-10243,NO,1,0,0,0,0,0,0
GENE-10244,YES,1,0,0,0,0,0,0
GENE-10245,NO,1,0,0,0,0,1,0
GENE-10246,NO,1,0,0,0,0,0,0
GENE-10247,NO,1,55,48,90,44,97,58
GENE-10248,NO,1,124,234,150,133,164,136
GENE-10249,NO,1,1753,1792,1862,2121,2011,1330
GENE-10250,NO,1,0,0,0,0,0,0
GENE-10251,NO,1,0,0,0,0,0,0
GENE-10252,NO,1,0,0,0,0,0,0
GENE-10253,NO,1,0,0,0,0,0,0
GENE-10254,NO,1,0,0,0,0,0,0
GENE-10255,NO,1,1,0,0,0,0,0
GENE-10256,NO,1,0,0,0,0,0,0
GENE-10257,NO,1,623,2,269,222,310,215
GENE-10258,NO,1,0,0,0,0,0,0
GENE-10259,NO,1,0,0,0,0,0,0
GENE-10260,NO,1,0,0,0,0,0,0
GENE-10261,NO,1,1,1,1,4,0,2
GENE-10262,NO,1,0,0,0,0,0,0
GENE-10264,NO,1,0,0,0,0,0,0
GENE-10265,NO,1,28,30,30,20,24,33
GENE-10266,NO,1,399,423,429,447,403,445
GENE-10267,NO,1,0,0,0,0,0,0
GENE-10268,NO,1,60,53,36,47,67,62
GENE-10269,NO,1,3,5,9,3,4,8
GENE-10270,NO,1,41,38,37,38,28,34
GENE-10271,NO,1,0,0,0,0,0,0
GENE-10272,NO,1,177,199,218,197,238,151
GENE-10273,NO,1,4,5,6,7,3,5
GENE-10274,NO,1,0,0,0,0,0,0
GENE-10275,NO,1,0,0,0,0,0,0
GENE-10276,NO,1,174,201,187,226,311,256
GENE-10277,NO,1,0,0,0,0,0,0
GENE-10278,NO,1,0,0,0,0,0,0
GENE-10279,NO,1,0,0,0,0,0,0
GENE-10280,NO,1,0,0,0,0,0,0
GENE-10281,NO,1,0,0,0,0,0,0
GENE-10282,YES,1,0,0,0,0,0,0
GENE-10283,NO,1,0,0,0,0,0,0
GENE-10284,NO,1,0,0,0,0,0,0
GENE-10285,NO,1,0,0,0,0,0,0
GENE-10286,NO,1,0,0,2,2,0,1
GENE-10287,NO,1,0,0,0,0,0,0
GENE-10288,YES,1,0,1,4,1,2,2
GENE-10289,NO,1,121,159,132,144,124,132
GENE-10290,NO,1,2,1,0,4,3,1
GENE-10291,NO,1,0,0,0,0,0,0
GENE-10292,NO,1,0,0,0,0,0,0
GENE-10293,NO,1,0,0,0,0,0,0
GENE-10294,NO,1,0,0,0,0,0,0
GENE-10295,YES,1,0,0,0,0,0,0
GENE-10296,NO,1,0,0,0,0,0,0
GENE-10297,NO,1,5,2,0,0,44,5
GENE-10298,YES,1,0,0,0,0,0,1
GENE-10299,NO,1,0,0,0,0,0,0
GENE-10300,NO,1,183,259,136,128,278,164
GENE-10301,NO,1,30,28,33,31,42,25
GENE-10302,NO,1,0,0,0,0,0,0
GENE-10303,NO,1,0,0,0,0,0,0
GENE-10304,NO,1,0,0,0,0,0,0
GENE-10305,NO,1,0,0,0,0,0,0
GENE-10306,NO,1,1663,2255,2550,3015,2630,2354
GENE-10307,NO,1,496,502,423,510,566,549
GENE-10308,NO,1,0,0,0,0,0,0
GENE-10309,NO,1,36,33,22,55,33,53
GENE-10310,NO,1,0,0,0,0,0,0
GENE-10311,NO,1,125,131,137,116,133,136
GENE-10312,NO,1,287,206,299,292,361,193
GENE-10313,NO,1,0,0,0,0,0,0
GENE-10314,NO,1,0,0,0,0,0,0
GENE-10315,NO,1,21,14,10,8,21,6
GENE-10316,NO,1,111,67,82,104,121,125
GENE-10317,NO,1,0,0,0,0,0,0
GENE-10318,NO,1,0,0,0,0,0,0
GENE-10319,NO,1,0,0,0,0,0,0
GENE-10320,NO,1,0,0,0,0,0,2
GENE-10321,NO,1,0,0,0,0,0,0
GENE-10322,NO,1,5,5,11,7,11,9
GENE-10323,NO,1,0,0,0,3,0,0
GENE-10324,NO,1,0,0,0,0,0,1
GENE-10325,NO,1,0,0,0,0,0,0
GENE-10326,NO,1,0,0,0,0,0,2
GENE-10327,NO,1,0,0,0,0,0,0
GENE-10328,NO,1,62,57,55,58,52,65
GENE-10329,NO,1,0,0,0,0,0,0
GENE-10330,NO,1,0,0,0,0,0,0
GENE-10331,NO,1,0,0,0,0,0,0
GENE-10332,NO,1,0,0,0,0,0,0
GENE-10333,NO,1,0,0,0,0,0,0
GENE-10334,NO,1,0,0,0,0,0,0
GENE-10335,NO,1,0,0,0,0,0,0
GENE-10336,NO,1,1,0,3,2,1,0
GENE-10337,NO,1,51,55,50,60,34,53
GENE-10338,NO,1,0,0,0,0,0,0
GENE-10339,NO,1,0,0,0,0,0,0
GENE-10340,NO,1,2,1,2,0,0,1
GENE-10341,NO,1,1179,1010,1017,994,1056,710
GENE-10342,NO,1,0,0,0,0,0,0
GENE-10343,NO,1,0,0,0,0,0,0
GENE-10344,NO,1,27,33,36,38,36,24
GENE-10345,NO,1,0,0,0,0,0,0
GENE-10346,NO,1,0,0,0,0,0,0
GENE-10347,NO,1,0,0,0,0,0,0
GENE-10348,NO,1,0,0,0,0,0,0
GENE-10349,NO,1,0,0,0,0,0,0
GENE-10350,NO,1,0,0,0,0,1,1
GENE-10351,NO,1,0,0,0,0,0,0
GENE-10352,NO,1,0,0,0,0,0,0
GENE-10353,NO,1,17,12,7,5,6,7
GENE-10354,NO,1,16,3,10,13,6,12
GENE-10355,NO,1,1,0,0,1,0,0
GENE-10356,NO,1,41,52,32,80,62,28
GENE-10357,NO,1,0,0,0,0,0,0
GENE-10358,NO,1,0,0,0,0,0,0
GENE-10359,NO,1,1,0,1,1,0,2
GENE-10360,NO,1,58,60,55,71,79,86
GENE-10361,NO,1,12,7,17,19,13,16
GENE-10362,NO,1,631,597,702,733,618,540
GENE-10363,NO,1,0,0,0,0,0,0
GENE-10364,NO,1,0,0,0,0,0,0
GENE-10365,NO,1,51,33,57,53,46,32
GENE-10366,NO,1,29,34,17,28,40,46
GENE-10367,NO,1,354,348,260,263,334,244
GENE-10368,NO,1,0,0,0,0,0,0
GENE-10369,NO,1,0,0,0,0,0,0
GENE-10370,YES,1,0,0,0,0,0,0
GENE-10371,NO,1,202,443,391,305,320,429
GENE-10372,YES,1,0,0,0,0,0,0
GENE-10373,NO,1,74,82,95,70,113,110
GENE-10374,NO,1,0,0,0,0,0,0
GENE-10375,NO,1,0,0,0,0,0,0
GENE-10376,NO,1,0,0,0,0,0,0
GENE-10377,NO,1,0,0,0,0,0,0
GENE-10378,NO,1,0,0,0,0,0,0
GENE-10379,NO,1,0,0,0,0,0,0
GENE-10380,NO,1,0,0,0,0,0,0
GENE-10381,NO,1,0,0,0,0,0,0
GENE-10382,NO,1,0,0,0,0,0,0
GENE-10383,NO,1,12,24,23,16,16,22
GENE-10384,NO,1,80,55,102,100,112,69
GENE-10385,NO,1,0,0,0,0,0,0
GENE-10386,NO,1,0,0,0,0,0,0
GENE-10387,NO,1,0,0,0,0,0,0
GENE-10388,NO,1,0,0,0,0,0,0
GENE-10389,NO,1,0,0,0,0,0,0
GENE-10390,NO,1,0,0,0,0,0,0
GENE-10391,NO,1,952,1687,945,1511,1190,1627
GENE-10392,NO,1,0,0,0,0,0,0
GENE-10393,NO,1,0,0,0,0,0,0
GENE-10394,NO,1,0,0,0,0,0,0
GENE-10395,NO,1,10,9,8,13,15,12
GENE-10396,NO,1,0,0,0,0,0,0
GENE-10397,NO,1,0,0,0,0,0,0
GENE-10398,NO,1,0,0,0,0,0,0
GENE-10399,NO,1,0,0,0,0,0,0
GENE-10400,NO,1,0,0,0,0,0,0
GENE-10401,NO,1,0,0,0,0,0,0
GENE-10402,NO,1,0,0,0,0,0,0
GENE-10403,YES,1,0,0,0,0,0,0
GENE-10404,NO,1,0,0,0,0,0,0
GENE-10405,NO,1,0,0,0,0,0,0
GENE-10406,NO,1,0,0,0,0,0,0
GENE-10407,NO,1,0,0,0,0,0,0
GENE-10408,NO,1,0,0,0,0,0,0
GENE-10409,NO,1,0,0,0,0,0,0
GENE-10410,NO,1,0,0,0,0,0,0
GENE-10411,NO,1,0,0,0,0,0,0
GENE-10412,NO,1,0,0,0,0,0,0
GENE-10413,NO,1,929,710,1006,874,615,634
GENE-10414,NO,1,0,0,0,0,0,0
GENE-10415,NO,1,0,0,0,0,0,0
GENE-10416,NO,1,0,0,0,0,0,0
GENE-10417,NO,1,0,0,0,0,0,0
GENE-10418,NO,1,0,0,0,0,0,0
GENE-10419,NO,1,0,0,0,0,0,0
GENE-10420,NO,1,0,0,0,0,0,0
GENE-10421,NO,1,2,2,2,2,4,1
GENE-10422,NO,1,59,46,55,59,61,55
GENE-10423,NO,1,0,0,0,0,0,0
GENE-10424,NO,1,252,293,299,308,298,316
GENE-10425,NO,1,0,0,0,0,0,0
GENE-10426,NO,1,0,0,0,0,0,0
GENE-10427,NO,1,0,0,0,0,0,0
GENE-10428,NO,1,6,4,13,3,4,6
GENE-10429,NO,1,1,0,0,0,0,0
GENE-10430,NO,1,206,259,181,196,211,226
GENE-10431,NO,1,0,0,0,0,0,0
GENE-10432,NO,1,0,0,0,0,0,0
GENE-10433,NO,1,7,7,8,7,3,9
GENE-10434,NO,1,0,0,0,0,0,0
GENE-10435,NO,1,0,0,0,0,0,0
GENE-10436,NO,1,0,0,0,0,0,0
GENE-10437,NO,1,0,0,0,0,0,0
GENE-10438,YES,1,0,0,0,0,0,0
GENE-10439,NO,1,0,0,0,0,0,0
GENE-10440,NO,1,368,436,401,409,384,418
GENE-10441,NO,1,0,0,0,0,0,0
GENE-10442,NO,1,0,0,0,0,0,0
GENE-10443,NO,1,372,519,390,481,413,233
GENE-10444,NO,1,0,0,0,0,0,0
GENE-10445,NO,1,0,0,0,0,0,0
GENE-10446,NO,1,0,0,0,0,0,0
GENE-10447,NO,1,3,0,3,2,7,2
GENE-10448,NO,1,0,0,0,0,0,0
GENE-10449,NO,1,1,2,1,0,0,0
GENE-10450,NO,1,0,0,0,0,0,0
GENE-10451,NO,1,2629,2126,2573,2275,2510,2576
GENE-10452,NO,1,0,0,0,0,0,0
GENE-10453,NO,1,0,0,0,0,0,0
GENE-10454,NO,1,566,1161,832,389,383,907
GENE-10455,NO,1,0,0,0,0,0,0
GENE-10456,NO,1,85,52,21,116,55,24
GENE-10457,NO,1,1,1,2,2,0,1
GENE-10458,NO,1,0,0,0,0,0,0
GENE-10459,NO,1,0,0,0,0,0,0
GENE-10460,NO,1,0,0,0,0,0,0
GENE-10461,YES,1,0,1,0,4,2,1
GENE-10462,NO,1,0,0,0,0,0,0
GENE-10463,NO,1,0,0,0,0,0,0
GENE-10464,NO,1,0,0,0,0,0,0
GENE-10465,NO,1,0,0,0,0,0,0
GENE-10466,NO,1,182,190,185,146,174,166
GENE-10467,NO,1,0,0,0,0,0,0
GENE-10468,NO,1,0,0,0,0,0,0
GENE-10469,NO,1,29,48,65,44,39,22
GENE-10470,NO,1,0,1,0,0,0,0
GENE-10471,NO,1,0,0,0,0,0,0
GENE-10472,NO,1,56,67,46,43,51,50
GENE-10473,NO,1,324,395,318,366,239,277
GENE-10474,NO,1,0,0,0,0,0,0
GENE-10475,NO,1,1078,1324,2510,1640,751,1662
GENE-10476,NO,1,54,49,36,24,28,42
GENE-10477,YES,1,0,0,0,0,0,0
GENE-10478,NO,1,1,0,0,2,0,0
GENE-10479,NO,1,0,0,0,0,0,0
GENE-10480,NO,1,0,0,0,0,0,0
GENE-10481,YES,1,0,0,0,0,0,0
GENE-10482,NO,1,598,427,376,408,415,321
GENE-10483,NO,1,0,0,0,0,0,0
GENE-10484,NO,1,3,2,0,1,2,3
GENE-10485,YES,1,0,0,0,0,0,0
GENE-10486,NO,1,4,1,0,2,2,0
GENE-10487,NO,1,0,0,0,0,0,0
GENE-10488,NO,1,0,0,0,0,0,0
GENE-10489,NO,1,0,0,0,0,0,0
GENE-10490,NO,1,0,0,0,0,0,0
GENE-10491,NO,1,0,0,0,0,0,0
GENE-10492,NO,1,0,0,0,0,0,0
GENE-10493,NO,1,0,0,0,0,0,0
GENE-10494,NO,1,0,0,0,0,0,0
GENE-10495,NO,1,0,0,0,0,0,0
GENE-10496,NO,1,0,0,0,0,0,0
GENE-10497,NO,1,0,0,0,0,0,0
GENE-10498,NO,1,0,0,0,0,0,0
GENE-10499,NO,1,3,4,3,1,4,2
GENE-10500,NO,1,0,0,0,0,0,0
GENE-10501,NO,1,0,0,0,0,0,0
GENE-10502,NO,1,0,0,0,0,0,0
GENE-10503,NO,1,11,17,15,18,11,9
GENE-10504,NO,1,0,0,0,0,0,0
GENE-10505,NO,1,0,0,0,0,0,0
GENE-10506,YES,1,0,0,0,0,0,0
GENE-10507,NO,1,1,0,0,0,0,3
GENE-10508,NO,1,184,231,239,189,194,202
GENE-10509,YES,1,0,0,0,0,0,0
GENE-10510,NO,1,0,0,0,0,0,0
GENE-10511,NO,1,0,0,0,0,0,0
GENE-10512,NO,1,8,6,9,10,6,8
GENE-10513,NO,1,0,0,0,0,0,0
GENE-10514,NO,1,0,0,0,0,0,0
GENE-10515,NO,1,1104,994,1056,1024,1071,1020
GENE-10516,NO,1,30,45,37,40,25,23
GENE-10517,NO,1,0,0,0,0,0,0
GENE-10518,NO,1,4,14,9,14,13,10
GENE-10519,NO,1,0,0,0,0,0,0
GENE-10520,NO,1,0,0,0,0,0,0
GENE-10521,YES,1,0,0,0,0,0,0
GENE-10522,YES,1,0,0,0,0,0,0
GENE-10523,NO,1,55,4,23,11,54,3
GENE-10524,NO,1,0,0,0,0,0,0
GENE-10525,YES,1,0,0,0,0,0,0
GENE-10526,NO,1,372,367,335,368,354,337
GENE-10527,NO,1,40,56,52,56,49,44
GENE-10528,NO,1,0,0,0,0,0,0
GENE-10529,NO,1,0,0,0,0,0,0
GENE-10530,NO,1,9,5,10,1,6,3
GENE-10531,NO,1,0,0,0,0,0,0
GENE-10532,NO,1,0,0,0,0,0,0
GENE-10533,YES,1,0,0,0,0,0,0
GENE-10534,NO,1,0,0,0,0,0,0
GENE-10535,YES,1,0,0,0,0,0,0
GENE-10536,NO,1,116,95,148,135,187,179
GENE-10537,NO,1,0,0,0,0,0,0
GENE-10538,NO,1,9,13,17,14,29,17
GENE-10539,NO,1,205,180,198,169,163,180
GENE-10540,NO,1,0,0,0,0,0,0
GENE-10541,NO,1,0,0,0,0,0,0
GENE-10542,NO,1,0,0,0,0,0,0
GENE-10543,NO,1,419,367,367,511,487,376
GENE-10545,NO,1,1528,1243,1589,1182,1028,1752
GENE-10546,NO,1,0,0,0,0,0,0
GENE-10547,NO,1,0,0,0,0,0,0
GENE-10548,NO,1,0,0,1,0,0,0
GENE-10549,NO,1,1,1,1,3,3,1
GENE-10550,NO,1,0,0,0,0,0,0
GENE-10551,NO,1,0,0,0,0,0,0
GENE-10552,NO,1,0,0,0,0,0,0
GENE-10553,NO,1,0,0,0,0,0,0
GENE-10554,NO,1,2532,3097,2360,2409,2560,2838
GENE-10555,NO,1,0,0,0,0,0,0
GENE-10556,NO,1,0,0,0,0,0,0
GENE-10557,NO,1,0,0,0,0,0,0
GENE-10558,NO,1,0,0,0,0,0,0
GENE-10559,NO,1,0,0,0,0,0,0
GENE-10560,NO,1,12,22,19,10,10,15
GENE-10561,NO,1,652,723,571,665,589,819
GENE-10562,NO,1,0,0,0,0,0,0
GENE-10563,NO,1,0,0,0,0,0,0
GENE-10564,NO,1,0,0,0,0,0,0
GENE-10565,NO,1,3,3,3,5,5,0
GENE-10566,NO,1,0,0,0,0,0,0
GENE-10567,NO,1,0,0,0,0,0,0
GENE-10568,NO,1,1157,497,820,878,527,1286
GENE-10569,NO,1,8,5,10,7,10,5
GENE-10570,NO,1,177,183,257,226,269,213
GENE-10571,NO,1,1,0,1,0,0,1
GENE-10572,NO,1,847,550,718,544,982,555
GENE-10573,NO,1,0,0,0,0,0,0
GENE-10574,NO,1,0,2,1,0,0,0
GENE-10575,NO,1,3490,3077,3841,3031,3170,3008
GENE-10576,NO,1,0,0,0,0,0,0
GENE-10577,NO,1,0,0,0,0,0,0
GENE-10578,NO,1,0,0,0,0,0,0
GENE-10579,NO,1,0,0,0,0,0,0
GENE-10580,NO,1,0,0,0,0,0,0
GENE-10581,NO,1,856,667,668,657,382,533
GENE-10582,NO,1,132,237,466,168,611,348
GENE-10583,NO,1,5,1,1,2,2,5
GENE-10584,NO,1,2,2,4,3,8,3
GENE-10586,NO,1,0,0,0,0,0,0
GENE-10587,NO,1,0,0,0,0,0,0
GENE-10588,NO,1,0,0,0,0,0,0
GENE-10589,NO,1,0,1,1,1,1,0
GENE-10590,NO,1,0,0,0,0,0,0
GENE-10591,NO,1,0,1,0,0,0,0
GENE-10592,YES,1,0,0,0,0,0,0
GENE-10593,NO,1,0,0,0,0,0,0
GENE-10594,YES,1,0,0,0,0,0,0
GENE-10595,NO,1,0,0,0,0,0,0
GENE-10596,NO,1,0,0,0,0,0,0
GENE-10597,NO,1,285,175,256,160,182,215
GENE-10598,NO,1,0,0,0,0,0,0
GENE-10599,NO,1,0,0,0,0,0,0
GENE-10600,NO,1,0,0,0,0,0,0
GENE-10601,NO,1,0,0,0,0,0,0
GENE-10602,NO,1,5,2,3,8,10,10
GENE-10603,NO,1,0,0,0,0,0,0
GENE-10604,NO,1,0,0,0,0,0,0
GENE-10605,NO,1,0,0,0,0,0,0
GENE-10606,NO,1,0,0,0,0,0,0
GENE-10607,NO,1,43,45,34,29,64,33
GENE-10608,NO,1,27,42,55,36,57,44
GENE-10609,NO,1,0,0,0,0,0,0
GENE-10610,NO,1,13,11,6,6,6,8
GENE-10611,NO,1,0,0,0,0,0,0
GENE-10612,NO,1,33,24,27,27,22,15
GENE-10613,YES,1,0,0,0,0,0,0
GENE-10614,NO,1,443,448,119,484,150,512
GENE-10615,NO,1,22,20,15,9,27,1
GENE-10616,NO,1,0,0,0,0,0,0
GENE-10617,NO,1,9,5,10,18,11,10
GENE-10618,NO,1,0,0,0,0,0,0
GENE-10619,NO,1,0,0,0,0,0,0
GENE-10620,NO,1,0,0,0,0,0,0
GENE-10621,YES,1,17,20,15,1,2,1
GENE-10622,NO,1,0,0,0,0,0,0
GENE-10623,NO,1,0,0,0,0,0,0
GENE-10624,NO,1,0,0,0,0,0,0
GENE-10625,NO,1,0,0,0,0,0,0
GENE-10626,NO,1,0,0,0,0,0,0
GENE-10627,NO,1,0,0,0,0,0,0
GENE-10628,NO,1,1,4,3,1,2,3
GENE-10629,NO,1,262,231,279,298,227,220
GENE-10630,NO,1,0,0,0,0,0,0
GENE-10631,NO,1,0,0,0,0,0,0
GENE-10632,NO,1,30,23,22,23,26,21
GENE-10633,NO,1,0,0,0,0,0,0
GENE-10634,NO,1,0,0,0,0,0,0
GENE-10635,NO,1,0,0,0,0,0,0
GENE-10636,NO,1,11,17,7,16,20,14
GENE-10637,NO,1,0,0,0,0,0,0
GENE-10638,NO,1,0,0,0,0,0,0
GENE-10639,NO,1,0,0,0,0,0,0
GENE-10640,NO,1,0,0,0,0,0,0
GENE-10641,NO,1,0,0,0,0,0,0
GENE-10642,NO,1,0,0,0,0,0,0
GENE-10643,NO,1,364,305,395,354,358,294
GENE-10644,NO,1,0,0,0,0,0,0
GENE-10645,NO,1,0,0,0,0,0,0
GENE-10646,NO,1,0,0,0,0,0,0
GENE-10647,NO,1,6,9,8,9,11,6
GENE-10648,NO,1,30,28,31,24,33,21
GENE-10649,NO,1,0,0,0,0,0,0
GENE-10650,NO,1,0,0,0,0,0,0
GENE-10651,NO,1,0,0,0,0,0,0
GENE-10652,NO,1,492,435,426,400,421,437
GENE-10653,NO,1,0,0,0,0,0,0
GENE-10655,NO,1,0,0,0,0,0,1
GENE-10656,NO,1,0,0,0,0,0,0
GENE-10657,NO,1,0,0,0,0,0,0
GENE-10658,YES,1,0,0,0,0,0,0
GENE-10659,NO,1,0,0,0,0,0,0
GENE-10660,NO,1,0,0,0,0,0,0
GENE-10661,NO,1,189,209,176,215,239,196
GENE-10662,NO,1,0,0,0,0,0,0
GENE-10663,NO,1,1,5,7,6,4,3
GENE-10664,NO,1,1402,1159,1580,1484,1513,1513
GENE-10665,NO,1,1,1,3,0,1,1
GENE-10666,NO,1,0,0,0,0,0,0
GENE-10667,NO,1,0,1,1,2,0,0
GENE-10668,NO,1,2,2,4,2,1,3
GENE-10669,NO,1,3,2,2,4,7,3
GENE-10670,NO,1,0,0,0,0,0,0
GENE-10671,NO,1,17,20,22,21,31,13
GENE-10672,NO,1,0,0,0,0,0,0
GENE-10674,YES,1,0,0,0,0,0,0
GENE-10675,NO,1,0,0,0,0,0,0
GENE-10676,NO,1,0,0,0,0,0,0
GENE-10677,NO,1,0,0,0,0,0,0
GENE-10678,NO,1,0,0,2,0,0,1
GENE-10679,NO,1,0,0,0,0,0,0
GENE-10680,NO,1,246,242,232,150,253,275
GENE-10681,NO,1,0,0,0,0,0,0
GENE-10682,NO,1,2,3,4,0,3,4
GENE-10683,NO,1,0,0,0,0,0,0
GENE-10684,NO,1,1,1,0,1,1,0
GENE-10685,NO,1,0,0,0,2,1,1
GENE-10686,NO,1,234,207,175,161,179,241
GENE-10687,NO,1,0,0,0,0,0,0
GENE-10688,NO,1,0,0,0,0,0,0
GENE-10689,NO,1,0,0,0,0,0,0
GENE-10690,NO,1,0,0,0,0,0,0
GENE-10691,NO,1,0,0,0,0,0,0
GENE-10692,NO,1,0,0,0,0,0,0
GENE-10693,NO,1,0,0,0,0,0,0
GENE-10694,NO,1,0,0,0,0,0,0
GENE-10695,NO,1,0,0,0,0,0,0
GENE-10696,NO,1,0,0,0,0,0,0
GENE-10697,NO,1,1,0,1,0,1,0
GENE-10698,YES,1,0,0,0,0,0,0
GENE-10699,NO,1,2,1,2,1,2,2
GENE-10700,NO,1,271,226,271,181,294,206
GENE-10701,NO,1,285,264,230,251,271,286
GENE-10703,NO,1,0,0,0,0,0,0
GENE-10704,NO,1,4,4,3,6,3,1
GENE-10706,NO,1,0,0,0,0,0,0
GENE-10707,NO,1,327,241,317,329,315,318
GENE-10708,NO,1,0,0,0,0,0,0
GENE-10709,NO,1,65,106,68,73,58,72
GENE-10710,NO,1,0,0,0,0,0,1
GENE-10712,NO,1,48,53,81,59,78,72
GENE-10714,NO,1,464,416,558,377,492,504
GENE-10715,NO,1,65,177,94,56,73,69
GENE-10716,NO,1,0,0,0,0,16,8
GENE-10717,NO,1,0,0,0,0,0,0
GENE-10718,NO,1,52,38,45,28,35,49
GENE-10719,NO,1,0,0,0,0,0,0
GENE-10720,NO,1,40,54,37,40,41,36
GENE-10721,NO,1,1,1,1,1,0,1
GENE-10722,NO,1,150,118,109,129,111,86
GENE-10723,NO,1,41,54,165,212,51,53
GENE-10724,NO,1,70,53,63,57,79,55
GENE-10725,NO,1,4,2,5,1,6,7
GENE-10726,NO,1,0,0,0,0,0,0
GENE-10727,NO,1,0,0,0,0,0,0
GENE-10728,NO,1,0,0,0,0,0,0
GENE-10729,NO,1,0,0,0,0,0,0
GENE-10730,NO,1,0,0,0,0,0,0
GENE-10731,NO,1,20,53,51,47,27,66
GENE-10732,NO,1,0,0,0,0,0,0
GENE-10733,NO,1,0,0,0,0,0,0
GENE-10734,NO,1,0,0,0,0,0,0
GENE-10735,NO,1,0,0,0,0,0,0
GENE-10736,NO,1,0,0,0,0,0,0
GENE-10737,NO,1,0,0,0,0,0,0
GENE-10738,NO,1,0,0,0,0,0,0
GENE-10739,YES,1,0,0,0,0,0,0
GENE-10740,NO,1,0,0,0,0,0,0
GENE-10741,NO,1,7,7,5,4,5,4
GENE-10743,NO,1,1,0,0,1,0,0
GENE-10744,NO,1,8,4,2,7,7,8
GENE-10745,NO,1,0,0,0,0,0,0
GENE-10746,NO,1,4,9,6,2,9,4
GENE-10747,NO,1,0,0,0,0,0,0
GENE-10748,NO,1,22,19,20,17,14,17
GENE-10749,NO,1,0,0,0,0,0,0
GENE-10750,NO,1,0,0,0,0,0,0
GENE-10751,NO,1,0,0,0,0,0,0
GENE-10752,YES,1,0,0,0,0,0,0
GENE-10753,NO,1,23,37,42,16,25,34
GENE-10754,NO,1,0,0,0,0,0,0
GENE-10755,NO,1,0,0,0,0,0,0
GENE-10756,NO,1,0,0,0,1,0,1
GENE-10757,NO,1,3111,2947,3297,2928,3186,3226
GENE-10758,NO,1,0,0,0,0,0,0
GENE-10759,NO,1,408,642,431,500,559,571
GENE-10760,NO,1,210,170,203,164,193,174
GENE-10761,NO,1,56,62,81,102,96,57
GENE-10762,NO,1,0,0,0,0,0,0
GENE-10763,NO,1,0,0,0,0,0,0
GENE-10764,NO,1,5,3,7,6,3,8
GENE-10765,NO,1,0,0,0,0,0,0
GENE-10766,NO,1,0,0,0,0,0,0
GENE-10767,NO,1,0,0,0,0,0,1
GENE-10768,NO,1,0,0,0,0,0,0
GENE-10769,NO,1,0,0,0,0,0,0
GENE-10770,NO,1,62,41,49,61,64,52
GENE-10771,NO,1,0,0,0,0,0,0
GENE-10772,NO,1,60,40,59,37,48,53
GENE-10773,NO,1,0,0,0,0,0,0
GENE-10774,NO,1,11,6,8,5,3,6
GENE-10775,NO,1,0,4,129,0,25,0
GENE-10776,NO,1,0,0,0,0,0,0
GENE-10777,NO,1,0,0,0,0,0,0
GENE-10779,NO,1,0,0,1,0,1,0
GENE-10780,NO,1,0,0,0,0,0,0
GENE-10781,NO,1,74,83,62,62,58,70
GENE-10782,NO,1,298,359,351,394,357,363
GENE-10783,NO,1,9,5,7,1,5,2
GENE-10784,NO,1,2,4,1,4,0,4
GENE-10785,NO,1,120,109,155,100,118,111
GENE-10786,NO,1,0,0,0,0,0,0
GENE-10787,NO,1,7684,7256,4673,9925,9765,7058
GENE-10788,NO,1,0,0,0,0,0,0
GENE-10789,NO,1,0,0,0,0,0,0
GENE-10790,NO,1,0,0,0,0,0,0
GENE-10791,NO,1,236,292,151,170,208,258
GENE-10792,NO,1,0,0,0,0,0,0
GENE-10793,NO,1,0,0,0,0,0,0
GENE-10794,NO,1,0,0,0,0,0,0
GENE-10795,NO,1,0,0,0,0,0,0
GENE-10796,NO,1,0,0,0,0,0,0
GENE-10797,NO,1,0,0,0,0,0,0
GENE-10798,NO,1,4,7,5,5,1,0
GENE-10799,NO,1,48,67,20,59,78,60
GENE-10800,NO,1,0,0,0,0,0,0
GENE-10801,NO,1,2,0,0,0,1,1
GENE-10802,NO,1,0,0,0,0,0,0
GENE-10803,NO,1,569,1042,1316,694,501,912
GENE-10804,NO,1,30,26,23,16,29,22
GENE-10805,NO,1,0,0,0,0,0,0
GENE-10806,NO,1,0,0,0,0,0,0
GENE-10807,NO,1,0,0,0,0,0,0
GENE-10808,YES,1,0,0,0,0,0,0
GENE-10809,NO,1,0,0,0,0,0,0
GENE-10810,NO,1,0,0,0,0,0,0
GENE-10811,NO,1,0,0,0,0,0,0
GENE-10812,NO,1,0,0,0,0,0,0
GENE-10813,YES,1,0,0,0,0,0,0
GENE-10814,NO,1,0,0,0,0,0,0
GENE-10815,NO,1,0,0,0,0,0,0
GENE-10816,NO,1,2,0,0,1,0,0
GENE-10817,NO,1,675,1259,927,584,559,1217
GENE-10818,NO,1,0,0,1,0,0,0
GENE-10819,NO,1,17,15,21,19,22,28
GENE-10820,NO,1,0,0,0,0,0,0
GENE-10821,NO,1,0,0,0,0,0,0
GENE-10822,NO,1,858,911,1016,1294,1173,919
GENE-10823,NO,1,0,0,1,0,0,1
GENE-10824,NO,1,0,0,0,0,0,0
GENE-10825,NO,1,0,0,0,0,0,0
GENE-10826,NO,1,0,0,0,0,0,0
GENE-10827,NO,1,1,1,0,1,1,0
GENE-10828,NO,1,0,0,0,0,0,0
GENE-10829,NO,1,0,0,0,0,0,0
GENE-10830,NO,1,924,512,678,766,823,729
GENE-10831,NO,1,0,0,0,0,0,0
GENE-10832,NO,1,43,61,48,47,46,56
GENE-10833,NO,1,124,103,111,97,120,114
GENE-10834,NO,1,0,0,0,0,0,0
GENE-10835,NO,1,142,109,87,78,124,106
GENE-10836,NO,1,0,0,0,0,0,0
GENE-10837,NO,1,0,0,0,0,0,0
GENE-10838,NO,1,2,3,3,3,2,0
GENE-10839,YES,1,0,0,0,0,0,0
GENE-10840,NO,1,0,0,0,0,0,0
GENE-10841,NO,1,1045,2532,562,577,1436,677
GENE-10842,NO,1,0,0,0,0,0,0
GENE-10843,NO,1,458,385,512,410,439,476
GENE-10844,NO,1,0,0,0,0,0,0
GENE-10845,NO,1,9,11,5,17,4,13
GENE-10846,NO,1,0,0,0,0,0,0
GENE-10847,NO,1,50,63,51,64,89,64
GENE-10848,NO,1,0,0,0,0,0,0
GENE-10849,NO,1,1,1,0,1,0,0
GENE-10850,NO,1,5,6,3,5,4,2
GENE-10851,NO,1,16,30,23,12,25,20
GENE-10852,NO,1,46,37,59,49,53,59
GENE-10853,NO,1,0,0,0,0,0,0
GENE-10854,NO,1,0,0,0,0,0,0
GENE-10855,NO,1,0,0,0,0,0,0
GENE-10856,NO,1,23,25,17,34,38,11
GENE-10858,NO,1,0,0,0,0,0,0
GENE-10859,NO,1,100,115,138,108,139,132
GENE-10860,NO,1,30,25,52,12,22,45
GENE-10861,NO,1,34,35,33,42,36,36
GENE-10862,NO,1,80,53,75,63,44,63
GENE-10863,NO,1,535,992,1084,837,778,1287
GENE-10864,NO,1,65,79,83,77,76,48
GENE-10865,NO,1,0,0,0,0,0,0
GENE-10866,YES,1,5,6,7,3,3,4
GENE-10867,NO,1,0,0,0,0,0,0
GENE-10868,NO,1,80,75,79,77,76,91
GENE-10869,NO,1,0,0,0,0,0,0
GENE-10870,NO,1,25,36,45,90,56,43
GENE-10871,NO,1,0,0,0,0,0,0
GENE-10872,NO,1,63,48,101,58,76,45
GENE-10873,NO,1,0,0,0,0,0,0
GENE-10874,NO,1,3,4,4,8,0,2
GENE-10875,NO,1,0,0,0,0,0,0
GENE-10876,NO,1,573,555,760,571,807,1045
GENE-10877,YES,1,4,2,3,14,7,18
GENE-10878,NO,1,404,495,276,351,363,232
GENE-10879,NO,1,0,0,0,0,0,0
GENE-10880,NO,1,0,0,0,0,0,0
GENE-10881,NO,1,24,18,13,21,20,23
GENE-10882,NO,1,0,0,0,0,0,0
GENE-10883,NO,1,0,0,0,0,0,0
GENE-10884,NO,1,0,0,0,0,0,0
GENE-10885,NO,1,2,0,2,1,3,0
GENE-10886,NO,1,0,0,0,0,0,0
GENE-10887,NO,1,0,0,0,0,0,0
GENE-10888,NO,1,0,0,0,0,0,0
GENE-10890,NO,1,3,1,1,1,2,3
GENE-10891,NO,1,0,0,0,0,0,0
GENE-10892,NO,1,0,0,0,0,0,0
GENE-10893,NO,1,391,352,378,443,393,632
GENE-10894,NO,1,0,0,0,0,0,0
GENE-10895,NO,1,0,0,0,0,0,0
GENE-10896,NO,1,0,0,0,0,0,0
GENE-10897,NO,1,0,0,0,0,0,0
GENE-10898,NO,1,0,0,0,0,0,0
GENE-10899,NO,1,0,0,0,0,0,0
GENE-10900,NO,1,0,0,0,0,0,0
GENE-10901,NO,1,0,0,0,0,0,0
GENE-10902,NO,1,1,0,1,0,0,0
GENE-10903,NO,1,0,0,0,0,0,0
GENE-10904,NO,1,0,0,0,0,0,0
GENE-10905,NO,1,0,0,0,0,0,0
GENE-10906,NO,1,0,0,0,0,0,0
GENE-10907,NO,1,0,0,0,0,0,0
GENE-10908,NO,1,0,0,0,0,0,0
GENE-10909,NO,1,0,0,0,0,0,0
GENE-10910,NO,1,0,0,0,0,0,0
GENE-10911,NO,1,28,21,18,35,41,48
GENE-10912,NO,1,0,0,0,0,0,0
GENE-10913,NO,1,0,0,0,0,0,0
GENE-10914,NO,1,0,0,0,0,0,0
GENE-10915,NO,1,0,0,0,0,0,0
GENE-10916,NO,1,0,0,0,0,0,0
GENE-10917,NO,1,0,0,0,0,0,0
GENE-10918,NO,1,0,0,0,0,0,0
GENE-10919,NO,1,0,0,0,0,0,0
GENE-10920,NO,1,0,0,0,0,0,0
GENE-10921,YES,1,0,0,0,0,0,0
GENE-10922,NO,1,45,44,41,38,47,30
GENE-10923,NO,1,0,0,0,0,0,0
GENE-10924,NO,1,412,396,412,399,467,386
GENE-10925,NO,1,0,0,0,0,0,0
GENE-10926,NO,1,2327,2737,2822,2770,2949,3046
GENE-10927,NO,1,0,0,0,0,0,0
GENE-10928,NO,1,0,0,0,0,0,0
GENE-10929,NO,1,0,0,0,0,0,0
GENE-10930,NO,1,0,0,0,0,0,0
GENE-10931,NO,1,0,0,0,0,0,0
GENE-10932,NO,1,33,39,54,58,56,30
GENE-10933,NO,1,0,0,0,0,0,0
GENE-10934,NO,1,19,22,18,25,26,21
GENE-10935,NO,1,0,0,0,0,0,0
GENE-10936,NO,1,0,0,0,0,0,0
GENE-10937,NO,1,0,0,0,0,0,0
GENE-10938,NO,1,0,0,0,0,0,0
GENE-10939,NO,1,0,0,0,0,0,0
GENE-10940,NO,1,0,0,0,0,0,0
GENE-10941,NO,1,0,0,0,0,0,0
GENE-10942,NO,1,0,0,0,0,0,0
GENE-10943,NO,1,0,0,0,0,0,0
GENE-10944,NO,1,0,0,0,0,0,0
GENE-10945,NO,1,0,0,0,0,0,0
GENE-10946,NO,1,0,0,0,1,0,0
GENE-10947,NO,1,0,0,0,0,0,0
GENE-10948,NO,1,0,0,0,0,0,0
GENE-10949,NO,1,0,0,0,0,0,0
GENE-10950,YES,1,0,0,0,0,0,0
GENE-10951,NO,1,1377,867,580,922,651,713
GENE-10952,NO,1,1,1,0,2,1,0
GENE-10953,NO,1,13327,4374,10934,2869,10022,11260
GENE-10954,YES,1,0,0,0,0,0,0
GENE-10955,NO,1,0,0,0,0,0,0
GENE-10957,NO,1,0,0,0,0,0,0
GENE-10958,NO,1,0,0,0,0,0,0
GENE-10959,NO,1,0,0,0,1,0,0
GENE-10960,NO,1,0,0,0,0,0,0
GENE-10961,YES,1,0,0,0,0,0,0
GENE-10962,NO,1,0,0,0,0,0,0
GENE-10963,NO,1,169,205,198,200,210,218
GENE-10964,NO,1,0,0,0,0,0,0
GENE-10965,NO,1,0,0,0,0,0,0
GENE-10966,NO,1,3,2,3,1,3,1
GENE-10967,NO,1,0,0,0,1,0,2
GENE-10968,NO,1,497,522,439,516,431,663
GENE-10969,NO,1,0,0,0,0,0,0
GENE-10970,NO,1,0,0,0,0,0,0
GENE-10971,NO,1,0,0,0,0,0,0
GENE-10972,YES,1,0,0,0,0,0,0
GENE-10973,NO,1,0,0,0,0,0,0
GENE-10974,NO,1,652,467,879,894,489,556
GENE-10975,NO,1,0,0,0,0,0,0
GENE-10976,NO,1,0,0,0,0,0,0
GENE-10977,NO,1,0,0,0,0,0,0
GENE-10978,NO,1,6,4,3,3,6,5
GENE-10979,NO,1,0,0,0,0,0,0
GENE-10980,NO,1,0,0,0,0,0,0
GENE-10981,NO,1,0,0,0,0,0,0
GENE-10982,NO,1,2195,2078,1783,2116,2089,1767
GENE-10983,NO,1,2,0,4,4,3,7
GENE-10984,NO,1,386,981,531,372,565,832
GENE-10985,NO,1,0,0,0,0,0,0
GENE-10986,NO,1,3,4,6,2,1,3
GENE-10987,NO,1,0,0,0,0,0,0
GENE-10988,NO,1,0,0,0,0,0,0
GENE-10989,NO,1,78,81,42,82,58,60
GENE-10990,NO,1,47,36,65,85,47,62
GENE-10991,NO,1,0,0,0,0,0,0
GENE-10992,YES,1,0,0,0,0,0,0
GENE-10993,NO,1,0,0,0,0,0,0
GENE-10994,NO,1,0,0,0,0,0,0
GENE-10995,NO,1,141,153,124,157,263,107
GENE-10996,NO,1,0,0,0,0,0,0
GENE-10997,NO,1,219,498,602,590,461,372
GENE-10998,NO,1,0,0,0,0,0,0
GENE-10999,NO,1,299,320,329,311,293,379
GENE-11000,NO,1,0,0,0,0,0,1
GENE-11001,NO,1,36,37,46,47,57,37
GENE-11002,NO,1,0,3,2,2,0,1
GENE-11004,NO,1,0,0,0,0,0,0
GENE-11005,NO,1,0,0,0,0,0,0
GENE-11006,NO,1,0,0,0,0,0,0
GENE-11007,NO,1,1572,1789,1938,1831,1827,1510
GENE-11008,NO,1,0,0,0,0,0,0
GENE-11009,NO,1,0,0,0,0,0,0
GENE-11010,NO,1,6,9,3,14,10,10
GENE-11011,NO,1,0,0,0,0,0,0
GENE-11012,NO,1,0,0,0,0,0,0
GENE-11013,NO,1,0,0,0,0,0,0
GENE-11014,NO,1,0,0,0,0,0,0
GENE-11015,NO,1,16,35,9,31,5,18
GENE-11016,NO,1,0,0,0,0,0,0
GENE-11017,NO,1,0,0,0,0,0,0
GENE-11018,NO,1,0,0,0,0,0,0
GENE-11019,NO,1,180,297,199,255,221,211
GENE-11020,NO,1,0,0,0,0,0,0
GENE-11021,NO,1,10,8,12,7,9,11
GENE-11022,NO,1,0,0,0,0,0,0
GENE-11023,NO,1,0,0,0,0,0,0
GENE-11024,NO,1,0,0,0,0,0,0
GENE-11025,NO,1,0,0,0,0,0,0
GENE-11026,NO,1,0,0,0,0,0,0
GENE-11028,NO,1,0,0,0,0,0,0
GENE-11029,NO,1,48,51,52,82,57,68
GENE-11030,NO,1,0,0,0,0,0,0
GENE-11031,NO,1,0,0,0,0,0,0
GENE-11032,NO,1,0,0,0,0,0,0
GENE-11033,NO,1,271,451,360,359,258,339
GENE-11034,NO,1,3,0,3,4,4,3
GENE-11035,NO,1,73,59,91,71,76,74
GENE-11036,NO,1,163,228,185,201,236,316
GENE-11037,NO,1,0,0,0,0,0,0
GENE-11038,NO,1,27,32,24,40,35,46
GENE-11039,YES,1,0,0,0,0,0,0
GENE-11040,NO,1,0,0,0,0,0,0
GENE-11041,NO,1,0,0,0,0,0,0
GENE-11042,NO,1,954,838,719,835,904,1140
GENE-11043,NO,1,212,1397,432,3087,281,576
GENE-11044,NO,1,0,0,0,0,0,0
GENE-11045,NO,1,0,0,0,0,0,0
GENE-11046,NO,1,0,0,0,0,0,0
GENE-11047,NO,1,0,0,0,0,0,0
GENE-11048,NO,1,0,0,0,0,0,0
GENE-11049,NO,1,623,353,486,723,393,617
GENE-11050,NO,1,0,0,0,0,0,0
GENE-11051,NO,1,0,0,0,0,0,0
GENE-11052,NO,1,35,26,40,44,34,29
GENE-11053,NO,1,0,0,0,0,0,0
GENE-11054,NO,1,0,0,0,0,0,0
GENE-11055,NO,1,0,0,0,0,0,0
GENE-11056,NO,1,0,0,0,0,0,0
GENE-11057,NO,1,42,28,38,31,36,33
GENE-11058,NO,1,0,0,0,0,0,0
GENE-11059,NO,1,0,0,0,0,0,0
GENE-11060,NO,1,0,0,0,0,0,0
GENE-11061,YES,1,3,7,7,3,1,0
GENE-11062,NO,1,0,0,0,0,0,0
GENE-11063,NO,1,309,300,281,377,323,320
GENE-11064,NO,1,452,388,369,376,410,302
GENE-11065,NO,1,0,0,0,0,0,0
GENE-11066,NO,1,3728,3636,4341,4445,3621,3403
GENE-11067,NO,1,0,0,0,0,0,0
GENE-11068,NO,1,1114,1029,801,1306,1267,1059
GENE-11069,NO,1,0,0,0,0,0,0
GENE-11070,NO,1,0,0,0,0,0,0
GENE-11071,NO,1,0,0,0,0,0,0
GENE-11072,NO,1,12,20,17,29,11,21
GENE-11073,NO,1,0,0,0,0,0,0
GENE-11074,NO,1,0,1,3,1,1,1
GENE-11075,NO,1,0,0,0,0,0,0
GENE-11076,NO,1,0,0,0,0,0,0
GENE-11077,NO,1,0,0,0,0,0,0
GENE-11078,NO,1,540,720,511,650,519,680
GENE-11079,NO,1,0,0,0,0,0,0
GENE-11080,NO,1,0,0,0,0,0,0
GENE-11082,NO,1,0,0,0,0,0,0
GENE-11083,NO,1,185,209,195,180,238,233
GENE-11084,NO,1,0,0,0,0,0,0
GENE-11085,NO,1,22,17,13,18,26,23
GENE-11086,NO,1,0,0,0,0,0,0
GENE-11087,NO,1,0,0,0,0,0,0
GENE-11088,NO,1,0,0,0,0,0,0
GENE-11089,NO,1,0,0,0,0,0,0
GENE-11090,NO,1,0,0,0,0,0,0
GENE-11091,NO,1,11,166,102,163,74,249
GENE-11092,NO,1,0,0,0,0,0,0
GENE-11093,NO,1,0,0,0,0,0,0
GENE-11094,NO,1,0,0,0,0,0,0
GENE-11095,NO,1,0,0,0,0,0,0
GENE-11096,NO,1,132,94,161,116,81,126
GENE-11097,NO,1,0,0,0,0,0,0
GENE-11098,NO,1,628,692,628,709,609,707
GENE-11099,NO,1,0,0,0,0,0,0
GENE-11100,NO,1,0,0,0,0,0,0
GENE-11101,NO,1,0,0,0,0,0,0
GENE-11102,YES,1,0,0,0,0,0,0
GENE-11103,NO,1,0,0,0,0,0,0
GENE-11104,NO,1,0,0,0,1,0,1
GENE-11105,NO,1,0,0,0,0,0,0
GENE-11106,NO,1,0,0,0,0,0,0
GENE-11107,NO,1,100,91,87,94,66,129
GENE-11108,NO,1,314,424,303,378,455,351
GENE-11109,NO,1,0,0,0,0,0,0
GENE-11111,NO,1,13,10,10,10,15,14
GENE-11112,NO,1,56,48,51,40,39,47
GENE-11113,NO,1,0,0,0,0,0,0
GENE-11114,NO,1,0,0,0,0,0,0
GENE-11115,NO,1,0,0,0,0,0,0
GENE-11116,NO,1,44,70,62,56,79,68
GENE-11117,YES,1,0,0,0,0,0,0
GENE-11118,NO,1,0,0,0,0,0,0
GENE-11119,NO,1,0,0,0,0,0,0
GENE-11120,NO,1,107,73,72,75,75,95
GENE-11121,NO,1,16,7,11,9,4,11
GENE-11122,NO,1,11,5,3,9,5,8
GENE-11123,NO,1,15,18,14,17,15,20
GENE-11124,NO,1,0,0,0,0,0,0
GENE-11125,NO,1,0,0,0,0,0,0
GENE-11126,NO,1,0,0,0,0,0,0
GENE-11127,NO,1,0,0,0,0,0,0
GENE-11128,NO,1,0,0,0,0,0,0
GENE-11129,NO,1,0,0,0,0,0,0
GENE-11130,NO,1,0,0,0,0,0,0
GENE-11131,NO,1,0,0,0,0,0,0
GENE-11132,NO,1,0,0,0,0,0,0
GENE-11133,NO,1,1,0,0,0,0,0
GENE-11134,NO,1,23,19,20,21,19,19
GENE-11135,NO,1,0,0,0,0,0,0
GENE-11136,NO,1,0,0,0,0,0,0
GENE-11137,NO,1,0,0,0,0,0,0
GENE-11138,NO,1,0,0,0,0,0,0
GENE-11139,NO,1,152,170,204,218,159,170
GENE-11140,NO,1,0,0,0,0,0,0
GENE-11141,NO,1,0,0,0,0,0,0
GENE-11142,YES,1,0,1,0,0,0,0
GENE-11143,NO,1,0,0,0,0,0,0
GENE-11144,NO,1,615,772,689,728,485,804
GENE-11145,NO,1,0,0,0,0,0,0
GENE-11146,NO,1,5,12,0,0,10,1
GENE-11147,NO,1,0,0,0,0,0,0
GENE-11148,NO,1,189,685,299,231,137,677
GENE-11149,NO,1,0,0,0,0,0,0
GENE-11150,NO,1,86,74,88,63,76,59
GENE-11151,YES,1,0,3,4,2,1,2
GENE-11152,NO,1,15,16,13,23,5,8
GENE-11153,NO,1,0,0,0,0,0,0
GENE-11154,NO,1,3,4,1,0,4,0
GENE-11155,NO,1,2666,2752,2657,2738,2841,3583
GENE-11156,NO,1,11,17,15,6,13,13
GENE-11157,NO,1,273,370,299,363,407,409
GENE-11158,NO,1,70,69,67,62,51,65
GENE-11159,NO,1,216,196,221,207,232,222
GENE-11160,NO,1,297,239,349,291,422,313
GENE-11161,NO,1,0,0,0,0,0,0
GENE-11162,NO,1,21,21,19,39,25,12
GENE-11163,NO,1,17,35,25,21,31,33
GENE-11164,NO,1,1495,2114,1996,942,1048,1275
GENE-11165,NO,1,0,0,0,0,0,0
GENE-11166,NO,1,0,0,0,0,0,0
GENE-11167,NO,1,0,0,0,0,0,0
GENE-11168,NO,1,0,0,0,0,0,0
GENE-11169,NO,1,0,0,0,0,0,0
GENE-11170,NO,1,0,0,0,0,0,0
GENE-11171,NO,1,191,144,176,167,178,174
GENE-11172,NO,1,0,0,0,0,0,0
GENE-11173,NO,1,0,0,0,0,0,0
GENE-11174,NO,1,0,0,0,0,0,0
GENE-11175,NO,1,0,0,0,0,0,0
GENE-11176,NO,1,0,0,0,0,0,0
GENE-11177,NO,1,369,409,260,279,340,513
GENE-11178,NO,1,173,165,189,194,187,184
GENE-11179,NO,1,0,0,0,0,0,0
GENE-11180,NO,1,0,0,0,0,0,0
GENE-11182,NO,1,0,0,0,0,0,0
GENE-11183,NO,1,2366,2228,2217,2263,1988,1946
GENE-11184,NO,1,0,0,0,0,0,0
GENE-11185,NO,1,10,5,13,4,10,10
GENE-11186,NO,1,28,14,25,10,26,11
GENE-11187,NO,1,0,0,0,0,0,0
GENE-11188,NO,1,463,552,398,575,428,264
GENE-11189,NO,1,462,979,741,703,893,827
GENE-11190,NO,1,0,0,0,0,0,0
GENE-11191,NO,1,0,0,0,0,0,0
GENE-11192,NO,1,0,0,0,0,0,0
GENE-11193,NO,1,0,0,0,0,0,0
GENE-11194,NO,1,1,0,0,0,0,0
GENE-11195,NO,1,0,0,0,0,0,0
GENE-11196,NO,1,0,0,0,0,0,0
GENE-11197,NO,1,0,0,0,0,0,0
GENE-11198,NO,1,0,0,0,0,0,0
GENE-11199,NO,1,0,0,0,0,0,0
GENE-11200,NO,1,0,0,0,0,0,0
GENE-11201,NO,1,0,0,0,0,0,0
GENE-11202,NO,1,0,0,0,0,0,0
GENE-11203,NO,1,0,1,1,6,3,5
GENE-11204,NO,1,0,0,0,0,0,0
GENE-11205,NO,1,0,0,0,0,0,0
GENE-11206,NO,1,0,0,2,0,3,6
GENE-11207,NO,1,0,0,0,0,0,0
GENE-11208,NO,1,11,19,15,17,16,6
GENE-11209,NO,1,1451,1486,1842,1690,1404,1597
GENE-11210,NO,1,0,0,0,0,0,0
GENE-11211,YES,1,1,0,0,0,0,0
GENE-11212,NO,1,0,0,0,0,0,0
GENE-11213,NO,1,0,0,0,0,0,0
GENE-11214,NO,1,12,9,7,4,7,10
GENE-11215,NO,1,0,0,0,0,0,0
GENE-11216,NO,1,41,58,48,36,32,39
GENE-11217,NO,1,2,2,0,8,3,1
GENE-11218,NO,1,0,0,0,0,0,0
GENE-11219,NO,1,0,0,0,0,0,0
GENE-11220,NO,1,0,0,0,0,0,0
GENE-11221,NO,1,486,416,431,472,413,392
GENE-11222,YES,1,8,8,10,1,1,0
GENE-11223,NO,1,3,4,7,5,6,5
GENE-11224,NO,1,0,4,1,1,1,0
GENE-11225,YES,1,2,2,2,2,1,1
GENE-11226,NO,1,0,0,0,0,0,0
GENE-11227,NO,1,0,0,0,0,0,0
GENE-11228,NO,1,201,143,162,158,153,146
GENE-11229,NO,1,127,113,103,134,95,117
GENE-11230,NO,1,261,317,295,342,319,300
GENE-11231,NO,1,0,0,0,0,0,0
GENE-11232,NO,1,0,0,0,0,0,0
GENE-11233,NO,1,26,30,21,29,31,31
GENE-11234,NO,1,1,1,0,3,4,1
GENE-11235,NO,1,4,1,0,1,1,1
GENE-11236,NO,1,0,0,0,0,0,0
GENE-11237,NO,1,1,1,2,0,4,2
GENE-11238,YES,1,0,0,0,0,0,0
GENE-11239,NO,1,148,99,221,149,109,131
GENE-11240,NO,1,0,0,0,0,0,0
GENE-11241,NO,1,0,0,0,0,0,0
GENE-11242,NO,1,0,0,0,0,0,1
GENE-11243,NO,1,65,92,59,70,101,82
GENE-11244,NO,1,0,0,0,0,0,0
GENE-11245,YES,1,0,0,0,0,0,0
GENE-11246,NO,1,6,6,9,9,16,10
GENE-11247,NO,1,0,0,0,0,0,0
GENE-11248,NO,1,0,0,0,0,0,0
GENE-11249,NO,1,0,0,0,0,0,0
GENE-11250,NO,1,0,0,0,0,0,0
GENE-11251,NO,1,3,4,2,4,4,4
GENE-11252,NO,1,0,0,0,0,0,0
GENE-11253,NO,1,42,33,24,39,52,40
GENE-11254,NO,1,0,0,0,0,0,0
GENE-11255,NO,1,0,0,0,0,0,0
GENE-11256,NO,1,3,1,1,2,2,1
GENE-11257,NO,1,0,0,0,0,0,0
GENE-11258,NO,1,0,0,0,0,0,0
GENE-11259,NO,1,132,127,101,166,155,117
GENE-11260,NO,1,1340,13,259,564,291,241
GENE-11261,NO,1,0,0,0,0,0,0
GENE-11262,NO,1,246,340,271,386,508,240
GENE-11263,NO,1,0,0,0,0,0,0
GENE-11264,NO,1,9,5,11,8,8,7
GENE-11265,NO,1,0,0,0,0,0,0
GENE-11266,NO,1,0,0,0,0,0,0
GENE-11267,NO,1,38,103,47,84,96,144
GENE-11268,NO,1,0,0,0,0,0,0
GENE-11269,NO,1,88,46,80,78,74,45
GENE-11270,NO,1,0,0,0,0,0,0
GENE-11271,NO,1,0,0,0,0,0,0
GENE-11272,NO,1,0,0,0,0,0,0
GENE-11273,NO,1,1,0,0,0,0,0
GENE-11274,NO,1,2,1,2,7,4,4
GENE-11275,NO,1,0,0,0,0,0,0
GENE-11276,NO,1,0,0,0,0,0,0
GENE-11277,NO,1,9,15,15,10,16,19
GENE-11278,NO,1,0,0,0,0,0,0
GENE-11279,NO,1,0,0,0,0,0,0
GENE-11280,NO,1,249,174,166,232,265,241
GENE-11281,NO,1,59,105,72,82,77,81
GENE-11282,NO,1,0,0,0,0,0,0
GENE-11283,NO,1,0,0,0,0,0,0
GENE-11284,NO,1,0,0,0,0,0,0
GENE-11285,NO,1,0,0,0,2,3,1
GENE-11286,NO,1,0,0,0,0,0,0
GENE-11287,NO,1,0,0,0,0,0,0
GENE-11288,NO,1,0,0,0,0,0,0
GENE-11289,NO,1,0,0,0,0,0,0
GENE-11290,NO,1,14,19,15,11,26,8
GENE-11291,NO,1,0,0,0,0,0,0
GENE-11292,NO,1,0,0,0,0,1,0
GENE-11293,NO,1,293,263,305,211,236,289
GENE-11294,NO,1,0,0,0,0,0,0
GENE-11295,NO,1,1,0,0,0,0,0
GENE-11296,NO,1,150,220,146,318,178,100
GENE-11297,NO,1,0,0,0,0,0,0
GENE-11298,NO,1,0,0,0,0,0,0
GENE-11299,NO,1,1340,1318,1591,1022,1602,1837
GENE-11300,NO,1,0,0,0,0,0,0
GENE-11301,YES,1,0,0,0,0,0,0
GENE-11302,NO,1,0,0,0,0,0,0
GENE-11303,NO,1,0,0,0,0,0,0
GENE-11304,NO,1,3,2,3,3,3,1
GENE-11305,NO,1,0,0,0,0,0,0
GENE-11306,NO,1,147,189,122,182,127,210
GENE-11307,NO,1,0,0,0,0,0,0
GENE-11308,NO,1,94,99,126,105,101,98
GENE-11309,NO,1,1497,1558,1687,1741,1652,1650
GENE-11310,NO,1,0,0,0,0,0,0
GENE-11311,YES,1,0,0,0,0,0,0
GENE-11312,NO,1,0,0,0,0,0,0
GENE-11313,NO,1,0,0,0,0,0,0
GENE-11314,NO,1,0,0,0,0,0,0
GENE-11315,NO,1,46,30,44,32,47,24
GENE-11316,NO,1,0,0,0,0,0,0
GENE-11317,NO,1,42,39,46,49,32,45
GENE-11318,NO,1,38,37,38,35,37,53
GENE-11319,NO,1,0,0,0,0,0,0
GENE-11320,NO,1,25,12,10,19,27,25
GENE-11321,NO,1,0,0,0,0,0,0
GENE-11322,NO,1,0,0,0,0,0,0
GENE-11323,NO,1,645,536,825,792,862,823
GENE-11324,NO,1,0,0,0,0,0,0
GENE-11325,NO,1,0,0,0,0,0,0
GENE-11326,NO,1,0,0,0,0,0,0
GENE-11327,NO,1,0,0,0,0,0,0
GENE-11328,NO,1,364,338,542,161,427,80
GENE-11329,NO,1,0,0,0,0,0,0
GENE-11330,NO,1,0,0,0,0,0,0
GENE-11331,NO,1,0,0,0,0,0,0
GENE-11332,NO,1,0,0,1,0,0,0
GENE-11333,NO,1,6,3,5,1,0,3
GENE-11334,NO,1,0,0,0,0,0,0
GENE-11335,NO,1,0,0,0,0,0,0
GENE-11336,NO,1,255,107,106,121,179,188
GENE-11337,NO,1,66,65,37,54,54,43
GENE-11339,NO,1,0,0,0,0,0,0
GENE-11340,NO,1,0,0,0,0,0,0
GENE-11341,NO,1,0,0,0,0,0,0
GENE-11342,NO,1,0,0,0,0,0,0
GENE-11343,NO,1,2192,1668,1943,1739,1646,1566
GENE-11344,NO,1,0,0,0,0,0,0
GENE-11345,NO,1,0,0,0,0,0,0
GENE-11346,NO,1,0,0,0,0,0,0
GENE-11347,NO,1,2,1,4,6,9,4
GENE-11348,NO,1,0,0,0,0,0,0
GENE-11349,NO,1,0,0,0,0,0,0
GENE-11350,NO,1,0,0,0,0,0,0
GENE-11351,NO,1,0,0,0,0,0,0
GENE-11352,NO,1,0,0,0,0,0,0
GENE-11353,NO,1,1,0,1,1,2,2
GENE-11354,NO,1,0,0,0,0,0,0
GENE-11355,NO,1,49,54,91,74,38,123
GENE-11356,NO,1,0,0,0,0,0,0
GENE-11357,NO,1,0,0,0,0,0,0
GENE-11358,NO,1,63,55,67,59,62,77
GENE-11359,NO,1,0,0,0,0,0,0
GENE-11360,NO,1,472,299,334,281,265,350
GENE-11361,NO,1,0,0,0,0,0,0
GENE-11362,NO,1,43,50,71,57,65,54
GENE-11363,NO,1,0,0,0,0,0,0
GENE-11364,NO,1,0,0,0,0,0,0
GENE-11365,NO,1,784,1037,1269,816,905,657
GENE-11366,NO,1,0,0,0,0,0,0
GENE-11367,NO,1,357,401,617,771,255,441
GENE-11368,NO,1,0,0,0,0,0,0
GENE-11369,NO,1,0,0,0,0,0,0
GENE-11370,YES,1,0,0,0,0,0,0
GENE-11371,NO,1,26,29,26,35,19,15
GENE-11372,NO,1,0,0,0,0,0,0
GENE-11373,NO,1,0,0,0,0,0,0
GENE-11374,NO,1,262,270,318,390,361,358
GENE-11375,NO,1,0,0,0,0,0,0
GENE-11376,YES,1,0,0,0,0,0,0
GENE-11377,NO,1,0,0,0,0,0,0
GENE-11378,NO,1,0,0,0,0,0,0
GENE-11379,NO,1,0,0,0,0,0,0
GENE-11380,NO,1,0,0,0,0,0,0
GENE-11381,NO,1,0,0,0,0,0,0
GENE-11382,NO,1,1,1,0,2,1,1
GENE-11383,NO,1,0,0,0,0,0,0
GENE-11384,NO,1,0,0,1,1,1,0
GENE-11385,NO,1,1,4,1,3,0,3
GENE-11386,NO,1,0,0,0,0,0,0
GENE-11387,NO,1,13,16,9,9,5,19
GENE-11388,NO,1,0,0,0,0,0,0
GENE-11389,NO,1,0,0,0,0,0,0
GENE-11390,NO,1,0,0,0,0,0,0
GENE-11391,NO,1,1419,1733,1376,1622,1285,759
GENE-11392,NO,1,47,55,65,53,50,90
GENE-11393,NO,1,0,0,0,0,0,0
GENE-11394,NO,1,0,0,0,0,0,0
GENE-11395,NO,1,0,0,0,0,0,0
GENE-11396,NO,1,1174,1166,1186,1197,1291,1265
GENE-11397,NO,1,0,0,0,0,0,0
GENE-11398,NO,1,134,95,160,166,213,227
GENE-11399,NO,1,14,40,37,24,44,27
GENE-11400,NO,1,0,0,0,0,0,0
GENE-11401,NO,1,0,0,0,0,0,0
GENE-11402,NO,1,1913,2410,2107,1511,1162,2207
GENE-11403,NO,1,0,0,0,0,0,0
GENE-11404,NO,1,3,2,8,0,0,3
GENE-11405,NO,1,0,0,0,0,0,0
GENE-11406,NO,1,0,0,0,0,0,0
GENE-11407,NO,1,1,0,0,0,0,0
GENE-11408,NO,1,0,0,0,0,0,0
GENE-11409,NO,1,90,90,72,122,139,131
GENE-11410,NO,1,0,0,0,0,0,0
GENE-11411,NO,1,0,0,0,0,0,0
GENE-11412,NO,1,0,0,0,0,0,0
GENE-11413,NO,1,11,18,13,9,11,14
GENE-11414,NO,1,0,0,0,0,0,0
GENE-11415,NO,1,0,0,0,0,0,0
GENE-11416,NO,1,0,0,0,0,0,0
GENE-11417,NO,1,86,60,64,64,99,82
GENE-11418,NO,1,0,0,0,1,0,0
GENE-11419,NO,1,3,5,2,3,3,3
GENE-11420,NO,1,0,0,0,0,0,0
GENE-11421,NO,1,59,65,54,46,52,52
GENE-11422,NO,1,51,36,35,56,57,46
GENE-11423,NO,1,0,0,0,1,0,0
GENE-11424,NO,1,19,25,21,24,10,17
GENE-11425,NO,1,0,0,0,0,0,0
GENE-11426,NO,1,0,0,0,0,0,0
GENE-11427,NO,1,0,0,0,0,0,0
GENE-11428,NO,1,0,0,0,0,0,0
GENE-11429,NO,1,500,408,242,343,264,287
GENE-11430,NO,1,82,60,98,98,66,46
GENE-11431,NO,1,0,0,0,0,0,0
GENE-11432,NO,1,0,0,0,0,0,0
GENE-11433,YES,1,0,0,0,0,0,0
GENE-11434,NO,1,344,425,298,323,348,256
GENE-11435,NO,1,0,0,0,0,0,0
GENE-11436,NO,1,0,0,0,0,0,0
GENE-11437,NO,1,222,218,241,221,179,179
GENE-11438,NO,1,1,0,0,0,0,0
GENE-11439,NO,1,24,23,10,11,37,18
GENE-11440,NO,1,0,0,0,0,0,0
GENE-11441,NO,1,0,0,0,0,0,0
GENE-11442,NO,1,0,0,0,0,0,0
GENE-11443,NO,1,0,1,0,3,2,0
GENE-11444,NO,1,0,0,0,0,0,0
GENE-11445,NO,1,0,0,0,0,0,0
GENE-11446,NO,1,0,0,0,0,0,0
GENE-11447,NO,1,12,17,13,17,21,17
GENE-11448,NO,1,0,0,0,0,0,0
GENE-11449,NO,1,0,0,0,0,0,0
GENE-11450,NO,1,0,0,0,0,0,0
GENE-11451,NO,1,0,0,0,0,0,0
GENE-11452,NO,1,9,7,9,15,3,14
GENE-11453,NO,1,0,0,0,0,0,0
GENE-11454,NO,1,0,0,3,1,1,0
GENE-11455,NO,1,0,0,0,0,0,0
GENE-11456,NO,1,0,0,0,0,0,0
GENE-11457,NO,1,0,0,0,0,0,0
GENE-11458,NO,1,583,592,581,615,620,501
GENE-11459,NO,1,41,32,28,60,23,37
GENE-11460,NO,1,0,0,0,0,0,0
GENE-11461,NO,1,0,0,0,0,0,0
GENE-11462,NO,1,0,0,0,0,0,0
GENE-11463,NO,1,0,0,0,0,0,0
GENE-11464,NO,1,74,47,49,69,61,50
GENE-11465,NO,1,657,576,198,300,187,1067
GENE-11466,NO,1,0,0,0,0,0,0
GENE-11467,NO,1,0,0,0,0,0,0
GENE-11468,NO,1,0,0,0,0,0,0
GENE-11469,NO,1,0,0,0,0,0,0
GENE-11470,NO,1,0,0,0,0,0,0
GENE-11471,NO,1,0,0,0,0,0,0
GENE-11472,NO,1,286,262,214,227,234,253
GENE-11473,NO,1,92,106,109,79,100,82
GENE-11474,NO,1,0,0,0,0,0,0
GENE-11475,NO,1,10,10,15,12,15,15
GENE-11476,NO,1,0,0,0,0,0,0
GENE-11477,YES,1,2,2,12,3,8,3
GENE-11478,NO,1,0,0,0,0,0,0
GENE-11479,NO,1,674,664,388,792,476,557
GENE-11480,NO,1,0,0,0,0,0,0
GENE-11481,NO,1,0,0,0,0,0,0
GENE-11482,NO,1,421,533,454,398,526,484
GENE-11483,NO,1,228,136,180,235,290,185
GENE-11484,NO,1,0,0,0,0,0,0
GENE-11485,NO,1,0,0,0,0,0,0
GENE-11486,NO,1,0,0,0,0,0,0
GENE-11487,NO,1,110,131,109,109,88,114
GENE-11488,NO,1,9,18,20,11,19,10
GENE-11489,NO,1,0,0,0,0,0,0
GENE-11490,NO,1,0,0,0,0,0,0
GENE-11491,NO,1,0,0,0,0,0,0
GENE-11492,NO,1,0,0,0,0,0,0
GENE-11493,NO,1,0,0,0,0,0,0
GENE-11494,NO,1,0,0,0,0,0,0
GENE-11495,NO,1,0,0,0,0,0,0
GENE-11496,NO,1,0,0,0,0,0,0
GENE-11497,NO,1,0,0,0,0,0,0
GENE-11498,NO,1,165,177,129,118,160,153
GENE-11499,NO,1,0,0,0,0,0,0
GENE-11500,NO,1,0,0,0,0,0,0
GENE-11501,NO,1,0,0,0,0,0,0
GENE-11502,NO,1,0,0,0,0,0,0
GENE-11503,NO,1,0,0,0,0,0,0
GENE-11504,NO,1,0,0,0,0,0,0
GENE-11505,NO,1,0,0,0,0,0,0
GENE-11506,NO,1,0,0,0,0,0,0
GENE-11507,NO,1,0,0,0,1,0,0
GENE-11508,NO,1,1211,704,1007,324,541,840
GENE-11509,NO,1,958,1286,1087,935,892,1087
GENE-11510,NO,1,0,0,0,0,0,0
GENE-11511,NO,1,0,0,0,0,0,0
GENE-11512,NO,1,0,0,0,0,0,0
GENE-11513,NO,1,16,10,14,11,5,16
GENE-11514,NO,1,0,0,0,0,0,0
GENE-11515,NO,1,0,0,0,0,0,0
GENE-11516,NO,1,0,0,0,0,0,0
GENE-11517,NO,1,0,0,0,0,0,0
GENE-11518,NO,1,3,1,0,3,1,2
GENE-11519,NO,1,0,0,1,0,0,1
GENE-11520,NO,1,0,0,0,0,0,0
GENE-11521,NO,1,0,0,0,0,0,0
GENE-11522,NO,1,0,0,0,0,0,0
GENE-11523,NO,1,0,0,0,0,0,0
GENE-11524,NO,1,0,0,0,0,0,0
GENE-11525,NO,1,0,0,0,0,0,0
GENE-11526,NO,1,0,0,0,0,0,0
GENE-11527,NO,1,435,427,465,396,443,402
GENE-11528,YES,1,0,0,0,0,0,0
GENE-11529,NO,1,0,0,0,0,0,0
GENE-11530,NO,1,0,0,0,0,0,0
GENE-11531,NO,1,0,0,0,0,0,0
GENE-11532,NO,1,0,0,0,0,0,0
GENE-11533,NO,1,1601,1044,661,1244,1430,1509
GENE-11534,NO,1,0,0,0,0,0,0
GENE-11535,NO,1,0,0,0,0,0,0
GENE-11536,NO,1,0,0,0,0,0,0
GENE-11537,NO,1,0,0,0,0,1,0
GENE-11538,YES,1,0,0,0,0,0,0
GENE-11539,NO,1,412,216,354,482,304,293
GENE-11540,NO,1,49,57,20,46,81,36
GENE-11542,NO,1,0,0,0,0,0,0
GENE-11543,NO,1,6,7,6,6,6,3
GENE-11544,NO,1,0,0,0,0,0,0
GENE-11545,NO,1,0,0,0,0,0,0
GENE-11546,NO,1,0,0,0,0,0,0
GENE-11547,NO,1,0,0,0,0,0,0
GENE-11548,NO,1,0,0,0,0,0,0
GENE-11549,NO,1,0,0,0,0,0,0
GENE-11550,NO,1,0,0,0,0,0,0
GENE-11551,NO,1,0,0,0,0,0,0
GENE-11552,NO,1,0,0,0,0,0,0
GENE-11553,NO,1,0,0,0,0,0,0
GENE-11554,NO,1,0,0,0,0,0,0
GENE-11555,NO,1,3,1,5,2,2,2
GENE-11556,NO,1,2073,2573,2490,2348,2637,2034
GENE-11557,NO,1,199,288,182,836,689,864
GENE-11558,NO,1,0,1,1,0,0,2
GENE-11559,NO,1,0,0,0,0,0,0
GENE-11560,YES,1,0,0,0,0,0,0
GENE-11561,NO,1,301,311,242,295,232,166
GENE-11562,NO,1,0,0,0,0,0,0
GENE-11563,NO,1,0,0,0,0,0,0
GENE-11564,NO,1,0,0,0,0,0,0
GENE-11565,NO,1,2078,1721,2880,2483,1556,1972
GENE-11566,NO,1,0,0,0,0,0,0
GENE-11567,NO,1,0,0,0,0,0,0
GENE-11568,NO,1,96,79,91,69,74,86
GENE-11569,NO,1,0,0,0,0,0,0
GENE-11570,NO,1,93,113,104,85,97,75
GENE-11571,NO,1,0,0,0,0,0,0
GENE-11572,NO,1,0,0,0,0,0,0
GENE-11573,NO,1,0,0,0,0,0,0
GENE-11574,NO,1,0,0,0,0,0,0
GENE-11575,NO,1,38,30,46,28,41,33
GENE-11576,NO,1,0,0,0,0,0,0
GENE-11577,NO,1,0,0,0,0,0,0
GENE-11578,NO,1,0,0,0,0,0,0
GENE-11579,NO,1,0,0,0,0,0,0
GENE-11580,NO,1,2763,3626,2926,1442,4369,2726
GENE-11581,NO,1,1,1,2,2,0,3
GENE-11582,NO,1,0,0,0,0,0,0
GENE-11583,NO,1,0,0,0,0,0,0
GENE-11584,NO,1,0,0,0,0,0,0
GENE-11585,NO,1,34,26,17,33,34,41
GENE-11586,NO,1,0,0,0,0,0,0
GENE-11587,NO,1,0,0,1,0,0,0
GENE-11588,NO,1,10,19,16,18,16,19
GENE-11589,NO,1,0,0,0,0,0,0
GENE-11590,NO,1,0,0,0,0,0,0
GENE-11591,NO,1,0,0,0,0,0,0
GENE-11592,NO,1,0,0,0,0,0,0
GENE-11593,NO,1,1,0,0,0,0,1
GENE-11595,NO,1,0,0,0,0,0,0
GENE-11596,NO,1,0,0,0,0,0,0
GENE-11597,NO,1,0,2,1,0,0,0
GENE-11598,NO,1,335,178,275,230,158,226
GENE-11599,NO,1,0,0,0,0,0,0
GENE-11600,NO,1,0,0,0,0,0,0
GENE-11601,NO,1,4,3,5,4,10,5
GENE-11602,NO,1,0,0,0,0,0,0
GENE-11603,NO,1,0,0,0,0,0,0
GENE-11604,YES,1,0,0,0,0,0,0
GENE-11605,NO,1,0,0,0,0,0,0
GENE-11606,NO,1,0,0,0,0,0,0
GENE-11607,NO,1,0,0,0,0,0,0
GENE-11608,NO,1,47,48,132,84,127,116
GENE-11610,NO,1,0,0,0,0,0,0
GENE-11611,NO,1,0,0,0,0,0,0
GENE-11612,NO,1,0,0,0,0,0,0
GENE-11613,NO,1,0,0,0,0,0,0
GENE-11614,NO,1,0,0,0,0,0,0
GENE-11615,NO,1,99,209,130,104,120,148
GENE-11616,NO,1,0,0,0,0,0,0
GENE-11617,NO,1,0,0,0,0,0,0
GENE-11618,NO,1,0,0,0,0,0,0
GENE-11619,NO,1,0,0,0,0,0,0
GENE-11620,NO,1,0,0,0,0,0,0
GENE-11621,NO,1,0,0,0,0,0,0
GENE-11623,YES,1,0,0,0,0,0,0
GENE-11624,NO,1,0,0,0,0,0,0
GENE-11625,NO,1,0,0,0,0,0,0
GENE-11626,NO,1,0,0,0,0,0,0
GENE-11627,NO,1,0,0,0,0,0,0
GENE-11628,NO,1,0,0,0,0,0,0
GENE-11629,YES,1,0,0,0,0,0,0
GENE-11630,NO,1,0,0,0,0,0,0
GENE-11631,NO,1,0,0,0,0,0,0
GENE-11632,NO,1,0,0,0,0,0,0
GENE-11633,NO,1,0,0,0,0,0,0
GENE-11634,NO,1,0,0,0,0,0,0
GENE-11635,NO,1,10,10,29,17,34,34
GENE-11636,NO,1,284,259,198,244,230,192
GENE-11637,NO,1,6,3,2,4,11,10
GENE-11638,YES,1,0,0,0,0,0,0
GENE-11639,NO,1,0,0,0,0,0,0
GENE-11640,NO,1,0,0,0,0,0,0
GENE-11641,NO,1,0,0,0,0,0,0
GENE-11642,NO,1,0,0,0,0,0,0
GENE-11643,NO,1,0,0,0,0,0,0
GENE-11644,NO,1,1341,937,1108,1186,1071,1091
GENE-11645,NO,1,0,0,0,0,0,0
GENE-11646,NO,1,646,717,768,637,731,822
GENE-11647,NO,1,0,0,0,0,0,0
GENE-11648,NO,1,37,45,49,33,52,47
GENE-11649,NO,1,441,389,596,474,364,649
GENE-11650,NO,1,38,65,49,32,56,37
GENE-11651,NO,1,0,0,0,0,0,0
GENE-11652,NO,1,0,0,0,0,0,0
GENE-11653,NO,1,10,11,10,9,9,9
GENE-11654,NO,1,0,0,0,0,0,0
GENE-11655,NO,1,0,0,0,0,0,0
GENE-11656,NO,1,0,0,0,0,0,0
GENE-11657,NO,1,0,0,0,0,0,0
GENE-11658,YES,1,0,0,0,0,0,0
GENE-11659,NO,1,0,0,0,0,0,0
GENE-11660,YES,1,0,0,0,0,0,0
GENE-11661,NO,1,0,0,0,0,0,0
GENE-11662,NO,1,0,0,0,0,0,0
GENE-11663,NO,1,0,0,0,0,0,0
GENE-11664,NO,1,0,0,0,0,0,0
GENE-11665,NO,1,4,5,4,5,5,1
GENE-11666,NO,1,0,0,0,0,0,0
GENE-11667,NO,1,0,0,0,0,0,0
GENE-11668,NO,1,494,447,423,493,383,417
GENE-11669,NO,1,0,0,0,0,0,0
GENE-11670,NO,1,0,0,0,0,0,0
GENE-11671,NO,1,0,0,0,0,0,0
GENE-11672,NO,1,26,29,3,17,31,7
GENE-11673,NO,1,0,0,0,0,1,0
GENE-11674,NO,1,0,0,0,0,0,0
GENE-11675,NO,1,1521,1326,1349,1702,2017,1710
GENE-11676,NO,1,1,0,0,1,0,0
GENE-11677,NO,1,534,547,327,489,420,308
GENE-11678,NO,1,14,17,8,16,24,12
GENE-11679,NO,1,0,0,0,0,0,0
GENE-11680,YES,1,0,0,0,0,0,0
GENE-11681,NO,1,0,0,0,0,0,0
GENE-11682,NO,1,0,0,0,0,0,0
GENE-11683,NO,1,0,0,0,0,0,0
GENE-11684,NO,1,0,0,0,0,0,0
GENE-11685,NO,1,3,7,1,6,1,1
GENE-11686,NO,1,1,2,4,0,1,4
GENE-11687,NO,1,0,0,0,0,0,0
GENE-11688,NO,1,0,0,0,0,0,0
GENE-11689,NO,1,0,0,0,0,0,0
GENE-11690,NO,1,0,0,0,0,0,0
GENE-11691,NO,1,587,572,693,578,617,708
GENE-11693,NO,1,0,0,0,0,0,0
GENE-11694,NO,1,4,9,5,7,3,5
GENE-11695,NO,1,0,0,0,0,0,0
GENE-11696,NO,1,0,0,0,0,0,0
GENE-11697,NO,1,0,0,0,0,0,0
GENE-11698,NO,1,1,0,0,1,0,1
GENE-11699,NO,1,438,354,307,300,228,439
GENE-11700,NO,1,0,0,0,0,0,0
GENE-11701,NO,1,0,0,0,0,0,0
GENE-11702,NO,1,0,0,1,0,0,0
GENE-11703,NO,1,16,8,3,4,3,8
GENE-11704,NO,1,0,0,0,1,0,2
GENE-11705,NO,1,0,0,0,0,0,0
GENE-11706,NO,1,0,0,0,0,0,0
GENE-11707,NO,1,0,0,0,0,0,0
GENE-11708,NO,1,65,75,80,105,63,74
GENE-11709,NO,1,0,0,0,0,0,0
GENE-11710,NO,1,0,0,0,0,0,0
GENE-11711,NO,1,0,0,0,0,0,0
GENE-11712,NO,1,0,0,0,0,0,0
GENE-11713,NO,1,15,10,19,9,20,21
GENE-11714,NO,1,0,0,0,0,0,0
GENE-11715,NO,1,0,0,0,0,0,0
GENE-11716,NO,1,0,0,0,0,0,0
GENE-11717,NO,1,0,0,0,0,0,0
GENE-11718,NO,1,4,1,4,5,8,3
GENE-11719,NO,1,0,0,0,0,0,0
GENE-11720,NO,1,0,0,0,0,0,0
GENE-11721,NO,1,0,0,0,0,0,0
GENE-11722,NO,1,0,0,0,0,0,0
GENE-11723,NO,1,0,0,0,0,0,0
GENE-11724,NO,1,284,176,353,244,210,306
GENE-11725,NO,1,0,0,0,0,0,0
GENE-11726,NO,1,0,0,0,0,0,0
GENE-11727,NO,1,0,0,0,0,0,0
GENE-11728,NO,1,0,0,0,0,0,0
GENE-11729,NO,1,0,0,0,0,0,0
GENE-11730,NO,1,21,36,25,41,22,29
GENE-11731,NO,1,86,74,44,60,45,93
GENE-11732,YES,1,0,0,0,0,0,0
GENE-11733,NO,1,0,0,0,0,0,0
GENE-11734,NO,1,0,0,0,0,0,0
GENE-11735,NO,1,19,12,15,14,18,19
GENE-11736,NO,1,0,0,0,0,0,0
GENE-11737,NO,1,0,0,0,0,0,0
GENE-11738,YES,1,1,0,1,3,3,6
GENE-11739,NO,1,1,0,0,0,0,0
GENE-11740,NO,1,0,0,0,0,0,0
GENE-11741,NO,1,0,0,0,0,0,0
GENE-11742,NO,1,83,84,65,108,82,81
GENE-11743,YES,1,0,0,0,0,0,0
GENE-11744,NO,1,0,0,0,0,0,0
GENE-11745,NO,1,0,0,0,0,0,0
GENE-11746,NO,1,2385,2060,2258,2271,2284,2325
GENE-11747,NO,1,0,0,0,0,0,0
GENE-11748,NO,1,0,0,0,0,0,0
GENE-11749,NO,1,1413,961,1048,1208,1198,1139
GENE-11750,NO,1,0,0,0,0,0,0
GENE-11751,NO,1,0,0,0,0,0,0
GENE-11752,NO,1,0,0,0,0,0,0
GENE-11753,NO,1,0,1,1,2,1,4
GENE-11754,NO,1,164,117,127,109,117,120
GENE-11755,NO,1,0,0,0,0,0,0
GENE-11756,NO,1,628,601,861,708,778,799
GENE-11757,NO,1,0,0,0,0,0,0
GENE-11758,NO,1,0,0,0,0,0,0
GENE-11759,NO,1,112,120,125,138,62,94
GENE-11760,NO,1,0,0,0,0,0,0
GENE-11761,NO,1,0,0,0,0,0,0
GENE-11762,NO,1,0,0,0,0,0,0
GENE-11763,NO,1,0,0,0,0,0,0
GENE-11764,NO,1,0,0,2,0,1,4
GENE-11765,NO,1,0,0,0,0,0,0
GENE-11766,NO,1,4,12,10,14,7,9
GENE-11767,NO,1,79,157,57,109,101,104
GENE-11768,NO,1,3,4,2,4,3,3
GENE-11769,NO,1,0,0,0,0,0,0
GENE-11770,NO,1,0,0,0,0,0,0
GENE-11771,NO,1,0,0,0,0,0,0
GENE-11772,NO,1,0,0,0,0,0,0
GENE-11773,NO,1,0,0,0,0,0,0
GENE-11774,NO,1,94,109,214,116,114,61
GENE-11775,NO,1,0,0,0,0,0,0
GENE-11776,NO,1,0,0,0,0,0,0
GENE-11777,NO,1,0,0,0,0,0,0
GENE-11778,NO,1,0,0,0,0,0,0
GENE-11779,NO,1,0,0,0,0,0,0
GENE-11780,NO,1,0,0,0,0,0,0
GENE-11781,NO,1,0,0,0,0,0,0
GENE-11782,NO,1,0,0,0,0,1,0
GENE-11783,NO,1,0,0,0,0,0,0
GENE-11784,NO,1,0,0,0,0,0,0
GENE-11785,NO,1,3,2,5,0,0,23
GENE-11786,NO,1,0,0,0,2,0,0
GENE-11787,NO,1,0,0,0,0,0,0
GENE-11788,NO,1,0,0,0,0,0,0
GENE-11789,NO,1,1,2,3,0,1,3
GENE-11790,NO,1,628,695,736,901,753,794
GENE-11791,NO,1,0,0,0,0,0,0
GENE-11792,NO,1,0,0,0,0,0,0
GENE-11793,NO,1,0,0,0,0,0,0
GENE-11794,NO,1,0,0,0,0,0,0
GENE-11795,NO,1,22,18,8,11,21,14
GENE-11796,NO,1,0,0,0,0,0,0
GENE-11797,NO,1,16,26,17,19,23,21
GENE-11798,NO,1,3665,4424,3511,2788,4146,3197
GENE-11799,NO,1,0,0,0,0,0,0
GENE-11800,NO,1,0,0,0,0,0,0
GENE-11801,NO,1,10,8,8,4,15,19
GENE-11802,NO,1,16,23,12,7,20,5
GENE-11803,NO,1,1,4,0,2,1,1
GENE-11804,NO,1,0,0,0,1,0,0
GENE-11805,NO,1,0,0,0,0,0,0
GENE-11806,NO,1,0,0,0,0,0,0
GENE-11807,NO,1,0,0,0,0,0,0
GENE-11808,NO,1,17,10,13,6,8,14
GENE-11809,NO,1,12,12,11,15,19,16
GENE-11810,NO,1,1777,1439,1727,1582,2996,1420
GENE-11811,NO,1,0,0,0,0,0,0
GENE-11812,NO,1,0,0,0,0,0,0
GENE-11813,NO,1,374,264,72,77,246,390
GENE-11814,NO,1,1260,1820,1608,1723,1228,1411
GENE-11815,NO,1,0,0,0,0,0,0
GENE-11816,NO,1,4,2,1,1,4,1
GENE-11817,NO,1,0,0,0,0,0,0
GENE-11818,NO,1,0,1,0,0,1,1
GENE-11819,NO,1,129,132,133,124,138,125
GENE-11820,NO,1,2264,2173,1766,1863,2082,2143
GENE-11821,NO,1,1994,1421,1895,2495,1506,2141
GENE-11822,NO,1,0,0,0,0,0,0
GENE-11823,NO,1,0,0,0,0,0,0
GENE-11824,NO,1,358,361,434,343,403,362
GENE-11825,NO,1,0,0,0,0,0,0
GENE-11826,NO,1,19,7,13,22,13,13
GENE-11827,NO,1,0,0,0,0,0,0
GENE-11828,NO,1,18,16,24,22,29,20
GENE-11829,NO,1,0,0,0,0,0,0
GENE-11830,NO,1,0,0,0,0,0,0
GENE-11831,NO,1,5,7,5,5,3,11
GENE-11832,NO,1,14,18,11,16,18,24
GENE-11833,NO,1,39,97,73,86,72,74
GENE-11834,NO,1,0,0,0,0,0,0
GENE-11835,NO,1,0,0,0,0,0,0
GENE-11836,NO,1,0,0,0,0,0,0
GENE-11837,NO,1,0,0,0,0,0,0
GENE-11838,NO,1,0,0,0,0,0,0
GENE-11839,NO,1,54,63,45,78,49,101
GENE-11840,NO,1,0,1,1,0,1,0
GENE-11841,NO,1,0,0,0,0,0,0
GENE-11842,NO,1,0,0,0,0,0,0
GENE-11843,NO,1,0,0,0,0,0,0
GENE-11844,NO,1,0,0,0,0,0,0
GENE-11845,NO,1,17,7,35,27,36,24
GENE-11846,NO,1,297,283,377,419,349,330
GENE-11847,NO,1,434,578,340,589,668,396
GENE-11848,NO,1,0,0,0,0,0,0
GENE-11849,NO,1,0,0,0,0,0,0
GENE-11850,NO,1,0,0,0,0,0,0
GENE-11851,NO,1,0,0,0,0,0,0
GENE-11852,NO,1,0,0,0,0,0,0
GENE-11853,NO,1,0,0,0,0,0,0
GENE-11854,NO,1,0,0,0,0,0,0
GENE-11855,NO,1,0,0,0,0,0,0
GENE-11856,NO,1,2309,1600,2092,1803,1738,1909
GENE-11857,NO,1,0,0,0,0,0,0
GENE-11858,NO,1,340,307,266,256,282,322
GENE-11859,NO,1,0,0,0,0,0,0
GENE-11860,NO,1,114,145,174,124,168,147
GENE-11861,NO,1,0,0,0,0,0,0
GENE-11862,NO,1,30,22,31,20,38,37
GENE-11863,NO,1,15,20,23,18,21,28
GENE-11864,NO,1,14,14,19,20,19,18
GENE-11865,NO,1,0,0,0,0,0,0
GENE-11866,NO,1,513,389,250,324,529,410
GENE-11867,NO,1,0,0,0,0,0,0
GENE-11868,NO,1,0,0,0,0,0,0
GENE-11869,NO,1,0,0,0,0,0,0
GENE-11870,NO,1,64,58,52,35,46,49
GENE-11871,NO,1,0,0,0,0,0,0
GENE-11872,NO,1,114,142,109,85,110,124
GENE-11873,NO,1,4,5,2,4,3,7
GENE-11874,NO,1,18,11,15,9,12,10
GENE-11875,NO,1,0,0,0,0,0,0
GENE-11876,NO,1,0,0,0,0,0,0
GENE-11877,NO,1,0,0,0,0,0,0
GENE-11878,NO,1,0,0,0,0,0,0
GENE-11879,NO,1,0,0,0,0,0,0
GENE-11880,NO,1,19,19,20,16,17,24
GENE-11881,NO,1,0,0,0,0,0,0
GENE-11882,NO,1,0,0,0,0,0,0
GENE-11883,NO,1,0,0,0,0,0,0
GENE-11884,NO,1,215,201,220,260,207,202
GENE-11885,NO,1,0,1,0,0,2,2
GENE-11886,NO,1,0,0,0,0,0,0
GENE-11887,NO,1,0,0,0,0,0,0
GENE-11888,NO,1,152,125,119,124,132,123
GENE-11889,YES,1,0,0,0,0,0,0
GENE-11890,NO,1,3,9,3,3,4,7
GENE-11891,NO,1,0,0,0,0,0,0
GENE-11892,NO,1,0,0,0,0,0,0
GENE-11893,NO,1,0,0,0,0,0,0
GENE-11894,NO,1,0,0,0,0,0,0
GENE-11895,YES,1,0,0,0,0,0,0
GENE-11896,NO,1,25,27,25,43,48,32
GENE-11897,NO,1,0,0,0,0,0,0
GENE-11898,NO,1,0,0,0,0,0,0
GENE-11899,NO,1,426,405,472,412,414,421
GENE-11900,NO,1,0,0,0,0,0,0
GENE-11901,NO,1,0,0,0,0,0,0
GENE-11902,NO,1,521,542,120,127,398,339
GENE-11903,NO,1,0,0,0,0,0,0
GENE-11904,NO,1,78,47,55,51,44,39
GENE-11905,NO,1,0,0,0,0,0,0
GENE-11906,NO,1,0,0,0,0,0,0
GENE-11907,NO,1,0,0,0,0,0,0
GENE-11908,NO,1,407,449,470,433,417,513
GENE-11909,NO,1,0,0,0,0,0,0
GENE-11910,NO,1,0,0,0,0,0,0
GENE-11911,YES,1,0,0,0,0,0,0
GENE-11912,NO,1,1021,809,990,829,842,989
GENE-11913,NO,1,0,0,0,0,0,0
GENE-11914,NO,1,0,0,0,0,0,0
GENE-11915,NO,1,21,22,16,20,21,22
GENE-11916,YES,1,0,0,0,0,0,0
GENE-11917,NO,1,0,0,0,0,0,0
GENE-11918,NO,1,0,0,0,0,0,0
GENE-11919,NO,1,0,0,0,0,0,0
GENE-11920,NO,1,1,1,0,0,0,0
GENE-11921,NO,1,0,0,0,0,0,0
GENE-11922,NO,1,0,0,0,0,0,0
GENE-11923,NO,1,606,743,596,666,632,753
GENE-11924,NO,1,744,687,912,624,676,691
GENE-11925,NO,1,0,0,0,0,0,0
GENE-11926,NO,1,289,279,221,234,310,267
GENE-11927,NO,1,4,2,2,3,3,3
GENE-11928,NO,1,0,0,0,0,0,0
GENE-11929,NO,1,350,357,403,27,401,522
GENE-11930,NO,1,0,0,0,0,0,0
GENE-11931,NO,1,38,33,26,23,23,19
GENE-11932,NO,1,0,0,0,0,0,0
GENE-11933,NO,1,0,0,0,0,0,0
GENE-11934,NO,1,0,0,0,0,0,0
GENE-11935,NO,1,5,5,6,7,1,2
GENE-11936,NO,1,0,0,0,0,0,0
GENE-11937,NO,1,40,25,39,38,16,25
GENE-11938,NO,1,0,0,0,0,0,0
GENE-11939,NO,1,0,0,0,0,0,0
GENE-11940,NO,1,0,0,0,0,0,0
GENE-11941,NO,1,0,0,0,0,0,0
GENE-11942,NO,1,198,250,135,226,145,199
GENE-11943,NO,1,0,0,0,0,0,0
GENE-11944,NO,1,0,0,0,0,0,0
GENE-11945,NO,1,1,0,0,0,2,0
GENE-11946,NO,1,0,0,0,0,0,0
GENE-11947,NO,1,0,0,0,0,0,0
GENE-11948,NO,1,0,0,0,0,0,0
GENE-11949,NO,1,0,0,0,0,0,0
GENE-11950,NO,1,0,0,0,0,0,0
GENE-11951,NO,1,0,0,0,0,0,0
GENE-11952,NO,1,71,128,106,147,131,90
GENE-11953,NO,1,935,809,833,793,975,734
GENE-11954,NO,1,0,0,0,0,0,0
GENE-11955,NO,1,0,0,0,0,0,0
GENE-11956,NO,1,298,266,387,305,223,233
GENE-11957,NO,1,0,0,0,0,0,0
GENE-11958,NO,1,0,0,0,0,0,0
GENE-11959,NO,1,0,0,0,0,0,0
GENE-11960,NO,1,0,0,0,0,0,0
GENE-11961,NO,1,0,0,0,0,0,0
GENE-11962,NO,1,11,4,7,10,12,16
GENE-11963,NO,1,623,625,590,623,624,670
GENE-11964,NO,1,0,0,0,0,0,0
GENE-11965,NO,1,0,0,0,0,0,0
GENE-11966,NO,1,0,0,0,0,0,0
GENE-11967,NO,1,0,0,0,0,0,0
GENE-11968,NO,1,3151,3173,3449,4769,4971,5057
GENE-11969,NO,1,34,31,54,30,33,43
GENE-11970,NO,1,92,67,122,75,112,68
GENE-11971,NO,1,0,0,0,0,0,0
GENE-11972,NO,1,550,638,564,588,620,518
GENE-11973,NO,1,0,0,0,0,0,0
GENE-11974,NO,1,0,0,0,0,0,0
GENE-11975,YES,1,0,0,0,0,0,0
GENE-11976,NO,1,305,253,232,177,246,291
GENE-11977,NO,1,0,0,0,0,0,0
GENE-11978,NO,1,8,8,4,12,6,9
GENE-11979,NO,1,0,0,0,0,0,0
GENE-11980,NO,1,823,730,542,824,751,721
GENE-11981,NO,1,0,0,0,0,0,0
GENE-11982,NO,1,0,0,0,0,0,0
GENE-11983,NO,1,0,0,0,0,0,0
GENE-11984,NO,1,0,1,0,4,4,0
GENE-11985,NO,1,0,0,0,0,0,0
GENE-11986,NO,1,0,0,0,0,0,0
GENE-11987,NO,1,0,0,0,0,0,0
GENE-11988,NO,1,161,165,195,162,133,151
GENE-11989,NO,1,0,0,0,0,0,0
GENE-11990,NO,1,0,0,0,0,0,0
GENE-11991,NO,1,114,115,95,166,165,145
GENE-11992,NO,1,0,0,0,0,0,0
GENE-11993,NO,1,0,0,0,0,0,0
GENE-11994,NO,1,2,2,2,2,2,2
GENE-11995,NO,1,41,44,73,54,37,43
GENE-11996,NO,1,0,1,0,0,0,0
GENE-11997,NO,1,446,404,424,518,431,474
GENE-11998,NO,1,0,0,0,0,0,0
GENE-11999,NO,1,0,0,0,0,0,0
GENE-12000,NO,1,0,0,0,0,0,0
GENE-12001,NO,1,0,0,0,0,0,0
GENE-12002,NO,1,0,0,0,0,0,0
GENE-12003,NO,1,0,0,0,0,0,0
GENE-12004,NO,1,0,1,0,0,0,0
GENE-12005,NO,1,4,1,1,1,0,0
GENE-12006,NO,1,0,0,0,0,0,0
GENE-12007,NO,1,0,0,0,0,0,0
GENE-12008,NO,1,0,0,0,0,0,0
GENE-12009,NO,1,0,0,0,0,0,0
GENE-12010,NO,1,9,9,8,11,9,6
GENE-12011,NO,1,0,0,0,0,0,0
GENE-12012,NO,1,0,0,0,0,0,0
GENE-12013,NO,1,0,0,0,0,0,0
GENE-12014,NO,1,0,0,0,1,0,0
GENE-12015,NO,1,366,409,354,504,299,381
GENE-12016,YES,1,0,0,0,0,0,0
GENE-12017,NO,1,0,0,0,0,0,0
GENE-12018,NO,1,50,295,69,195,50,79
GENE-12019,NO,1,1,0,0,0,0,0
GENE-12020,NO,1,7,8,8,7,7,10
GENE-12021,NO,1,3,1,4,2,1,2
GENE-12022,NO,1,0,0,0,0,0,0
GENE-12023,NO,1,0,0,0,0,0,0
GENE-12024,NO,1,0,0,0,0,0,0
GENE-12025,NO,1,0,0,0,0,0,0
GENE-12026,NO,1,0,0,0,0,0,0
GENE-12027,NO,1,0,0,0,0,0,0
GENE-12028,NO,1,0,0,0,0,0,0
GENE-12029,NO,1,0,6,8,12,2,0
GENE-12030,NO,1,0,0,0,0,0,0
GENE-12031,NO,1,301,335,320,314,277,394
GENE-12032,NO,1,0,0,0,0,0,0
GENE-12033,NO,1,1,0,0,0,0,0
GENE-12034,NO,1,0,0,0,0,0,0
GENE-12035,NO,1,0,0,0,0,0,0
GENE-12036,NO,1,0,0,0,0,0,0
GENE-12037,NO,1,3,4,4,1,0,0
GENE-12038,NO,1,0,0,0,0,0,0
GENE-12039,NO,1,53,67,60,43,53,52
GENE-12040,NO,1,0,0,0,0,0,0
GENE-12041,NO,1,0,0,0,0,0,0
GENE-12042,NO,1,0,0,0,0,0,0
GENE-12043,NO,1,0,0,0,0,0,0
GENE-12044,NO,1,489,385,452,402,528,584
GENE-12045,NO,1,0,1,0,0,1,0
GENE-12046,NO,1,1,0,1,2,2,3
GENE-12047,NO,1,0,0,0,0,0,0
GENE-12048,NO,1,0,0,0,0,0,0
GENE-12049,NO,1,7,16,12,14,12,7
GENE-12050,NO,1,10,6,8,4,4,2
GENE-12051,NO,1,0,0,0,0,0,0
GENE-12052,NO,1,0,0,0,0,0,0
GENE-12053,NO,1,504,415,476,455,487,450
GENE-12054,NO,1,0,0,0,0,0,0
GENE-12055,NO,1,0,0,0,0,0,0
GENE-12056,NO,1,22,10,6,9,13,10
GENE-12057,NO,1,1,0,0,0,0,0
GENE-12058,NO,1,37,53,44,47,50,27
GENE-12059,NO,1,0,0,0,0,0,0
GENE-12060,NO,1,0,0,0,0,0,0
GENE-12061,NO,1,0,0,0,0,0,0
GENE-12062,NO,1,0,0,0,0,0,0
GENE-12063,NO,1,0,0,0,0,0,0
GENE-12064,NO,1,83,89,72,82,70,100
GENE-12065,NO,1,11,30,19,18,14,17
GENE-12066,NO,1,0,0,0,0,0,0
GENE-12067,NO,1,0,0,0,0,0,0
GENE-12068,NO,1,0,0,0,0,0,0
GENE-12069,NO,1,626,1001,1107,963,894,1196
GENE-12070,NO,1,0,0,0,0,0,1
GENE-12071,NO,1,0,8,0,9579,298,9
GENE-12072,NO,1,0,0,0,0,0,0
GENE-12073,NO,1,9,10,11,12,9,14
GENE-12074,NO,1,0,0,0,0,0,0
GENE-12075,NO,1,0,0,0,0,0,0
GENE-12076,NO,1,0,0,0,0,0,0
GENE-12077,NO,1,335,221,211,278,306,245
GENE-12078,NO,1,0,0,0,0,0,0
GENE-12079,NO,1,1,3,1,2,1,0
GENE-12080,NO,1,61,77,36,63,72,43
GENE-12081,YES,1,0,0,0,0,0,0
GENE-12082,NO,1,0,0,0,0,0,0
GENE-12083,NO,1,0,0,0,0,0,0
GENE-12084,NO,1,0,0,0,0,0,0
GENE-12085,YES,1,0,0,0,0,0,0
GENE-12086,NO,1,0,0,0,0,0,0
GENE-12087,NO,1,30,19,19,24,28,19
GENE-12088,NO,1,18,25,17,20,14,18
GENE-12089,NO,1,0,0,0,0,0,0
GENE-12090,NO,1,17,16,25,13,13,19
GENE-12091,NO,1,0,0,0,0,0,0
GENE-12092,NO,1,7,16,17,17,21,12
GENE-12093,NO,1,0,0,0,0,0,0
GENE-12094,NO,1,0,0,0,0,0,0
GENE-12095,NO,1,2,0,2,2,3,0
GENE-12096,NO,1,0,0,0,0,0,0
GENE-12097,NO,1,0,0,0,0,0,0
GENE-12098,NO,1,0,0,0,0,0,0
GENE-12099,NO,1,256,263,234,274,210,276
GENE-12100,NO,1,0,0,0,0,0,0
GENE-12101,NO,1,0,0,0,0,0,0
GENE-12102,NO,1,2405,2773,2941,2330,2389,2610
GENE-12103,NO,1,0,0,0,0,0,0
GENE-12104,YES,1,0,0,0,0,1,0
GENE-12105,NO,1,0,0,0,0,0,0
GENE-12106,NO,1,0,0,0,0,0,0
GENE-12107,NO,1,68,64,52,93,84,94
GENE-12108,NO,1,0,0,0,0,0,0
GENE-12109,NO,1,0,0,0,0,0,0
GENE-12110,NO,1,0,0,0,0,0,0
GENE-12111,NO,1,2,2,2,2,7,5
GENE-12112,NO,1,0,0,0,0,0,0
GENE-12113,NO,1,0,3,4,5,1,14
GENE-12114,NO,1,3,3,10,8,1,10
GENE-12115,NO,1,1,1,0,0,1,1
GENE-12116,NO,1,75,0,2287,0,61,246
GENE-12117,NO,1,0,0,0,0,0,0
GENE-12118,NO,1,20,19,23,23,29,29
GENE-12119,NO,1,32,25,38,29,43,33
GENE-12120,NO,1,0,0,0,0,0,0
GENE-12121,NO,1,0,0,0,0,0,0
GENE-12122,NO,1,0,0,0,0,0,0
GENE-12123,NO,1,68,94,44,0,3,710
GENE-12124,NO,1,0,0,0,0,0,0
GENE-12125,NO,1,0,3,0,0,0,1
GENE-12126,NO,1,3,3,10,4,4,6
GENE-12127,NO,1,88,50,94,78,70,91
GENE-12128,NO,1,0,0,0,0,0,0
GENE-12129,NO,1,518,436,436,477,431,425
GENE-12130,NO,1,0,0,0,0,0,0
GENE-12131,NO,1,1,1,0,1,0,0
GENE-12132,NO,1,0,0,0,0,0,0
GENE-12133,NO,1,0,0,0,0,0,0
GENE-12134,NO,1,589,617,609,1537,720,1619
GENE-12135,NO,1,3,0,2,0,2,1
GENE-12136,NO,1,0,0,0,0,0,0
GENE-12137,NO,1,0,0,0,0,0,0
GENE-12138,NO,1,29,22,33,25,19,33
GENE-12139,NO,1,0,0,0,0,0,0
GENE-12140,NO,1,0,0,0,0,0,0
GENE-12141,NO,1,0,0,0,0,0,0
GENE-12142,NO,1,0,0,0,0,0,0
GENE-12143,YES,1,0,0,0,0,0,0
GENE-12144,NO,1,29,35,26,28,31,37
GENE-12145,NO,1,0,0,0,0,0,0
GENE-12146,NO,1,0,0,0,0,0,0
GENE-12147,YES,1,0,0,0,0,0,0
GENE-12148,NO,1,22,15,10,11,22,18
GENE-12149,NO,1,2,0,0,0,1,0
GENE-12150,NO,1,0,0,0,0,0,0
GENE-12151,NO,1,1234,1190,1079,1223,1571,1142
GENE-12152,NO,1,0,0,0,0,0,0
GENE-12153,NO,1,0,0,0,0,0,0
GENE-12154,NO,1,510,237,455,271,494,645
GENE-12155,NO,1,1,1,4,3,2,0
GENE-12156,NO,1,980,940,1055,984,1043,982
GENE-12157,NO,1,0,0,0,0,0,0
GENE-12158,NO,1,0,0,0,0,0,0
GENE-12159,NO,1,26,16,20,22,18,22
GENE-12160,NO,1,613,738,616,667,717,549
GENE-12161,NO,1,6,4,10,11,5,4
GENE-12162,NO,1,0,0,0,0,0,0
GENE-12163,NO,1,0,0,0,0,0,0
GENE-12164,NO,1,16,32,24,16,27,25
GENE-12165,NO,1,6038,6257,6525,6216,7092,6338
GENE-12166,NO,1,1490,1253,1601,1433,1434,1322
GENE-12167,NO,1,0,0,0,0,0,0
GENE-12168,YES,1,0,0,0,0,0,0
GENE-12169,NO,1,0,0,0,0,0,0
GENE-12170,NO,1,310,227,217,397,360,299
GENE-12171,NO,1,0,0,0,0,0,0
GENE-12172,NO,1,0,0,0,0,0,0
GENE-12173,NO,1,159,169,161,184,219,198
GENE-12174,NO,1,0,0,0,0,0,0
GENE-12175,NO,1,347,334,230,393,203,284
GENE-12176,NO,1,0,0,0,0,0,0
GENE-12177,NO,1,0,0,0,0,0,0
GENE-12178,NO,1,12,11,13,12,9,5
GENE-12179,YES,1,0,0,0,0,0,0
GENE-12180,NO,1,23,16,12,40,14,14
GENE-12181,NO,1,0,0,0,0,0,0
GENE-12182,NO,1,80,75,73,87,56,104
GENE-12183,NO,1,0,0,0,0,0,0
GENE-12184,YES,1,0,0,0,0,0,0
GENE-12185,NO,1,0,0,0,0,0,0
GENE-12186,NO,1,0,0,0,0,0,0
GENE-12187,NO,1,0,0,0,0,0,0
GENE-12188,YES,1,0,0,0,0,0,0
GENE-12189,NO,1,0,0,0,0,0,0
GENE-12190,NO,1,218,251,253,245,239,228
GENE-12191,NO,1,3,1,6,0,2,3
GENE-12192,NO,1,0,0,0,0,0,0
GENE-12193,NO,1,0,0,0,0,0,0
GENE-12194,NO,1,406,349,308,472,398,296
GENE-12195,NO,1,1,0,0,0,0,0
GENE-12196,NO,1,149,131,116,100,132,125
GENE-12197,NO,1,4840,4263,3518,4234,4525,4614
GENE-12198,NO,1,0,0,0,0,0,0
GENE-12199,NO,1,0,0,0,0,0,0
GENE-12200,NO,1,23,17,10,25,23,14
GENE-12201,YES,1,0,0,0,0,0,0
GENE-12202,NO,1,0,0,0,0,0,0
GENE-12203,YES,1,0,0,0,0,0,0
GENE-12204,NO,1,353,136,154,349,103,112
GENE-12206,NO,1,1148,1332,1176,1337,1311,1125
GENE-12207,NO,1,0,0,0,0,1,0
GENE-12208,NO,1,0,0,0,0,0,0
GENE-12209,NO,1,0,0,0,0,0,0
GENE-12210,NO,1,0,0,0,0,0,0
GENE-12211,NO,1,37,52,33,10,59,28
GENE-12212,NO,1,0,0,0,0,0,0
GENE-12213,NO,1,0,0,0,0,0,0
GENE-12214,NO,1,0,0,0,0,0,0
GENE-12215,NO,1,2778,3393,2505,3097,3049,3094
GENE-12216,NO,1,0,0,0,0,0,0
GENE-12217,NO,1,0,0,0,0,0,0
GENE-12218,NO,1,0,0,0,0,0,0
GENE-12219,NO,1,0,0,0,0,0,0
GENE-12221,NO,1,35,37,47,31,41,49
GENE-12222,NO,1,0,0,0,0,0,0
GENE-12223,NO,1,48,37,48,44,38,42
GENE-12224,NO,1,0,0,0,0,0,0
GENE-12225,NO,1,0,0,0,0,0,0
GENE-12226,NO,1,0,0,0,0,0,0
GENE-12227,NO,1,3,4,6,4,2,8
GENE-12228,NO,1,0,0,0,0,0,0
GENE-12229,NO,1,0,0,0,0,0,0
GENE-12230,NO,1,0,0,0,0,0,0
GENE-12231,NO,1,0,0,0,0,0,0
GENE-12232,NO,1,0,0,0,0,0,0
GENE-12233,NO,1,0,0,0,0,0,0
GENE-12234,NO,1,278,382,390,447,417,433
GENE-12235,NO,1,0,0,0,0,0,0
GENE-12236,NO,1,0,0,0,0,0,0
GENE-12237,NO,1,10,6,4,5,7,1
GENE-12238,NO,1,0,0,0,0,0,0
GENE-12239,NO,1,0,1,1,0,1,0
GENE-12240,NO,1,0,0,0,0,0,0
GENE-12241,NO,1,0,0,0,0,0,0
GENE-12242,NO,1,0,0,0,0,0,0
GENE-12243,NO,1,0,0,0,0,0,0
GENE-12244,NO,1,1420,1158,1443,1419,1326,1582
GENE-12245,NO,1,0,0,0,0,0,0
GENE-12246,NO,1,0,0,0,0,0,0
GENE-12247,NO,1,0,0,0,0,0,0
GENE-12248,NO,1,27,16,41,35,32,33
GENE-12249,NO,1,0,0,0,0,0,0
GENE-12250,NO,1,0,0,0,0,0,0
GENE-12251,NO,1,0,0,0,0,0,0
GENE-12252,NO,1,0,0,0,0,0,0
GENE-12253,NO,1,664,739,714,827,916,655
GENE-12254,NO,1,0,0,0,0,0,0
GENE-12255,NO,1,39,54,44,47,62,24
GENE-12256,NO,1,0,0,0,0,0,0
GENE-12257,NO,1,0,0,0,0,0,0
GENE-12258,NO,1,181,129,195,181,185,207
GENE-12259,NO,1,0,0,0,0,0,0
GENE-12260,NO,1,14,18,19,14,20,15
GENE-12261,NO,1,100,97,111,101,89,100
GENE-12262,NO,1,0,0,0,0,0,0
GENE-12263,NO,1,411,429,616,425,375,482
GENE-12264,NO,1,127,104,96,131,105,112
GENE-12265,NO,1,0,0,0,0,0,0
GENE-12266,NO,1,0,0,0,0,0,0
GENE-12267,NO,1,0,0,0,0,0,0
GENE-12268,NO,1,0,0,0,0,0,0
GENE-12269,NO,1,0,0,0,0,0,0
GENE-12270,NO,1,27,27,52,26,27,23
GENE-12271,NO,1,2346,911,900,1259,590,747
GENE-12272,NO,1,0,0,0,0,0,0
GENE-12273,NO,1,240,233,331,267,350,259
GENE-12274,NO,1,0,0,0,0,0,0
GENE-12275,NO,1,0,2,0,3,1,4
GENE-12276,NO,1,0,0,0,0,0,0
GENE-12277,NO,1,0,0,0,0,0,0
GENE-12278,NO,1,0,0,0,0,0,0
GENE-12279,NO,1,1,0,1,1,1,0
GENE-12280,NO,1,63,104,68,88,61,77
GENE-12281,NO,1,0,0,0,0,0,0
GENE-12282,NO,1,65,41,68,83,90,74
GENE-12283,NO,1,0,0,0,0,0,0
GENE-12284,NO,1,0,0,0,0,0,0
GENE-12285,NO,1,4,10,13,7,6,13
GENE-12286,NO,1,0,0,0,0,0,0
GENE-12287,NO,1,442,425,375,464,440,419
GENE-12288,NO,1,0,0,0,0,0,0
GENE-12289,NO,1,0,0,0,0,0,0
GENE-12290,NO,1,0,0,0,0,0,0
GENE-12291,NO,1,0,0,0,0,0,0
GENE-12292,NO,1,0,0,0,0,0,0
GENE-12293,NO,1,0,0,0,0,0,0
GENE-12294,NO,1,3089,2931,3010,3072,3097,3436
GENE-12295,NO,1,8,2,4,8,3,3
GENE-12296,NO,1,0,1,0,1,0,1
GENE-12297,YES,1,0,0,0,0,0,0
GENE-12298,NO,1,97,127,93,104,105,96
GENE-12299,NO,1,2739,3302,3640,3017,4073,3047
GENE-12300,NO,1,0,0,0,0,0,0
GENE-12301,NO,1,0,0,0,0,0,0
GENE-12302,NO,1,0,0,0,0,0,0
GENE-12303,NO,1,0,1,0,0,0,0
GENE-12304,NO,1,0,0,0,0,0,0
GENE-12305,YES,1,0,0,0,0,0,0
GENE-12306,NO,1,135,144,126,121,110,93
GENE-12307,YES,1,0,0,0,0,0,0
GENE-12308,NO,1,0,0,0,0,0,0
GENE-12309,NO,1,0,0,0,1,0,0
GENE-12310,NO,1,0,0,0,0,0,0
GENE-12311,NO,1,0,0,0,0,0,0
GENE-12312,NO,1,407,294,346,462,407,251
GENE-12313,NO,1,101,133,150,148,105,131
GENE-12314,NO,1,0,0,0,0,0,0
GENE-12315,NO,1,0,0,0,0,0,0
GENE-12316,NO,1,0,0,0,0,0,0
GENE-12317,NO,1,0,0,0,0,0,0
GENE-12318,NO,1,0,0,0,0,0,0
GENE-12319,NO,1,0,0,0,0,0,0
GENE-12320,NO,1,0,0,0,0,0,0
GENE-12321,NO,1,0,0,0,0,0,0
GENE-12322,NO,1,1615,1553,1792,1622,1722,1846
GENE-12323,NO,1,0,0,0,0,0,0
GENE-12324,NO,1,0,0,0,0,0,0
GENE-12325,NO,1,4,4,3,2,3,5
GENE-12326,NO,1,0,0,0,0,0,0
GENE-12327,NO,1,0,0,0,0,0,0
GENE-12328,NO,1,0,0,0,0,0,0
GENE-12329,NO,1,2,1,1,0,1,2
GENE-12330,NO,1,0,0,0,0,0,0
GENE-12331,NO,1,0,0,0,0,0,0
GENE-12332,NO,1,0,0,0,0,0,0
GENE-12333,NO,1,0,0,0,0,0,0
GENE-12334,NO,1,0,0,0,0,0,0
GENE-12335,NO,1,0,0,0,0,0,0
GENE-12336,NO,1,0,0,0,0,0,0
GENE-12337,NO,1,6,3,7,9,7,7
GENE-12338,NO,1,0,0,0,0,0,0
GENE-12339,NO,1,0,0,0,0,0,0
GENE-12340,NO,1,0,0,2,2,1,0
GENE-12341,NO,1,25,25,18,24,22,19
GENE-12342,NO,1,1,2,2,2,1,2
GENE-12343,NO,1,3,2,1,4,1,5
GENE-12344,NO,1,0,0,0,0,0,0
GENE-12345,NO,1,0,0,0,0,0,0
GENE-12346,NO,1,0,0,0,0,0,0
GENE-12347,NO,1,0,0,0,0,0,0
GENE-12348,NO,1,0,0,0,0,0,0
GENE-12349,NO,1,0,0,0,0,0,0
GENE-12350,NO,1,0,0,0,0,0,0
GENE-12351,NO,1,0,0,0,0,0,0
GENE-12352,YES,1,0,0,0,0,0,0
GENE-12353,NO,1,0,0,0,0,0,0
GENE-12354,NO,1,6,7,4,6,2,2
GENE-12355,NO,1,0,1,1,3,1,1
GENE-12356,NO,1,0,0,0,0,0,0
GENE-12357,NO,1,330,373,266,459,342,356
GENE-12358,NO,1,0,0,0,0,0,0
GENE-12359,NO,1,10,7,13,8,4,7
GENE-12360,NO,1,3,4,3,3,1,6
GENE-12361,NO,1,351,241,391,289,369,332
GENE-12362,NO,1,0,0,0,0,0,0
GENE-12363,NO,1,0,0,0,0,0,0
GENE-12364,NO,1,0,0,0,0,0,0
GENE-12365,NO,1,0,0,0,0,0,0
GENE-12366,NO,1,0,0,0,1,0,0
GENE-12367,NO,1,0,0,0,0,0,0
GENE-12368,NO,1,5,6,10,7,4,3
GENE-12369,NO,1,0,0,0,0,0,0
GENE-12370,NO,1,1983,5460,6075,4422,988,7267
GENE-12371,NO,1,0,0,0,0,0,0
GENE-12372,NO,1,0,0,0,0,0,0
GENE-12373,NO,1,0,0,0,0,0,0
GENE-12374,YES,1,9,10,5,11,9,11
GENE-12375,NO,1,11,9,12,15,8,9
GENE-12376,NO,1,0,0,0,0,0,0
GENE-12377,NO,1,7,8,7,8,9,10
GENE-12378,NO,1,0,3,2,1,0,2
GENE-12379,NO,1,0,0,0,0,0,0
GENE-12380,NO,1,0,0,0,0,0,0
GENE-12381,NO,1,0,0,0,0,0,0
GENE-12382,NO,1,0,0,0,0,0,0
GENE-12383,NO,1,0,0,0,0,0,1
GENE-12384,NO,1,1836,3984,2025,2637,2262,1542
GENE-12385,NO,1,514,552,448,398,449,359
GENE-12386,NO,1,5,7,5,7,13,6
GENE-12387,NO,1,178,128,156,145,151,155
GENE-12388,NO,1,0,0,0,0,0,0
GENE-12389,NO,1,26,42,29,42,48,32
GENE-12390,NO,1,1,1,1,1,0,4
GENE-12391,NO,1,0,0,0,0,0,0
GENE-12392,NO,1,0,0,0,0,0,0
GENE-12393,NO,1,0,0,0,0,0,0
GENE-12394,NO,1,0,0,0,0,0,0
GENE-12395,NO,1,0,0,0,0,0,0
GENE-12396,NO,1,340,416,359,363,421,332
GENE-12397,NO,1,40,19,19,14,0,21
GENE-12398,NO,1,0,0,0,0,0,0
GENE-12399,NO,1,43,49,50,64,45,85
GENE-12400,NO,1,121,148,125,122,109,154
GENE-12401,NO,1,0,0,0,0,0,0
GENE-12402,NO,1,0,0,0,0,0,0
GENE-12403,NO,1,0,0,0,0,0,0
GENE-12404,NO,1,124,145,155,166,95,139
GENE-12405,NO,1,0,0,0,0,0,0
GENE-12406,NO,1,0,0,0,0,0,0
GENE-12407,NO,1,0,0,0,0,0,0
GENE-12408,NO,1,0,0,0,0,0,0
GENE-12409,NO,1,0,0,0,0,0,0
GENE-12410,NO,1,0,0,0,0,0,0
GENE-12411,NO,1,6,6,1,1,4,1
GENE-12412,NO,1,247,131,131,134,203,164
GENE-12413,NO,1,0,0,0,0,0,0
GENE-12414,NO,1,0,0,0,0,0,0
GENE-12415,NO,1,0,0,0,0,0,0
GENE-12416,NO,1,68,58,59,69,44,59
GENE-12417,YES,1,0,0,0,0,0,0
GENE-12418,NO,1,31,54,50,35,47,36
GENE-12419,NO,1,22,40,34,36,39,53
GENE-12420,NO,1,0,0,0,0,0,0
GENE-12421,NO,1,0,0,0,0,0,0
GENE-12422,NO,1,0,0,0,0,0,0
GENE-12423,NO,1,0,0,0,0,0,0
GENE-12424,NO,1,0,0,0,0,0,0
GENE-12425,NO,1,0,0,0,0,0,0
GENE-12426,NO,1,0,0,0,0,0,0
GENE-12427,YES,1,0,0,0,0,0,0
GENE-12428,NO,1,0,0,0,0,0,0
GENE-12429,NO,1,0,0,0,0,0,0
GENE-12430,NO,1,0,1,0,0,1,0
GENE-12431,NO,1,0,0,0,0,0,0
GENE-12432,NO,1,0,0,0,0,0,0
GENE-12433,NO,1,0,0,0,0,0,0
GENE-12434,NO,1,0,0,0,0,0,0
GENE-12435,NO,1,8,11,1,3,11,8
GENE-12436,NO,1,0,0,0,0,0,0
GENE-12437,NO,1,0,0,0,0,0,0
GENE-12438,NO,1,0,0,0,0,0,0
GENE-12439,NO,1,3,1,4,1,0,2
GENE-12440,NO,1,0,0,0,0,0,0
GENE-12441,NO,1,0,0,0,0,0,0
GENE-12442,NO,1,0,0,0,0,0,0
GENE-12443,NO,1,422,422,382,365,649,764
GENE-12444,NO,1,0,0,0,0,0,0
GENE-12445,NO,1,129,119,140,210,150,192
GENE-12446,NO,1,307,266,173,299,261,397
GENE-12447,NO,1,0,0,0,0,0,0
GENE-12448,NO,1,0,0,0,0,0,0
GENE-12449,NO,1,0,0,0,0,0,0
GENE-12450,YES,1,0,0,0,0,0,0
GENE-12451,NO,1,543,906,651,454,447,444
GENE-12452,NO,1,0,0,0,0,0,0
GENE-12453,NO,1,3,6,5,3,2,1
GENE-12454,NO,1,0,0,0,0,0,0
GENE-12455,NO,1,0,0,0,0,0,0
GENE-12456,NO,1,5,2,4,5,4,5
GENE-12457,NO,1,101,128,113,164,130,124
GENE-12458,NO,1,0,0,0,0,0,0
GENE-12459,NO,1,55,69,56,48,69,58
GENE-12460,NO,1,116,67,71,103,47,36
GENE-12461,NO,1,0,0,0,0,0,0
GENE-12462,NO,1,0,0,0,0,0,0
GENE-12463,NO,1,0,0,0,0,0,0
GENE-12464,NO,1,0,0,0,0,0,0
GENE-12465,NO,1,0,0,0,0,0,0
GENE-12466,NO,1,0,0,0,0,0,0
GENE-12467,NO,1,0,0,0,0,0,0
GENE-12468,NO,1,0,0,0,0,0,0
GENE-12469,NO,1,0,0,0,0,0,0
GENE-12470,NO,1,72,34,54,50,67,54
GENE-12471,NO,1,6,9,3,8,8,6
GENE-12472,NO,1,3,4,4,4,3,6
GENE-12473,NO,1,0,0,0,0,0,0
GENE-12474,NO,1,0,0,0,0,0,0
GENE-12475,NO,1,468,698,560,689,643,526
GENE-12477,NO,1,0,0,0,0,0,0
GENE-12478,NO,1,0,0,0,0,0,0
GENE-12479,NO,1,0,0,0,0,0,0
GENE-12480,NO,1,840,862,1017,507,515,741
GENE-12481,NO,1,0,0,0,0,0,0
GENE-12482,NO,1,0,0,0,0,0,0
GENE-12483,NO,1,327,232,298,276,208,447
GENE-12484,NO,1,1,2,0,0,2,1
GENE-12485,NO,1,0,0,0,0,0,0
GENE-12486,NO,1,0,0,0,0,0,0
GENE-12487,NO,1,76,56,47,76,64,60
GENE-12488,NO,1,72,59,87,59,54,54
GENE-12489,NO,1,0,0,0,0,0,0
GENE-12490,YES,1,0,0,0,0,0,0
GENE-12491,NO,1,0,0,0,0,0,0
GENE-12492,NO,1,0,0,0,0,0,0
GENE-12493,NO,1,0,0,0,0,0,0
GENE-12494,NO,1,8,1,4,5,10,5
GENE-12495,NO,1,0,0,0,0,0,0
GENE-12496,NO,1,301,198,225,307,213,321
GENE-12497,NO,1,0,0,0,0,0,0
GENE-12498,NO,1,0,0,0,0,0,0
GENE-12499,NO,1,12,7,15,11,7,8
GENE-12500,NO,1,0,0,0,0,0,0
GENE-12501,NO,1,0,0,0,0,0,0
GENE-12502,NO,1,35,32,32,30,49,44
GENE-12503,NO,1,32,66,44,49,71,135
GENE-12504,NO,1,0,0,0,0,0,0
GENE-12505,NO,1,0,0,0,0,0,0
GENE-12506,NO,1,0,0,0,0,0,0
GENE-12507,NO,1,1,1,1,0,0,1
GENE-12508,NO,1,0,0,0,0,0,0
GENE-12509,NO,1,1,1,1,2,1,2
GENE-12510,NO,1,0,0,0,0,0,0
GENE-12511,NO,1,0,1,0,0,0,0
GENE-12512,NO,1,0,0,0,0,0,0
GENE-12513,NO,1,147,188,155,157,173,166
GENE-12514,NO,1,399,391,387,448,365,326
GENE-12515,NO,1,0,0,0,0,0,0
GENE-12516,NO,1,0,0,0,0,0,0
GENE-12517,NO,1,110,83,92,127,112,110
GENE-12518,NO,1,0,0,0,0,0,0
GENE-12519,NO,1,0,0,0,0,0,0
GENE-12520,NO,1,0,0,0,0,0,0
GENE-12521,NO,1,31,36,42,62,53,36
GENE-12522,NO,1,151,240,286,315,251,119
GENE-12523,NO,1,0,0,0,0,0,0
GENE-12524,NO,1,449,379,468,400,412,405
GENE-12525,NO,1,0,0,0,0,0,0
GENE-12526,NO,1,0,0,0,0,0,0
GENE-12527,NO,1,0,0,0,0,0,0
GENE-12528,NO,1,0,0,0,0,0,0
GENE-12529,NO,1,0,0,0,0,0,0
GENE-12530,NO,1,0,0,0,0,0,0
GENE-12531,NO,1,45,38,46,26,31,34
GENE-12532,NO,1,0,0,0,0,1,0
GENE-12533,NO,1,23,16,20,23,24,22
GENE-12534,NO,1,0,0,0,0,0,0
GENE-12535,NO,1,0,0,0,0,0,0
GENE-12536,NO,1,117,118,90,127,77,85
GENE-12537,NO,1,0,0,0,0,0,0
GENE-12538,NO,1,0,0,0,0,0,0
GENE-12539,NO,1,223,218,331,275,228,245
GENE-12540,NO,1,0,0,0,0,0,0
GENE-12541,NO,1,0,0,1,0,0,1
GENE-12542,NO,1,215,606,116,263,312,219
GENE-12543,NO,1,0,0,0,0,0,0
GENE-12544,YES,1,0,0,0,0,0,0
GENE-12545,NO,1,0,0,0,0,0,0
GENE-12546,YES,1,0,0,0,0,0,0
GENE-12547,NO,1,349,219,349,230,248,353
GENE-12548,NO,1,0,0,0,0,0,0
GENE-12549,NO,1,76,76,70,32,53,60
GENE-12550,NO,1,157,139,207,126,209,117
GENE-12551,NO,1,22,34,26,35,29,13
GENE-12552,YES,1,0,0,0,0,0,0
GENE-12553,NO,1,0,0,0,0,0,0
GENE-12554,NO,1,0,0,0,0,0,0
GENE-12555,NO,1,0,0,0,0,0,0
GENE-12556,NO,1,193,294,191,205,195,191
GENE-12557,NO,1,0,0,0,0,0,0
GENE-12558,NO,1,0,0,0,0,0,0
GENE-12559,NO,1,0,0,0,0,0,0
GENE-12560,NO,1,0,0,0,0,0,0
GENE-12561,NO,1,0,0,0,0,0,0
GENE-12562,NO,1,0,0,0,0,0,0
GENE-12563,NO,1,0,0,0,0,0,0
GENE-12564,YES,1,0,0,0,0,0,0
GENE-12565,NO,1,3160,1070,1630,2566,1870,2316
GENE-12566,NO,1,0,0,0,0,0,0
GENE-12567,NO,1,0,0,0,0,0,0
GENE-12568,NO,1,97,106,80,75,54,79
GENE-12569,NO,1,0,0,0,0,0,0
GENE-12570,NO,1,0,0,0,0,0,0
GENE-12571,NO,1,0,0,0,0,0,0
GENE-12572,NO,1,39,64,57,62,42,52
GENE-12573,NO,1,0,0,0,0,0,0
GENE-12574,NO,1,0,0,0,0,0,0
GENE-12575,NO,1,0,0,0,0,0,0
GENE-12576,NO,1,24,31,25,29,18,24
GENE-12577,NO,1,2091,1540,1953,2008,2761,1825
GENE-12578,NO,1,0,0,0,0,0,0
GENE-12579,NO,1,0,0,0,0,0,0
GENE-12580,NO,1,0,0,0,0,0,0
GENE-12581,NO,1,0,0,0,0,0,0
GENE-12582,NO,1,14,7,65,60,24,20
GENE-12583,NO,1,0,0,0,0,0,0
GENE-12584,NO,1,432,294,307,485,339,519
GENE-12585,NO,1,1,2,1,2,3,4
GENE-12586,NO,1,0,0,0,0,0,0
GENE-12587,NO,1,0,0,0,0,0,0
GENE-12588,NO,1,0,0,0,0,0,0
GENE-12589,NO,1,1230,1014,899,1191,1006,1066
GENE-12590,NO,1,0,0,0,0,0,0
GENE-12591,NO,1,0,0,0,0,0,0
GENE-12592,NO,1,25,22,15,22,24,7
GENE-12593,NO,1,77,102,42,83,115,64
GENE-12594,NO,1,1,0,0,0,0,0
GENE-12595,NO,1,0,0,0,0,0,0
GENE-12596,NO,1,0,0,0,0,0,0
GENE-12597,NO,1,2,1,0,2,0,0
GENE-12598,NO,1,0,0,0,0,1,1
GENE-12599,NO,1,0,0,0,0,0,0
GENE-12600,NO,1,190,267,191,189,323,213
GENE-12601,NO,1,0,0,0,0,0,0
GENE-12602,NO,1,38,45,95,65,63,55
GENE-12603,NO,1,9,13,7,32,17,10
GENE-12604,NO,1,6,9,5,4,4,6
GENE-12605,NO,1,0,0,0,0,0,0
GENE-12606,NO,1,0,0,0,0,1,0
GENE-12607,NO,1,1,6,2,3,2,2
GENE-12608,NO,1,0,0,0,0,0,0
GENE-12609,NO,1,0,0,0,0,0,0
GENE-12610,NO,1,0,0,0,0,0,0
GENE-12611,YES,1,1,0,0,0,0,0
GENE-12612,NO,1,2921,2867,2881,2772,2251,2293
GENE-12613,NO,1,168,196,234,165,241,166
GENE-12614,NO,1,1,1,2,0,0,1
GENE-12615,NO,1,1,0,0,2,1,2
GENE-12616,NO,1,0,0,0,0,0,0
GENE-12617,NO,1,0,0,0,0,0,0
GENE-12618,NO,1,1,0,2,0,3,3
GENE-12619,NO,1,0,1,0,0,2,1
GENE-12620,NO,1,0,0,0,0,0,0
GENE-12621,NO,1,204,28,57,50,72,72
GENE-12622,YES,1,0,0,0,0,0,0
GENE-12623,NO,1,0,0,0,0,0,0
GENE-12624,NO,1,0,0,0,0,0,0
GENE-12625,NO,1,0,0,0,0,0,0
GENE-12626,NO,1,0,0,0,0,0,0
GENE-12627,NO,1,28,19,22,21,25,20
GENE-12628,NO,1,2,3,4,4,12,10
GENE-12630,NO,1,0,0,0,0,0,0
GENE-12631,NO,1,360,304,325,407,367,278
GENE-12632,NO,1,19,25,17,30,12,20
GENE-12633,NO,1,38,28,44,38,48,46
GENE-12634,NO,1,0,0,0,0,0,0
GENE-12635,NO,1,0,0,0,0,0,0
GENE-12636,NO,1,0,0,0,0,0,0
GENE-12637,NO,1,0,0,0,0,0,0
GENE-12638,NO,1,0,0,0,0,0,0
GENE-12639,NO,1,0,0,0,0,0,0
GENE-12640,NO,1,0,0,0,0,0,0
GENE-12641,NO,1,0,0,0,0,0,0
GENE-12642,NO,1,10,9,8,13,8,11
GENE-12643,NO,1,0,0,0,0,0,0
GENE-12644,NO,1,0,0,0,0,0,0
GENE-12645,NO,1,0,0,0,0,0,0
GENE-12646,NO,1,0,0,0,0,0,0
GENE-12647,NO,1,0,0,0,0,0,0
GENE-12648,NO,1,0,0,0,0,0,0
GENE-12649,NO,1,0,0,0,0,0,0
GENE-12650,NO,1,0,0,0,0,0,0
GENE-12651,NO,1,0,0,0,1,0,0
GENE-12652,NO,1,0,0,0,0,0,0
GENE-12653,NO,1,0,0,0,0,0,0
GENE-12654,NO,1,157,134,169,165,146,165
GENE-12655,NO,1,4,3,1,7,4,1
GENE-12656,NO,1,58,87,85,64,76,85
GENE-12657,NO,1,0,0,0,0,0,0
GENE-12658,NO,1,0,0,0,0,0,0
GENE-12659,NO,1,0,0,0,0,0,0
GENE-12660,NO,1,0,0,0,0,0,0
GENE-12661,NO,1,0,0,0,0,0,0
GENE-12662,NO,1,0,0,0,0,0,0
GENE-12663,NO,1,1773,1403,1374,1395,1427,1990
GENE-12664,NO,1,1,2,0,0,0,0
GENE-12665,NO,1,2675,4028,5119,4536,4309,3544
GENE-12666,NO,1,0,0,0,0,0,0
GENE-12667,NO,1,0,0,0,0,0,0
GENE-12668,NO,1,0,0,0,0,0,0
GENE-12669,NO,1,0,0,0,0,0,0
GENE-12670,NO,1,0,0,0,0,0,0
GENE-12671,NO,1,66,105,100,79,110,85
GENE-12672,NO,1,0,0,0,0,0,0
GENE-12674,NO,1,0,0,0,0,0,0
GENE-12675,NO,1,0,0,0,0,0,0
GENE-12676,NO,1,0,0,0,0,0,0
GENE-12677,NO,1,35,40,19,29,38,36
GENE-12678,NO,1,0,0,0,0,0,0
GENE-12679,NO,1,0,0,0,0,0,0
GENE-12680,NO,1,23,48,42,42,51,52
GENE-12681,NO,1,0,0,0,0,0,0
GENE-12682,NO,1,0,0,0,0,0,0
GENE-12683,NO,1,245,318,178,198,260,213
GENE-12684,NO,1,0,0,0,0,0,0
GENE-12685,NO,1,0,0,0,0,0,0
GENE-12686,NO,1,0,0,0,0,0,0
GENE-12687,NO,1,0,0,0,0,0,0
GENE-12688,NO,1,29,23,32,24,30,22
GENE-12689,NO,1,788,654,732,756,591,660
GENE-12690,NO,1,0,0,0,0,0,0
GENE-12691,NO,1,0,0,0,0,0,0
GENE-12692,NO,1,0,0,0,0,0,0
GENE-12693,NO,1,0,0,0,0,0,0
GENE-12694,NO,1,0,0,0,0,0,0
GENE-12695,NO,1,0,0,0,0,0,0
GENE-12696,NO,1,0,0,0,0,0,0
GENE-12697,NO,1,1459,1453,1338,1013,1415,881
GENE-12698,NO,1,0,0,0,0,0,0
GENE-12699,NO,1,506,538,484,366,355,398
GENE-12700,NO,1,261,272,291,291,279,377
GENE-12701,NO,1,106,40,82,55,108,64
GENE-12702,NO,1,3,4,2,3,4,3
GENE-12703,YES,1,0,0,0,0,0,0
GENE-12704,NO,1,105,129,55,392,142,98
GENE-12705,NO,1,0,0,0,0,0,0
GENE-12706,NO,1,6,8,8,4,11,9
GENE-12707,NO,1,0,0,0,0,0,0
GENE-12708,NO,1,0,0,0,0,0,0
GENE-12709,NO,1,59,30,53,31,52,97
GENE-12710,NO,1,73,91,82,80,99,103
GENE-12711,NO,1,0,0,0,0,0,0
GENE-12712,NO,1,0,0,0,0,0,0
GENE-12713,NO,1,56,58,59,70,60,66
GENE-12714,NO,1,0,0,1,1,0,1
GENE-12715,NO,1,0,0,0,0,0,0
GENE-12716,NO,1,0,0,0,0,0,0
GENE-12717,NO,1,0,0,0,0,0,0
GENE-12718,NO,1,0,0,0,0,0,0
GENE-12719,NO,1,0,0,0,0,0,0
GENE-12720,NO,1,0,0,0,0,0,0
GENE-12721,NO,1,0,0,0,0,0,0
GENE-12722,NO,1,0,0,0,0,0,0
GENE-12723,NO,1,0,0,0,0,0,0
GENE-12724,NO,1,5526,5142,4562,5514,5156,4624
GENE-12725,NO,1,0,0,0,0,0,0
GENE-12726,NO,1,0,0,0,0,0,0
GENE-12727,NO,1,0,0,1,2,1,0
GENE-12728,NO,1,43,31,28,27,18,21
GENE-12729,NO,1,0,0,0,0,0,0
GENE-12730,NO,1,0,0,0,0,0,0
GENE-12731,NO,1,0,0,0,0,0,0
GENE-12732,YES,1,0,0,0,0,0,0
GENE-12733,NO,1,0,0,0,0,0,0
GENE-12734,NO,1,5,4,8,6,4,4
GENE-12735,NO,1,0,0,0,0,0,0
GENE-12736,NO,1,0,0,0,0,0,0
GENE-12737,NO,1,0,0,0,0,0,0
GENE-12738,NO,1,0,0,0,0,0,0
GENE-12739,NO,1,0,0,0,0,0,0
GENE-12740,YES,1,0,0,0,0,0,0
GENE-12741,NO,1,1,0,0,0,0,1
GENE-12742,NO,1,0,0,0,0,0,0
GENE-12743,NO,1,497,540,502,410,444,569
GENE-12744,NO,1,0,0,0,0,0,0
GENE-12745,NO,1,0,0,0,0,0,0
GENE-12746,NO,1,51,24,27,29,40,26
GENE-12747,NO,1,3711,3840,3837,4073,3650,4431
GENE-12748,NO,1,381,224,282,334,249,353
GENE-12749,NO,1,0,1,1,3,6,7
GENE-12750,YES,1,0,0,0,0,0,0
GENE-12751,NO,1,1,3,2,5,1,3
GENE-12752,NO,1,0,0,0,0,0,0
GENE-12753,NO,1,0,0,0,0,0,0
GENE-12754,NO,1,1625,1566,1711,1942,2020,1866
GENE-12755,NO,1,0,0,0,0,0,0
GENE-12756,NO,1,0,0,0,0,0,0
GENE-12757,NO,1,0,0,0,0,0,0
GENE-12758,NO,1,0,0,0,0,0,0
GENE-12759,NO,1,0,0,0,0,0,0
GENE-12760,NO,1,0,0,0,0,0,0
GENE-12761,NO,1,0,0,0,0,0,0
GENE-12762,NO,1,0,0,0,0,0,0
GENE-12763,NO,1,510,471,487,477,477,483
GENE-12764,NO,1,0,0,0,0,0,0
GENE-12765,NO,1,3,2,1,5,4,1
GENE-12766,NO,1,0,0,0,0,0,0
GENE-12767,NO,1,1913,1433,1668,1619,1004,1761
GENE-12768,NO,1,0,0,0,0,0,0
GENE-12769,NO,1,0,0,0,0,0,0
GENE-12770,NO,1,0,0,0,0,0,0
GENE-12771,NO,1,0,0,0,0,0,0
GENE-12772,NO,1,0,0,0,0,0,0
GENE-12773,NO,1,31,0,0,1098,418,571
GENE-12774,NO,1,0,0,0,0,0,0
GENE-12775,NO,1,0,0,0,0,0,0
GENE-12776,NO,1,2,4,4,4,4,2
GENE-12777,NO,1,0,0,0,0,0,0
GENE-12778,NO,1,0,0,0,0,0,0
GENE-12779,NO,1,0,0,0,0,0,0
GENE-12780,NO,1,0,0,0,0,0,0
GENE-12781,NO,1,19,20,19,10,12,14
GENE-12782,NO,1,105,128,180,104,124,75
GENE-12783,NO,1,0,0,0,0,0,0
GENE-12784,YES,1,0,0,0,0,0,0
GENE-12785,NO,1,107,525,794,1286,58,650
GENE-12786,NO,1,0,0,0,0,0,0
GENE-12787,NO,1,0,0,0,0,0,0
GENE-12788,NO,1,9,15,31,14,19,20
GENE-12789,NO,1,0,0,0,0,0,0
GENE-12790,NO,1,68,83,94,53,69,94
GENE-12791,NO,1,146,131,61,115,150,113
GENE-12792,NO,1,0,0,0,0,0,0
GENE-12793,NO,1,4,3,8,2,2,5
GENE-12794,NO,1,0,0,0,0,0,0
GENE-12795,NO,1,61,40,50,34,69,45
GENE-12796,NO,1,0,0,0,0,0,0
GENE-12797,NO,1,0,0,0,0,0,0
GENE-12798,NO,1,123,234,214,162,118,144
GENE-12799,NO,1,0,0,0,0,0,0
GENE-12800,NO,1,0,0,0,0,0,0
GENE-12801,NO,1,0,0,0,0,0,0
GENE-12802,NO,1,0,0,0,0,0,0
GENE-12803,NO,1,29,6,0,11,6,7
GENE-12804,NO,1,0,0,0,0,0,0
GENE-12805,NO,1,0,0,0,0,0,0
GENE-12806,NO,1,0,0,0,0,0,0
GENE-12807,NO,1,0,0,0,0,0,0
GENE-12808,NO,1,905,965,1207,1064,1484,1072
GENE-12809,NO,1,0,0,0,0,0,0
GENE-12810,NO,1,4,2,1,6,7,3
GENE-12811,NO,1,4,4,9,11,6,5
GENE-12812,NO,1,0,0,0,0,0,0
GENE-12813,NO,1,0,0,0,0,0,0
GENE-12814,NO,1,0,0,0,0,0,0
GENE-12815,NO,1,0,0,0,0,0,0
GENE-12816,NO,1,0,1,0,0,0,0
GENE-12817,NO,1,0,0,0,0,0,0
GENE-12818,NO,1,1304,1407,1314,1564,1116,1222
GENE-12819,NO,1,307,422,331,324,357,464
GENE-12820,NO,1,0,0,0,0,0,0
GENE-12821,YES,1,0,0,0,0,0,0
GENE-12822,NO,1,0,0,0,0,0,0
GENE-12823,NO,1,763,716,648,552,560,641
GENE-12824,NO,1,0,0,0,0,0,0
GENE-12825,NO,1,0,0,0,0,0,0
GENE-12826,NO,1,163,180,157,181,144,145
GENE-12827,NO,1,0,0,0,0,0,0
GENE-12829,NO,1,0,0,0,0,0,0
GENE-12830,NO,1,158,174,147,162,151,186
GENE-12831,NO,1,125,167,122,128,130,166
GENE-12832,NO,1,0,0,0,0,0,0
GENE-12833,NO,1,0,0,0,0,0,0
GENE-12834,NO,1,0,0,0,0,0,0
GENE-12835,NO,1,52,55,54,73,50,53
GENE-12836,NO,1,117,77,62,102,106,145
GENE-12837,NO,1,0,0,0,0,0,0
GENE-12838,NO,1,0,0,0,0,0,0
GENE-12839,NO,1,167,209,222,248,190,216
GENE-12841,YES,1,0,0,0,0,0,0
GENE-12842,NO,1,89,93,102,121,95,89
GENE-12843,NO,1,0,0,0,0,0,0
GENE-12844,NO,1,423,468,587,475,355,450
GENE-12845,NO,1,0,0,0,0,0,0
GENE-12846,NO,1,0,0,0,0,0,0
GENE-12847,NO,1,0,0,0,0,0,0
GENE-12848,NO,1,0,0,0,0,0,0
GENE-12849,NO,1,0,0,0,0,0,0
GENE-12850,NO,1,1,0,0,0,0,0
GENE-12851,NO,1,122,141,123,132,125,102
GENE-12852,NO,1,5,5,3,2,3,4
GENE-12853,NO,1,0,0,0,0,0,0
GENE-12854,NO,1,0,0,0,0,0,0
GENE-12855,NO,1,0,0,0,0,0,0
GENE-12856,NO,1,0,0,0,0,0,0
GENE-12857,NO,1,0,0,0,0,0,0
GENE-12858,NO,1,0,0,0,0,0,0
GENE-12859,NO,1,0,0,0,0,0,0
GENE-12860,NO,1,0,0,0,0,0,0
GENE-12861,NO,1,0,0,0,0,0,0
GENE-12862,NO,1,0,1,1,1,0,2
GENE-12863,NO,1,1652,1577,1557,1452,1905,1246
GENE-12864,NO,1,936,1087,988,692,856,953
GENE-12865,NO,1,570,522,734,558,569,604
GENE-12866,NO,1,0,0,0,0,0,0
GENE-12867,NO,1,0,0,0,0,0,0
GENE-12868,YES,1,0,0,0,0,0,0
GENE-12869,NO,1,173,142,157,157,182,195
GENE-12870,NO,1,0,0,0,0,0,0
GENE-12871,NO,1,10,2,2,2,6,12
GENE-12872,NO,1,0,0,0,0,0,0
GENE-12873,NO,1,69,66,73,62,46,60
GENE-12874,NO,1,0,0,0,0,0,0
GENE-12875,NO,1,0,0,0,0,0,0
GENE-12876,NO,1,0,0,0,0,0,0
GENE-12877,NO,1,0,0,0,0,0,0
GENE-12878,NO,1,297,565,361,400,507,424
GENE-12879,NO,1,11,2,4,8,6,6
GENE-12880,NO,1,0,0,0,0,0,0
GENE-12881,NO,1,0,0,0,0,0,0
GENE-12882,NO,1,22,23,10,26,15,19
GENE-12883,NO,1,0,0,0,0,0,0
GENE-12884,NO,1,0,0,0,0,0,0
GENE-12885,NO,1,0,0,0,0,0,0
GENE-12886,NO,1,0,0,0,0,0,0
GENE-12887,NO,1,0,0,0,0,0,0
GENE-12888,NO,1,0,0,0,0,0,0
GENE-12889,NO,1,0,0,0,0,0,0
GENE-12890,NO,1,1079,791,997,824,966,1060
GENE-12891,NO,1,0,0,0,0,0,0
GENE-12892,NO,1,0,0,0,0,0,0
GENE-12893,NO,1,411,306,285,340,308,428
GENE-12894,NO,1,0,0,0,0,0,0
GENE-12895,YES,1,0,1,0,1,0,1
GENE-12896,NO,1,0,0,0,0,0,0
GENE-12897,NO,1,0,0,0,0,0,0
GENE-12898,NO,1,342,278,276,282,431,275
GENE-12899,NO,1,0,0,0,0,0,0
GENE-12900,NO,1,0,0,0,0,0,0
GENE-12901,NO,1,153,125,131,114,153,241
GENE-12902,NO,1,0,0,0,0,0,0
GENE-12903,NO,1,1,1,2,4,1,0
GENE-12904,NO,1,0,0,0,0,0,0
GENE-12905,NO,1,0,0,0,0,0,0
GENE-12906,NO,1,0,0,0,0,0,0
GENE-12907,NO,1,0,0,0,0,0,0
GENE-12908,NO,1,0,0,0,0,0,0
GENE-12909,NO,1,0,0,0,0,0,0
GENE-12910,NO,1,0,0,0,0,0,0
GENE-12911,NO,1,0,0,0,0,0,0
GENE-12912,NO,1,0,0,0,0,0,0
GENE-12913,NO,1,15,11,5,10,18,14
GENE-12914,NO,1,0,0,0,0,0,0
GENE-12915,NO,1,42,25,21,29,31,14
GENE-12916,NO,1,0,0,0,0,0,0
GENE-12917,NO,1,0,0,0,0,0,0
GENE-12918,NO,1,1,1,0,0,1,0
GENE-12919,NO,1,1,4,1,1,3,1
GENE-12920,NO,1,0,0,0,0,0,0
GENE-12921,NO,1,0,0,0,0,0,0
GENE-12922,NO,1,56,36,50,40,56,54
GENE-12923,NO,1,3,4,6,10,4,4
GENE-12924,NO,1,0,0,0,0,0,0
GENE-12925,NO,1,0,0,0,0,0,0
GENE-12926,NO,1,809,953,965,975,970,1097
GENE-12927,NO,1,85,103,95,115,118,87
GENE-12928,NO,1,0,0,0,0,0,0
GENE-12929,NO,1,0,0,0,0,0,0
GENE-12930,NO,1,0,0,0,0,0,0
GENE-12931,NO,1,0,0,0,0,0,0
GENE-12932,NO,1,0,0,0,0,0,0
GENE-12933,NO,1,0,0,0,0,0,0
GENE-12934,NO,1,0,0,0,0,0,0
GENE-12935,NO,1,1,0,0,0,0,0
GENE-12936,NO,1,0,0,0,0,0,0
GENE-12937,NO,1,1472,1318,2132,2110,1306,1352
GENE-12938,NO,1,0,0,0,0,0,0
GENE-12939,NO,1,116,110,126,97,114,113
GENE-12940,NO,1,0,1,1,0,0,1
GENE-12941,NO,1,0,0,0,0,0,0
GENE-12942,NO,1,0,0,0,0,0,0
GENE-12943,NO,1,0,0,0,0,0,0
GENE-12944,NO,1,0,0,2,0,0,0
GENE-12945,NO,1,29,28,49,26,38,39
GENE-12946,NO,1,0,0,0,0,0,0
GENE-12947,NO,1,22,31,23,26,32,17
GENE-12948,YES,1,5,2,3,4,2,0
GENE-12949,NO,1,0,0,0,0,0,0
GENE-12950,NO,1,0,0,0,0,0,0
GENE-12951,NO,1,0,0,0,0,0,0
GENE-12952,NO,1,0,0,0,0,0,0
GENE-12953,NO,1,362,403,402,427,416,507
GENE-12954,NO,1,0,0,0,0,0,0
GENE-12955,NO,1,0,0,0,0,0,0
GENE-12956,NO,1,0,0,0,0,0,0
GENE-12957,NO,1,0,0,0,0,0,0
GENE-12958,NO,1,0,0,0,0,0,0
GENE-12959,NO,1,0,0,0,0,0,0
GENE-12960,NO,1,0,0,0,0,0,0
GENE-12961,NO,1,0,0,0,0,0,0
GENE-12962,NO,1,4,8,9,10,10,23
GENE-12963,NO,1,107,146,111,109,114,124
GENE-12964,NO,1,0,0,0,0,0,0
GENE-12965,NO,1,0,0,0,0,0,0
GENE-12966,NO,1,0,0,0,0,0,0
GENE-12967,NO,1,0,0,0,0,0,0
GENE-12968,NO,1,0,0,0,0,0,0
GENE-12969,NO,1,2,1,1,5,3,4
GENE-12970,NO,1,0,0,0,0,0,0
GENE-12971,NO,1,1,0,0,2,2,1
GENE-12972,NO,1,0,0,0,0,0,0
GENE-12973,NO,1,0,1,0,0,0,0
GENE-12974,NO,1,0,0,0,0,0,0
GENE-12975,NO,1,0,0,0,0,0,0
GENE-12976,NO,1,0,0,0,0,0,0
GENE-12977,YES,1,12,6,8,1,2,5
GENE-12978,NO,1,0,0,0,0,0,0
GENE-12979,NO,1,0,0,0,0,0,0
GENE-12980,NO,1,0,0,0,0,0,0
GENE-12981,NO,1,0,6,4,3,5,6
GENE-12982,NO,1,411,418,453,462,426,405
GENE-12983,YES,1,0,0,0,0,0,0
GENE-12984,NO,1,0,0,0,0,0,0
GENE-12985,NO,1,1,0,0,0,0,0
GENE-12986,NO,1,0,0,0,0,0,0
GENE-12987,NO,1,0,0,0,0,0,0
GENE-12988,NO,1,246,213,255,235,231,217
GENE-12989,NO,1,70,68,99,81,55,71
GENE-12990,NO,1,21,15,22,7,19,15
GENE-12991,NO,1,6,7,8,9,2,9
GENE-12992,NO,1,27,37,37,32,17,30
GENE-12993,NO,1,0,0,0,0,0,0
GENE-12994,YES,1,0,0,0,0,0,0
GENE-12995,NO,1,0,0,0,0,0,0
GENE-12996,NO,1,0,0,0,0,0,0
GENE-12997,NO,1,0,0,0,0,0,0
GENE-12998,NO,1,0,0,0,0,0,0
GENE-12999,NO,1,0,0,0,0,0,0
GENE-13000,NO,1,70,78,69,67,71,79
GENE-13001,NO,1,0,0,0,0,0,0
GENE-13002,NO,1,0,0,0,0,0,0
GENE-13003,NO,1,0,0,0,0,0,0
GENE-13004,NO,1,0,0,0,0,0,0
GENE-13005,NO,1,0,0,0,0,0,0
GENE-13006,NO,1,0,0,0,0,0,0
GENE-13007,NO,1,0,0,0,0,0,0
GENE-13008,NO,1,5,6,3,6,7,3
GENE-13009,YES,1,0,0,0,0,0,0
GENE-13010,NO,1,11,7,0,4,6,6
GENE-13011,NO,1,85,108,112,82,103,70
GENE-13012,NO,1,0,0,0,0,0,0
GENE-13013,NO,1,810,1255,1140,1076,950,1075
GENE-13014,NO,1,0,0,0,0,0,0
GENE-13015,NO,1,0,0,0,0,0,0
GENE-13016,NO,1,41,20,57,17,19,25
GENE-13017,NO,1,0,0,0,0,0,0
GENE-13018,YES,1,0,0,0,0,0,0
GENE-13019,NO,1,0,0,0,0,0,0
GENE-13020,NO,1,0,0,0,0,0,0
GENE-13021,NO,1,145,157,124,108,104,97
GENE-13022,NO,1,0,0,0,0,0,0
GENE-13023,NO,1,0,0,0,0,0,0
GENE-13024,NO,1,1,2,1,1,1,3
GENE-13025,NO,1,0,0,0,0,0,0
GENE-13026,NO,1,134,124,141,113,148,124
GENE-13027,NO,1,127,149,90,132,112,137
GENE-13028,NO,1,0,0,0,0,0,0
GENE-13029,NO,1,312,294,447,377,351,441
GENE-13030,NO,1,0,0,0,0,0,0
GENE-13031,NO,1,0,0,0,0,0,0
GENE-13032,NO,1,2,17,31,32,12,18
GENE-13033,NO,1,0,0,0,0,0,0
GENE-13034,NO,1,0,0,0,0,0,0
GENE-13035,NO,1,735,608,535,932,830,736
GENE-13036,NO,1,0,0,0,0,0,0
GENE-13037,NO,1,187,242,205,244,331,256
GENE-13038,NO,1,0,0,0,0,0,0
GENE-13039,NO,1,14,15,38,24,30,36
GENE-13040,NO,1,422,240,387,330,188,353
GENE-13041,NO,1,0,0,0,0,0,0
GENE-13042,NO,1,4,2,3,2,5,3
GENE-13043,NO,1,1,2,0,2,0,0
GENE-13044,NO,1,2,2,6,5,7,3
GENE-13045,NO,1,0,0,0,0,0,0
GENE-13046,NO,1,1,0,0,2,0,2
GENE-13047,NO,1,1,2,4,0,1,0
GENE-13048,NO,1,57,81,64,89,62,111
GENE-13049,NO,1,2,4,4,3,7,8
GENE-13050,NO,1,0,0,0,0,0,0
GENE-13051,NO,1,1109,1319,1019,1998,1438,1454
GENE-13052,NO,1,26,24,41,18,29,27
GENE-13053,YES,1,0,0,0,0,0,0
GENE-13054,NO,1,0,0,0,0,0,0
GENE-13055,NO,1,2675,1697,1714,2499,2739,1948
GENE-13056,YES,1,0,0,0,0,0,0
GENE-13057,NO,1,0,0,0,0,0,0
GENE-13058,NO,1,0,3,2,2,0,2
GENE-13059,NO,1,0,0,0,0,0,0
GENE-13060,NO,1,35,57,65,65,59,77
GENE-13061,NO,1,497,370,425,395,487,363
GENE-13062,NO,1,0,0,0,0,0,0
GENE-13063,NO,1,0,0,0,0,0,0
GENE-13064,NO,1,0,0,0,0,0,0
GENE-13065,NO,1,0,0,0,0,0,0
GENE-13066,YES,1,0,0,0,0,0,0
GENE-13067,NO,1,0,0,0,0,0,0
GENE-13068,NO,1,5,1,2,1,0,0
GENE-13069,NO,1,1,0,1,1,0,0
GENE-13070,NO,1,21,20,24,24,31,22
GENE-13071,NO,1,0,0,0,0,0,0
GENE-13072,NO,1,0,0,0,0,0,0
GENE-13073,NO,1,0,0,0,0,0,0
GENE-13074,NO,1,0,0,0,0,0,0
GENE-13075,NO,1,0,0,0,0,0,0
GENE-13076,NO,1,10,10,2,7,9,7
GENE-13077,NO,1,0,0,0,0,0,0
GENE-13078,NO,1,0,0,0,0,0,0
GENE-13079,NO,1,0,0,0,0,0,0
GENE-13080,NO,1,9,12,11,10,12,5
GENE-13081,NO,1,0,0,0,0,0,0
GENE-13082,NO,1,27,18,25,24,30,22
GENE-13083,NO,1,0,0,0,0,0,0
GENE-13084,NO,1,0,0,0,0,0,0
GENE-13085,NO,1,0,0,0,0,0,0
GENE-13086,YES,1,0,0,0,0,0,0
GENE-13087,NO,1,2,8,9,12,4,5
GENE-13088,NO,1,0,0,0,0,0,0
GENE-13089,NO,1,0,0,0,0,0,0
GENE-13090,NO,1,146,135,160,177,166,152
GENE-13091,NO,1,6227,5391,5879,6475,6143,6191
GENE-13092,NO,1,1,2,0,0,1,0
GENE-13093,NO,1,0,0,0,0,0,0
GENE-13094,NO,1,0,0,0,0,0,0
GENE-13095,NO,1,0,0,0,0,0,0
GENE-13096,NO,1,21,18,18,14,16,6
GENE-13097,NO,1,0,0,0,0,0,0
GENE-13098,NO,1,0,0,0,0,0,0
GENE-13099,NO,1,0,0,0,0,0,0
GENE-13100,NO,1,0,1,0,2,0,2
GENE-13101,NO,1,0,0,0,0,0,0
GENE-13102,NO,1,11,3,6,9,7,4
GENE-13103,NO,1,0,0,0,0,0,0
GENE-13104,NO,1,0,0,0,0,0,0
GENE-13105,NO,1,0,0,0,0,0,0
GENE-13106,NO,1,0,0,0,0,0,0
GENE-13107,NO,1,169,146,159,187,190,148
GENE-13108,NO,1,3,3,4,1,2,5
GENE-13109,NO,1,0,3,2,2,5,2
GENE-13110,NO,1,0,0,0,0,0,0
GENE-13112,YES,1,0,0,0,0,0,0
GENE-13113,NO,1,0,0,0,0,0,0
GENE-13114,NO,1,0,0,0,0,0,0
GENE-13115,NO,1,0,0,0,0,0,0
GENE-13116,NO,1,0,3,5,2,2,5
GENE-13117,NO,1,327,334,249,280,320,308
GENE-13118,NO,1,0,1,2,0,0,0
GENE-13119,NO,1,0,0,0,0,0,0
GENE-13120,NO,1,0,0,0,0,0,0
GENE-13121,NO,1,198,239,199,327,218,366
GENE-13122,YES,1,0,0,0,0,0,0
GENE-13123,NO,1,0,0,0,0,0,0
GENE-13124,NO,1,0,0,0,0,0,0
GENE-13125,NO,1,0,0,0,0,0,0
GENE-13126,NO,1,0,0,0,0,0,0
GENE-13127,NO,1,0,0,0,0,0,0
GENE-13128,NO,1,0,0,0,0,0,0
GENE-13129,NO,1,0,0,0,0,0,0
GENE-13130,YES,1,1,3,3,9,13,3
GENE-13131,NO,1,1,2,5,5,4,2
GENE-13132,NO,1,507,494,424,585,537,597
GENE-13133,NO,1,0,0,0,0,0,0
GENE-13134,NO,1,0,0,0,0,0,0
GENE-13135,NO,1,0,0,0,0,0,0
GENE-13136,NO,1,0,0,0,0,0,0
GENE-13137,NO,1,22,20,11,6,22,18
GENE-13138,NO,1,128,142,135,97,138,104
GENE-13139,NO,1,0,0,0,0,0,0
GENE-13140,NO,1,0,0,0,0,0,0
GENE-13141,NO,1,4,5,2,5,6,2
GENE-13142,NO,1,1,0,1,2,0,0
GENE-13143,NO,1,0,0,0,0,0,0
GENE-13144,NO,1,0,0,0,0,0,0
GENE-13145,NO,1,3,3,2,3,8,2
GENE-13146,NO,1,10,4,6,10,7,9
GENE-13147,NO,1,1,1,1,0,0,0
GENE-13148,NO,1,0,0,0,0,0,0
GENE-13149,NO,1,0,0,1,0,0,0
GENE-13150,NO,1,0,0,0,0,0,0
GENE-13151,NO,1,0,0,0,0,0,0
GENE-13152,NO,1,357,257,404,317,443,337
GENE-13153,NO,1,0,0,0,0,0,0
GENE-13154,NO,1,0,0,0,0,0,0
GENE-13155,NO,1,81,85,83,91,74,77
GENE-13156,NO,1,0,0,0,0,0,0
GENE-13157,NO,1,6,4,2,3,8,8
GENE-13158,NO,1,0,0,0,0,0,0
GENE-13159,NO,1,2,6,6,4,8,12
GENE-13160,NO,1,42,58,61,47,49,43
GENE-13161,NO,1,0,0,0,0,0,0
GENE-13162,NO,1,0,0,0,0,0,0
GENE-13163,NO,1,0,0,0,0,0,0
GENE-13164,NO,1,5,7,4,4,8,4
GENE-13165,NO,1,0,0,1,0,1,1
GENE-13166,NO,1,0,0,0,0,0,0
GENE-13167,NO,1,37,30,43,33,47,41
GENE-13168,NO,1,0,0,0,0,0,0
GENE-13169,NO,1,582,710,643,776,725,757
GENE-13170,NO,1,0,0,0,0,0,0
GENE-13171,NO,1,0,0,0,0,0,0
GENE-13172,NO,1,0,0,0,0,0,0
GENE-13173,NO,1,51,37,52,45,46,39
GENE-13174,NO,1,0,0,0,0,0,0
GENE-13175,NO,1,205,315,216,268,231,231
GENE-13176,NO,1,24,32,22,20,15,23
GENE-13177,NO,1,0,0,0,0,0,0
GENE-13178,NO,1,0,0,0,0,0,0
GENE-13179,NO,1,0,0,0,0,0,0
GENE-13180,NO,1,0,0,0,0,0,0
GENE-13181,NO,1,0,0,0,0,0,0
GENE-13182,NO,1,0,0,0,0,0,0
GENE-13183,NO,1,0,0,0,0,0,0
GENE-13184,NO,1,0,0,0,0,0,0
GENE-13185,NO,1,1,1,3,2,5,2
GENE-13186,NO,1,0,0,1,0,1,0
GENE-13187,NO,1,70,52,47,49,46,46
GENE-13188,NO,1,0,0,0,0,0,0
GENE-13189,NO,1,0,0,0,0,0,0
GENE-13190,NO,1,45,45,55,48,40,48
GENE-13191,NO,1,0,0,0,0,0,0
GENE-13192,NO,1,0,0,0,0,0,0
GENE-13193,NO,1,0,0,0,0,0,0
GENE-13194,NO,1,0,0,0,0,0,0
GENE-13195,NO,1,0,0,0,0,0,0
GENE-13196,NO,1,0,0,0,0,0,0
GENE-13197,NO,1,0,0,0,0,0,0
GENE-13198,NO,1,1,0,1,0,1,0
GENE-13199,NO,1,0,0,0,0,0,0
GENE-13200,NO,1,0,0,0,0,0,0
GENE-13201,YES,1,0,0,0,0,0,0
GENE-13202,NO,1,0,0,0,0,0,0
GENE-13203,NO,1,0,0,0,0,0,0
GENE-13204,NO,1,0,0,0,0,0,0
GENE-13205,NO,1,0,0,0,0,0,0
GENE-13206,NO,1,6,7,5,6,4,6
GENE-13207,NO,1,977,1077,533,743,720,802
GENE-13208,NO,1,409,339,424,346,259,301
GENE-13210,YES,1,0,0,0,0,0,0
GENE-13211,NO,1,52,84,45,81,115,53
GENE-13212,NO,1,0,0,0,0,0,0
GENE-13213,NO,1,179,192,185,222,187,174
GENE-13214,NO,1,0,0,0,0,0,0
GENE-13215,NO,1,114,140,109,118,121,125
GENE-13216,NO,1,5,2,5,5,6,11
GENE-13217,NO,1,0,0,0,0,0,0
GENE-13218,NO,1,0,0,0,0,0,0
GENE-13219,NO,1,0,0,0,1,0,1
GENE-13220,NO,1,0,0,0,0,0,0
GENE-13221,NO,1,0,0,0,0,0,0
GENE-13222,NO,1,0,0,0,0,0,0
GENE-13223,YES,1,0,0,0,0,0,0
GENE-13224,NO,1,0,0,0,0,0,0
GENE-13225,NO,1,0,0,0,0,0,0
GENE-13226,NO,1,0,0,0,0,0,0
GENE-13227,NO,1,0,1,0,0,0,0
GENE-13228,NO,1,1,0,0,1,1,0
GENE-13229,NO,1,0,0,0,0,0,0
GENE-13230,NO,1,0,0,0,0,0,0
GENE-13231,NO,1,556,903,435,690,736,530
GENE-13232,NO,1,0,0,0,0,0,0
GENE-13233,NO,1,0,0,0,0,0,0
GENE-13234,NO,1,0,0,0,0,0,0
GENE-13235,NO,1,1,2,2,0,1,5
GENE-13236,NO,1,0,0,0,0,0,0
GENE-13237,NO,1,7,12,8,7,8,6
GENE-13238,NO,1,54,53,120,154,38,117
GENE-13239,NO,1,0,0,0,0,0,0
GENE-13240,NO,1,0,0,0,0,0,0
GENE-13241,NO,1,0,0,0,0,0,0
GENE-13242,NO,1,0,0,0,0,0,0
GENE-13243,NO,1,0,0,0,0,0,0
GENE-13244,NO,1,0,0,0,0,0,0
GENE-13245,YES,1,0,0,0,0,0,0
GENE-13246,NO,1,50,73,58,70,80,63
GENE-13247,NO,1,0,0,2,0,0,2
GENE-13248,NO,1,0,0,0,0,0,0
GENE-13249,NO,1,3,1,3,1,2,4
GENE-13250,NO,1,0,0,0,0,0,0
GENE-13251,NO,1,0,0,0,0,0,0
GENE-13252,NO,1,0,0,0,0,0,0
GENE-13253,NO,1,0,0,0,0,0,0
GENE-13254,NO,1,35,29,28,25,24,32
GENE-13255,NO,1,0,0,0,0,0,0
GENE-13256,NO,1,584,625,386,437,642,1251
GENE-13257,YES,1,1,2,2,0,4,3
GENE-13258,NO,1,217,207,233,195,258,222
GENE-13259,NO,1,0,0,0,0,0,0
GENE-13260,NO,1,0,0,0,0,0,0
GENE-13261,NO,1,0,0,0,0,0,0
GENE-13262,YES,1,0,0,0,0,0,0
GENE-13263,NO,1,0,0,0,0,0,0
GENE-13264,NO,1,1191,1663,1489,1630,1250,976
GENE-13265,NO,1,0,0,0,0,0,0
GENE-13266,NO,1,2221,2524,2516,2331,2249,2996
GENE-13267,NO,1,0,0,0,0,0,0
GENE-13268,NO,1,1,0,1,1,4,0
GENE-13269,NO,1,0,0,0,0,0,0
GENE-13270,NO,1,0,0,0,0,0,0
GENE-13271,NO,1,104,195,195,60,213,242
GENE-13272,NO,1,4,2,5,3,1,4
GENE-13273,NO,1,3,4,6,2,5,3
GENE-13274,NO,1,0,0,0,0,0,0
GENE-13275,NO,1,0,0,0,0,0,0
GENE-13276,NO,1,0,0,0,0,0,0
GENE-13277,NO,1,0,0,0,0,0,0
GENE-13278,NO,1,0,0,0,0,0,0
GENE-13279,NO,1,0,0,0,0,0,0
GENE-13280,NO,1,0,0,0,0,0,0
GENE-13281,NO,1,0,0,0,0,0,0
GENE-13282,NO,1,0,0,0,0,0,0
GENE-13283,NO,1,0,0,0,0,0,0
GENE-13284,NO,1,11,12,13,10,16,15
GENE-13285,NO,1,204,239,239,254,270,249
GENE-13286,NO,1,0,0,0,0,0,0
GENE-13287,NO,1,0,0,0,2,1,2
GENE-13288,NO,1,14,20,9,5,8,3
GENE-13289,NO,1,5,6,3,11,2,7
GENE-13290,NO,1,0,0,0,0,0,0
GENE-13291,NO,1,0,0,0,0,0,0
GENE-13292,NO,1,0,4,2,1,5,6
GENE-13293,NO,1,0,0,0,0,0,0
GENE-13294,NO,1,0,0,0,0,0,0
GENE-13295,NO,1,0,0,0,0,0,0
GENE-13296,NO,1,47,78,74,92,79,46
GENE-13297,NO,1,0,0,0,0,0,0
GENE-13298,NO,1,0,0,0,0,0,0
GENE-13299,NO,1,110,215,198,84,59,33
GENE-13300,NO,1,0,0,0,0,0,0
GENE-13301,NO,1,0,0,0,0,0,0
GENE-13302,NO,1,0,0,0,0,0,0
GENE-13303,NO,1,0,0,0,0,0,0
GENE-13304,NO,1,0,0,0,0,0,0
GENE-13305,NO,1,0,0,0,0,0,0
GENE-13306,NO,1,435,428,461,540,501,485
GENE-13307,NO,1,0,0,0,0,0,0
GENE-13308,NO,1,245,209,228,234,234,246
GENE-13309,NO,1,0,0,0,1,0,1
GENE-13310,YES,1,0,0,0,0,0,0
GENE-13311,NO,1,0,0,0,0,0,0
GENE-13312,NO,1,1,2,2,3,4,3
GENE-13313,NO,1,0,0,0,0,0,0
GENE-13314,NO,1,0,0,0,0,0,0
GENE-13315,NO,1,0,0,0,0,0,0
GENE-13316,NO,1,0,0,0,0,0,0
GENE-13317,NO,1,0,1,1,0,0,1
GENE-13318,NO,1,0,0,0,0,0,0
GENE-13319,NO,1,1,0,0,0,0,0
GENE-13320,NO,1,0,0,0,0,0,0
GENE-13321,NO,1,29,55,31,42,15,42
GENE-13322,NO,1,0,0,0,0,1,1
GENE-13323,NO,1,0,0,0,0,0,0
GENE-13324,NO,1,0,0,0,0,0,0
GENE-13325,NO,1,2,8,3,3,7,3
GENE-13326,NO,1,0,0,0,0,0,0
GENE-13327,NO,1,0,0,0,0,0,0
GENE-13328,NO,1,0,0,0,0,0,0
GENE-13329,YES,1,0,0,0,0,0,0
GENE-13330,NO,1,10153,9589,11153,11129,9884,10556
GENE-13331,NO,1,1073,1391,943,1224,949,1175
GENE-13332,NO,1,0,0,0,0,0,0
GENE-13334,NO,1,135,189,201,165,204,70
GENE-13335,NO,1,0,0,0,0,0,0
GENE-13336,NO,1,0,0,0,0,0,0
GENE-13337,NO,1,0,0,0,0,0,0
GENE-13338,NO,1,411,148,130,216,363,220
GENE-13339,NO,1,0,0,0,0,0,0
GENE-13340,NO,1,0,0,0,0,0,0
GENE-13341,NO,1,0,0,0,0,0,0
GENE-13342,YES,1,0,0,0,0,0,0
GENE-13343,NO,1,0,0,0,0,0,0
GENE-13344,NO,1,0,0,0,0,0,0
GENE-13345,NO,1,4,8,11,8,16,9
GENE-13346,NO,1,0,0,0,0,0,0
GENE-13347,NO,1,165,130,139,158,138,130
GENE-13348,NO,1,0,0,0,0,0,0
GENE-13349,NO,1,46,38,38,47,37,42
GENE-13350,NO,1,0,1,0,0,0,1
GENE-13351,NO,1,0,1,0,0,1,0
GENE-13352,NO,1,167,120,190,310,173,224
GENE-13353,NO,1,0,0,0,0,0,0
GENE-13354,NO,1,468,493,478,495,491,484
GENE-13355,NO,1,0,0,0,0,0,0
GENE-13356,NO,1,0,0,0,0,0,0
GENE-13357,NO,1,0,0,0,0,0,0
GENE-13358,NO,1,0,0,0,0,0,0
GENE-13359,NO,1,0,0,0,0,0,0
GENE-13360,NO,1,9228,7714,10537,5794,8506,11517
GENE-13361,NO,1,0,0,0,0,0,0
GENE-13362,NO,1,0,1,0,0,0,0
GENE-13363,NO,1,0,0,0,0,0,0
GENE-13364,NO,1,0,0,0,0,0,0
GENE-13365,NO,1,2,0,0,0,0,0
GENE-13366,NO,1,0,0,0,0,0,0
GENE-13367,NO,1,0,0,0,0,0,0
GENE-13368,NO,1,320,313,341,344,257,292
GENE-13369,NO,1,0,0,0,0,0,0
GENE-13370,NO,1,0,0,0,0,0,0
GENE-13371,NO,1,157,161,139,132,150,151
GENE-13372,NO,1,0,0,0,0,0,0
GENE-13373,NO,1,0,0,0,0,0,0
GENE-13374,NO,1,0,0,0,0,0,0
GENE-13375,NO,1,0,0,0,0,0,0
GENE-13376,NO,1,0,1,1,0,0,0
GENE-13377,NO,1,43,43,45,47,44,48
GENE-13379,NO,1,0,0,0,0,0,0
GENE-13380,NO,1,0,0,0,0,0,0
GENE-13381,NO,1,0,0,0,0,0,0
GENE-13382,NO,1,25,27,16,19,15,27
GENE-13383,YES,1,0,0,0,0,0,0
GENE-13384,NO,1,0,0,0,0,0,0
GENE-13385,NO,1,0,17,5,25,2,0
GENE-13386,NO,1,0,0,0,0,0,0
GENE-13387,NO,1,0,3,2,2,1,3
GENE-13388,NO,1,0,0,0,0,0,0
GENE-13389,NO,1,0,0,0,0,0,0
GENE-13390,NO,1,22,18,16,25,15,25
GENE-13391,NO,1,0,0,0,0,0,0
GENE-13392,NO,1,195,206,150,188,218,202
GENE-13393,NO,1,0,0,0,0,0,0
GENE-13394,NO,1,8,5,7,10,10,4
GENE-13395,NO,1,0,0,0,0,0,0
GENE-13396,NO,1,0,0,0,0,0,0
GENE-13397,NO,1,0,0,0,0,0,0
GENE-13398,NO,1,0,0,0,0,0,0
GENE-13399,NO,1,0,0,0,0,0,0
GENE-13400,NO,1,1,3,0,2,1,1
GENE-13401,NO,1,133,107,147,212,125,134
GENE-13402,NO,1,0,0,0,0,0,0
GENE-13403,NO,1,147,66,0,0,31,1
GENE-13404,NO,1,0,0,0,0,0,0
GENE-13405,NO,1,2501,2929,2839,2657,3052,2933
GENE-13406,NO,1,4,5,0,6,6,0
GENE-13407,NO,1,0,0,0,0,0,0
GENE-13408,NO,1,0,0,0,0,0,0
GENE-13409,NO,1,1,1,1,2,1,0
GENE-13410,NO,1,59,54,29,55,42,48
GENE-13411,NO,1,0,0,0,0,0,0
GENE-13412,NO,1,0,0,0,0,0,0
GENE-13413,NO,1,0,0,0,0,0,0
GENE-13414,YES,1,0,0,0,0,0,0
GENE-13415,YES,1,0,0,0,0,0,0
GENE-13416,NO,1,0,0,0,0,0,0
GENE-13417,NO,1,0,0,0,0,0,0
GENE-13418,NO,1,107,119,174,115,112,131
GENE-13419,NO,1,76,72,74,36,62,45
GENE-13420,NO,1,0,0,0,0,0,0
GENE-13421,YES,1,0,0,0,0,0,0
GENE-13422,NO,1,0,0,0,0,0,0
GENE-13423,NO,1,0,0,0,0,0,1
GENE-13424,NO,1,0,0,3,1,4,0
GENE-13425,NO,1,0,0,0,0,0,0
GENE-13426,NO,1,0,0,0,0,0,0
GENE-13427,NO,1,0,0,0,0,0,0
GENE-13428,NO,1,27,39,40,32,31,27
GENE-13429,NO,1,0,0,0,0,0,0
GENE-13430,YES,1,0,0,0,0,0,0
GENE-13431,NO,1,0,0,0,0,0,0
GENE-13432,NO,1,208,258,264,311,466,254
GENE-13433,YES,1,0,0,0,0,0,0
GENE-13434,NO,1,3,0,2,0,7,0
GENE-13435,NO,1,0,0,0,0,0,0
GENE-13436,YES,1,0,0,0,0,0,0
GENE-13437,NO,1,0,0,0,0,0,0
GENE-13438,NO,1,0,0,0,0,0,0
GENE-13439,NO,1,0,0,0,0,0,0
GENE-13440,NO,1,0,0,0,0,0,0
GENE-13441,NO,1,0,1,0,0,0,0
GENE-13442,NO,1,0,0,0,0,0,0
GENE-13443,NO,1,0,0,0,0,0,0
GENE-13444,NO,1,310,245,197,384,316,434
GENE-13445,NO,1,2227,888,1379,1160,1454,1709
GENE-13446,NO,1,0,0,0,0,0,0
GENE-13447,NO,1,0,0,0,0,0,0
GENE-13448,NO,1,0,0,0,0,0,0
GENE-13449,NO,1,0,0,0,0,0,0
GENE-13450,NO,1,0,0,0,0,0,0
GENE-13451,YES,1,0,1,0,11,1,1
GENE-13452,NO,1,0,0,0,0,0,0
GENE-13453,NO,1,0,0,0,0,0,0
GENE-13454,NO,1,0,0,0,0,0,0
GENE-13455,NO,1,0,0,0,0,0,0
GENE-13456,NO,1,0,0,0,0,0,0
GENE-13457,NO,1,0,0,0,0,0,0
GENE-13458,NO,1,0,0,0,0,0,0
GENE-13459,NO,1,0,0,0,0,0,0
GENE-13460,NO,1,1,2,1,1,0,0
GENE-13461,NO,1,0,0,0,0,0,0
GENE-13462,NO,1,0,0,0,0,0,0
GENE-13463,NO,1,0,0,0,0,0,0
GENE-13464,NO,1,32,24,14,5,18,12
GENE-13465,NO,1,0,0,0,0,0,0
GENE-13466,NO,1,117,158,132,178,159,257
GENE-13467,YES,1,0,0,0,0,0,0
GENE-13468,NO,1,16,23,20,24,23,18
GENE-13469,NO,1,0,1,1,0,0,0
GENE-13470,NO,1,0,0,0,0,0,0
GENE-13471,NO,1,0,0,0,0,0,0
GENE-13472,NO,1,0,0,0,0,0,0
GENE-13473,NO,1,0,0,0,0,0,0
GENE-13474,NO,1,1,0,1,2,1,1
GENE-13475,NO,1,0,0,0,0,0,0
GENE-13476,NO,1,0,0,0,1,1,0
GENE-13477,NO,1,0,0,0,0,0,0
GENE-13478,NO,1,64,51,66,44,44,52
GENE-13479,NO,1,574,705,594,410,456,654
GENE-13480,NO,1,0,0,0,0,0,0
GENE-13481,NO,1,0,0,0,0,0,0
GENE-13482,NO,1,0,0,0,0,0,0
GENE-13483,NO,1,0,0,0,0,0,0
GENE-13484,NO,1,0,0,0,0,0,0
GENE-13485,NO,1,355,402,279,348,391,457
GENE-13486,NO,1,11,7,14,23,15,5
GENE-13487,NO,1,1,0,0,0,0,0
GENE-13488,NO,1,0,0,0,0,0,0
GENE-13489,NO,1,11,10,12,13,7,17
GENE-13490,NO,1,0,0,0,0,0,0
GENE-13491,NO,1,0,0,0,0,0,0
GENE-13492,NO,1,145,119,99,117,100,110
GENE-13493,NO,1,0,0,0,0,0,0
GENE-13494,NO,1,1,0,0,0,0,0
GENE-13495,NO,1,0,0,0,0,0,0
GENE-13496,NO,1,0,0,0,0,0,0
GENE-13497,NO,1,0,0,0,0,0,0
GENE-13498,NO,1,98,78,213,123,226,177
GENE-13499,NO,1,496,355,525,760,384,904
GENE-13500,NO,1,207,136,181,190,252,249
GENE-13501,NO,1,0,0,0,0,0,0
GENE-13502,NO,1,0,0,0,0,0,0
GENE-13503,NO,1,4,2,0,1,0,1
GENE-13505,NO,1,0,0,0,0,0,0
GENE-13506,NO,1,181,150,175,156,121,141
GENE-13507,NO,1,3,1,6,5,4,2
GENE-13508,NO,1,0,0,0,0,0,0
GENE-13509,NO,1,0,0,0,0,0,0
GENE-13510,YES,1,0,0,0,0,0,0
GENE-13511,NO,1,42,42,50,28,49,51
GENE-13512,NO,1,0,0,0,0,0,0
GENE-13513,NO,1,0,0,0,0,0,0
GENE-13514,NO,1,356,329,340,399,321,454
GENE-13515,NO,1,1,0,1,2,1,3
GENE-13516,NO,1,0,0,0,0,0,0
GENE-13517,NO,1,0,0,0,0,0,0
GENE-13518,NO,1,58,79,62,57,74,69
GENE-13519,NO,1,0,0,0,0,0,0
GENE-13520,NO,1,0,0,0,0,0,0
GENE-13521,NO,1,0,0,0,0,0,0
GENE-13522,YES,1,0,0,0,0,0,0
GENE-13523,NO,1,0,0,0,0,0,0
GENE-13524,NO,1,0,0,2,0,2,0
GENE-13525,NO,1,0,0,0,0,0,0
GENE-13526,YES,1,0,0,0,0,0,0
GENE-13527,NO,1,0,0,0,0,0,0
GENE-13528,NO,1,0,0,0,0,0,0
GENE-13529,NO,1,0,0,0,0,0,0
GENE-13530,YES,1,0,0,0,0,0,0
GENE-13531,NO,1,147,173,58,162,116,198
GENE-13532,NO,1,244,223,240,270,201,224
GENE-13533,NO,1,0,0,0,0,0,0
GENE-13534,NO,1,97,77,110,101,77,90
GENE-13535,NO,1,0,0,0,0,0,0
GENE-13536,NO,1,0,0,0,0,0,0
GENE-13537,NO,1,0,0,0,0,0,0
GENE-13538,NO,1,827,884,822,827,548,816
GENE-13539,NO,1,43,49,24,37,34,36
GENE-13540,NO,1,0,0,0,0,0,0
GENE-13541,NO,1,0,0,0,0,0,0
GENE-13542,NO,1,0,0,0,0,0,0
GENE-13543,NO,1,0,0,0,0,0,0
GENE-13544,NO,1,0,0,0,0,0,0
GENE-13545,NO,1,0,0,0,0,0,0
GENE-13546,NO,1,0,0,0,0,0,0
GENE-13547,NO,1,1,0,0,0,0,1
GENE-13548,NO,1,0,0,0,0,0,0
GENE-13549,NO,1,0,0,0,0,0,0
GENE-13550,NO,1,3,8,8,2,3,3
GENE-13551,NO,1,0,0,0,0,0,0
GENE-13552,NO,1,0,0,0,0,0,0
GENE-13553,NO,1,0,0,0,0,0,0
GENE-13554,NO,1,3,2,3,3,2,2
GENE-13555,YES,1,0,0,0,0,0,0
GENE-13556,NO,1,46,52,45,81,65,55
GENE-13557,NO,1,0,0,2,0,1,0
GENE-13558,NO,1,0,0,0,0,0,0
GENE-13559,NO,1,167,156,169,180,180,211
GENE-13560,NO,1,51,51,78,76,73,101
GENE-13561,NO,1,0,0,0,0,0,0
GENE-13562,NO,1,0,0,0,0,0,0
GENE-13563,NO,1,0,0,0,0,0,0
GENE-13564,NO,1,648,677,765,992,880,726
GENE-13565,NO,1,43,36,35,27,16,30
GENE-13566,NO,1,0,0,0,0,0,0
GENE-13567,NO,1,146,201,188,178,173,193
GENE-13568,NO,1,0,0,0,0,0,0
GENE-13569,NO,1,0,0,0,0,0,0
GENE-13570,NO,1,2583,3808,3892,3704,3248,3847
GENE-13571,NO,1,0,0,0,0,0,0
GENE-13572,NO,1,0,0,0,0,0,0
GENE-13573,NO,1,0,0,1,0,0,0
GENE-13574,NO,1,0,0,0,0,0,0
GENE-13575,NO,1,25,32,25,20,18,25
GENE-13576,NO,1,0,0,0,0,0,0
GENE-13577,NO,1,242,137,204,132,199,182
GENE-13578,NO,1,24,24,24,23,26,21
GENE-13579,NO,1,32,28,32,39,40,34
GENE-13580,NO,1,0,0,0,0,0,0
GENE-13581,NO,1,21,17,33,26,53,36
GENE-13582,NO,1,72,58,50,81,80,64
GENE-13583,NO,1,0,0,0,0,0,0
GENE-13584,NO,1,0,0,0,0,0,0
GENE-13585,NO,1,173,134,260,200,137,161
GENE-13586,NO,1,13,14,14,10,8,10
GENE-13587,NO,1,0,0,0,0,0,0
GENE-13588,NO,1,15,12,12,9,14,13
GENE-13589,YES,1,0,0,0,0,0,0
GENE-13590,NO,1,0,0,0,0,0,0
GENE-13591,NO,1,1,0,0,0,1,0
GENE-13592,NO,1,213,296,222,208,239,216
GENE-13593,NO,1,0,0,0,0,0,0
GENE-13594,NO,1,0,0,0,0,0,0
GENE-13595,NO,1,0,0,0,0,0,0
GENE-13596,NO,1,0,0,0,0,0,0
GENE-13597,NO,1,1,1,0,1,0,0
GENE-13598,NO,1,16,6,14,6,16,11
GENE-13599,NO,1,1094,982,912,960,891,899
GENE-13600,NO,1,21,20,25,33,33,38
GENE-13601,NO,1,206,184,206,176,270,156
GENE-13602,NO,1,0,0,0,0,0,0
GENE-13603,NO,1,0,0,0,0,0,0
GENE-13604,NO,1,0,0,0,0,0,0
GENE-13605,NO,1,0,0,0,0,0,0
GENE-13606,YES,1,0,0,0,0,0,0
GENE-13607,NO,1,0,0,0,0,0,0
GENE-13608,NO,1,0,0,0,0,0,0
GENE-13609,NO,1,0,0,0,0,0,0
GENE-13610,NO,1,0,0,0,0,0,0
GENE-13611,NO,1,125,159,192,150,113,156
GENE-13612,NO,1,1980,1967,2085,2323,1709,1711
GENE-13613,NO,1,0,0,0,0,0,0
GENE-13614,NO,1,2,2,4,1,3,3
GENE-13615,NO,1,0,0,0,0,0,0
GENE-13616,NO,1,0,0,0,0,0,0
GENE-13617,NO,1,0,0,0,0,0,0
GENE-13618,NO,1,0,0,0,0,0,0
GENE-13619,NO,1,0,2,0,2,1,2
GENE-13620,NO,1,920,1305,1324,1074,996,1090
GENE-13621,NO,1,0,0,0,0,0,0
GENE-13622,NO,1,292,333,287,265,249,272
GENE-13623,NO,1,0,0,1,2,0,1
GENE-13624,NO,1,70,62,58,74,43,59
GENE-13625,NO,1,0,0,0,0,0,0
GENE-13626,NO,1,0,0,0,0,0,0
GENE-13627,NO,1,0,0,0,0,0,0
GENE-13628,NO,1,0,0,0,0,0,0
GENE-13629,NO,1,0,0,0,0,0,0
GENE-13630,NO,1,0,0,0,0,0,0
GENE-13631,NO,1,50,45,30,43,41,32
GENE-13632,NO,1,0,0,0,0,0,0
GENE-13633,NO,1,44,56,25,23,87,115
GENE-13634,NO,1,0,1,0,0,0,0
GENE-13635,NO,1,0,0,0,0,0,0
GENE-13636,NO,1,9,19,28,25,21,21
GENE-13637,NO,1,0,0,0,0,0,0
GENE-13638,NO,1,227,140,185,178,170,161
GENE-13639,NO,1,21,16,18,28,10,20
GENE-13640,NO,1,0,0,0,0,0,0
GENE-13641,NO,1,71,80,62,67,66,62
GENE-13642,NO,1,7234,6862,4714,6841,6587,4564
GENE-13643,NO,1,626,715,656,615,563,732
GENE-13644,NO,1,0,0,0,0,0,0
GENE-13645,NO,1,228,484,229,363,245,439
GENE-13646,NO,1,0,0,0,0,0,0
GENE-13647,NO,1,1,0,1,2,1,2
GENE-13648,NO,1,1,4,1,1,1,1
GENE-13649,NO,1,0,0,0,0,0,0
GENE-13650,NO,1,0,0,0,0,0,0
GENE-13651,NO,1,58,56,58,54,41,48
GENE-13652,NO,1,2,1,1,1,1,1
GENE-13653,NO,1,0,0,0,0,0,0
GENE-13654,NO,1,0,0,0,0,0,0
GENE-13655,NO,1,0,0,0,0,0,0
GENE-13656,YES,1,0,0,0,0,0,0
GENE-13657,NO,1,0,0,0,0,0,0
GENE-13658,YES,1,0,0,0,0,0,0
GENE-13659,NO,1,0,0,0,0,0,0
GENE-13660,NO,1,0,0,0,0,0,0
GENE-13661,NO,1,0,0,0,0,0,0
GENE-13662,NO,1,6,8,7,5,4,6
GENE-13663,NO,1,0,0,0,0,0,0
GENE-13665,YES,1,0,0,0,0,0,0
GENE-13666,NO,1,0,0,0,0,0,0
GENE-13667,NO,1,0,0,0,0,0,0
GENE-13668,NO,1,0,0,0,0,0,0
GENE-13669,NO,1,0,0,0,0,0,0
GENE-13670,NO,1,0,0,0,0,0,0
GENE-13671,NO,1,0,0,0,0,0,0
GENE-13672,NO,1,0,0,0,0,0,0
GENE-13673,NO,1,414,454,488,451,488,539
GENE-13674,NO,1,0,0,0,0,0,0
GENE-13675,NO,1,0,0,0,0,0,0
GENE-13676,NO,1,41,36,46,41,48,38
GENE-13677,NO,1,0,0,0,0,0,0
GENE-13678,NO,1,1,0,0,0,0,0
GENE-13679,NO,1,11,19,7,10,7,14
GENE-13680,NO,1,0,0,0,0,0,0
GENE-13681,NO,1,6530,6059,8025,5850,7959,5634
GENE-13682,NO,1,205,197,199,228,173,251
GENE-13683,NO,1,0,0,0,0,0,0
GENE-13684,NO,1,0,0,0,0,0,0
GENE-13685,NO,1,5,3,2,3,5,5
GENE-13686,NO,1,0,0,0,0,0,0
GENE-13687,NO,1,0,0,0,0,0,0
GENE-13688,NO,1,0,0,0,0,0,0
GENE-13689,NO,1,0,0,0,0,0,0
GENE-13691,NO,1,81,80,81,98,94,89
GENE-13692,NO,1,0,0,0,0,0,0
GENE-13693,NO,1,25,37,14,16,19,44
GENE-13694,NO,1,0,0,0,0,0,0
GENE-13695,NO,1,0,0,0,0,0,0
GENE-13696,NO,1,0,0,0,0,0,0
GENE-13697,NO,1,614,483,496,488,765,530
GENE-13698,NO,1,0,0,0,0,0,0
GENE-13699,NO,1,2,4,2,3,1,6
GENE-13700,NO,1,0,0,0,0,0,0
GENE-13701,NO,1,0,0,0,0,0,0
GENE-13702,NO,1,0,0,0,0,0,0
GENE-13703,NO,1,0,0,0,0,0,0
GENE-13704,NO,1,0,0,0,0,0,0
GENE-13705,NO,1,0,0,0,0,0,0
GENE-13706,NO,1,0,1,0,1,0,0
GENE-13707,NO,1,0,0,0,0,0,0
GENE-13708,NO,1,0,0,0,0,0,0
GENE-13709,NO,1,0,0,0,0,0,0
GENE-13710,NO,1,0,0,0,0,0,0
GENE-13711,NO,1,12,12,19,9,23,6
GENE-13712,NO,1,0,0,1,0,0,1
GENE-13713,NO,1,0,0,0,0,0,0
GENE-13714,NO,1,0,0,0,0,0,0
GENE-13715,NO,1,0,0,0,0,0,0
GENE-13716,NO,1,0,0,0,0,0,0
GENE-13717,YES,1,0,0,0,0,0,0
GENE-13718,NO,1,0,0,0,0,0,0
GENE-13719,NO,1,0,0,0,0,0,0
GENE-13720,NO,1,0,0,0,0,0,0
GENE-13721,NO,1,0,0,0,0,0,0
GENE-13722,NO,1,355,234,457,219,579,339
GENE-13723,NO,1,15,8,8,20,12,8
GENE-13724,NO,1,17,9,21,16,8,11
GENE-13725,NO,1,0,0,0,0,0,0
GENE-13726,YES,1,0,0,0,0,0,0
GENE-13727,NO,1,158,139,201,111,177,179
GENE-13728,NO,1,0,0,0,0,0,0
GENE-13729,NO,1,0,0,0,0,0,0
GENE-13730,NO,1,38,26,46,36,55,20
GENE-13731,NO,1,0,0,0,0,0,0
GENE-13732,NO,1,1055,869,876,762,952,1128
GENE-13733,NO,1,101,67,107,96,108,85
GENE-13734,NO,1,26,38,19,26,23,27
GENE-13735,NO,1,570,557,545,476,531,758
GENE-13736,NO,1,0,0,0,0,0,0
GENE-13737,NO,1,593,639,777,454,450,666
GENE-13738,YES,1,0,0,0,0,1,0
GENE-13739,NO,1,0,0,0,0,0,0
GENE-13740,NO,1,291,267,278,296,190,228
GENE-13741,NO,1,0,0,0,0,0,0
GENE-13742,NO,1,0,0,0,0,0,0
GENE-13743,NO,1,0,0,0,0,0,0
GENE-13744,NO,1,1894,1531,2770,1542,1657,1917
GENE-13745,NO,1,0,0,0,0,0,0
GENE-13746,NO,1,1,2,0,1,1,0
GENE-13747,NO,1,4,0,4,1,0,0
GENE-13748,NO,1,0,0,0,0,0,0
GENE-13749,NO,1,0,0,0,0,0,0
GENE-13750,NO,1,0,0,0,0,0,0
GENE-13751,NO,1,751,210,232,516,559,325
GENE-13752,NO,1,0,0,0,0,0,0
GENE-13753,NO,1,0,0,0,2,3,0
GENE-13754,NO,1,0,0,0,0,0,0
GENE-13755,NO,1,0,0,0,0,1,0
GENE-13756,NO,1,7,5,11,8,4,7
GENE-13757,NO,1,411,443,375,453,423,384
GENE-13758,NO,1,0,0,0,0,0,0
GENE-13759,NO,1,0,1,1,0,0,0
GENE-13760,NO,1,0,0,0,0,0,0
GENE-13761,NO,1,0,0,0,0,0,0
GENE-13762,NO,1,0,0,0,0,0,0
GENE-13763,NO,1,0,0,0,0,0,0
GENE-13764,NO,1,0,0,0,0,0,0
GENE-13765,NO,1,0,0,0,0,0,0
GENE-13766,NO,1,40,38,54,41,28,31
GENE-13767,NO,1,0,0,0,0,0,0
GENE-13768,NO,1,0,0,0,0,0,0
GENE-13770,NO,1,0,0,0,0,0,0
GENE-13771,NO,1,2024,2640,1729,2610,2161,1757
GENE-13772,NO,1,0,0,0,0,0,0
GENE-13773,NO,1,0,0,0,0,0,0
GENE-13774,NO,1,0,0,0,0,0,0
GENE-13775,NO,1,0,0,0,0,0,0
GENE-13776,NO,1,0,0,0,0,0,0
GENE-13777,NO,1,0,0,0,0,0,0
GENE-13778,NO,1,0,0,0,0,0,0
GENE-13779,NO,1,0,0,0,0,0,0
GENE-13780,NO,1,0,0,0,0,0,0
GENE-13781,NO,1,0,0,0,0,0,0
GENE-13782,NO,1,0,0,0,0,0,0
GENE-13783,NO,1,0,0,0,0,0,0
GENE-13784,NO,1,0,0,0,0,0,0
GENE-13785,NO,1,124,72,77,80,97,108
GENE-13786,NO,1,0,0,0,0,0,0
GENE-13787,NO,1,4,3,0,3,0,2
GENE-13788,NO,1,0,0,0,0,0,0
GENE-13789,NO,1,0,0,0,0,0,0
GENE-13790,NO,1,0,0,0,0,0,0
GENE-13791,NO,1,25,38,33,37,32,31
GENE-13792,NO,1,1137,1880,1314,1455,1099,1258
GENE-13793,NO,1,97,81,71,74,51,60
GENE-13794,NO,1,0,0,0,0,0,0
GENE-13795,NO,1,0,0,0,0,0,0
GENE-13796,NO,1,0,0,0,0,1,1
GENE-13797,NO,1,0,0,0,0,0,0
GENE-13798,NO,1,50,16,26,12,30,44
GENE-13799,NO,1,0,0,0,0,0,0
GENE-13800,NO,1,0,0,0,0,0,0
GENE-13801,NO,1,32,42,20,28,32,49
GENE-13802,NO,1,0,0,0,0,0,0
GENE-13803,NO,1,0,0,0,0,0,0
GENE-13804,NO,1,0,0,0,0,0,0
GENE-13805,NO,1,24,12,11,20,8,9
GENE-13806,NO,1,0,0,0,0,0,0
GENE-13807,NO,1,0,0,0,0,0,0
GENE-13808,NO,1,0,0,0,0,0,0
GENE-13809,NO,1,0,0,0,0,0,0
GENE-13810,NO,1,0,0,0,0,0,0
GENE-13811,NO,1,0,0,0,0,0,0
GENE-13812,NO,1,440,446,435,519,423,448
GENE-13813,NO,1,0,0,0,0,0,0
GENE-13814,NO,1,1056,1256,1147,1023,1653,910
GENE-13815,NO,1,0,0,0,0,0,0
GENE-13816,NO,1,745,718,827,592,809,754
GENE-13817,NO,1,0,0,0,0,0,0
GENE-13818,NO,1,0,0,0,0,0,0
GENE-13819,NO,1,0,0,0,0,0,0
GENE-13820,NO,1,0,0,0,0,0,0
GENE-13821,NO,1,0,0,0,0,0,0
GENE-13822,NO,1,3,2,1,3,1,0
GENE-13823,NO,1,3,0,1,3,2,0
GENE-13824,NO,1,285,518,214,283,355,279
GENE-13825,NO,1,0,0,0,0,0,0
GENE-13826,NO,1,0,0,0,0,0,1
GENE-13827,NO,1,10,15,15,7,10,13
GENE-13828,NO,1,0,0,0,0,0,0
GENE-13829,NO,1,0,0,0,0,0,0
GENE-13830,YES,1,0,0,0,0,0,0
GENE-13831,NO,1,0,0,0,0,0,0
GENE-13832,NO,1,0,0,0,0,0,0
GENE-13833,NO,1,162,104,126,106,119,83
GENE-13834,NO,1,0,0,0,0,0,0
GENE-13835,NO,1,0,0,0,0,0,0
GENE-13836,NO,1,0,3,2,0,0,1
GENE-13837,NO,1,100,102,92,107,115,127
GENE-13838,NO,1,0,0,0,0,0,0
GENE-13839,NO,1,0,0,0,0,0,0
GENE-13840,NO,1,0,0,0,0,0,0
GENE-13841,NO,1,3,2,0,1,2,5
GENE-13842,NO,1,0,0,0,0,0,0
GENE-13843,NO,1,63,38,69,75,70,57
GENE-13844,NO,1,156,151,137,218,142,158
GENE-13845,NO,1,0,0,0,0,0,0
GENE-13846,NO,1,83,64,57,74,57,91
GENE-13847,NO,1,0,0,0,0,0,0
GENE-13848,NO,1,0,0,0,0,0,0
GENE-13849,NO,1,0,0,0,0,0,0
GENE-13850,NO,1,5135,3520,3027,3213,5205,4444
GENE-13851,NO,1,407,634,612,672,789,501
GENE-13852,NO,1,0,0,0,0,0,0
GENE-13853,NO,1,0,0,0,0,0,0
GENE-13854,NO,1,0,0,0,0,0,0
GENE-13855,NO,1,3546,3787,3382,4275,2874,3911
GENE-13856,NO,1,0,0,0,0,0,0
GENE-13857,NO,1,0,0,0,0,0,0
GENE-13858,NO,1,0,0,0,0,0,0
GENE-13859,NO,1,18,36,25,38,27,23
GENE-13860,NO,1,0,1,0,1,0,2
GENE-13861,NO,1,1185,1045,1189,1169,1240,1200
GENE-13862,NO,1,0,0,0,0,0,0
GENE-13863,NO,1,0,0,0,0,0,0
GENE-13864,NO,1,177,120,156,103,168,184
GENE-13865,NO,1,1,0,0,0,0,1
GENE-13866,NO,1,0,0,0,0,0,0
GENE-13867,NO,1,0,0,0,0,0,0
GENE-13868,NO,1,0,0,0,0,0,0
GENE-13869,NO,1,1247,1011,1151,920,847,683
GENE-13870,NO,1,0,0,0,0,0,0
GENE-13871,NO,1,0,0,0,0,0,0
GENE-13872,NO,1,54,75,80,52,52,63
GENE-13873,NO,1,0,0,0,0,0,0
GENE-13874,YES,1,0,0,0,0,0,0
GENE-13875,NO,1,720,801,715,908,568,729
GENE-13876,NO,1,5,4,6,6,7,6
GENE-13877,NO,1,0,0,0,0,0,0
GENE-13878,NO,1,0,0,0,0,0,0
GENE-13879,NO,1,5955,5131,6180,7653,4991,6282
GENE-13880,NO,1,0,0,0,0,0,0
GENE-13881,NO,1,0,0,0,0,0,0
GENE-13882,NO,1,0,0,0,0,0,0
GENE-13883,NO,1,0,0,0,0,0,0
GENE-13884,YES,1,0,0,0,0,0,0
GENE-13885,NO,1,0,0,0,0,0,0
GENE-13887,NO,1,738,537,965,897,1082,823
GENE-13888,NO,1,6,3,4,0,2,4
GENE-13889,NO,1,0,0,0,0,0,0
GENE-13890,NO,1,0,0,0,0,0,0
GENE-13891,NO,1,0,0,0,0,0,0
GENE-13892,NO,1,7,8,12,3,7,10
GENE-13893,NO,1,0,0,0,0,0,0
GENE-13894,NO,1,0,1,2,0,0,0
GENE-13895,NO,1,0,0,0,0,0,0
GENE-13896,NO,1,107,102,92,90,110,96
GENE-13897,NO,1,0,0,0,0,0,0
GENE-13898,NO,1,546,673,558,552,664,585
GENE-13899,NO,1,0,2,2,7,3,3
GENE-13900,NO,1,0,0,0,0,0,0
GENE-13901,NO,1,478,887,576,745,631,641
GENE-13902,NO,1,0,0,0,0,0,0
GENE-13903,NO,1,66,54,57,40,39,45
GENE-13904,NO,1,0,0,0,0,0,0
GENE-13905,NO,1,0,0,0,0,0,0
GENE-13906,NO,1,0,0,0,0,0,0
GENE-13907,NO,1,310,389,321,428,326,462
GENE-13908,NO,1,0,0,0,0,0,0
GENE-13909,NO,1,0,0,0,0,0,0
GENE-13910,NO,1,0,0,0,0,0,0
GENE-13911,NO,1,0,0,0,0,0,0
GENE-13912,NO,1,0,0,0,0,0,0
GENE-13913,NO,1,0,0,0,0,0,0
GENE-13914,NO,1,0,0,0,0,0,0
GENE-13915,NO,1,0,0,0,0,0,0
GENE-13916,NO,1,0,0,0,0,0,0
GENE-13917,NO,1,15,15,23,34,31,37
GENE-13918,NO,1,139,123,77,105,165,140
GENE-13919,NO,1,0,0,0,0,0,0
GENE-13920,NO,1,0,0,0,0,0,0
GENE-13921,NO,1,0,0,0,0,0,0
GENE-13922,NO,1,0,0,0,0,0,0
GENE-13923,NO,1,0,0,0,0,0,0
GENE-13924,NO,1,0,2,3,1,1,0
GENE-13925,NO,1,42,43,46,54,52,57
GENE-13926,YES,1,0,0,0,0,0,0
GENE-13927,NO,1,12,13,27,24,17,14
GENE-13928,NO,1,0,0,0,0,0,0
GENE-13929,NO,1,0,0,0,1,1,0
GENE-13930,NO,1,0,0,0,0,0,0
GENE-13931,NO,1,0,0,0,0,0,0
GENE-13932,NO,1,0,0,0,0,0,0
GENE-13933,NO,1,0,0,0,0,0,0
GENE-13934,NO,1,0,0,0,0,0,0
GENE-13935,NO,1,10,14,27,17,15,14
GENE-13936,NO,1,0,0,0,1,1,0
GENE-13937,NO,1,0,0,0,0,0,0
GENE-13938,NO,1,0,0,0,0,0,0
GENE-13939,NO,1,19,28,25,16,33,23
GENE-13940,NO,1,0,0,0,0,0,0
GENE-13941,NO,1,0,0,0,0,0,0
GENE-13942,NO,1,0,0,0,0,0,1
GENE-13943,NO,1,3,4,2,2,3,0
GENE-13944,NO,1,28,17,20,22,15,14
GENE-13945,NO,1,4,10,7,6,5,9
GENE-13946,NO,1,2,1,1,0,2,0
GENE-13947,NO,1,22,16,8,15,23,16
GENE-13948,NO,1,1,1,2,0,2,2
GENE-13949,NO,1,0,0,0,0,0,0
GENE-13950,NO,1,632,567,673,634,467,580
GENE-13951,NO,1,0,0,0,0,0,0
GENE-13952,NO,1,0,0,0,0,0,0
GENE-13953,NO,1,2,1,0,1,1,1
GENE-13954,NO,1,0,0,0,0,0,0
GENE-13955,NO,1,776,1384,1193,736,1041,677
GENE-13956,NO,1,0,0,0,0,1,1
GENE-13957,YES,1,0,0,0,0,0,0
GENE-13958,NO,1,0,0,0,0,0,0
GENE-13959,NO,1,90,72,103,70,110,87
GENE-13960,NO,1,970,1069,1022,1097,1115,1253
GENE-13961,NO,1,17,12,11,12,10,16
GENE-13962,YES,1,0,0,0,0,0,0
GENE-13963,NO,1,0,0,0,0,0,0
GENE-13964,NO,1,0,0,0,0,0,0
GENE-13965,NO,1,0,0,0,0,0,0
GENE-13967,NO,1,0,0,0,0,0,0
GENE-13968,NO,1,0,0,0,0,0,0
GENE-13969,NO,1,0,0,0,0,0,0
GENE-13970,NO,1,0,0,0,0,0,0
GENE-13971,YES,1,0,3,3,7,11,3
GENE-13972,NO,1,1,0,2,3,5,1
GENE-13973,NO,1,0,0,0,0,0,0
GENE-13974,NO,1,0,0,0,0,0,0
GENE-13975,NO,1,6,1,1,4,4,1
GENE-13976,NO,1,0,0,0,0,0,0
GENE-13977,NO,1,0,0,0,0,0,0
GENE-13978,NO,1,0,0,0,0,0,0
GENE-13979,NO,1,0,0,0,0,0,0
GENE-13980,NO,1,0,0,0,0,0,0
GENE-13981,NO,1,114,109,348,117,46,71
GENE-13982,NO,1,0,0,0,0,0,0
GENE-13983,NO,1,0,0,0,0,0,0
GENE-13984,NO,1,0,0,0,0,0,0
GENE-13985,NO,1,0,0,0,0,0,0
GENE-13986,NO,1,0,0,0,0,0,0
GENE-13987,NO,1,0,0,0,0,0,0
GENE-13988,NO,1,0,0,0,0,0,0
GENE-13989,NO,1,0,0,0,0,0,0
GENE-13990,NO,1,0,0,0,0,0,0
GENE-13991,NO,1,0,0,0,0,0,0
GENE-13992,NO,1,0,0,0,0,0,0
GENE-13993,NO,1,0,0,0,0,0,0
GENE-13994,NO,1,5199,6624,6115,7266,7399,5942
GENE-13995,NO,1,0,0,0,0,0,0
GENE-13996,NO,1,0,0,0,0,0,0
GENE-13997,NO,1,0,0,0,0,0,0
GENE-13998,NO,1,492,430,513,622,587,516
GENE-13999,NO,1,784,771,858,726,779,683
GENE-14000,NO,1,198,259,195,190,281,207
GENE-14001,NO,1,0,0,0,0,0,0
GENE-14002,YES,1,0,0,0,0,0,0
GENE-14003,NO,1,0,0,0,0,0,0
GENE-14004,NO,1,0,0,0,0,0,0
GENE-14005,NO,1,0,0,0,0,0,0
GENE-14006,NO,1,0,0,0,0,0,0
GENE-14007,NO,1,6,4,5,4,4,5
GENE-14008,NO,1,0,0,0,0,0,0
GENE-14009,NO,1,0,0,0,1,0,0
GENE-14010,NO,1,0,0,0,0,0,0
GENE-14011,NO,1,0,0,0,0,0,0
GENE-14012,NO,1,591,811,701,700,585,566
GENE-14013,NO,1,124,133,122,139,123,136
GENE-14014,NO,1,62,88,70,69,87,134
GENE-14015,NO,1,0,0,0,0,0,0
GENE-14016,NO,1,360,227,263,276,352,355
GENE-14017,NO,1,0,0,0,0,0,0
GENE-14018,NO,1,1,2,0,2,1,1
GENE-14019,NO,1,1,1,1,0,1,3
GENE-14020,NO,1,0,0,0,0,0,0
GENE-14021,NO,1,0,0,0,0,0,0
GENE-14022,NO,1,0,0,0,0,0,0
GENE-14023,NO,1,7,3,2,2,4,3
GENE-14024,NO,1,0,0,0,0,0,0
GENE-14025,NO,1,0,0,0,0,0,0
GENE-14026,NO,1,0,0,0,0,0,0
GENE-14027,NO,1,0,0,0,0,0,0
GENE-14028,NO,1,0,0,0,0,0,0
GENE-14029,NO,1,74,66,43,100,93,35
GENE-14030,NO,1,0,0,0,0,0,0
GENE-14031,NO,1,48,65,65,49,75,77
GENE-14032,NO,1,0,1,0,0,0,0
GENE-14033,NO,1,0,0,0,0,0,0
GENE-14034,NO,1,9,17,9,9,14,13
GENE-14035,NO,1,166,253,243,225,288,178
GENE-14036,NO,1,0,0,0,0,0,0
GENE-14037,NO,1,0,0,0,0,0,0
GENE-14038,NO,1,139,113,125,145,127,87
GENE-14039,NO,1,25,21,28,25,21,32
GENE-14040,NO,1,0,0,0,0,0,0
GENE-14041,NO,1,18,20,24,20,9,18
GENE-14042,NO,1,0,0,0,0,0,0
GENE-14043,NO,1,0,0,0,0,0,0
GENE-14044,NO,1,2,5,6,3,3,5
GENE-14045,NO,1,12,21,17,17,10,13
GENE-14046,NO,1,0,0,0,0,0,0
GENE-14047,NO,1,0,0,0,0,0,0
GENE-14048,NO,1,0,0,0,0,0,0
GENE-14049,NO,1,0,0,1,0,0,0
GENE-14050,NO,1,0,0,1,0,0,2
GENE-14051,NO,1,0,0,0,0,0,0
GENE-14052,NO,1,0,0,0,0,0,0
GENE-14053,NO,1,0,0,0,0,0,0
GENE-14054,NO,1,61,98,88,81,86,95
GENE-14055,NO,1,0,0,0,0,0,0
GENE-14056,NO,1,0,0,0,0,0,0
GENE-14057,NO,1,0,0,0,0,0,0
GENE-14058,NO,1,0,0,0,0,0,0
GENE-14059,NO,1,0,0,0,0,0,0
GENE-14060,NO,1,72,60,76,52,63,72
GENE-14061,NO,1,54,27,47,36,37,28
GENE-14062,NO,1,146,184,152,224,127,124
GENE-14063,NO,1,0,0,0,0,0,0
GENE-14064,NO,1,0,0,0,0,0,0
GENE-14065,NO,1,1097,902,1140,1368,729,738
GENE-14066,NO,1,0,0,0,0,0,0
GENE-14067,NO,1,0,0,0,0,0,0
GENE-14068,NO,1,0,0,0,0,0,0
GENE-14069,NO,1,0,0,0,0,0,0
GENE-14070,NO,1,0,0,0,0,0,0
GENE-14071,NO,1,4,4,3,2,5,3
GENE-14072,NO,1,0,0,0,0,0,0
GENE-14073,NO,1,0,0,0,0,0,0
GENE-14074,NO,1,41,29,32,29,24,43
GENE-14075,NO,1,0,0,0,0,0,0
GENE-14076,NO,1,0,0,0,0,0,0
GENE-14077,NO,1,0,0,0,0,0,0
GENE-14078,NO,1,494,510,688,833,1044,663
GENE-14079,NO,1,0,0,0,0,0,0
GENE-14080,NO,1,0,0,0,0,0,0
GENE-14081,NO,1,0,0,0,0,0,0
GENE-14082,NO,1,0,1,2,0,0,1
GENE-14083,NO,1,0,0,0,0,0,0
GENE-14084,NO,1,0,0,0,0,0,0
GENE-14085,NO,1,0,0,0,0,0,0
GENE-14086,NO,1,0,0,0,0,0,0
GENE-14087,NO,1,18,13,13,22,17,20
GENE-14088,NO,1,0,0,0,0,0,0
GENE-14090,NO,1,0,0,0,0,0,0
GENE-14092,NO,1,0,0,0,0,0,0
GENE-14093,NO,1,0,0,0,0,0,0
GENE-14094,NO,1,0,0,0,0,0,0
GENE-14095,NO,1,0,0,0,0,0,0
GENE-14096,NO,1,5,0,2,3,1,4
GENE-14097,NO,1,0,0,0,0,0,0
GENE-14098,NO,1,0,0,0,0,0,0
GENE-14099,NO,1,0,0,0,0,0,0
GENE-14100,NO,1,44,51,53,48,40,36
GENE-14101,NO,1,0,0,0,0,0,0
GENE-14102,NO,1,0,0,0,0,0,0
GENE-14103,NO,1,0,0,0,0,0,0
GENE-14104,NO,1,309,319,313,410,302,237
GENE-14105,NO,1,0,0,0,0,0,0
GENE-14106,NO,1,0,0,0,0,0,0
GENE-14107,NO,1,9,10,8,12,6,13
GENE-14108,NO,1,0,0,0,0,0,0
GENE-14109,NO,1,14,37,57,137,30,17
GENE-14110,NO,1,4,5,6,8,12,13
GENE-14111,NO,1,0,0,0,0,0,0
GENE-14112,NO,1,2,3,4,4,3,5
GENE-14113,NO,1,0,2,1,1,0,0
GENE-14114,NO,1,0,0,0,0,0,0
GENE-14115,NO,1,0,0,0,0,0,0
GENE-14116,NO,1,8,6,3,8,2,3
GENE-14117,NO,1,83,73,88,71,61,61
GENE-14118,NO,1,0,0,0,0,0,0
GENE-14119,NO,1,69,110,75,66,62,115
GENE-14120,NO,1,0,0,0,0,0,0
GENE-14121,NO,1,22,22,25,35,29,23
GENE-14122,NO,1,0,0,0,0,0,0
GENE-14123,YES,1,0,0,0,0,0,0
GENE-14124,NO,1,0,0,0,0,0,0
GENE-14125,NO,1,57,45,53,33,44,52
GENE-14126,NO,1,251,288,291,339,289,293
GENE-14127,NO,1,34,29,27,58,37,39
GENE-14128,NO,1,689,964,946,869,1166,788
GENE-14129,NO,1,0,0,0,0,0,0
GENE-14130,NO,1,74,144,66,128,84,97
GENE-14131,NO,1,0,0,0,0,0,0
GENE-14132,NO,1,0,0,0,0,0,0
GENE-14133,NO,1,770,867,808,755,985,850
GENE-14134,NO,1,12,18,16,39,8,42
GENE-14135,NO,1,0,0,0,0,0,0
GENE-14136,NO,1,0,0,0,0,0,0
GENE-14137,NO,1,0,0,0,0,0,0
GENE-14138,NO,1,0,0,0,0,0,0
GENE-14139,NO,1,2,0,0,0,1,1
GENE-14140,NO,1,0,0,0,0,0,0
GENE-14141,NO,1,0,0,0,0,0,0
GENE-14142,NO,1,0,0,0,0,0,0
GENE-14143,NO,1,0,0,0,0,0,0
GENE-14144,NO,1,0,0,0,0,0,0
GENE-14145,NO,1,21,29,25,18,26,24
GENE-14146,NO,1,1,0,0,0,0,0
GENE-14147,NO,1,0,0,0,0,0,0
GENE-14148,NO,1,0,0,0,0,0,0
GENE-14149,NO,1,0,0,0,0,0,0
GENE-14150,NO,1,68,91,86,73,55,79
GENE-14151,NO,1,60,11,70,37,57,46
GENE-14152,NO,1,0,0,0,0,0,0
GENE-14153,NO,1,0,0,0,0,0,0
GENE-14154,NO,1,0,0,0,0,0,0
GENE-14155,NO,1,0,0,0,0,0,0
GENE-14156,NO,1,0,0,0,0,0,0
GENE-14157,NO,1,0,0,0,0,0,0
GENE-14158,NO,1,260,320,265,265,276,279
GENE-14159,NO,1,0,0,0,0,0,0
GENE-14160,NO,1,75,63,90,50,98,34
GENE-14161,NO,1,1394,1640,2849,1333,2715,3693
GENE-14162,NO,1,35,22,35,23,22,26
GENE-14163,NO,1,65,49,55,43,61,55
GENE-14164,NO,1,0,0,0,0,0,0
GENE-14165,NO,1,10,7,9,7,8,4
GENE-14166,NO,1,0,0,0,0,0,0
GENE-14167,NO,1,0,0,0,0,0,0
GENE-14168,NO,1,31,9,14,20,20,8
GENE-14169,NO,1,0,0,0,0,0,0
GENE-14170,NO,1,0,0,0,0,0,0
GENE-14171,NO,1,0,0,0,0,0,0
GENE-14172,NO,1,0,0,0,0,0,0
GENE-14173,NO,1,0,0,0,0,0,0
GENE-14174,NO,1,12,5,10,5,4,8
GENE-14175,NO,1,0,0,0,0,0,0
GENE-14176,NO,1,0,0,0,0,0,0
GENE-14177,NO,1,1,5,10,4,5,4
GENE-14178,NO,1,3,1,2,0,3,6
GENE-14179,NO,1,0,0,0,0,0,0
GENE-14180,NO,1,625,818,570,622,654,860
GENE-14181,NO,1,0,0,0,0,0,0
GENE-14182,NO,1,0,1,0,0,0,0
GENE-14183,NO,1,309,326,398,440,242,373
GENE-14184,NO,1,0,0,0,0,0,0
GENE-14185,NO,1,0,0,0,0,0,0
GENE-14186,NO,1,2,1,0,5,6,4
GENE-14187,NO,1,0,0,0,0,0,0
GENE-14188,NO,1,204,172,250,134,104,206
GENE-14189,NO,1,0,0,0,0,0,0
GENE-14190,NO,1,0,2,0,0,0,0
GENE-14191,NO,1,0,0,0,0,0,0
GENE-14192,NO,1,85,67,56,51,52,72
GENE-14193,NO,1,336,341,381,301,286,373
GENE-14194,NO,1,0,0,0,0,0,0
GENE-14195,NO,1,0,0,0,0,0,0
GENE-14196,NO,1,0,0,0,0,0,0
GENE-14197,NO,1,0,0,0,0,0,0
GENE-14198,NO,1,0,0,0,0,0,0
GENE-14199,NO,1,63,47,49,53,50,60
GENE-14200,NO,1,0,0,0,0,0,0
GENE-14201,NO,1,0,0,0,0,0,0
GENE-14202,NO,1,0,0,0,0,0,0
GENE-14203,NO,1,1817,1106,1460,1142,1664,1043
GENE-14204,NO,1,1546,1769,1521,1924,1621,1473
GENE-14205,NO,1,37,39,56,46,46,49
GENE-14206,NO,1,168,175,153,180,300,148
GENE-14207,NO,1,0,0,0,0,0,0
GENE-14208,YES,1,0,0,0,0,0,0
GENE-14209,NO,1,0,0,0,0,0,0
GENE-14210,NO,1,2,1,0,0,0,1
GENE-14211,NO,1,324,398,317,437,365,258
GENE-14212,NO,1,142,168,154,140,166,162
GENE-14213,NO,1,0,0,0,0,0,0
GENE-14214,YES,1,0,0,0,0,0,0
GENE-14215,NO,1,0,0,0,0,0,0
GENE-14216,NO,1,0,0,0,0,0,0
GENE-14217,NO,1,0,0,0,0,0,0
GENE-14218,NO,1,0,0,0,0,0,0
GENE-14219,NO,1,0,0,0,0,0,0
GENE-14220,NO,1,0,0,0,0,0,0
GENE-14221,NO,1,0,0,0,0,0,0
GENE-14222,NO,1,0,0,0,0,0,0
GENE-14223,NO,1,0,0,0,0,0,0
GENE-14224,NO,1,357,364,336,422,329,320
GENE-14225,NO,1,0,0,0,0,0,0
GENE-14226,NO,1,149,185,175,148,164,176
GENE-14227,NO,1,0,0,0,0,0,0
GENE-14228,NO,1,0,0,0,0,0,0
GENE-14229,NO,1,0,0,0,0,0,0
GENE-14230,NO,1,0,0,0,0,0,0
GENE-14231,NO,1,0,0,0,0,0,0
GENE-14232,YES,1,0,0,0,0,0,0
GENE-14233,NO,1,0,0,0,0,0,0
GENE-14234,NO,1,0,0,0,0,0,0
GENE-14235,NO,1,0,0,0,0,0,0
GENE-14236,NO,1,15,31,30,32,12,47
GENE-14237,NO,1,0,0,0,0,0,0
GENE-14238,NO,1,433,450,696,707,615,592
GENE-14239,NO,1,0,0,0,0,0,0
GENE-14240,NO,1,0,0,0,0,0,0
GENE-14241,NO,1,0,0,0,0,0,0
GENE-14242,NO,1,0,0,0,0,0,0
GENE-14243,NO,1,4,2,1,1,5,0
GENE-14244,NO,1,75,63,66,73,74,89
GENE-14245,NO,1,0,0,0,0,0,0
GENE-14246,NO,1,8,7,7,2,21,3
GENE-14247,NO,1,53,31,64,25,21,65
GENE-14248,NO,1,204,157,234,175,220,243
GENE-14249,NO,1,3,0,0,2,0,1
GENE-14250,NO,1,0,1,0,1,0,0
GENE-14251,NO,1,40,41,40,47,38,41
GENE-14252,NO,1,104,109,113,116,111,92
GENE-14253,YES,1,0,0,0,0,0,0
GENE-14254,NO,1,200,221,210,195,238,203
GENE-14255,NO,1,66,65,58,52,68,68
GENE-14256,NO,1,0,0,0,0,0,0
GENE-14257,NO,1,91,58,66,43,71,83
GENE-14258,NO,1,0,0,0,0,0,0
GENE-14259,NO,1,435,254,347,389,516,584
GENE-14260,YES,1,0,0,0,0,0,0
GENE-14261,NO,1,2064,1825,2076,2293,2359,2645
GENE-14262,NO,1,0,0,0,0,0,0
GENE-14263,NO,1,0,0,0,0,0,0
GENE-14264,NO,1,0,0,0,0,0,0
GENE-14265,NO,1,0,0,0,0,0,0
GENE-14266,NO,1,0,0,0,0,0,0
GENE-14267,NO,1,0,0,0,0,0,0
GENE-14268,NO,1,0,0,0,0,0,0
GENE-14269,NO,1,0,0,0,0,0,0
GENE-14270,NO,1,0,0,0,0,0,0
GENE-14271,NO,1,0,0,0,0,0,0
GENE-14272,YES,1,0,0,0,0,0,0
GENE-14273,NO,1,0,0,0,0,0,0
GENE-14274,NO,1,0,0,0,0,0,0
GENE-14275,NO,1,0,0,0,0,0,0
GENE-14276,NO,1,0,0,0,0,0,0
GENE-14277,NO,1,0,0,0,0,0,0
GENE-14278,NO,1,0,0,0,0,0,0
GENE-14279,NO,1,6,4,1,4,2,5
GENE-14280,NO,1,0,0,0,0,0,0
GENE-14281,NO,1,146,103,217,186,99,131
GENE-14282,NO,1,2,0,0,0,0,0
GENE-14283,NO,1,0,0,0,0,0,0
GENE-14284,NO,1,0,0,0,0,0,0
GENE-14285,NO,1,0,2,3,4,2,12
GENE-14286,NO,1,0,0,0,0,0,0
GENE-14287,NO,1,0,0,0,0,0,0
GENE-14288,NO,1,45,54,52,49,62,52
GENE-14289,NO,1,0,0,0,0,0,0
GENE-14290,NO,1,0,0,0,0,0,0
GENE-14291,NO,1,0,0,0,0,0,0
GENE-14292,NO,1,0,0,0,0,0,0
GENE-14293,NO,1,856,2680,1122,973,1770,1178
GENE-14294,NO,1,1,0,2,0,1,3
GENE-14295,NO,1,2,2,5,1,2,0
GENE-14296,YES,1,0,0,0,0,0,0
GENE-14297,NO,1,0,0,0,0,0,0
GENE-14298,NO,1,0,0,0,0,0,0
GENE-14299,NO,1,0,0,0,0,0,0
GENE-14300,NO,1,0,0,0,0,0,0
GENE-14301,NO,1,8,29,11,15,49,15
GENE-14302,NO,1,422,450,472,441,406,361
GENE-14303,NO,1,0,0,0,0,1,0
GENE-14304,NO,1,0,0,0,0,0,0
GENE-14305,NO,1,0,0,0,0,0,0
GENE-14306,NO,1,0,0,0,0,0,0
GENE-14307,NO,1,118,115,7,5,296,282
GENE-14308,NO,1,0,0,0,0,0,0
GENE-14309,NO,1,19,23,10,8,19,10
GENE-14310,NO,1,0,0,0,0,0,0
GENE-14311,NO,1,0,0,0,0,0,0
GENE-14312,NO,1,2289,1035,3696,2984,182,5168
GENE-14313,NO,1,0,0,0,0,0,0
GENE-14314,NO,1,0,0,0,0,0,0
GENE-14315,NO,1,231,229,206,252,238,252
GENE-14316,NO,1,0,0,0,0,0,0
GENE-14317,NO,1,0,0,0,0,0,0
GENE-14318,NO,1,0,0,0,0,0,0
GENE-14319,NO,1,0,0,0,9,0,2
GENE-14320,NO,1,0,0,0,0,0,0
GENE-14321,NO,1,12,11,8,8,12,8
GENE-14322,NO,1,0,0,0,0,0,0
GENE-14323,NO,1,0,0,0,0,1,1
GENE-14324,NO,1,0,0,0,0,0,0
GENE-14325,NO,1,1,0,0,1,0,0
GENE-14326,NO,1,0,0,0,0,0,0
GENE-14327,NO,1,22,14,11,7,13,12
GENE-14328,NO,1,227,293,311,397,212,267
GENE-14329,NO,1,1981,2319,1483,1249,2142,1290
GENE-14330,NO,1,0,0,0,0,0,0
GENE-14331,NO,1,185,138,82,107,52,139
GENE-14332,NO,1,0,0,0,0,0,0
GENE-14333,NO,1,0,0,0,0,0,0
GENE-14334,NO,1,286,308,434,289,431,308
GENE-14335,NO,1,34,38,30,23,26,32
GENE-14336,NO,1,0,0,0,0,0,0
GENE-14337,NO,1,0,0,0,0,0,0
GENE-14338,NO,1,9,9,11,7,9,15
GENE-14339,NO,1,0,2,4,1,0,0
GENE-14340,NO,1,0,0,0,0,0,0
GENE-14341,NO,1,0,0,0,0,0,0
GENE-14342,NO,1,0,0,0,0,0,0
GENE-14343,YES,1,0,0,0,0,0,0
GENE-14344,NO,1,0,0,0,0,0,0
GENE-14345,NO,1,0,0,0,0,0,0
GENE-14346,NO,1,0,1,1,0,0,0
GENE-14347,NO,1,3,4,1,2,4,3
GENE-14348,NO,1,0,0,0,0,0,0
GENE-14349,NO,1,0,0,0,0,0,0
GENE-14350,NO,1,0,0,0,0,0,0
GENE-14351,NO,1,0,0,0,0,0,0
GENE-14352,NO,1,0,0,0,0,0,0
GENE-14353,NO,1,0,0,0,0,0,0
GENE-14354,YES,1,0,0,0,0,0,0
GENE-14355,NO,1,0,0,0,0,0,0
GENE-14356,NO,1,0,0,0,0,0,0
GENE-14357,NO,1,0,0,0,0,0,0
GENE-14358,NO,1,17,15,14,12,10,23
GENE-14359,NO,1,0,0,0,0,0,0
GENE-14360,NO,1,3,2,3,3,2,2
GENE-14361,NO,1,468,420,387,391,367,363
GENE-14362,NO,1,0,0,0,0,0,0
GENE-14363,NO,1,0,0,0,0,0,0
GENE-14364,NO,1,3539,4433,4735,4407,4282,4195
GENE-14365,NO,1,0,0,0,0,0,0
GENE-14366,NO,1,0,0,0,0,0,0
GENE-14367,NO,1,0,0,0,0,0,0
GENE-14368,NO,1,0,0,0,0,0,0
GENE-14369,NO,1,0,0,0,0,0,0
GENE-14370,NO,1,213,241,245,370,279,175
GENE-14371,NO,1,0,0,0,0,0,0
GENE-14372,NO,1,674,744,824,891,577,834
GENE-14373,NO,1,0,0,0,0,0,0
GENE-14374,NO,1,0,0,0,0,0,0
GENE-14375,NO,1,0,0,0,0,0,0
GENE-14376,NO,1,0,0,0,0,0,0
GENE-14377,NO,1,0,0,0,0,0,0
GENE-14378,NO,1,11,7,11,9,13,9
GENE-14379,NO,1,0,0,0,1,0,0
GENE-14380,NO,1,0,0,0,0,0,0
GENE-14381,NO,1,0,0,0,0,0,0
GENE-14382,NO,1,0,0,0,0,0,0
GENE-14383,NO,1,0,0,0,0,0,0
GENE-14384,NO,1,93,113,105,112,106,131
GENE-14385,NO,1,0,0,0,0,0,0
GENE-14386,NO,1,0,0,0,0,0,0
GENE-14387,NO,1,0,0,0,0,0,0
GENE-14388,NO,1,716,728,697,669,650,629
GENE-14389,NO,1,127,267,272,166,190,131
GENE-14390,NO,1,0,0,0,0,0,0
GENE-14391,NO,1,0,4,3,5,4,8
GENE-14392,NO,1,469,374,421,581,488,516
GENE-14393,NO,1,25,34,36,23,37,21
GENE-14394,NO,1,0,0,0,0,0,0
GENE-14395,NO,1,27,26,15,13,19,11
GENE-14396,YES,1,0,0,0,0,0,0
GENE-14397,NO,1,0,0,0,0,0,0
GENE-14398,NO,1,0,0,0,0,0,0
GENE-14399,NO,1,897,1041,967,1105,1030,1244
GENE-14400,YES,1,0,0,0,0,0,0
GENE-14401,NO,1,0,4,0,3,3,1
GENE-14402,NO,1,3,4,5,4,2,3
GENE-14403,NO,1,0,0,0,0,0,0
GENE-14404,NO,1,1120,1026,873,1037,912,1251
GENE-14405,NO,1,0,0,0,0,0,0
GENE-14406,NO,1,515,622,759,525,786,688
GENE-14407,NO,1,0,0,0,0,0,0
GENE-14408,NO,1,0,0,0,0,0,0
GENE-14409,NO,1,0,0,0,0,0,0
GENE-14410,NO,1,7,0,0,0,0,0
GENE-14411,NO,1,0,0,0,0,0,0
GENE-14412,NO,1,0,0,0,0,0,0
GENE-14413,NO,1,0,1,0,0,0,0
GENE-14414,NO,1,0,0,0,0,0,0
GENE-14415,NO,1,0,0,0,0,0,0
GENE-14416,NO,1,0,0,0,0,0,0
GENE-14417,YES,1,0,0,0,0,0,0
GENE-14418,NO,1,0,0,0,0,0,0
GENE-14419,NO,1,116,83,44,76,83,66
GENE-14420,NO,1,0,0,0,0,0,0
GENE-14421,NO,1,0,0,0,0,0,0
GENE-14422,NO,1,0,0,0,0,0,0
GENE-14423,NO,1,23,18,14,27,29,16
GENE-14424,NO,1,0,0,0,0,0,0
GENE-14425,NO,1,0,0,0,0,0,0
GENE-14426,NO,1,0,0,0,0,0,0
GENE-14427,NO,1,0,0,0,0,0,0
GENE-14428,NO,1,39,52,54,55,51,53
GENE-14429,YES,1,0,0,0,0,0,0
GENE-14430,NO,1,234,201,209,200,184,231
GENE-14431,NO,1,0,0,0,0,0,0
GENE-14432,NO,1,0,0,0,0,0,0
GENE-14433,NO,1,0,0,0,0,0,0
GENE-14434,YES,1,0,0,0,1,1,0
GENE-14435,NO,1,0,0,0,0,0,0
GENE-14436,NO,1,0,0,0,0,0,0
GENE-14437,NO,1,0,0,0,0,0,0
GENE-14438,NO,1,49,42,33,48,55,54
GENE-14439,NO,1,909,518,875,893,975,702
GENE-14440,NO,1,0,0,0,0,0,0
GENE-14441,NO,1,119,115,103,116,97,102
GENE-14442,NO,1,0,0,0,0,0,0
GENE-14443,NO,1,0,0,0,0,0,0
GENE-14444,NO,1,809,495,448,708,489,454
GENE-14445,NO,1,0,0,0,0,0,0
GENE-14446,NO,1,41,32,24,26,34,19
GENE-14447,NO,1,0,0,0,0,0,0
GENE-14448,NO,1,0,0,0,0,0,0
GENE-14449,NO,1,0,0,0,0,0,0
GENE-14450,YES,1,0,0,0,0,0,0
GENE-14451,NO,1,0,0,0,0,0,0
GENE-14452,NO,1,0,0,0,0,0,0
GENE-14453,NO,1,0,0,0,0,0,0
GENE-14454,NO,1,0,0,0,0,0,0
GENE-14455,NO,1,3647,3347,3404,3656,4393,3675
GENE-14456,NO,1,0,0,0,0,0,0
GENE-14457,NO,1,1,4,5,3,4,1
GENE-14458,NO,1,0,0,0,0,0,0
GENE-14459,NO,1,0,0,0,0,0,0
GENE-14460,NO,1,0,0,0,0,0,0
GENE-14461,NO,1,0,0,0,0,0,0
GENE-14462,NO,1,537,1180,1290,1612,720,599
GENE-14463,NO,1,0,0,0,0,0,0
GENE-14464,NO,1,0,0,0,0,0,0
GENE-14465,NO,1,1,0,1,0,1,0
GENE-14466,NO,1,0,0,0,0,0,0
GENE-14467,NO,1,3769,4083,3959,4134,3872,4151
GENE-14468,NO,1,0,0,0,0,0,0
GENE-14469,NO,1,0,0,0,0,0,0
GENE-14470,NO,1,0,0,0,0,0,0
GENE-14471,NO,1,24,25,17,16,21,22
GENE-14472,NO,1,0,0,0,0,0,0
GENE-14473,NO,1,0,0,0,0,0,0
GENE-14474,NO,1,0,0,0,0,0,0
GENE-14475,NO,1,0,0,0,0,0,0
GENE-14476,NO,1,0,0,0,0,0,0
GENE-14477,NO,1,0,0,0,0,0,0
GENE-14478,NO,1,328,242,268,322,291,336
GENE-14479,NO,1,0,0,0,0,0,0
GENE-14480,NO,1,0,0,0,0,0,0
GENE-14481,NO,1,48,67,72,47,93,46
GENE-14482,NO,1,32,27,27,25,25,21
GENE-14483,NO,1,0,0,0,0,0,0
GENE-14484,NO,1,0,0,0,0,0,0
GENE-14485,NO,1,0,0,0,0,0,0
GENE-14486,NO,1,0,0,0,0,0,0
GENE-14487,NO,1,0,0,0,0,0,0
GENE-14488,NO,1,131,73,93,108,97,129
GENE-14489,NO,1,0,0,0,0,0,0
GENE-14490,NO,1,260,255,276,263,266,269
GENE-14491,NO,1,0,0,0,0,0,0
GENE-14492,NO,1,22,55,58,96,49,65
GENE-14493,NO,1,0,0,0,0,0,0
GENE-14494,NO,1,1,1,0,0,1,0
GENE-14495,NO,1,0,0,0,0,0,0
GENE-14496,NO,1,0,0,0,0,0,0
GENE-14497,NO,1,4,11,12,7,6,11
GENE-14498,NO,1,0,0,0,0,0,0
GENE-14499,NO,1,0,0,0,0,0,0
GENE-14500,NO,1,0,0,0,0,0,0
GENE-14501,NO,1,0,0,0,0,0,0
GENE-14502,NO,1,0,0,0,0,0,0
GENE-14503,NO,1,127,309,62,84,170,151
GENE-14504,NO,1,0,2,1,0,0,1
GENE-14505,NO,1,0,0,0,0,0,0
GENE-14506,NO,1,1,1,1,1,0,0
GENE-14507,NO,1,78,335,30,30,85,76
GENE-14508,NO,1,83,56,99,116,107,102
GENE-14509,NO,1,0,0,0,0,0,0
GENE-14510,NO,1,0,0,0,0,0,0
GENE-14511,NO,1,0,0,0,0,0,0
GENE-14512,NO,1,0,0,0,0,0,0
GENE-14513,NO,1,14,11,14,16,15,11
GENE-14514,NO,1,0,0,0,0,0,0
GENE-14515,NO,1,0,0,0,0,0,0
GENE-14516,NO,1,0,2,2,0,0,0
GENE-14517,NO,1,1992,1353,1217,1967,1402,2044
GENE-14518,NO,1,4,14,12,13,6,12
GENE-14519,NO,1,0,0,0,0,0,0
GENE-14520,NO,1,184,465,383,189,475,230
GENE-14521,NO,1,0,0,0,0,0,0
GENE-14522,NO,1,0,0,0,0,0,0
GENE-14523,NO,1,0,0,0,0,0,0
GENE-14524,NO,1,0,0,0,0,0,0
GENE-14525,NO,1,0,0,0,0,0,0
GENE-14526,NO,1,286,183,190,228,236,242
GENE-14527,YES,1,0,0,0,0,0,0
GENE-14528,NO,1,0,0,0,0,0,0
GENE-14529,NO,1,2,0,0,1,2,2
GENE-14530,NO,1,17,59,33,23,38,42
GENE-14531,NO,1,121,234,144,163,143,173
GENE-14532,NO,1,0,0,0,0,0,0
GENE-14533,NO,1,2,3,1,2,0,0
GENE-14534,NO,1,2,3,2,4,5,1
GENE-14535,NO,1,64,34,25,23,54,53
GENE-14536,NO,1,0,0,0,0,0,0
GENE-14537,NO,1,0,0,0,0,0,0
GENE-14538,NO,1,0,0,0,0,0,0
GENE-14539,NO,1,105,95,100,83,106,108
GENE-14540,NO,1,632,766,692,706,723,726
GENE-14541,NO,1,0,0,0,0,0,0
GENE-14542,NO,1,0,0,0,0,0,0
GENE-14543,YES,1,1,0,0,0,0,1
GENE-14544,NO,1,0,0,0,0,0,0
GENE-14545,NO,1,96,90,110,111,98,95
GENE-14546,NO,1,0,0,0,0,0,0
GENE-14547,NO,1,0,0,0,0,0,0
GENE-14548,NO,1,0,0,0,0,0,0
GENE-14549,NO,1,0,0,0,0,0,0
GENE-14550,NO,1,0,0,0,0,0,0
GENE-14551,NO,1,314,232,250,206,304,299
GENE-14552,NO,1,0,0,0,0,0,0
GENE-14553,NO,1,0,0,0,0,0,0
GENE-14554,NO,1,0,0,0,0,0,0
GENE-14555,NO,1,0,0,0,0,0,0
GENE-14556,NO,1,16,13,20,14,17,14
GENE-14557,NO,1,0,0,0,0,0,0
GENE-14558,NO,1,0,0,0,1,0,0
GENE-14559,NO,1,0,0,0,0,0,0
GENE-14560,NO,1,0,0,0,0,0,0
GENE-14561,NO,1,0,0,0,0,0,0
GENE-14562,NO,1,0,0,0,0,0,0
GENE-14563,NO,1,45,42,54,30,41,24
GENE-14564,NO,1,56,65,50,71,68,50
GENE-14565,YES,1,2,1,0,1,1,1
GENE-14566,NO,1,253,283,438,441,333,370
GENE-14567,NO,1,0,0,0,0,0,0
GENE-14568,NO,1,173,550,196,371,429,452
GENE-14569,NO,1,0,0,0,0,0,0
GENE-14570,NO,1,238,200,318,333,205,194
GENE-14571,NO,1,0,0,0,0,0,0
GENE-14572,NO,1,0,0,0,0,0,0
GENE-14573,NO,1,0,0,0,0,0,0
GENE-14574,NO,1,0,0,0,0,0,0
GENE-14575,NO,1,372,207,232,305,233,273
GENE-14576,NO,1,0,0,0,0,0,0
GENE-14577,NO,1,269,219,251,247,287,232
GENE-14578,NO,1,69,63,43,40,67,50
GENE-14579,NO,1,0,0,0,0,0,0
GENE-14580,NO,1,0,0,0,0,0,0
GENE-14581,NO,1,0,0,0,0,0,0
GENE-14582,NO,1,0,0,0,0,0,0
GENE-14583,NO,1,0,0,0,0,0,0
GENE-14584,NO,1,0,0,0,0,0,0
GENE-14585,NO,1,1175,1630,1366,1428,1462,1457
GENE-14586,NO,1,0,0,0,0,0,0
GENE-14587,NO,1,0,0,0,0,0,0
GENE-14588,NO,1,0,0,0,0,0,0
GENE-14589,NO,1,531,396,431,224,424,321
GENE-14590,NO,1,0,0,0,0,0,0
GENE-14591,NO,1,0,0,0,0,0,0
GENE-14592,NO,1,0,0,0,0,0,0
GENE-14593,NO,1,2,3,2,2,1,0
GENE-14594,NO,1,0,0,0,0,0,0
GENE-14595,NO,1,0,0,0,0,0,0
GENE-14596,NO,1,0,0,0,0,0,0
GENE-14597,NO,1,0,0,0,0,0,0
GENE-14598,NO,1,0,0,0,0,0,0
GENE-14599,NO,1,0,0,0,0,0,0
GENE-14600,NO,1,0,0,0,0,0,0
GENE-14601,NO,1,15,30,17,27,24,12
GENE-14602,NO,1,0,0,0,0,0,0
GENE-14603,NO,1,11,12,5,10,8,5
GENE-14604,NO,1,19,11,14,12,14,12
GENE-14605,NO,1,7,2,10,6,9,4
GENE-14606,NO,1,98,134,107,84,80,97
GENE-14607,NO,1,0,2,0,0,1,2
GENE-14608,NO,1,0,0,0,0,0,0
GENE-14609,NO,1,0,0,0,0,0,0
GENE-14610,NO,1,0,0,0,0,0,0
GENE-14611,NO,1,0,0,0,0,0,0
GENE-14612,NO,1,0,0,0,0,0,0
GENE-14613,NO,1,75,64,81,59,69,50
GENE-14614,YES,1,1,1,0,0,0,0
GENE-14615,NO,1,0,0,0,0,0,0
GENE-14616,YES,1,0,0,0,0,0,0
GENE-14617,NO,1,0,0,0,0,0,0
GENE-14618,NO,1,0,0,0,0,0,0
GENE-14620,NO,1,0,0,0,0,0,0
GENE-14621,NO,1,237,253,273,322,316,225
GENE-14622,NO,1,0,0,0,0,0,0
GENE-14623,YES,1,0,0,0,0,0,0
GENE-14624,YES,1,0,0,0,0,0,0
GENE-14625,NO,1,2,15,3,9,15,8
GENE-14626,NO,1,0,0,0,0,0,0
GENE-14627,NO,1,0,0,0,0,0,0
GENE-14628,NO,1,0,0,0,0,0,0
GENE-14629,NO,1,25,21,28,19,18,17
GENE-14630,NO,1,221,224,220,263,195,234
GENE-14631,NO,1,48,31,54,35,79,53
GENE-14632,NO,1,0,0,0,0,0,0
GENE-14633,NO,1,190,264,209,190,142,230
GENE-14634,NO,1,8,5,1,7,7,8
GENE-14635,NO,1,0,1,0,1,0,0
GENE-14636,NO,1,0,0,0,0,0,0
GENE-14637,NO,1,0,0,0,0,0,0
GENE-14638,NO,1,18,13,15,25,19,22
GENE-14639,YES,1,0,0,0,0,0,0
GENE-14640,NO,1,0,0,0,0,0,0
GENE-14641,NO,1,0,0,0,0,0,0
GENE-14642,NO,1,0,0,0,0,0,0
GENE-14643,NO,1,0,0,0,0,0,0
GENE-14644,NO,1,0,0,0,0,0,0
GENE-14645,NO,1,0,1,0,0,0,0
GENE-14646,NO,1,0,0,0,0,0,0
GENE-14647,NO,1,0,0,0,0,0,0
GENE-14648,NO,1,611,665,888,647,679,719
GENE-14649,NO,1,90,77,82,73,89,77
GENE-14650,YES,1,0,0,0,0,0,0
GENE-14651,NO,1,0,0,0,0,0,0
GENE-14652,NO,1,0,0,0,0,0,0
GENE-14653,NO,1,0,0,0,0,0,0
GENE-14654,NO,1,0,0,0,0,0,0
GENE-14655,NO,1,0,0,0,0,0,0
GENE-14656,NO,1,740,660,470,764,696,793
GENE-14657,NO,1,0,0,0,0,0,0
GENE-14658,NO,1,0,0,0,0,0,0
GENE-14659,NO,1,0,0,0,0,0,0
GENE-14660,NO,1,0,0,0,0,0,0
GENE-14661,NO,1,0,0,0,0,0,0
GENE-14662,NO,1,0,0,0,0,0,0
GENE-14663,NO,1,23,30,28,28,39,21
GENE-14664,NO,1,0,0,0,0,0,0
GENE-14665,NO,1,10,45,218,3,98,27
GENE-14666,NO,1,0,0,0,0,0,0
GENE-14667,NO,1,513,503,423,491,619,466
GENE-14668,NO,1,6,24,14,27,15,22
GENE-14669,NO,1,0,0,0,0,0,0
GENE-14670,NO,1,0,0,0,0,0,0
GENE-14671,NO,1,0,0,0,0,0,0
GENE-14672,NO,1,6,1,2,4,3,4
GENE-14673,NO,1,0,0,0,0,0,0
GENE-14674,NO,1,0,0,0,0,1,0
GENE-14675,NO,1,0,0,1,0,1,0
GENE-14676,NO,1,0,0,0,0,0,0
GENE-14677,NO,1,72,63,59,53,64,54
GENE-14678,NO,1,22,23,34,24,15,15
GENE-14679,NO,1,26,25,20,17,22,13
GENE-14680,NO,1,17,12,15,18,15,9
GENE-14681,NO,1,0,0,0,0,0,0
GENE-14682,NO,1,24,15,17,19,10,18
GENE-14683,NO,1,0,0,0,0,0,0
GENE-14684,NO,1,0,0,0,0,0,0
GENE-14685,NO,1,9,3,1,5,5,7
GENE-14686,NO,1,0,0,0,0,0,0
GENE-14687,NO,1,0,0,0,0,0,0
GENE-14688,NO,1,0,0,0,0,0,0
GENE-14689,NO,1,0,0,0,0,0,0
GENE-14690,NO,1,0,0,0,0,0,0
GENE-14691,NO,1,0,0,0,0,0,0
GENE-14692,NO,1,0,0,0,0,0,0
GENE-14693,NO,1,0,0,0,0,0,0
GENE-14694,NO,1,0,0,0,0,0,0
GENE-14695,NO,1,21,12,18,21,13,23
GENE-14696,NO,1,16,16,20,9,23,20
GENE-14698,NO,1,0,0,0,0,0,0
GENE-14699,NO,1,0,0,0,0,0,0
GENE-14700,NO,1,0,0,0,0,0,0
GENE-14701,NO,1,0,1,0,2,0,2
GENE-14702,NO,1,0,0,0,0,0,0
GENE-14703,NO,1,0,0,0,0,0,0
GENE-14704,NO,1,158,53,22,59,161,56
GENE-14705,YES,1,2,3,0,0,0,0
GENE-14706,NO,1,0,0,0,0,0,0
GENE-14707,NO,1,1908,1409,1792,2071,1835,1564
GENE-14708,NO,1,0,0,0,0,0,0
GENE-14709,NO,1,0,0,0,0,0,0
GENE-14710,NO,1,0,0,0,0,0,0
GENE-14711,NO,1,14,40,35,22,10,15
GENE-14712,NO,1,0,0,0,0,0,0
GENE-14713,NO,1,0,0,0,0,0,0
GENE-14714,NO,1,306,405,187,324,197,201
GENE-14715,YES,1,0,0,0,0,0,0
GENE-14716,NO,1,0,0,0,0,0,0
GENE-14717,NO,1,4,7,8,4,5,10
GENE-14718,NO,1,0,0,0,0,0,0
GENE-14719,YES,1,0,0,0,0,0,0
GENE-14720,NO,1,24,25,35,28,45,40
GENE-14721,NO,1,0,0,0,0,0,0
GENE-14722,YES,1,0,0,0,0,0,0
GENE-14723,NO,1,0,0,0,0,0,0
GENE-14724,NO,1,0,0,0,0,0,0
GENE-14725,NO,1,0,0,0,0,0,0
GENE-14726,NO,1,0,0,0,0,0,0
GENE-14727,NO,1,0,0,0,0,0,0
GENE-14728,NO,1,0,0,0,0,0,0
GENE-14729,NO,1,0,0,0,0,0,0
GENE-14730,NO,1,0,0,0,0,0,0
GENE-14731,NO,1,0,0,0,0,0,0
GENE-14732,NO,1,0,0,0,0,0,0
GENE-14733,NO,1,278,151,247,211,221,228
GENE-14734,NO,1,0,0,0,0,0,0
GENE-14735,NO,1,0,0,0,0,0,0
GENE-14736,NO,1,0,0,0,0,0,0
GENE-14737,NO,1,0,0,0,0,0,0
GENE-14738,NO,1,0,0,0,0,0,0
GENE-14739,NO,1,0,0,0,1,0,0
GENE-14740,NO,1,71,142,79,95,93,90
GENE-14741,NO,1,0,0,0,0,0,0
GENE-14742,YES,1,0,0,0,0,0,0
GENE-14743,NO,1,544,574,489,510,530,403
GENE-14744,NO,1,0,0,0,0,0,0
GENE-14745,NO,1,0,0,0,0,0,0
GENE-14746,NO,1,0,0,0,0,0,0
GENE-14747,NO,1,79,94,93,79,93,90
GENE-14748,NO,1,53,46,58,63,58,46
GENE-14749,NO,1,16,32,61,19,28,35
GENE-14750,NO,1,0,0,0,0,0,0
GENE-14751,NO,1,0,0,0,0,0,0
GENE-14752,NO,1,0,0,0,0,0,0
GENE-14753,NO,1,0,0,0,0,0,0
GENE-14754,NO,1,0,0,0,0,0,0
GENE-14755,NO,1,0,0,0,0,0,0
GENE-14756,NO,1,0,0,0,0,0,0
GENE-14757,NO,1,0,0,0,0,0,0
GENE-14758,NO,1,0,0,0,0,0,0
GENE-14759,NO,1,0,0,0,0,0,0
GENE-14760,NO,1,0,0,0,0,0,0
GENE-14762,NO,1,0,0,0,0,0,0
GENE-14763,YES,1,0,0,0,0,0,0
GENE-14764,NO,1,0,0,0,0,0,0
GENE-14765,YES,1,0,0,0,0,0,0
GENE-14766,NO,1,0,0,0,0,0,0
GENE-14767,NO,1,0,0,0,0,0,0
GENE-14768,NO,1,0,0,0,0,0,0
GENE-14769,NO,1,0,0,0,0,0,0
GENE-14770,NO,1,0,0,0,0,0,0
GENE-14771,NO,1,0,0,0,0,0,0
GENE-14772,NO,1,0,0,0,0,0,0
GENE-14773,YES,1,0,0,0,0,0,0
GENE-14774,NO,1,0,0,0,0,0,0
GENE-14775,NO,1,14,8,3,3,3,4
GENE-14776,NO,1,226,215,271,169,232,248
GENE-14777,NO,1,0,0,0,0,0,0
GENE-14778,NO,1,1441,1928,1627,1426,1689,1674
GENE-14779,NO,1,0,0,0,1,0,0
GENE-14780,NO,1,35,9,20,22,30,23
GENE-14781,NO,1,9,12,9,11,17,14
GENE-14782,NO,1,0,0,1,0,0,0
GENE-14783,NO,1,140,156,171,208,181,174
GENE-14784,NO,1,0,0,0,0,0,0
GENE-14785,NO,1,0,0,0,0,0,0
GENE-14786,NO,1,4,4,4,7,7,2
GENE-14787,NO,1,0,0,0,0,0,0
GENE-14788,NO,1,0,0,0,0,0,0
GENE-14789,NO,1,0,0,0,0,0,0
GENE-14790,NO,1,0,0,0,0,0,0
GENE-14791,NO,1,0,0,0,0,0,0
GENE-14792,NO,1,5,1,0,0,0,3
GENE-14793,NO,1,0,0,0,0,0,0
GENE-14794,NO,1,0,0,0,0,0,0
GENE-14795,NO,1,0,0,0,0,0,0
GENE-14796,YES,1,0,0,0,0,0,0
GENE-14797,NO,1,0,0,0,0,0,0
GENE-14798,NO,1,158,401,499,594,1109,952
GENE-14799,NO,1,0,0,0,0,0,0
GENE-14800,NO,1,0,1,1,1,0,0
GENE-14801,NO,1,20,12,30,10,18,17
GENE-14802,NO,1,525,507,542,469,542,506
GENE-14803,NO,1,0,0,0,0,0,0
GENE-14804,NO,1,42,33,39,22,25,30
GENE-14805,NO,1,0,0,1,1,0,0
GENE-14806,NO,1,0,0,0,0,0,0
GENE-14807,NO,1,8,13,20,12,13,6
GENE-14808,NO,1,0,0,0,0,0,0
GENE-14809,NO,1,0,0,0,0,0,0
GENE-14810,NO,1,262,215,236,230,247,189
GENE-14811,NO,1,33,15,26,33,23,24
GENE-14812,NO,1,78,60,57,39,42,37
GENE-14813,NO,1,0,0,0,0,0,0
GENE-14814,NO,1,0,0,0,0,0,0
GENE-14815,NO,1,0,0,0,0,0,0
GENE-14816,NO,1,0,0,0,0,0,0
GENE-14817,NO,1,0,2,2,4,4,3
GENE-14818,NO,1,0,0,0,0,0,0
GENE-14819,NO,1,0,0,0,0,0,0
GENE-14820,NO,1,0,0,0,0,0,0
GENE-14821,NO,1,0,0,1,0,0,0
GENE-14822,NO,1,0,0,0,0,0,0
GENE-14823,NO,1,0,0,0,0,0,0
GENE-14825,NO,1,12464,11912,10880,12197,11195,13788
GENE-14826,NO,1,0,0,0,0,0,0
GENE-14827,NO,1,0,1,2,0,0,0
GENE-14828,NO,1,78,125,94,73,96,102
GENE-14829,NO,1,136,127,124,103,158,112
GENE-14830,NO,1,0,0,0,0,0,0
GENE-14831,NO,1,0,0,0,0,0,0
GENE-14832,NO,1,0,0,0,0,0,0
GENE-14833,NO,1,0,0,0,0,0,0
GENE-14834,NO,1,2924,2807,3082,2526,2230,2735
GENE-14835,NO,1,618,473,657,945,554,853
GENE-14836,YES,1,0,0,0,0,0,0
GENE-14837,NO,1,0,0,0,0,0,0
GENE-14838,NO,1,0,0,0,0,0,0
GENE-14839,NO,1,306,264,274,280,322,242
GENE-14840,NO,1,0,0,0,0,0,0
GENE-14841,NO,1,0,0,0,0,0,0
GENE-14842,YES,1,0,0,0,0,0,0
GENE-14843,NO,1,12,16,11,14,8,13
GENE-14844,NO,1,0,0,0,0,0,0
GENE-14845,NO,1,0,0,1,1,0,0
GENE-14846,NO,1,0,0,0,0,0,0
GENE-14847,NO,1,0,0,0,0,0,0
GENE-14848,NO,1,0,0,0,0,0,0
GENE-14849,NO,1,0,0,0,0,0,0
GENE-14850,NO,1,0,0,0,0,0,0
GENE-14851,NO,1,0,0,0,0,0,0
GENE-14852,NO,1,0,0,0,0,0,0
GENE-14853,NO,1,0,0,0,0,0,0
GENE-14854,NO,1,1,0,1,3,1,1
GENE-14855,NO,1,10,10,12,24,19,28
GENE-14856,NO,1,0,0,0,0,0,0
GENE-14857,NO,1,0,0,0,0,0,0
GENE-14858,NO,1,0,0,0,0,0,0
GENE-14859,NO,1,0,0,0,0,0,0
GENE-14860,NO,1,0,0,0,0,0,0
GENE-14861,NO,1,118,180,114,110,115,141
GENE-14862,NO,1,0,0,0,0,0,0
GENE-14863,NO,1,0,0,0,0,0,0
GENE-14864,NO,1,0,0,0,0,0,0
GENE-14865,NO,1,29,16,12,8,25,16
GENE-14866,NO,1,0,0,0,0,0,0
GENE-14867,NO,1,0,0,0,0,0,0
GENE-14868,NO,1,0,0,0,0,0,0
GENE-14869,NO,1,0,0,0,0,0,0
GENE-14870,NO,1,0,0,0,0,0,0
GENE-14871,NO,1,1,0,1,2,2,1
GENE-14872,NO,1,0,0,0,0,0,0
GENE-14873,NO,1,0,0,0,0,0,0
GENE-14874,NO,1,0,0,0,0,0,0
GENE-14875,NO,1,0,0,0,0,0,0
GENE-14876,NO,1,0,0,0,0,0,0
GENE-14877,NO,1,103,92,121,95,93,116
GENE-14878,NO,1,0,0,0,0,0,0
GENE-14879,NO,1,0,0,0,0,0,0
GENE-14880,NO,1,0,0,0,0,0,0
GENE-14881,NO,1,0,0,0,0,0,0
GENE-14882,NO,1,388,286,258,279,253,303
GENE-14883,NO,1,459,429,442,454,385,418
GENE-14884,NO,1,0,0,0,0,0,0
GENE-14885,NO,1,12,14,8,17,14,14
GENE-14886,NO,1,0,0,0,0,0,0
GENE-14887,NO,1,393,530,456,422,483,400
GENE-14888,NO,1,0,0,0,0,0,0
GENE-14889,NO,1,0,0,0,0,0,0
GENE-14890,NO,1,20,18,25,6,14,39
GENE-14891,NO,1,1,3,0,0,0,2
GENE-14892,NO,1,0,0,0,0,0,0
GENE-14893,NO,1,2,1,4,0,2,1
GENE-14894,NO,1,0,0,0,0,0,0
GENE-14895,NO,1,1,1,0,1,1,0
GENE-14896,NO,1,0,0,0,0,0,0
GENE-14897,NO,1,536,479,543,484,619,670
GENE-14898,NO,1,0,0,0,0,0,0
GENE-14899,NO,1,1154,1200,1004,1210,1145,1380
GENE-14900,NO,1,640,699,479,686,479,865
GENE-14901,NO,1,3,5,2,3,2,3
GENE-14902,NO,1,0,0,0,0,0,0
GENE-14903,NO,1,1,3,0,0,1,1
GENE-14904,NO,1,0,0,0,0,0,0
GENE-14905,NO,1,2254,2079,6701,3727,1112,6251
GENE-14906,NO,1,645,707,829,557,749,713
GENE-14907,NO,1,33,37,42,32,23,37
GENE-14908,NO,1,563,677,633,655,610,630
GENE-14909,NO,1,0,0,0,0,0,0
GENE-14910,YES,1,0,0,0,0,0,0
GENE-14911,NO,1,0,0,0,0,0,0
GENE-14912,NO,1,0,1,0,0,0,0
GENE-14913,NO,1,0,1,0,0,0,1
GENE-14914,NO,1,0,0,0,0,0,0
GENE-14915,NO,1,0,0,0,0,0,0
GENE-14916,NO,1,0,0,0,0,0,0
GENE-14917,NO,1,7,5,6,7,3,7
GENE-14918,NO,1,0,0,0,0,0,0
GENE-14919,NO,1,13,15,16,15,18,13
GENE-14920,NO,1,0,0,0,0,0,0
GENE-14921,NO,1,1,0,0,0,0,0
GENE-14922,NO,1,0,0,0,0,0,0
GENE-14923,NO,1,300,366,399,533,398,295
GENE-14924,NO,1,0,0,0,0,0,0
GENE-14925,NO,1,0,0,0,0,0,0
GENE-14926,NO,1,0,0,0,0,0,0
GENE-14927,NO,1,0,0,0,0,0,0
GENE-14928,NO,1,83,70,58,64,122,47
GENE-14929,NO,1,0,0,0,0,0,0
GENE-14930,NO,1,0,0,0,0,0,0
GENE-14931,NO,1,0,0,0,0,0,0
GENE-14932,NO,1,0,0,0,0,0,0
GENE-14933,NO,1,86,90,119,118,93,97
GENE-14934,NO,1,0,0,0,0,0,0
GENE-14935,NO,1,2,1,2,1,2,0
GENE-14936,NO,1,26,23,34,21,21,26
GENE-14937,NO,1,0,0,0,0,0,0
GENE-14938,NO,1,0,0,0,0,0,0
GENE-14939,YES,1,2,1,4,0,0,0
GENE-14940,NO,1,1,5,4,8,5,5
GENE-14941,NO,1,0,0,0,0,0,0
GENE-14942,NO,1,109,102,106,158,80,132
GENE-14943,NO,1,0,0,0,0,0,0
GENE-14944,NO,1,718,959,1372,1018,733,802
GENE-14945,NO,1,19,12,18,22,16,18
GENE-14946,NO,1,712,603,652,554,548,649
GENE-14947,NO,1,0,0,0,0,0,0
GENE-14948,NO,1,111,133,157,126,158,153
GENE-14949,NO,1,0,0,0,0,0,0
GENE-14950,NO,1,0,0,0,0,0,0
GENE-14951,NO,1,0,0,0,0,0,0
GENE-14952,NO,1,9,12,9,9,5,14
GENE-14953,NO,1,0,0,0,0,0,0
GENE-14955,NO,1,0,0,0,0,0,0
GENE-14956,NO,1,331,249,266,315,203,275
GENE-14957,NO,1,68,71,91,105,42,86
GENE-14958,NO,1,486,804,1045,501,733,883
GENE-14959,NO,1,1,2,1,0,0,5
GENE-14960,NO,1,0,0,0,0,0,0
GENE-14961,NO,1,0,0,0,0,0,0
GENE-14962,NO,1,0,0,0,0,0,0
GENE-14963,NO,1,0,0,0,0,0,0
GENE-14964,NO,1,0,0,0,0,0,0
GENE-14965,NO,1,0,0,0,0,0,0
GENE-14966,NO,1,0,0,0,0,0,0
GENE-14967,NO,1,0,0,0,0,0,0
GENE-14968,NO,1,0,0,0,0,0,0
GENE-14969,NO,1,0,0,0,0,0,0
GENE-14970,NO,1,0,0,0,0,0,0
GENE-14971,NO,1,4,5,7,6,7,3
GENE-14972,NO,1,0,0,0,0,0,0
GENE-14973,NO,1,0,0,0,0,0,0
GENE-14974,NO,1,0,0,0,0,0,0
GENE-14975,NO,1,7,8,4,9,11,9
GENE-14976,NO,1,15,48,165,17,5,19
GENE-14977,NO,1,5,4,3,8,3,3
GENE-14978,NO,1,0,0,0,0,0,0
GENE-14979,NO,1,0,0,0,0,0,0
GENE-14980,NO,1,47,79,60,51,36,19
GENE-14981,NO,1,36,26,24,46,45,41
GENE-14982,NO,1,0,0,0,0,0,0
GENE-14983,NO,1,3,0,0,2,1,1
GENE-14984,NO,1,0,0,1,3,0,0
GENE-14985,NO,1,0,0,0,0,0,0
GENE-14986,NO,1,0,0,0,0,0,0
GENE-14987,NO,1,0,0,0,0,0,0
GENE-14988,NO,1,0,0,0,0,0,0
GENE-14989,NO,1,22,35,38,32,30,25
GENE-14990,NO,1,0,0,0,0,0,0
GENE-14991,NO,1,0,0,0,0,0,0
GENE-14992,NO,1,0,0,0,0,0,0
GENE-14993,NO,1,1,3,1,2,1,0
GENE-14994,NO,1,0,0,0,0,0,0
GENE-14995,NO,1,0,0,0,0,0,0
GENE-14996,NO,1,18,16,22,13,12,19
GENE-14997,NO,1,17,12,9,13,14,6
GENE-14998,NO,1,0,1,2,0,1,1
GENE-14999,NO,1,0,0,0,0,0,0
GENE-15000,NO,1,0,0,0,0,0,0
GENE-15001,NO,1,0,0,0,0,0,0
GENE-15002,NO,1,0,0,0,0,0,0
GENE-15003,NO,1,0,0,0,0,0,0
GENE-15004,NO,1,0,0,0,0,0,0
GENE-15005,NO,1,97,135,171,100,168,133
GENE-15006,NO,1,0,0,0,0,0,0
GENE-15007,NO,1,0,0,0,0,0,0
GENE-15008,NO,1,0,0,0,0,0,0
GENE-15009,NO,1,0,0,0,0,0,0
GENE-15010,NO,1,4,2,4,5,3,4
GENE-15011,NO,1,316,37,183,186,173,52
GENE-15012,NO,1,0,0,0,0,0,0
GENE-15013,NO,1,0,0,0,0,0,0
GENE-15014,NO,1,0,0,0,0,0,0
GENE-15015,NO,1,0,0,0,0,0,0
GENE-15016,NO,1,0,0,0,0,1,0
GENE-15017,NO,1,0,0,0,0,0,0
GENE-15018,NO,1,0,0,0,0,0,0
GENE-15019,NO,1,0,0,0,0,0,0
GENE-15020,NO,1,0,0,0,0,0,0
GENE-15021,NO,1,0,0,0,0,0,0
GENE-15022,NO,1,149,123,108,137,145,126
GENE-15023,NO,1,0,0,0,0,0,0
GENE-15024,NO,1,0,0,0,0,0,0
GENE-15025,NO,1,10,14,9,17,20,8
GENE-15026,NO,1,9,4,4,13,5,3
GENE-15027,NO,1,0,0,0,0,0,0
GENE-15028,NO,1,57,38,57,47,40,53
GENE-15029,NO,1,0,0,0,2,0,0
GENE-15030,YES,1,0,0,0,0,0,0
GENE-15031,NO,1,0,0,0,0,0,0
GENE-15032,NO,1,0,0,0,0,0,0
GENE-15033,NO,1,0,0,0,0,0,0
GENE-15034,NO,1,3,5,1,2,3,8
GENE-15036,NO,1,0,0,0,0,0,0
GENE-15037,NO,1,91,69,61,68,81,125
GENE-15038,NO,1,0,0,0,0,0,0
GENE-15039,NO,1,0,2,0,0,1,0
GENE-15040,NO,1,0,0,0,0,0,0
GENE-15041,NO,1,1,0,0,1,0,2
GENE-15042,NO,1,0,0,0,0,0,0
GENE-15043,NO,1,16,8,11,8,3,11
GENE-15044,NO,1,2,2,2,2,2,2
GENE-15045,NO,1,0,0,0,0,0,0
GENE-15046,NO,1,0,0,0,0,0,0
GENE-15047,NO,1,0,0,0,0,0,0
GENE-15048,NO,1,0,0,0,0,0,0
GENE-15049,NO,1,0,0,0,0,0,0
GENE-15050,NO,1,0,0,0,0,0,0
GENE-15051,NO,1,0,0,0,1,0,0
GENE-15052,YES,1,0,0,0,0,0,0
GENE-15053,NO,1,37,86,44,45,61,21
GENE-15054,NO,1,122,98,110,109,127,103
GENE-15055,NO,1,0,0,0,0,0,0
GENE-15056,NO,1,0,0,0,0,0,0
GENE-15057,YES,1,0,0,0,0,0,0
GENE-15058,NO,1,0,0,0,0,0,0
GENE-15059,NO,1,0,0,0,0,0,0
GENE-15060,NO,1,0,0,0,0,0,0
GENE-15061,NO,1,606,765,743,796,750,809
GENE-15062,YES,1,0,0,0,0,0,0
GENE-15063,NO,1,0,0,0,0,0,0
GENE-15064,NO,1,0,0,0,0,0,0
GENE-15065,NO,1,0,0,0,0,0,0
GENE-15066,NO,1,0,0,0,0,0,0
GENE-15067,NO,1,7785,5984,6627,4825,5071,5541
GENE-15068,NO,1,0,0,0,0,0,0
GENE-15069,NO,1,0,0,0,0,0,0
GENE-15070,NO,1,0,0,0,0,0,0
GENE-15071,NO,1,0,0,0,0,0,0
GENE-15072,NO,1,900,448,729,682,440,599
GENE-15073,NO,1,1,0,2,2,1,3
GENE-15074,NO,1,0,0,0,0,0,0
GENE-15075,NO,1,0,0,0,0,0,0
GENE-15076,NO,1,0,0,0,0,0,0
GENE-15077,NO,1,0,0,0,0,0,0
GENE-15078,NO,1,0,0,0,0,0,0
GENE-15079,NO,1,0,0,0,0,0,0
GENE-15080,NO,1,0,0,0,0,0,0
GENE-15081,NO,1,0,0,0,0,0,0
GENE-15082,NO,1,0,0,0,0,0,0
GENE-15083,NO,1,1,0,0,0,0,0
GENE-15084,NO,1,0,0,0,0,0,0
GENE-15085,NO,1,1,1,0,0,0,0
GENE-15086,NO,1,0,0,0,0,0,0
GENE-15087,NO,1,0,0,0,0,0,0
GENE-15088,NO,1,0,0,0,0,0,0
GENE-15089,NO,1,0,0,0,0,0,0
GENE-15090,NO,1,1,0,0,0,1,0
GENE-15091,NO,1,0,0,0,0,0,0
GENE-15092,NO,1,0,0,0,0,0,0
GENE-15093,NO,1,101,119,108,125,166,179
GENE-15094,NO,1,0,0,0,0,0,0
GENE-15095,NO,1,0,0,0,0,0,0
GENE-15096,NO,1,0,0,0,0,0,0
GENE-15097,NO,1,0,0,0,0,0,0
GENE-15098,NO,1,0,0,0,0,0,0
GENE-15099,NO,1,0,0,0,0,0,0
GENE-15100,NO,1,1064,1009,777,1220,1139,1147
GENE-15101,NO,1,0,0,0,0,0,0
GENE-15102,NO,1,14,11,15,22,17,17
GENE-15103,NO,1,6,35,7,7,6,14
GENE-15104,NO,1,0,0,0,0,0,0
GENE-15105,NO,1,1,1,0,2,4,1
GENE-15106,NO,1,0,0,0,0,2,1
GENE-15107,NO,1,0,0,0,0,0,0
GENE-15108,NO,1,0,0,0,0,0,0
GENE-15109,NO,1,0,0,0,0,0,0
GENE-15110,NO,1,0,0,0,0,0,0
GENE-15111,NO,1,0,0,0,0,0,0
GENE-15112,NO,1,41,32,53,27,34,46
GENE-15113,NO,1,0,0,0,0,0,0
GENE-15114,NO,1,736,626,463,606,709,568
GENE-15115,NO,1,0,0,0,0,0,0
GENE-15116,NO,1,0,0,0,0,0,0
GENE-15117,NO,1,556,460,593,447,507,569
GENE-15118,NO,1,0,0,0,0,0,0
GENE-15119,NO,1,0,0,0,1,0,0
GENE-15120,NO,1,28,21,38,34,36,37
GENE-15121,NO,1,0,0,0,0,0,0
GENE-15122,NO,1,0,0,0,0,0,0
GENE-15123,NO,1,0,0,2,1,1,0
GENE-15124,NO,1,33,28,27,34,41,28
GENE-15125,NO,1,189,200,176,244,234,220
GENE-15126,NO,1,0,0,0,0,0,0
GENE-15127,NO,1,139,232,205,191,155,174
GENE-15128,NO,1,0,0,0,0,0,0
GENE-15129,NO,1,14,13,7,8,6,7
GENE-15130,NO,1,0,0,0,0,0,0
GENE-15131,NO,1,0,0,0,0,0,0
GENE-15132,NO,1,0,0,0,0,0,0
GENE-15133,NO,1,0,0,0,0,0,0
GENE-15134,NO,1,52,58,300,120,301,22
GENE-15135,NO,1,9,14,5,12,5,14
GENE-15136,YES,1,0,0,0,0,0,0
GENE-15137,NO,1,0,0,0,0,0,0
GENE-15138,NO,1,72,86,91,80,76,67
GENE-15139,NO,1,0,0,0,0,0,0
GENE-15140,NO,1,0,0,0,0,0,0
GENE-15141,NO,1,175,127,152,86,94,140
GENE-15142,YES,1,3,4,5,1,0,0
GENE-15143,NO,1,8,7,8,9,8,7
GENE-15144,NO,1,10,8,8,10,1,7
GENE-15145,NO,1,3,3,5,4,4,8
GENE-15146,NO,1,58,70,62,90,67,85
GENE-15147,NO,1,0,0,0,0,0,0
GENE-15148,NO,1,722,766,691,570,619,748
GENE-15149,NO,1,0,0,0,0,0,0
GENE-15150,NO,1,0,0,0,0,0,0
GENE-15151,NO,1,7,3,6,7,3,7
GENE-15152,NO,1,17,12,8,14,9,11
GENE-15154,NO,1,342,215,155,242,246,168
GENE-15155,NO,1,0,0,0,0,0,0
GENE-15156,NO,1,0,0,0,0,0,0
GENE-15157,NO,1,58,63,67,71,42,46
GENE-15158,NO,1,1,6,12,6,6,4
GENE-15159,NO,1,0,0,0,0,0,0
GENE-15160,NO,1,0,0,0,0,0,0
GENE-15161,NO,1,29,23,26,26,22,32
GENE-15162,NO,1,99,113,114,101,111,112
GENE-15163,NO,1,0,0,0,0,0,0
GENE-15164,NO,1,11,5,9,4,11,9
GENE-15165,NO,1,0,0,0,0,0,0
GENE-15166,NO,1,23,165,341,301,171,404
GENE-15167,NO,1,0,0,0,0,0,0
GENE-15168,NO,1,0,0,0,0,0,0
GENE-15169,NO,1,0,0,0,0,0,0
GENE-15170,NO,1,0,0,0,0,0,0
GENE-15171,NO,1,0,0,0,0,0,0
GENE-15172,NO,1,2383,2179,2364,2048,2299,2489
GENE-15173,NO,1,0,0,0,0,0,0
GENE-15174,NO,1,0,0,0,0,0,0
GENE-15175,NO,1,0,0,0,0,0,0
GENE-15176,NO,1,0,0,0,0,0,0
GENE-15177,NO,1,0,0,0,0,0,0
GENE-15178,NO,1,0,0,0,0,0,0
GENE-15179,NO,1,0,0,0,0,0,0
GENE-15180,NO,1,70,58,69,89,75,62
GENE-15181,NO,1,0,0,0,0,0,0
GENE-15182,NO,1,1059,533,554,1051,899,694
GENE-15183,NO,1,0,0,0,0,0,0
GENE-15184,NO,1,0,0,0,0,0,0
GENE-15185,NO,1,0,0,0,0,0,0
GENE-15186,NO,1,0,0,0,0,0,0
GENE-15187,NO,1,0,0,0,0,0,0
GENE-15188,NO,1,15,18,13,14,17,22
GENE-15189,NO,1,350,423,343,368,295,274
GENE-15190,NO,1,0,0,0,0,0,0
GENE-15191,NO,1,1,4,7,5,8,7
GENE-15192,NO,1,0,0,0,0,0,0
GENE-15193,NO,1,0,0,0,0,0,0
GENE-15194,NO,1,0,0,0,0,0,0
GENE-15195,NO,1,0,0,0,0,0,0
GENE-15196,NO,1,841,232,239,414,365,202
GENE-15197,NO,1,0,0,0,0,0,0
GENE-15198,NO,1,0,0,0,0,0,0
GENE-15199,NO,1,0,0,0,0,0,0
GENE-15200,NO,1,1,1,0,1,0,0
GENE-15201,NO,1,0,0,0,0,0,0
GENE-15202,NO,1,47,30,40,35,45,26
GENE-15203,NO,1,0,0,0,0,0,0
GENE-15204,NO,1,0,0,0,0,0,0
GENE-15205,NO,1,0,0,0,2,2,1
GENE-15206,NO,1,162,222,199,165,200,191
GENE-15207,NO,1,140,170,181,148,133,126
GENE-15208,NO,1,0,0,0,0,0,0
GENE-15209,NO,1,0,0,0,0,0,0
GENE-15210,NO,1,0,0,0,0,0,0
GENE-15211,NO,1,0,0,0,0,0,0
GENE-15212,NO,1,146,165,185,147,167,119
GENE-15213,NO,1,0,0,0,0,0,0
GENE-15214,NO,1,0,0,0,0,0,0
GENE-15215,NO,1,315,349,317,423,323,402
GENE-15216,NO,1,0,2,0,1,0,1
GENE-15217,NO,1,0,0,0,0,0,0
GENE-15218,NO,1,152,144,144,154,144,162
GENE-15219,NO,1,1,2,2,0,1,2
GENE-15220,NO,1,0,0,0,0,0,0
GENE-15221,NO,1,0,0,0,0,0,0
GENE-15222,NO,1,0,0,0,0,0,0
GENE-15223,NO,1,0,0,0,0,0,0
GENE-15224,NO,1,0,0,0,0,0,0
GENE-15225,NO,1,0,0,0,0,0,0
GENE-15226,NO,1,0,0,0,0,0,0
GENE-15227,NO,1,0,0,0,0,0,0
GENE-15228,NO,1,2,0,2,4,4,0
GENE-15229,NO,1,0,0,0,0,0,0
GENE-15230,NO,1,0,0,0,0,0,0
GENE-15231,NO,1,315,280,260,301,339,334
GENE-15232,NO,1,4,0,3,2,4,2
GENE-15233,NO,1,0,0,0,0,0,0
GENE-15234,NO,1,0,0,0,0,0,0
GENE-15235,NO,1,106,258,158,83,129,136
GENE-15236,NO,1,0,0,0,0,0,0
GENE-15237,NO,1,39,21,26,32,15,33
GENE-15238,NO,1,0,0,0,0,0,0
GENE-15239,NO,1,0,0,0,0,0,0
GENE-15240,NO,1,0,0,0,0,0,0
GENE-15241,NO,1,11,21,20,9,4,17
GENE-15242,NO,1,258,92,50,144,80,24
GENE-15243,NO,1,4,8,10,4,12,10
GENE-15244,NO,1,0,0,1,4,2,3
GENE-15245,NO,1,0,0,0,0,0,0
GENE-15246,NO,1,0,0,0,0,0,0
GENE-15247,NO,1,0,0,0,0,0,0
GENE-15248,NO,1,20,10,30,12,18,15
GENE-15249,NO,1,0,0,0,0,0,0
GENE-15250,NO,1,0,0,0,0,0,0
GENE-15251,NO,1,11,13,6,17,5,13
GENE-15252,NO,1,292,263,191,283,253,276
GENE-15253,NO,1,0,0,0,0,0,0
GENE-15254,NO,1,0,0,0,0,0,0
GENE-15255,NO,1,0,0,0,0,0,0
GENE-15256,NO,1,539,586,700,833,591,536
GENE-15257,NO,1,173,163,149,164,161,150
GENE-15258,NO,1,1216,2271,1011,1730,1166,1517
GENE-15259,NO,1,0,0,0,0,0,0
GENE-15260,NO,1,0,0,0,0,0,0
GENE-15261,NO,1,0,0,0,0,0,0
GENE-15262,NO,1,5,7,9,9,6,7
GENE-15263,NO,1,0,0,0,1,0,0
GENE-15264,NO,1,0,0,0,0,0,0
GENE-15265,NO,1,2509,1975,1928,2308,1634,1756
GENE-15266,NO,1,0,0,1,1,0,1
GENE-15267,NO,1,0,0,0,0,0,0
GENE-15268,NO,1,0,0,0,0,0,0
GENE-15269,NO,1,0,0,0,0,0,0
GENE-15271,NO,1,3373,7287,4062,4460,3419,3262
GENE-15272,NO,1,0,0,0,0,0,0
GENE-15273,NO,1,7,2,3,3,3,4
GENE-15274,NO,1,0,0,0,0,0,0
GENE-15275,NO,1,0,0,0,0,0,0
GENE-15276,NO,1,803,858,792,901,674,908
GENE-15277,NO,1,0,0,0,0,0,0
GENE-15278,NO,1,0,0,0,0,0,0
GENE-15279,NO,1,0,0,0,0,0,0
GENE-15280,NO,1,0,0,0,0,0,0
GENE-15281,NO,1,0,0,0,0,0,0
GENE-15282,NO,1,0,0,0,0,0,0
GENE-15283,NO,1,0,0,0,0,0,0
GENE-15284,NO,1,226,270,342,273,274,387
GENE-15285,NO,1,0,1,0,1,0,0
GENE-15286,NO,1,20,16,7,11,16,12
GENE-15287,NO,1,495,310,358,253,455,401
GENE-15288,NO,1,0,0,0,0,0,0
GENE-15289,NO,1,29,22,33,25,30,22
GENE-15290,NO,1,0,0,0,0,0,0
GENE-15291,NO,1,960,462,914,572,1118,641
GENE-15292,NO,1,0,0,0,0,0,0
GENE-15293,NO,1,59,15,40,69,16,41
GENE-15294,NO,1,409,545,348,416,424,371
GENE-15295,NO,1,249,302,246,244,274,275
GENE-15296,NO,1,0,0,0,0,0,0
GENE-15297,YES,1,0,0,0,0,0,0
GENE-15298,NO,1,0,0,0,0,0,0
GENE-15299,NO,1,583,648,891,696,459,709
GENE-15300,NO,1,0,0,0,0,0,0
GENE-15301,NO,1,12,10,9,8,16,13
GENE-15302,NO,1,10,16,8,11,4,7
GENE-15303,NO,1,0,0,0,0,0,0
GENE-15304,NO,1,0,0,0,0,0,0
GENE-15305,NO,1,0,0,0,0,0,0
GENE-15306,NO,1,0,0,0,0,0,0
GENE-15307,NO,1,0,0,0,0,0,0
GENE-15308,NO,1,283,217,239,213,229,244
GENE-15309,NO,1,0,0,0,0,0,0
GENE-15310,NO,1,0,0,0,0,0,0
GENE-15311,NO,1,68,62,52,64,62,79
GENE-15312,NO,1,1708,1593,1495,1686,1777,1996
GENE-15313,YES,1,0,0,0,0,0,0
GENE-15314,NO,1,0,0,0,0,0,0
GENE-15315,NO,1,804,865,823,716,730,846
GENE-15316,NO,1,0,0,0,0,0,0
GENE-15317,NO,1,0,10,4,6,0,3
GENE-15318,NO,1,0,0,0,0,0,0
GENE-15319,NO,1,0,0,0,0,0,0
GENE-15320,NO,1,139,139,159,153,138,156
GENE-15321,NO,1,16,19,11,9,10,14
GENE-15322,NO,1,0,0,0,0,0,0
GENE-15323,NO,1,0,0,0,0,0,0
GENE-15324,NO,1,0,0,0,0,0,0
GENE-15325,NO,1,40,40,44,31,32,36
GENE-15326,NO,1,0,0,0,0,0,0
GENE-15327,NO,1,163,186,161,156,164,131
GENE-15328,NO,1,0,0,0,0,0,0
GENE-15329,NO,1,0,0,0,0,0,0
GENE-15330,NO,1,0,0,0,0,0,0
GENE-15331,NO,1,805,779,793,753,790,806
GENE-15332,NO,1,0,0,0,0,2,1
GENE-15333,NO,1,2,0,0,0,0,0
GENE-15334,NO,1,0,0,0,0,0,0
GENE-15335,NO,1,0,0,0,0,0,0
GENE-15336,NO,1,0,0,0,0,0,0
GENE-15337,NO,1,0,0,0,0,0,0
GENE-15338,NO,1,0,0,0,0,0,0
GENE-15339,NO,1,0,0,0,0,0,0
GENE-15340,NO,1,405,351,377,371,356,341
GENE-15341,NO,1,311,400,19,1175,291,534
GENE-15342,NO,1,1092,967,1065,997,1022,922
GENE-15343,NO,1,24,18,111,112,31,28
GENE-15344,NO,1,4,1,3,0,0,1
GENE-15345,NO,1,551,818,525,806,947,486
GENE-15346,NO,1,0,0,0,0,0,0
GENE-15347,NO,1,0,0,0,0,0,0
GENE-15348,NO,1,0,0,0,0,0,0
GENE-15349,NO,1,87,79,69,82,77,69
GENE-15350,NO,1,0,0,0,0,0,1
GENE-15351,NO,1,0,0,0,0,0,0
GENE-15352,YES,1,0,0,0,0,0,0
GENE-15353,NO,1,0,0,0,0,0,0
GENE-15354,NO,1,0,0,0,0,0,0
GENE-15355,YES,1,2,7,2,5,3,0
GENE-15356,NO,1,0,0,0,0,0,0
GENE-15357,NO,1,0,0,0,0,0,0
GENE-15358,NO,1,0,0,0,1,0,1
GENE-15359,NO,1,0,0,0,0,0,0
GENE-15360,NO,1,32,43,57,51,38,40
GENE-15361,NO,1,0,0,0,0,0,0
GENE-15362,NO,1,0,0,0,0,0,0
GENE-15363,NO,1,0,0,0,0,0,0
GENE-15364,NO,1,11,24,10,38,18,50
GENE-15365,NO,1,0,0,0,0,0,0
GENE-15366,NO,1,1837,1899,1657,1904,2372,2478
GENE-15367,NO,1,56,77,75,57,59,55
GENE-15368,NO,1,0,0,0,0,0,0
GENE-15369,NO,1,595,323,498,588,464,524
GENE-15370,NO,1,0,0,0,0,0,0
GENE-15371,NO,1,0,0,0,0,0,0
GENE-15372,NO,1,0,0,0,0,0,0
GENE-15373,YES,1,0,0,0,0,0,0
GENE-15374,NO,1,283,227,288,264,114,90
GENE-15375,NO,1,2814,2032,2590,2217,1742,2049
GENE-15376,NO,1,189,112,128,161,452,94
GENE-15377,NO,1,0,0,0,0,0,0
GENE-15378,NO,1,155,156,166,154,153,148
GENE-15379,NO,1,0,0,0,0,0,0
GENE-15380,NO,1,0,0,0,0,0,0
GENE-15381,NO,1,0,0,0,0,0,0
GENE-15382,NO,1,0,0,0,0,0,0
GENE-15383,NO,1,0,0,0,0,0,0
GENE-15384,NO,1,0,0,0,0,1,3
GENE-15385,NO,1,0,0,0,0,0,0
GENE-15386,NO,1,337,435,331,427,373,403
GENE-15387,NO,1,0,0,0,0,0,0
GENE-15388,NO,1,0,0,0,0,0,0
GENE-15389,NO,1,72,75,53,56,44,58
GENE-15390,NO,1,0,0,0,0,0,0
GENE-15391,NO,1,1,0,3,0,0,0
GENE-15392,NO,1,54,45,63,57,66,44
GENE-15393,NO,1,29,30,35,33,32,38
GENE-15394,NO,1,0,0,0,0,0,0
GENE-15395,NO,1,0,0,0,0,0,0
GENE-15396,NO,1,0,0,0,0,0,0
GENE-15397,NO,1,0,0,0,0,0,0
GENE-15398,NO,1,15,11,28,23,25,24
GENE-15399,NO,1,0,0,0,0,0,0
GENE-15400,NO,1,0,0,0,0,0,0
GENE-15401,NO,1,0,0,0,0,0,0
GENE-15402,NO,1,49,53,67,66,70,71
GENE-15403,NO,1,67,131,77,80,150,173
GENE-15404,NO,1,0,0,0,0,0,0
GENE-15405,NO,1,0,0,0,0,0,0
GENE-15406,NO,1,119,203,170,152,120,155
GENE-15407,NO,1,548,352,451,640,562,358
GENE-15408,NO,1,157,172,149,194,170,151
GENE-15409,NO,1,0,0,0,0,0,0
GENE-15410,NO,1,1,1,1,0,1,1
GENE-15411,NO,1,0,0,0,0,0,0
GENE-15412,NO,1,0,0,0,0,0,0
GENE-15413,NO,1,4,6,10,3,4,1
GENE-15414,NO,1,0,0,0,0,0,0
GENE-15415,NO,1,0,0,0,0,0,0
GENE-15416,NO,1,0,0,0,0,0,0
GENE-15417,NO,1,0,0,0,0,0,0
GENE-15418,NO,1,0,0,0,0,0,0
GENE-15419,NO,1,0,0,0,0,0,0
GENE-15420,YES,1,0,0,0,0,0,0
GENE-15421,NO,1,0,0,0,0,1,0
GENE-15422,NO,1,0,0,0,0,0,0
GENE-15423,NO,1,4,12,6,6,2,6
GENE-15424,NO,1,0,0,0,0,0,0
GENE-15425,NO,1,0,0,0,0,0,0
GENE-15426,NO,1,0,0,0,0,0,0
GENE-15427,YES,1,0,0,0,0,0,0
GENE-15428,NO,1,0,0,0,0,0,0
GENE-15429,NO,1,0,0,0,0,0,0
GENE-15430,NO,1,64,47,48,61,40,69
GENE-15431,NO,1,0,0,0,0,0,0
GENE-15432,YES,1,0,0,0,0,0,0
GENE-15433,NO,1,0,0,0,0,0,0
GENE-15434,NO,1,0,0,0,0,0,0
GENE-15435,NO,1,13,22,7,12,8,10
GENE-15436,NO,1,0,0,0,0,0,0
GENE-15437,YES,1,0,0,0,0,0,0
GENE-15438,NO,1,0,0,0,0,0,0
GENE-15439,NO,1,0,0,0,0,0,0
GENE-15440,NO,1,0,0,0,0,0,0
GENE-15441,NO,1,0,0,0,0,0,0
GENE-15442,NO,1,0,0,0,0,0,0
GENE-15443,NO,1,2,1,1,0,0,2
GENE-15444,NO,1,0,0,0,0,0,0
GENE-15445,NO,1,0,0,0,0,0,0
GENE-15446,NO,1,0,0,0,0,0,0
GENE-15447,NO,1,0,0,0,0,0,0
GENE-15448,NO,1,0,0,0,0,0,0
GENE-15449,NO,1,0,0,0,0,0,0
GENE-15450,NO,1,0,0,0,0,0,0
GENE-15451,NO,1,371,195,269,274,172,330
GENE-15452,NO,1,0,0,0,0,0,0
GENE-15453,NO,1,0,0,1,0,0,1
GENE-15454,NO,1,0,0,0,0,0,0
GENE-15455,NO,1,0,0,0,0,0,0
GENE-15456,NO,1,0,0,0,0,0,0
GENE-15457,NO,1,0,0,0,0,0,0
GENE-15458,NO,1,220,215,234,263,233,302
GENE-15459,NO,1,0,0,0,0,0,0
GENE-15460,NO,1,0,0,0,0,0,0
GENE-15461,YES,1,0,0,0,0,0,0
GENE-15462,NO,1,0,0,0,0,0,0
GENE-15463,NO,1,958,386,345,568,286,451
GENE-15464,NO,1,0,0,0,0,0,0
GENE-15465,NO,1,51,75,63,43,68,56
GENE-15466,NO,1,0,0,0,0,0,0
GENE-15467,NO,1,73,101,99,94,95,89
GENE-15468,NO,1,0,0,0,0,0,0
GENE-15469,NO,1,0,0,0,0,0,0
GENE-15470,NO,1,0,1,0,0,0,0
GENE-15471,NO,1,0,0,0,0,0,0
GENE-15472,NO,1,0,0,0,0,0,0
GENE-15473,NO,1,42,28,23,52,30,30
GENE-15474,NO,1,0,0,0,0,0,0
GENE-15475,NO,1,0,0,0,0,0,0
GENE-15476,NO,1,0,0,0,0,0,0
GENE-15477,NO,1,0,0,0,0,0,0
GENE-15478,NO,1,2573,3080,3026,3089,2583,2660
GENE-15479,NO,1,0,0,0,0,0,0
GENE-15480,NO,1,0,0,0,0,0,0
GENE-15481,NO,1,0,0,0,0,0,0
GENE-15482,YES,1,0,0,0,0,0,0
GENE-15483,NO,1,0,0,0,0,0,0
GENE-15484,NO,1,22,14,16,32,20,28
GENE-15485,NO,1,0,0,0,0,0,0
GENE-15486,NO,1,0,0,0,0,0,0
GENE-15487,NO,1,0,0,0,0,0,0
GENE-15488,NO,1,141,179,114,64,216,121
GENE-15489,NO,1,0,0,0,0,0,0
GENE-15490,NO,1,31,39,48,26,21,27
GENE-15491,NO,1,0,0,0,0,0,0
GENE-15492,NO,1,171,190,219,214,143,193
GENE-15493,NO,1,0,0,0,0,0,1
GENE-15494,NO,1,0,0,0,0,0,0
GENE-15495,NO,1,0,0,0,0,0,0
GENE-15496,NO,1,0,0,0,0,0,0
GENE-15497,NO,1,0,0,1,0,0,2
GENE-15498,NO,1,0,0,0,0,0,0
GENE-15499,NO,1,253,300,197,400,360,360
GENE-15500,NO,1,0,0,0,0,0,0
GENE-15501,NO,1,0,0,0,0,0,0
GENE-15502,NO,1,0,0,0,0,0,0
GENE-15503,NO,1,0,0,0,0,0,0
GENE-15504,NO,1,3,3,3,1,3,1
GENE-15505,NO,1,1070,1443,1093,974,985,1631
GENE-15506,NO,1,0,0,0,0,0,0
GENE-15507,NO,1,46,52,50,59,55,45
GENE-15508,NO,1,0,0,0,0,0,0
GENE-15509,NO,1,526,662,437,644,386,394
GENE-15510,NO,1,0,0,0,0,0,0
GENE-15511,NO,1,0,0,0,0,0,0
GENE-15512,NO,1,0,0,0,0,0,0
GENE-15513,NO,1,0,0,0,0,0,0
GENE-15514,NO,1,284,335,356,322,333,318
GENE-15515,NO,1,0,0,0,0,0,0
GENE-15516,NO,1,0,0,0,0,0,0
GENE-15517,NO,1,5,4,5,4,4,8
GENE-15518,NO,1,280,89,225,276,110,198
GENE-15519,NO,1,0,0,0,0,0,0
GENE-15520,NO,1,152,150,204,210,212,208
GENE-15521,NO,1,0,0,0,0,0,0
GENE-15522,NO,1,0,0,0,0,0,0
GENE-15523,NO,1,427,403,400,447,405,366
GENE-15524,NO,1,0,0,0,0,0,0
GENE-15525,NO,1,0,0,0,0,0,0
GENE-15526,NO,1,0,0,0,0,0,0
GENE-15527,NO,1,0,0,0,0,0,0
GENE-15528,NO,1,0,0,0,0,0,0
GENE-15529,NO,1,411,354,456,386,354,421
GENE-15530,YES,1,0,0,0,0,0,0
GENE-15531,NO,1,0,0,0,0,0,0
GENE-15532,NO,1,0,0,0,0,0,0
GENE-15533,NO,1,0,0,0,0,0,0
GENE-15534,NO,1,0,0,0,0,0,0
GENE-15535,NO,1,5,6,4,10,14,10
GENE-15536,NO,1,0,0,0,0,0,0
GENE-15537,NO,1,0,0,0,0,0,0
GENE-15538,NO,1,0,0,0,0,0,0
GENE-15539,NO,1,13,20,0,33,8,103
GENE-15540,NO,1,0,0,0,0,0,0
GENE-15541,NO,1,0,1,11,9,0,11
GENE-15542,NO,1,83,89,145,19,124,48
GENE-15543,NO,1,0,0,0,0,0,0
GENE-15544,NO,1,0,0,0,0,0,0
GENE-15545,YES,1,0,0,0,0,0,0
GENE-15546,NO,1,0,0,0,0,0,0
GENE-15547,NO,1,0,0,0,0,0,0
GENE-15548,NO,1,19,11,18,11,8,9
GENE-15549,NO,1,0,0,0,0,0,0
GENE-15550,NO,1,0,0,0,0,0,0
GENE-15551,NO,1,9,8,9,12,9,10
GENE-15552,NO,1,0,0,0,0,0,0
GENE-15553,NO,1,0,0,0,0,0,0
GENE-15554,NO,1,0,0,0,0,0,0
GENE-15555,NO,1,2443,1616,1856,1572,2054,1770
GENE-15556,NO,1,0,0,0,0,0,0
GENE-15557,NO,1,0,0,0,0,0,0
GENE-15558,NO,1,0,0,0,0,0,0
GENE-15559,NO,1,0,0,0,0,0,0
GENE-15560,NO,1,0,0,0,0,0,0
GENE-15561,NO,1,23,17,17,21,17,10
GENE-15562,NO,1,1,1,0,0,2,0
GENE-15563,NO,1,0,0,0,0,0,0
GENE-15564,NO,1,0,0,0,0,0,0
GENE-15565,NO,1,571,992,677,659,823,446
GENE-15566,NO,1,15,16,18,17,33,19
GENE-15567,NO,1,0,0,0,0,0,0
GENE-15568,NO,1,0,0,0,0,0,0
GENE-15569,NO,1,107,108,123,107,120,103
GENE-15570,NO,1,983,1239,1061,1099,1147,937
GENE-15571,NO,1,581,405,467,448,456,515
GENE-15572,NO,1,0,0,0,0,0,0
GENE-15573,NO,1,0,0,0,0,0,0
GENE-15574,NO,1,5,0,6,2,2,2
GENE-15575,NO,1,0,0,0,0,0,0
GENE-15576,NO,1,10,13,17,16,15,16
GENE-15577,NO,1,0,0,0,0,0,0
GENE-15578,NO,1,0,0,0,0,0,0
GENE-15579,NO,1,0,0,0,0,0,0
GENE-15580,NO,1,0,0,0,0,0,0
GENE-15581,NO,1,0,0,0,0,0,0
GENE-15582,NO,1,0,0,0,0,0,0
GENE-15583,NO,1,0,0,0,0,0,0
GENE-15584,NO,1,7,6,17,12,8,20
GENE-15585,NO,1,69,47,69,52,46,56
GENE-15586,NO,1,0,0,0,0,0,0
GENE-15587,NO,1,0,0,0,0,0,0
GENE-15588,NO,1,0,0,0,0,0,0
GENE-15589,NO,1,0,0,0,0,0,0
GENE-15590,NO,1,17,19,23,18,19,12
GENE-15591,NO,1,0,0,0,0,0,0
GENE-15592,NO,1,0,0,0,0,0,0
GENE-15593,NO,1,0,0,0,0,0,0
GENE-15594,NO,1,0,0,0,0,0,0
GENE-15595,NO,1,0,0,0,0,0,0
GENE-15596,NO,1,0,0,0,0,0,0
GENE-15597,NO,1,143,129,131,120,110,122
GENE-15598,NO,1,0,0,0,0,0,0
GENE-15599,NO,1,0,0,0,0,0,0
GENE-15600,NO,1,0,0,0,0,0,0
GENE-15601,NO,1,0,0,0,0,0,0
GENE-15602,NO,1,6,7,5,11,8,16
GENE-15603,NO,1,0,0,0,0,0,0
GENE-15604,NO,1,0,0,0,0,0,0
GENE-15605,NO,1,0,0,0,0,0,0
GENE-15606,NO,1,8,9,10,3,4,6
GENE-15607,YES,1,0,0,0,0,0,0
GENE-15608,NO,1,0,0,0,0,0,0
GENE-15609,NO,1,10,7,7,12,13,15
GENE-15610,NO,1,0,2,1,1,0,3
GENE-15611,NO,1,283,182,321,267,244,205
GENE-15612,NO,1,729,239,275,110,502,557
GENE-15613,NO,1,0,0,0,0,0,0
GENE-15614,NO,1,212,214,313,248,197,247
GENE-15615,NO,1,0,0,0,0,0,0
GENE-15616,NO,1,0,0,0,0,0,0
GENE-15617,NO,1,256,304,191,201,419,331
GENE-15618,NO,1,0,0,0,0,0,0
GENE-15619,NO,1,157,133,181,200,92,149
GENE-15620,NO,1,181,212,161,221,240,186
GENE-15621,NO,1,0,0,0,0,0,0
GENE-15622,NO,1,0,0,0,0,0,0
GENE-15623,NO,1,1,4,2,3,3,4
GENE-15624,NO,1,0,0,0,0,0,0
GENE-15625,NO,1,8,2,7,4,1,5
GENE-15626,NO,1,0,0,0,0,0,0
GENE-15627,NO,1,8600,24230,40153,16818,8841,20813
GENE-15628,NO,1,0,0,0,0,0,0
GENE-15629,NO,1,85,88,63,56,84,68
GENE-15630,NO,1,1,0,0,1,0,0
GENE-15631,NO,1,0,0,0,0,0,0
GENE-15632,NO,1,74,83,68,65,87,79
GENE-15633,NO,1,92,77,82,87,77,83
GENE-15634,NO,1,0,0,0,0,0,0
GENE-15635,NO,1,467,514,535,381,364,561
GENE-15636,YES,1,0,0,0,0,0,0
GENE-15637,NO,1,0,0,0,0,0,0
GENE-15638,NO,1,0,0,0,0,0,0
GENE-15639,NO,1,11,10,7,10,8,6
GENE-15640,NO,1,270,538,261,144,186,355
GENE-15641,YES,1,0,0,0,0,0,0
GENE-15642,NO,1,0,0,0,0,0,0
GENE-15643,NO,1,0,0,0,0,0,0
GENE-15644,NO,1,88,68,67,88,101,68
GENE-15645,NO,1,0,0,0,0,0,0
GENE-15646,NO,1,8,7,9,4,13,3
GENE-15647,NO,1,0,0,0,0,0,0
GENE-15648,NO,1,0,0,0,0,0,0
GENE-15649,NO,1,0,0,0,0,0,0
GENE-15650,NO,1,0,0,0,0,0,0
GENE-15651,NO,1,0,0,0,0,0,0
GENE-15652,NO,1,83,89,63,83,65,88
GENE-15653,NO,1,2565,2534,2933,2290,2858,2406
GENE-15654,NO,1,0,0,0,0,0,0
GENE-15655,NO,1,0,0,0,0,0,0
GENE-15656,NO,1,1816,1356,1288,1685,1311,1490
GENE-15657,NO,1,0,0,0,0,0,0
GENE-15658,YES,1,0,0,0,0,0,0
GENE-15659,NO,1,68,37,74,73,49,89
GENE-15660,NO,1,0,0,0,0,0,0
GENE-15661,NO,1,56,66,65,56,50,60
GENE-15662,NO,1,0,0,0,0,0,0
GENE-15663,NO,1,109,147,458,250,1049,289
GENE-15664,NO,1,0,0,0,0,0,0
GENE-15665,NO,1,0,0,0,0,0,0
GENE-15666,NO,1,82,68,70,52,83,64
GENE-15667,YES,1,0,0,0,0,0,0
GENE-15668,NO,1,0,0,0,0,0,0
GENE-15669,NO,1,0,0,0,0,0,1
GENE-15670,NO,1,0,0,0,0,0,1
GENE-15671,NO,1,0,0,0,0,0,0
GENE-15672,NO,1,0,0,0,0,0,0
GENE-15673,NO,1,0,0,0,0,0,0
GENE-15674,NO,1,0,0,0,0,0,0
GENE-15675,NO,1,7,6,5,5,7,6
GENE-15676,NO,1,163,152,199,152,196,193
GENE-15677,NO,1,23,1,9,10,7,3
GENE-15678,YES,1,0,0,0,0,0,0
GENE-15679,NO,1,0,0,0,0,0,0
GENE-15681,NO,1,0,0,0,0,0,0
GENE-15682,NO,1,4,5,2,4,5,5
GENE-15683,NO,1,0,0,0,0,0,0
GENE-15684,NO,1,0,0,0,0,0,0
GENE-15685,NO,1,292,304,307,300,304,295
GENE-15686,NO,1,0,0,0,0,0,0
GENE-15687,NO,1,0,0,0,0,0,0
GENE-15688,NO,1,0,0,0,0,0,0
GENE-15689,NO,1,1,0,0,1,0,0
GENE-15690,NO,1,0,0,0,0,0,0
GENE-15691,NO,1,0,0,0,0,0,0
GENE-15692,NO,1,0,0,0,0,0,0
GENE-15693,NO,1,0,0,0,0,0,0
GENE-15694,NO,1,1,0,0,0,0,0
GENE-15695,NO,1,0,0,0,0,0,0
GENE-15696,NO,1,5,1,5,2,2,3
GENE-15697,NO,1,0,0,0,0,0,0
GENE-15698,NO,1,0,0,0,0,0,0
GENE-15699,NO,1,133,136,152,160,174,143
GENE-15700,NO,1,0,0,0,0,0,0
GENE-15701,NO,1,0,0,0,0,0,0
GENE-15702,NO,1,0,0,0,0,0,0
GENE-15703,NO,1,0,0,0,0,0,0
GENE-15704,NO,1,0,0,0,0,0,0
GENE-15705,NO,1,0,0,0,0,0,0
GENE-15706,NO,1,3,2,0,0,1,1
GENE-15707,NO,1,0,0,0,0,0,0
GENE-15708,NO,1,0,0,0,0,0,0
GENE-15709,NO,1,1,0,1,0,0,0
GENE-15710,NO,1,697,952,928,1026,730,783
GENE-15711,NO,1,10,8,2,7,6,4
GENE-15713,NO,1,0,0,0,0,0,0
GENE-15714,NO,1,0,0,0,0,0,0
GENE-15715,NO,1,43,37,26,29,47,30
GENE-15716,YES,1,0,0,0,0,0,0
GENE-15717,NO,1,0,0,0,1,0,3
GENE-15718,NO,1,2,2,3,3,3,4
GENE-15719,NO,1,0,0,0,0,0,0
GENE-15720,NO,1,118,126,155,118,102,89
GENE-15721,NO,1,0,0,0,0,0,0
GENE-15722,NO,1,0,0,0,0,0,0
GENE-15723,NO,1,1,7,3,4,2,4
GENE-15724,NO,1,326,408,384,398,401,368
GENE-15725,NO,1,0,0,0,0,0,0
GENE-15726,NO,1,8905,10901,4604,11186,13625,11110
GENE-15727,NO,1,0,0,0,0,0,0
GENE-15728,NO,1,106,101,125,127,113,103
GENE-15729,NO,1,0,0,0,0,0,0
GENE-15730,NO,1,0,0,0,0,0,0
GENE-15731,NO,1,937,1249,2121,927,1002,762
GENE-15732,NO,1,0,0,0,0,0,0
GENE-15733,NO,1,14619,14328,17278,16278,14909,17403
GENE-15734,YES,1,0,0,0,0,0,0
GENE-15735,NO,1,0,0,0,0,0,0
GENE-15736,NO,1,10,8,5,10,6,12
GENE-15737,NO,1,0,0,0,0,0,0
GENE-15738,NO,1,0,0,0,0,0,0
GENE-15739,NO,1,917,818,678,660,603,640
GENE-15740,NO,1,0,0,0,0,0,0
GENE-15741,NO,1,0,0,0,0,0,0
GENE-15742,NO,1,0,0,0,0,0,0
GENE-15743,NO,1,0,0,0,0,0,0
GENE-15744,NO,1,0,0,0,0,0,0
GENE-15745,NO,1,2,7,4,6,6,10
GENE-15746,NO,1,134,147,155,139,188,140
GENE-15747,NO,1,0,0,0,0,0,0
GENE-15748,NO,1,0,0,0,0,0,0
GENE-15749,NO,1,9,5,8,6,6,6
GENE-15750,NO,1,0,0,0,0,0,0
GENE-15751,NO,1,0,0,0,0,0,0
GENE-15752,NO,1,0,0,0,0,0,0
GENE-15753,NO,1,0,0,0,0,0,0
GENE-15754,NO,1,143,202,102,93,189,182
GENE-15755,NO,1,0,0,0,0,0,0
GENE-15756,NO,1,0,0,0,0,0,0
GENE-15757,NO,1,10,4,7,5,7,3
GENE-15758,NO,1,0,0,0,0,0,0
GENE-15759,NO,1,1847,1316,1739,1127,1790,2150
GENE-15760,NO,1,0,0,0,0,0,0
GENE-15761,NO,1,53,49,38,39,40,28
GENE-15762,NO,1,0,0,0,0,0,0
GENE-15763,NO,1,0,0,0,0,0,0
GENE-15764,NO,1,0,0,0,0,0,0
GENE-15765,NO,1,0,0,0,0,0,0
GENE-15766,NO,1,9678,9077,12148,8152,9675,9002
GENE-15767,NO,1,0,0,0,0,0,0
GENE-15768,NO,1,2,4,3,6,0,2
GENE-15769,NO,1,0,0,0,0,0,0
GENE-15770,NO,1,0,0,0,0,0,0
GENE-15771,NO,1,0,0,0,0,0,0
GENE-15772,NO,1,0,0,0,0,0,0
GENE-15773,NO,1,1,0,1,0,0,0
GENE-15774,NO,1,0,0,0,0,0,0
GENE-15775,NO,1,0,0,0,0,0,0
GENE-15776,NO,1,0,0,0,0,0,0
GENE-15777,NO,1,0,0,0,0,0,0
GENE-15778,NO,1,0,0,0,0,0,0
GENE-15779,NO,1,0,0,0,0,0,0
GENE-15780,NO,1,0,0,0,0,0,0
GENE-15781,NO,1,481,443,399,427,411,344
GENE-15782,NO,1,0,0,0,0,0,0
GENE-15783,YES,1,0,0,0,0,0,0
GENE-15784,NO,1,0,0,1,1,0,0
GENE-15785,NO,1,15,10,15,12,10,9
GENE-15786,YES,1,0,0,0,0,0,0
GENE-15787,NO,1,0,0,0,0,0,0
GENE-15788,YES,1,0,0,0,0,0,0
GENE-15789,NO,1,29,59,19,0,94,66
GENE-15790,NO,1,26,42,34,36,23,42
GENE-15791,NO,1,0,0,0,0,0,0
GENE-15792,NO,1,0,0,0,0,0,0
GENE-15793,NO,1,0,0,0,0,0,0
GENE-15794,NO,1,0,0,0,0,0,0
GENE-15795,NO,1,440,477,312,247,285,430
GENE-15797,NO,1,0,0,0,0,0,0
GENE-15798,NO,1,0,0,0,0,0,0
GENE-15799,NO,1,10305,7885,3673,12520,6854,10546
GENE-15800,NO,1,60,71,78,67,57,60
GENE-15801,NO,1,0,0,0,0,0,0
GENE-15802,NO,1,0,0,0,0,0,0
GENE-15803,NO,1,0,0,0,0,0,0
GENE-15804,NO,1,455,405,405,439,429,441
GENE-15805,NO,1,0,0,0,0,0,0
GENE-15806,NO,1,0,0,0,0,0,0
GENE-15807,NO,1,0,0,0,0,0,0
GENE-15808,NO,1,0,1,4,1,1,3
GENE-15809,NO,1,0,0,0,0,0,0
GENE-15810,NO,1,630,688,578,455,539,694
GENE-15811,NO,1,0,0,0,0,0,0
GENE-15812,NO,1,0,0,0,0,0,0
GENE-15813,NO,1,7,3,9,8,16,4
GENE-15814,NO,1,2,3,4,1,4,5
GENE-15815,NO,1,1,1,2,0,2,0
GENE-15816,NO,1,0,0,0,0,0,0
GENE-15817,NO,1,0,0,0,0,0,0
GENE-15818,NO,1,0,0,0,0,0,0
GENE-15819,NO,1,0,0,0,0,0,0
GENE-15820,NO,1,0,0,0,0,0,0
GENE-15821,NO,1,78,98,100,98,128,88
GENE-15822,NO,1,1,0,0,0,0,1
GENE-15823,NO,1,101,88,96,80,100,100
GENE-15824,NO,1,0,0,0,0,0,0
GENE-15825,NO,1,0,0,0,0,0,0
GENE-15826,NO,1,0,0,0,0,0,0
GENE-15827,NO,1,13,18,15,4,9,8
GENE-15828,NO,1,0,0,0,0,0,0
GENE-15829,NO,1,0,0,0,0,0,0
GENE-15830,NO,1,0,0,0,0,0,0
GENE-15831,NO,1,0,0,0,0,0,0
GENE-15832,NO,1,0,0,0,0,0,0
GENE-15833,NO,1,0,0,0,0,0,0
GENE-15834,NO,1,0,0,0,0,0,0
GENE-15835,NO,1,1,2,3,3,3,5
GENE-15836,NO,1,0,0,0,0,0,0
GENE-15837,NO,1,0,0,0,0,0,0
GENE-15838,NO,1,0,0,0,0,0,0
GENE-15839,NO,1,181,144,117,195,152,143
GENE-15840,NO,1,0,0,0,0,0,0
GENE-15841,NO,1,0,0,0,0,0,0
GENE-15842,NO,1,6,2,9,3,3,2
GENE-15843,NO,1,326,730,869,299,823,993
GENE-15844,NO,1,0,0,0,0,0,0
GENE-15845,NO,1,0,0,0,0,0,0
GENE-15846,NO,1,590,735,869,714,816,845
GENE-15847,NO,1,206,124,66,60,141,47
GENE-15848,NO,1,8,5,2,5,2,5
GENE-15849,NO,1,7,1,9,10,4,11
GENE-15850,NO,1,0,1,0,0,0,0
GENE-15851,NO,1,0,0,0,0,0,0
GENE-15852,NO,1,0,1,2,0,0,2
GENE-15853,NO,1,23,20,14,10,20,16
GENE-15854,NO,1,0,0,0,0,0,0
GENE-15855,NO,1,0,0,0,0,0,0
GENE-15856,NO,1,436,314,319,317,306,316
GENE-15857,NO,1,0,0,0,0,0,0
GENE-15859,NO,1,0,0,0,0,0,0
GENE-15860,NO,1,0,0,0,0,0,0
GENE-15861,NO,1,319,364,590,493,337,326
GENE-15862,NO,1,59,72,92,85,71,67
GENE-15863,NO,1,19,15,13,10,7,13
GENE-15864,NO,1,0,0,0,0,0,0
GENE-15865,YES,1,0,0,0,0,0,0
GENE-15866,NO,1,0,0,0,0,0,0
GENE-15867,NO,1,0,0,0,0,0,0
GENE-15868,NO,1,0,0,0,0,0,0
GENE-15869,YES,1,0,0,0,0,0,0
GENE-15870,NO,1,0,0,0,0,0,0
GENE-15871,NO,1,0,0,0,0,0,0
GENE-15872,NO,1,0,0,0,0,0,0
GENE-15873,NO,1,3,4,7,6,4,3
GENE-15874,NO,1,0,0,0,0,0,0
GENE-15875,NO,1,0,0,0,0,0,0
GENE-15876,NO,1,0,0,0,0,0,0
GENE-15877,NO,1,2218,1715,2376,2045,2108,1546
GENE-15878,NO,1,0,0,0,0,0,0
GENE-15879,NO,1,0,0,0,0,0,0
GENE-15880,NO,1,0,0,0,0,0,0
GENE-15881,NO,1,86,50,379,116,64,573
GENE-15882,NO,1,0,0,0,0,0,0
GENE-15883,NO,1,0,0,0,0,0,0
GENE-15884,NO,1,19,8,15,7,13,19
GENE-15885,NO,1,65,51,46,66,40,51
GENE-15886,NO,1,881,867,614,653,1023,805
GENE-15887,NO,1,0,0,0,0,0,0
GENE-15888,NO,1,344,252,269,174,300,412
GENE-15889,NO,1,191,203,165,167,211,163
GENE-15890,NO,1,297,267,258,291,253,322
GENE-15891,NO,1,0,0,0,0,0,0
GENE-15892,NO,1,1387,2173,1846,1696,1935,1597
GENE-15893,NO,1,0,0,0,0,0,0
GENE-15894,NO,1,3931,2775,3271,3618,2297,2888
GENE-15895,NO,1,0,0,0,0,0,0
GENE-15896,NO,1,160,176,185,188,173,201
GENE-15897,NO,1,1,2,4,2,6,1
GENE-15898,NO,1,11,34,31,38,15,31
GENE-15899,YES,1,0,0,0,0,0,0
GENE-15900,NO,1,0,0,0,0,0,0
GENE-15901,NO,1,1,0,5,0,0,1
GENE-15902,YES,1,0,0,0,0,0,0
GENE-15903,NO,1,0,0,0,0,0,0
GENE-15904,NO,1,0,0,0,0,0,0
GENE-15905,NO,1,0,0,0,0,0,0
GENE-15906,NO,1,0,0,0,0,0,0
GENE-15907,NO,1,26,15,23,25,18,24
GENE-15908,NO,1,0,0,0,0,0,0
GENE-15909,NO,1,0,0,0,0,0,0
GENE-15910,NO,1,1584,1863,1623,1854,1960,1607
GENE-15911,NO,1,0,0,0,0,0,0
GENE-15912,NO,1,1832,1803,2305,1219,2057,1637
GENE-15913,NO,1,0,0,0,0,0,0
GENE-15914,NO,1,0,0,0,0,0,0
GENE-15915,NO,1,85,119,60,115,126,92
GENE-15916,NO,1,43,38,33,23,27,36
GENE-15917,NO,1,0,0,0,0,0,0
GENE-15918,NO,1,0,0,0,0,0,0
GENE-15919,NO,1,27,16,10,16,9,16
GENE-15920,NO,1,0,0,0,0,0,0
GENE-15921,NO,1,0,0,0,0,0,0
GENE-15922,NO,1,2,1,1,1,0,2
GENE-15923,NO,1,2,3,0,2,0,6
GENE-15924,NO,1,0,0,0,0,0,0
GENE-15925,NO,1,0,0,0,0,0,0
GENE-15926,NO,1,0,0,0,0,0,0
GENE-15927,NO,1,0,0,0,0,0,0
GENE-15928,NO,1,0,0,0,0,0,0
GENE-15929,NO,1,0,0,0,0,0,0
GENE-15930,NO,1,0,0,0,0,0,0
GENE-15931,NO,1,0,0,0,0,0,0
GENE-15932,NO,1,0,0,0,0,0,0
GENE-15933,NO,1,0,0,0,0,0,0
GENE-15934,NO,1,0,0,0,0,0,0
GENE-15935,NO,1,0,0,0,0,0,0
GENE-15937,NO,1,7,23,14,16,6,9
GENE-15938,NO,1,0,0,0,0,0,0
GENE-15939,NO,1,0,0,0,0,0,0
GENE-15940,NO,1,3,5,7,2,2,8
GENE-15941,NO,1,0,0,0,0,0,0
GENE-15942,NO,1,0,0,0,0,0,0
GENE-15943,NO,1,3,9,7,11,10,5
GENE-15944,NO,1,0,0,0,0,0,0
GENE-15945,NO,1,0,0,0,0,0,0
GENE-15946,NO,1,0,0,0,0,0,0
GENE-15947,NO,1,0,0,0,0,0,0
GENE-15948,NO,1,0,0,0,0,0,0
GENE-15949,NO,1,0,0,0,0,0,0
GENE-15950,NO,1,0,2,0,0,0,0
GENE-15951,NO,1,623,611,568,585,752,759
GENE-15952,NO,1,0,0,0,0,0,0
GENE-15953,NO,1,0,0,0,0,0,0
GENE-15954,NO,1,0,0,0,0,0,0
GENE-15955,NO,1,0,0,0,0,0,1
GENE-15956,NO,1,0,0,0,0,0,0
GENE-15957,NO,1,0,0,0,0,0,0
GENE-15958,NO,1,0,0,0,0,0,0
GENE-15959,NO,1,1,2,2,0,3,2
GENE-15960,NO,1,0,0,0,0,0,0
GENE-15961,NO,1,0,0,0,0,0,0
GENE-15962,NO,1,252,259,245,310,320,308
GENE-15963,NO,1,250,297,259,357,261,284
GENE-15964,NO,1,1299,834,1213,1204,1100,1115
GENE-15965,NO,1,0,0,0,0,0,0
GENE-15966,NO,1,318,448,492,464,474,486
GENE-15967,NO,1,7,7,7,7,7,5
GENE-15968,NO,1,31,34,28,36,38,21
GENE-15969,NO,1,0,0,0,1,1,0
GENE-15970,NO,1,0,0,0,0,0,0
GENE-15971,NO,1,0,0,0,0,0,0
GENE-15972,YES,1,0,0,0,0,0,0
GENE-15973,NO,1,0,0,0,0,0,0
GENE-15974,NO,1,0,0,0,0,0,0
GENE-15975,NO,1,15,18,17,11,17,13
GENE-15976,NO,1,0,0,0,0,0,0
GENE-15977,NO,1,0,0,0,0,0,0
GENE-15978,NO,1,0,0,0,0,0,0
GENE-15979,NO,1,0,0,0,0,0,0
GENE-15980,NO,1,350,394,435,506,404,291
GENE-15981,NO,1,0,0,0,0,0,0
GENE-15982,NO,1,0,0,0,0,0,0
GENE-15983,NO,1,0,0,0,0,0,0
GENE-15984,NO,1,0,0,0,0,0,0
GENE-15985,NO,1,0,0,0,0,0,0
GENE-15986,NO,1,0,0,0,0,0,0
GENE-15987,NO,1,64,83,56,76,114,72
GENE-15988,NO,1,18,25,15,29,15,24
GENE-15989,NO,1,0,0,0,0,0,0
GENE-15990,NO,1,368,518,547,782,482,603
GENE-15991,NO,1,0,0,0,0,0,0
GENE-15992,YES,1,0,2,1,0,1,0
GENE-15993,NO,1,0,0,0,0,0,0
GENE-15994,NO,1,0,0,0,0,0,0
GENE-15995,NO,1,1,0,0,0,0,2
GENE-15996,NO,1,0,0,0,0,0,0
GENE-15997,NO,1,1,3,2,0,0,1
GENE-15998,NO,1,2,0,0,5,2,0
GENE-15999,NO,1,4,3,5,2,2,7
GENE-16000,NO,1,0,0,0,0,0,0
GENE-16001,NO,1,0,0,0,0,0,0
GENE-16002,NO,1,18,16,29,28,39,24
GENE-16003,NO,1,0,0,0,0,0,0
GENE-16004,NO,1,0,0,0,0,0,0
GENE-16005,NO,1,0,0,0,0,0,0
GENE-16006,NO,1,0,0,0,0,0,0
GENE-16007,NO,1,0,0,0,0,0,0
GENE-16008,NO,1,0,0,0,0,0,0
GENE-16009,NO,1,28,34,33,31,29,25
GENE-16010,NO,1,175,216,167,160,165,137
GENE-16011,NO,1,179,161,141,209,235,148
GENE-16012,NO,1,0,0,0,0,0,0
GENE-16013,NO,1,44,33,54,48,33,32
GENE-16014,NO,1,28,25,36,49,20,43
GENE-16015,NO,1,53,61,53,39,56,60
GENE-16016,NO,1,0,0,0,0,0,0
GENE-16017,NO,1,1,0,0,0,0,0
GENE-16018,NO,1,0,0,0,0,0,0
GENE-16019,NO,1,0,0,0,0,0,0
GENE-16020,NO,1,81,87,55,76,85,89
GENE-16021,NO,1,0,0,0,0,0,0
GENE-16022,NO,1,0,0,0,0,0,0
GENE-16023,NO,1,0,0,0,0,0,0
GENE-16024,NO,1,0,0,0,0,0,0
GENE-16025,YES,1,0,0,0,0,0,0
GENE-16026,NO,1,896,855,1023,867,969,742
GENE-16027,NO,1,0,0,0,0,0,0
GENE-16028,NO,1,0,0,0,0,0,0
GENE-16029,NO,1,461,355,497,464,379,514
GENE-16030,NO,1,0,0,0,0,0,0
GENE-16031,NO,1,37,62,81,60,23,82
GENE-16032,NO,1,7,17,3,16,8,7
GENE-16033,NO,1,0,0,0,0,0,0
GENE-16034,NO,1,147,159,155,137,135,122
GENE-16035,NO,1,0,0,0,0,0,0
GENE-16036,NO,1,5,5,1,3,1,3
GENE-16037,NO,1,0,0,0,0,0,0
GENE-16038,NO,1,0,0,0,0,0,0
GENE-16039,NO,1,1,2,3,2,1,7
GENE-16040,NO,1,1,2,0,0,1,2
GENE-16041,NO,1,0,0,0,0,0,0
GENE-16042,NO,1,0,0,0,0,0,0
GENE-16043,NO,1,0,0,0,0,0,0
GENE-16044,NO,1,0,0,0,0,0,0
GENE-16045,NO,1,27,38,32,28,27,23
GENE-16046,NO,1,0,0,0,0,0,0
GENE-16047,NO,1,34,25,21,17,26,20
GENE-16048,NO,1,0,0,0,0,0,0
GENE-16049,NO,1,0,0,0,0,0,0
GENE-16050,NO,1,1,0,1,1,1,0
GENE-16051,NO,1,0,0,0,0,0,0
GENE-16052,NO,1,64,72,70,66,69,42
GENE-16053,NO,1,0,0,0,0,0,0
GENE-16054,NO,1,0,0,0,0,0,0
GENE-16055,NO,1,0,0,0,0,0,0
GENE-16056,NO,1,0,0,0,0,0,0
GENE-16057,NO,1,0,0,0,0,0,0
GENE-16058,NO,1,0,0,0,0,0,0
GENE-16059,NO,1,453,356,599,481,344,526
GENE-16060,NO,1,0,0,0,0,0,0
GENE-16061,NO,1,0,0,0,0,0,0
GENE-16062,NO,1,18,26,28,35,25,44
GENE-16063,NO,1,0,0,0,0,0,0
GENE-16064,NO,1,3,2,3,0,1,1
GENE-16065,NO,1,0,0,0,0,0,0
GENE-16066,NO,1,126,118,82,107,93,110
GENE-16067,NO,1,0,0,0,0,0,0
GENE-16068,NO,1,0,0,0,0,0,0
GENE-16069,NO,1,0,0,0,0,0,0
GENE-16070,NO,1,0,0,0,0,0,0
GENE-16071,NO,1,0,0,0,0,0,0
GENE-16072,NO,1,0,0,0,0,0,0
GENE-16073,NO,1,0,0,0,0,0,0
GENE-16074,NO,1,7,5,2,7,12,4
GENE-16075,NO,1,0,0,0,0,0,0
GENE-16076,YES,1,0,0,0,0,0,0
GENE-16077,NO,1,0,0,0,0,0,0
GENE-16078,NO,1,0,0,1,0,1,2
GENE-16079,NO,1,75,98,80,97,101,86
GENE-16080,NO,1,0,0,0,0,0,0
GENE-16081,NO,1,0,0,0,0,0,0
GENE-16082,NO,1,0,0,0,0,0,0
GENE-16083,NO,1,0,0,0,0,0,0
GENE-16084,NO,1,0,0,0,0,0,0
GENE-16085,NO,1,0,0,0,0,0,0
GENE-16086,NO,1,0,0,0,0,0,0
GENE-16087,NO,1,1,0,1,0,1,0
GENE-16088,NO,1,0,0,0,0,0,0
GENE-16089,NO,1,2,2,3,3,3,2
GENE-16090,NO,1,0,0,0,0,0,0
GENE-16091,NO,1,5,6,3,7,7,4
GENE-16092,NO,1,0,0,0,0,0,0
GENE-16093,NO,1,0,0,0,0,0,0
GENE-16094,NO,1,0,0,0,0,0,0
GENE-16095,NO,1,100,103,72,110,106,98
GENE-16096,NO,1,541,569,509,432,435,434
GENE-16097,NO,1,81,70,66,76,63,70
GENE-16098,NO,1,0,0,0,0,0,0
GENE-16099,NO,1,0,0,0,0,0,0
GENE-16100,NO,1,45,21,22,20,40,40
GENE-16101,NO,1,9,8,12,9,8,5
GENE-16102,NO,1,705,661,778,852,681,722
GENE-16103,NO,1,1,0,0,0,0,1
GENE-16104,NO,1,0,0,1,1,0,0
GENE-16105,YES,1,0,0,0,0,1,0
GENE-16106,NO,1,0,0,0,0,0,0
GENE-16107,NO,1,0,0,0,0,0,0
GENE-16108,NO,1,99,116,98,112,92,103
GENE-16109,NO,1,0,0,0,0,0,0
GENE-16110,YES,1,0,0,0,0,0,0
GENE-16111,NO,1,0,0,0,0,0,0
GENE-16112,NO,1,0,0,0,0,0,0
GENE-16113,NO,1,87,104,134,89,108,115
GENE-16114,NO,1,0,0,0,0,0,0
GENE-16115,NO,1,0,0,0,0,0,0
GENE-16116,NO,1,11,8,10,15,16,14
GENE-16117,NO,1,0,0,0,0,0,0
GENE-16118,NO,1,0,0,0,0,0,0
GENE-16119,NO,1,0,0,0,0,0,0
GENE-16120,NO,1,916,857,881,736,909,934
GENE-16121,NO,1,0,0,0,0,0,0
GENE-16122,NO,1,7,5,7,7,7,4
GENE-16123,NO,1,0,0,0,0,0,0
GENE-16124,NO,1,11,10,9,5,10,10
GENE-16125,NO,1,304,279,245,346,260,267
GENE-16126,NO,1,0,0,0,0,0,0
GENE-16127,YES,1,0,0,0,0,0,0
GENE-16128,NO,1,0,0,0,0,0,0
GENE-16129,NO,1,0,0,0,0,0,0
GENE-16130,NO,1,0,0,0,0,0,0
GENE-16131,NO,1,0,0,0,0,0,0
GENE-16132,NO,1,3998,5171,5598,5106,6163,4633
GENE-16133,NO,1,0,0,0,0,0,0
GENE-16134,NO,1,0,0,0,0,0,0
GENE-16135,NO,1,892,1456,1159,654,841,149
GENE-16136,NO,1,0,0,0,0,0,0
GENE-16137,NO,1,0,0,0,0,0,0
GENE-16138,NO,1,39,39,46,34,43,36
GENE-16139,NO,1,0,0,0,1,0,2
GENE-16140,NO,1,0,0,0,0,0,0
GENE-16141,NO,1,0,0,0,0,0,0
GENE-16142,NO,1,0,0,0,0,0,0
GENE-16143,NO,1,0,0,0,0,0,0
GENE-16144,NO,1,0,0,0,0,0,0
GENE-16145,YES,1,7,3,2,2,1,5
GENE-16146,NO,1,0,0,0,0,0,0
GENE-16147,NO,1,14,13,19,21,19,4
GENE-16148,NO,1,0,0,0,0,0,0
GENE-16149,NO,1,0,0,0,0,0,0
GENE-16150,NO,1,255,149,194,240,182,187
GENE-16151,YES,1,0,0,0,0,0,0
GENE-16152,NO,1,0,0,0,0,0,0
GENE-16153,NO,1,2,5,4,3,4,3
GENE-16154,YES,1,0,0,0,0,0,0
GENE-16155,NO,1,0,0,0,0,0,0
GENE-16156,NO,1,0,0,0,0,0,0
GENE-16157,NO,1,0,0,0,0,0,0
GENE-16158,NO,1,0,0,0,0,0,0
GENE-16159,NO,1,2287,2248,2996,1781,1861,2262
GENE-16160,NO,1,0,0,0,0,0,0
GENE-16161,NO,1,0,0,0,0,0,0
GENE-16162,NO,1,7,7,7,8,15,7
GENE-16163,NO,1,0,0,0,0,0,0
GENE-16164,NO,1,0,0,0,0,0,0
GENE-16165,NO,1,0,0,0,0,0,0
GENE-16166,NO,1,0,0,0,0,0,0
GENE-16167,NO,1,8,13,5,12,8,8
GENE-16168,NO,1,90,148,131,215,124,128
GENE-16169,YES,1,0,0,0,0,0,0
GENE-16170,NO,1,0,0,0,0,0,0
GENE-16171,NO,1,132,115,129,96,105,144
GENE-16172,NO,1,0,0,0,0,0,0
GENE-16173,NO,1,0,0,0,0,0,0
GENE-16174,NO,1,0,0,0,0,0,0
GENE-16175,NO,1,11478,8799,8704,10823,13162,10025
GENE-16176,NO,1,0,0,0,0,0,0
GENE-16177,NO,1,573,359,117,199,157,138
GENE-16178,NO,1,0,0,1,1,2,1
GENE-16179,NO,1,0,0,0,0,0,0
GENE-16180,NO,1,0,0,0,0,0,0
GENE-16182,NO,1,0,0,0,0,0,0
GENE-16183,NO,1,0,0,0,0,0,0
GENE-16184,NO,1,0,0,0,0,0,0
GENE-16185,NO,1,25,28,19,17,34,29
GENE-16186,YES,1,0,0,0,0,0,0
GENE-16187,NO,1,0,0,0,0,0,0
GENE-16188,NO,1,260,283,285,339,266,268
GENE-16189,NO,1,0,0,0,0,0,0
GENE-16190,NO,1,0,0,0,0,0,0
GENE-16191,NO,1,449,900,535,577,814,378
GENE-16192,NO,1,0,0,0,0,0,0
GENE-16193,NO,1,0,0,0,0,0,0
GENE-16194,NO,1,12,9,17,24,19,21
GENE-16195,NO,1,14,16,15,17,12,12
GENE-16196,NO,1,0,0,0,0,0,0
GENE-16197,NO,1,1,1,0,4,1,2
GENE-16198,NO,1,0,0,0,0,0,0
GENE-16199,NO,1,0,0,0,0,0,0
GENE-16200,YES,1,0,0,0,0,0,0
GENE-16201,NO,1,1,1,1,2,1,1
GENE-16202,NO,1,141,148,134,149,144,151
GENE-16203,NO,1,0,0,0,0,0,0
GENE-16205,NO,1,33,37,29,14,19,19
GENE-16206,NO,1,0,0,0,0,0,0
GENE-16207,NO,1,0,0,0,0,0,0
GENE-16208,NO,1,0,0,0,0,0,0
GENE-16209,NO,1,0,0,0,0,0,0
GENE-16210,NO,1,0,0,0,0,0,0
GENE-16211,NO,1,0,0,0,0,0,0
GENE-16212,NO,1,0,0,0,0,0,0
GENE-16213,NO,1,0,0,0,0,0,0
GENE-16214,NO,1,0,0,0,0,0,0
GENE-16215,NO,1,14,22,29,28,16,23
GENE-16216,NO,1,26,27,21,31,12,9
GENE-16217,NO,1,1150,1456,1424,1458,1509,1527
GENE-16218,NO,1,0,0,0,0,0,0
GENE-16219,NO,1,0,0,0,1,1,0
GENE-16220,NO,1,0,0,0,0,0,0
GENE-16221,NO,1,25,15,16,23,11,12
GENE-16222,YES,1,0,0,0,0,0,0
GENE-16223,NO,1,10,13,16,18,5,13
GENE-16224,NO,1,0,0,0,0,0,0
GENE-16225,NO,1,52,32,65,84,58,58
GENE-16226,NO,1,1807,1734,2256,1860,1835,1804
GENE-16227,NO,1,0,0,0,0,0,0
GENE-16228,NO,1,0,0,0,0,0,0
GENE-16229,NO,1,0,0,0,0,0,0
GENE-16230,NO,1,0,0,0,0,0,0
GENE-16231,NO,1,0,0,0,0,0,0
GENE-16232,NO,1,0,0,0,0,0,0
GENE-16233,NO,1,0,0,0,0,0,0
GENE-16234,NO,1,10,10,2,6,12,9
GENE-16235,NO,1,457,479,290,282,603,581
GENE-16236,NO,1,98,101,92,122,88,108
GENE-16237,NO,1,10,8,18,12,11,9
GENE-16238,YES,1,0,1,0,8,4,3
GENE-16239,NO,1,0,0,0,0,0,0
GENE-16240,NO,1,0,0,0,0,0,0
GENE-16241,NO,1,0,0,0,0,0,0
GENE-16242,NO,1,0,0,0,0,0,0
GENE-16243,NO,1,5398,5157,4169,5667,5431,5198
GENE-16244,NO,1,903,1694,1183,1801,1435,1572
GENE-16245,NO,1,1,0,0,0,0,0
GENE-16246,NO,1,0,0,0,0,0,0
GENE-16247,NO,1,0,0,0,0,0,0
GENE-16248,NO,1,0,0,0,0,0,0
GENE-16249,NO,1,0,1,0,0,0,0
GENE-16250,NO,1,278,321,296,190,205,269
GENE-16251,NO,1,0,0,0,0,0,0
GENE-16252,NO,1,0,0,0,0,0,0
GENE-16253,YES,1,0,0,0,0,0,0
GENE-16254,NO,1,0,0,0,0,0,0
GENE-16255,NO,1,0,0,0,0,0,0
GENE-16256,NO,1,0,0,0,0,0,0
GENE-16257,NO,1,28,17,23,21,74,23
GENE-16258,NO,1,0,0,0,0,0,0
GENE-16259,NO,1,2,3,2,3,2,4
GENE-16260,NO,1,0,0,0,0,0,0
GENE-16261,NO,1,0,0,0,0,0,0
GENE-16262,NO,1,165,234,153,157,209,193
GENE-16263,NO,1,0,0,0,0,0,0
GENE-16264,NO,1,55,34,26,38,42,47
GENE-16265,NO,1,0,0,0,0,0,0
GENE-16266,NO,1,200,166,163,198,205,181
GENE-16267,NO,1,0,0,1,0,0,0
GENE-16268,NO,1,9,8,15,15,14,13
GENE-16269,NO,1,92,85,106,99,97,97
GENE-16270,NO,1,0,0,0,0,0,0
GENE-16271,NO,1,59,44,49,51,60,36
GENE-16272,NO,1,535,504,441,527,543,571
GENE-16273,NO,1,0,0,0,0,0,0
GENE-16274,YES,1,0,0,0,0,0,0
GENE-16277,NO,1,46,36,41,49,31,65
GENE-16278,NO,1,0,0,0,0,0,0
GENE-16279,NO,1,9,3,3,7,11,6
GENE-16280,NO,1,0,0,0,0,0,0
GENE-16281,NO,1,356,448,459,450,425,338
GENE-16282,NO,1,0,0,0,0,0,0
GENE-16283,NO,1,2671,2283,2432,2324,2803,2208
GENE-16284,NO,1,0,0,0,0,0,0
GENE-16285,NO,1,405,238,277,249,292,237
GENE-16286,NO,1,0,0,0,0,0,0
GENE-16287,NO,1,0,0,0,0,0,0
GENE-16288,NO,1,458,417,439,378,449,333
GENE-16289,YES,1,0,0,0,0,0,0
GENE-16290,NO,1,0,0,0,0,0,0
GENE-16291,NO,1,0,0,0,0,0,0
GENE-16292,NO,1,0,0,0,0,0,0
GENE-16293,NO,1,0,0,0,0,0,0
GENE-16294,NO,1,0,0,0,0,0,0
GENE-16295,NO,1,0,1584,1,164,41,24
GENE-16296,NO,1,693,731,570,674,693,765
GENE-16297,NO,1,10,11,4,5,9,4
GENE-16298,NO,1,0,0,0,0,0,0
GENE-16299,YES,1,0,0,0,0,0,0
GENE-16300,NO,1,0,0,0,0,0,0
GENE-16301,NO,1,0,0,0,0,0,0
GENE-16302,NO,1,0,0,0,0,0,0
GENE-16303,NO,1,508,417,487,396,409,428
GENE-16304,NO,1,0,0,0,0,0,0
GENE-16305,NO,1,0,0,0,0,0,0
GENE-16306,NO,1,1134,1810,1304,1535,1556,1355
GENE-16307,NO,1,0,0,0,0,0,0
GENE-16308,NO,1,0,0,0,0,0,0
GENE-16309,NO,1,23,38,23,17,17,53
GENE-16310,NO,1,327,442,430,445,505,440
GENE-16311,NO,1,1410,1300,1344,1376,1404,1419
GENE-16312,NO,1,0,0,0,0,0,0
GENE-16313,NO,1,0,0,0,0,0,0
GENE-16314,NO,1,0,0,0,0,0,0
GENE-16315,NO,1,0,0,0,0,0,0
GENE-16316,NO,1,0,0,0,0,0,0
GENE-16317,NO,1,126,180,163,91,166,189
GENE-16318,NO,1,0,0,0,0,0,0
GENE-16319,NO,1,0,0,0,0,0,0
GENE-16320,YES,1,0,0,1,10,4,9
GENE-16321,NO,1,22,13,25,24,17,18
GENE-16322,NO,1,0,0,0,0,0,0
GENE-16323,NO,1,0,0,0,0,0,0
GENE-16324,NO,1,0,0,0,0,0,0
GENE-16325,NO,1,0,0,0,0,0,0
GENE-16326,NO,1,0,0,0,0,0,0
GENE-16327,NO,1,0,0,0,0,0,0
GENE-16328,NO,1,0,0,0,0,0,0
GENE-16329,NO,1,1989,2356,2474,2793,1412,2357
GENE-16330,NO,1,0,0,0,0,0,0
GENE-16331,NO,1,0,0,0,0,0,0
GENE-16332,NO,1,0,0,0,0,0,0
GENE-16333,NO,1,0,0,0,0,0,0
GENE-16334,NO,1,479,384,313,405,412,394
GENE-16335,NO,1,0,0,0,0,0,0
GENE-16336,NO,1,0,0,0,0,0,0
GENE-16337,NO,1,0,0,0,0,0,0
GENE-16338,NO,1,0,0,1,0,0,0
GENE-16339,NO,1,0,0,0,0,0,0
GENE-16340,NO,1,77,36,47,66,65,41
GENE-16341,NO,1,0,1,0,0,0,2
GENE-16342,NO,1,0,0,0,0,0,0
GENE-16343,NO,1,0,0,0,0,0,0
GENE-16344,NO,1,343,492,276,370,378,389
GENE-16345,NO,1,14893,17195,12595,16987,19451,15216
GENE-16346,NO,1,10,7,9,7,11,7
GENE-16347,NO,1,0,0,0,0,0,0
GENE-16348,NO,1,0,0,0,0,0,0
GENE-16349,NO,1,3,0,5,2,5,1
GENE-16350,NO,1,0,0,0,0,0,0
GENE-16351,NO,1,14,4034,4109,1383,542,10801
GENE-16352,NO,1,0,0,0,0,0,0
GENE-16353,NO,1,0,0,0,0,0,0
GENE-16354,NO,1,103,146,108,81,97,112
GENE-16355,NO,1,0,0,0,0,0,0
GENE-16356,NO,1,0,0,0,0,0,0
GENE-16358,NO,1,15,17,10,7,8,7
GENE-16359,NO,1,0,0,0,0,0,0
GENE-16360,NO,1,208,163,136,133,218,131
GENE-16361,NO,1,21,11,22,16,13,14
GENE-16362,NO,1,666,737,895,887,772,807
GENE-16363,NO,1,0,0,0,0,0,0
GENE-16364,YES,1,5,5,3,2,0,4
GENE-16365,NO,1,0,0,0,0,0,0
GENE-16366,YES,1,0,0,0,0,0,0
GENE-16367,NO,1,0,0,0,0,0,0
GENE-16368,NO,1,0,0,0,0,0,0
GENE-16369,NO,1,1,2,2,1,1,3
GENE-16370,NO,1,0,0,0,0,0,0
GENE-16371,NO,1,0,0,0,0,0,0
GENE-16372,NO,1,92,81,82,111,106,145
GENE-16373,NO,1,0,0,0,0,0,0
GENE-16374,NO,1,0,0,0,0,0,0
GENE-16375,NO,1,0,0,0,0,0,0
GENE-16376,NO,1,0,0,0,0,0,0
GENE-16377,NO,1,0,0,0,0,0,0
GENE-16378,NO,1,0,0,0,0,0,0
GENE-16379,NO,1,0,0,0,0,0,0
GENE-16380,NO,1,0,0,0,0,0,0
GENE-16381,NO,1,3,1,1,5,3,0
GENE-16382,NO,1,0,0,0,0,0,0
GENE-16383,NO,1,0,0,0,0,0,0
GENE-16384,NO,1,0,0,0,0,0,0
GENE-16385,NO,1,41,31,31,36,36,67
GENE-16386,NO,1,0,0,0,0,0,0
GENE-16387,NO,1,0,0,0,0,0,0
GENE-16388,NO,1,0,0,0,0,0,0
GENE-16389,NO,1,0,0,0,0,0,0
GENE-16390,NO,1,123,180,274,59,108,117
GENE-16391,NO,1,0,0,0,0,0,0
GENE-16392,NO,1,617,483,672,689,555,757
GENE-16393,NO,1,113,95,100,87,91,95
GENE-16394,NO,1,0,0,0,0,0,0
GENE-16395,NO,1,11,7,9,4,4,8
GENE-16396,NO,1,0,0,0,0,0,0
GENE-16397,NO,1,6,6,2,4,2,2
GENE-16398,NO,1,0,0,0,0,0,0
GENE-16399,NO,1,0,0,0,0,0,0
GENE-16400,NO,1,0,0,0,0,0,0
GENE-16401,YES,1,0,0,0,0,0,0
GENE-16402,NO,1,5,5,3,7,10,6
GENE-16403,NO,1,0,0,0,0,0,0
GENE-16405,NO,1,406,473,476,321,418,573
GENE-16406,NO,1,0,0,0,0,0,0
GENE-16407,NO,1,0,0,0,0,0,0
GENE-16408,NO,1,1031,947,363,1046,1117,1904
GENE-16409,NO,1,3,3,0,4,1,1
GENE-16410,NO,1,65,160,142,273,121,130
GENE-16411,NO,1,0,1,1,1,3,1
GENE-16412,NO,1,0,0,0,0,0,0
GENE-16413,NO,1,0,0,0,0,0,1
GENE-16414,NO,1,0,0,0,0,0,0
GENE-16415,NO,1,0,0,0,0,0,0
GENE-16416,NO,1,60,37,26,39,40,34
GENE-16417,NO,1,0,0,0,0,0,0
GENE-16418,NO,1,0,0,0,0,0,0
GENE-16419,NO,1,1641,1751,1231,1563,1282,1700
GENE-16420,NO,1,0,0,0,0,0,0
GENE-16421,NO,1,0,0,0,0,0,0
GENE-16422,NO,1,126,363,135,186,314,268
GENE-16423,NO,1,0,0,0,0,0,0
GENE-16424,NO,1,5,4,1,0,3,4
GENE-16425,NO,1,1,0,0,1,1,0
GENE-16426,NO,1,0,0,0,0,0,0
GENE-16427,NO,1,0,0,0,0,0,0
GENE-16428,NO,1,0,0,0,0,0,0
GENE-16429,NO,1,0,0,0,0,0,0
GENE-16430,NO,1,0,0,0,0,0,0
GENE-16431,NO,1,1,3,0,0,1,0
GENE-16432,NO,1,0,0,0,0,0,0
GENE-16433,NO,1,0,0,0,0,0,0
GENE-16434,NO,1,0,0,0,0,0,0
GENE-16435,NO,1,0,0,0,0,0,0
GENE-16436,NO,1,38,55,32,148,87,119
GENE-16437,NO,1,0,0,0,0,0,0
GENE-16438,NO,1,47,102,111,94,90,106
GENE-16439,NO,1,0,0,0,0,0,0
GENE-16440,NO,1,0,0,0,0,0,0
GENE-16441,NO,1,0,0,0,0,0,0
GENE-16442,NO,1,0,0,0,0,0,0
GENE-16443,NO,1,14,13,10,22,13,21
GENE-16444,NO,1,0,0,0,0,0,0
GENE-16445,NO,1,31,18,18,25,12,26
GENE-16446,NO,1,1,3,4,0,5,3
GENE-16447,NO,1,0,0,0,0,0,0
GENE-16448,NO,1,0,0,0,0,0,0
GENE-16449,NO,1,0,0,0,0,0,0
GENE-16450,NO,1,0,0,0,0,0,0
GENE-16451,NO,1,0,0,0,0,0,0
GENE-16452,NO,1,0,0,0,0,0,0
GENE-16453,NO,1,146,353,235,210,191,273
GENE-16454,NO,1,0,0,0,0,0,0
GENE-16455,NO,1,0,0,0,0,0,0
GENE-16456,NO,1,0,0,0,0,0,0
GENE-16457,NO,1,10,13,24,11,11,7
GENE-16458,NO,1,0,0,0,0,0,0
GENE-16459,NO,1,0,0,0,0,0,0
GENE-16460,NO,1,840,1411,1042,1028,1333,997
GENE-16461,NO,1,583,727,688,489,613,566
GENE-16462,NO,1,0,0,0,0,0,0
GENE-16463,NO,1,0,0,0,0,0,0
GENE-16464,YES,1,0,0,0,0,0,0
GENE-16465,NO,1,6,12,4,3,6,5
GENE-16466,NO,1,606,810,1096,994,781,812
GENE-16467,NO,1,0,0,0,0,0,0
GENE-16468,NO,1,0,0,0,0,0,0
GENE-16469,NO,1,88,94,86,70,82,93
GENE-16470,NO,1,713,618,487,574,735,664
GENE-16471,NO,1,82,80,69,66,76,67
GENE-16472,NO,1,2,3,2,3,1,3
GENE-16473,NO,1,0,0,0,0,0,0
GENE-16474,NO,1,0,1,0,1,2,2
GENE-16475,NO,1,0,0,0,0,0,0
GENE-16476,NO,1,0,0,0,0,0,0
GENE-16477,NO,1,0,0,0,0,0,0
GENE-16478,NO,1,0,0,0,0,0,0
GENE-16479,NO,1,0,0,0,0,0,0
GENE-16480,NO,1,0,0,0,0,0,0
GENE-16481,NO,1,0,0,0,0,0,0
GENE-16482,NO,1,8,12,8,15,25,12
GENE-16483,NO,1,0,0,0,0,0,0
GENE-16484,NO,1,45,60,49,57,50,52
GENE-16485,NO,1,0,0,0,0,0,0
GENE-16486,NO,1,1824,159,1084,250,1389,658
GENE-16487,YES,1,0,0,0,0,0,0
GENE-16489,NO,1,0,0,0,0,0,0
GENE-16490,NO,1,0,0,0,0,0,0
GENE-16491,NO,1,0,0,0,0,0,0
GENE-16492,NO,1,49,28,28,17,22,17
GENE-16493,NO,1,147,184,165,168,149,166
GENE-16494,NO,1,5,4,2,4,8,7
GENE-16495,NO,1,0,0,0,0,0,0
GENE-16496,NO,1,118,101,123,117,121,126
GENE-16497,NO,1,18,18,16,22,18,19
GENE-16498,NO,1,0,0,0,2,0,0
GENE-16499,NO,1,0,0,0,0,0,0
GENE-16500,NO,1,0,0,0,0,0,0
GENE-16501,NO,1,619,671,721,744,621,496
GENE-16502,NO,1,0,0,0,0,0,0
GENE-16503,YES,1,0,0,0,0,0,0
GENE-16504,NO,1,0,0,6,126,12,6
GENE-16505,NO,1,0,0,0,0,0,0
GENE-16506,NO,1,0,0,0,0,0,0
GENE-16507,NO,1,0,0,0,0,0,0
GENE-16508,NO,1,0,0,0,0,0,0
GENE-16509,NO,1,0,0,0,0,0,0
GENE-16510,NO,1,0,0,0,0,0,0
GENE-16511,NO,1,0,0,0,0,0,0
GENE-16512,NO,1,1,3,3,3,2,5
GENE-16513,NO,1,0,0,0,0,0,0
GENE-16514,NO,1,0,0,0,0,0,0
GENE-16515,NO,1,0,0,0,0,0,0
GENE-16516,NO,1,0,0,0,0,0,0
GENE-16517,NO,1,0,0,0,0,0,0
GENE-16518,NO,1,4,2,0,3,1,2
GENE-16519,NO,1,0,0,0,0,0,0
GENE-16520,NO,1,39,152,82,57,84,32
GENE-16521,NO,1,0,0,0,0,0,0
GENE-16522,NO,1,0,0,0,0,0,0
GENE-16523,NO,1,0,0,0,0,0,0
GENE-16524,NO,1,67,105,97,79,101,58
GENE-16525,NO,1,0,0,0,0,0,0
GENE-16526,NO,1,98,87,71,78,50,70
GENE-16527,NO,1,1,0,2,0,1,0
GENE-16528,NO,1,0,0,0,0,0,0
GENE-16529,NO,1,37,42,20,33,42,41
GENE-16530,NO,1,593,505,832,529,513,595
GENE-16531,NO,1,17,14,10,30,25,17
GENE-16532,NO,1,0,0,0,0,0,0
GENE-16533,NO,1,0,0,0,0,0,0
GENE-16534,NO,1,0,0,0,0,0,0
GENE-16535,NO,1,26,41,35,18,35,20
GENE-16536,NO,1,3,0,4,2,0,0
GENE-16537,NO,1,1599,1575,1061,1275,1105,2187
GENE-16538,NO,1,0,0,0,0,0,0
GENE-16539,NO,1,142,181,153,162,131,159
GENE-16540,NO,1,1,0,109,266,141,48
GENE-16541,NO,1,0,0,0,0,0,0
GENE-16542,NO,1,0,0,0,0,0,0
GENE-16543,NO,1,0,0,0,0,0,0
GENE-16544,NO,1,31,78,47,57,40,61
GENE-16545,NO,1,0,0,0,0,0,0
GENE-16546,NO,1,48,138,28,76,110,65
GENE-16547,NO,1,0,0,0,0,0,0
GENE-16548,NO,1,0,0,0,0,0,0
GENE-16549,YES,1,0,0,0,0,0,0
GENE-16550,NO,1,0,0,0,0,0,0
GENE-16551,NO,1,0,0,0,0,0,0
GENE-16552,NO,1,0,0,0,0,0,0
GENE-16553,NO,1,12,12,10,10,10,4
GENE-16554,NO,1,202,225,196,219,252,229
GENE-16555,NO,1,0,0,0,0,0,0
GENE-16556,NO,1,31,20,33,29,28,17
GENE-16557,NO,1,0,0,0,0,0,0
GENE-16558,NO,1,0,0,0,0,0,1
GENE-16559,NO,1,0,1,1,1,0,1
GENE-16560,NO,1,2,2,5,3,3,2
GENE-16561,NO,1,0,0,0,0,0,0
GENE-16562,NO,1,51,60,52,62,63,68
GENE-16563,NO,1,0,0,0,0,0,0
GENE-16564,NO,1,13,21,31,17,13,15
GENE-16565,NO,1,0,0,0,0,0,0
GENE-16566,NO,1,0,0,0,0,0,0
GENE-16567,NO,1,0,0,0,0,0,0
GENE-16568,YES,1,0,0,0,0,0,0
GENE-16569,NO,1,0,0,0,0,0,0
GENE-16570,NO,1,1853,1860,1699,1832,1676,1822
GENE-16571,NO,1,0,0,0,0,0,0
GENE-16572,NO,1,42,41,52,36,55,33
GENE-16573,NO,1,0,0,0,0,0,0
GENE-16574,NO,1,3409,2380,1646,1658,3065,2613
GENE-16575,NO,1,0,0,0,0,0,0
GENE-16576,NO,1,0,0,0,1,1,1
GENE-16577,NO,1,0,0,0,0,0,0
GENE-16578,NO,1,0,0,0,0,0,0
GENE-16579,NO,1,0,0,0,0,0,0
GENE-16580,NO,1,0,0,0,0,0,0
GENE-16581,NO,1,0,0,0,0,0,0
GENE-16582,NO,1,0,0,0,0,0,0
GENE-16583,NO,1,601,671,1110,532,663,422
GENE-16584,NO,1,182,157,245,134,149,157
GENE-16586,NO,1,0,0,0,0,0,0
GENE-16587,NO,1,109,118,151,119,88,132
GENE-16588,NO,1,0,0,0,0,0,0
GENE-16589,NO,1,34,29,29,24,41,21
GENE-16590,NO,1,786,694,664,538,616,336
GENE-16591,NO,1,0,0,0,0,0,0
GENE-16592,NO,1,0,0,0,0,0,0
GENE-16593,NO,1,5,7,4,3,5,5
GENE-16594,NO,1,0,0,0,0,0,0
GENE-16595,NO,1,0,0,0,0,0,0
GENE-16596,NO,1,0,0,0,0,0,0
GENE-16597,NO,1,0,0,0,0,0,0
GENE-16598,NO,1,0,0,0,0,1,1
GENE-16599,NO,1,40,33,41,28,32,27
GENE-16600,NO,1,0,0,0,0,0,0
GENE-16601,NO,1,1488,1382,1344,1228,1471,1529
GENE-16602,NO,1,169,209,125,246,296,167
GENE-16603,NO,1,0,0,0,0,0,0
GENE-16604,NO,1,62,76,72,101,53,87
GENE-16605,NO,1,0,0,0,0,0,0
GENE-16606,NO,1,0,0,0,0,0,0
GENE-16607,NO,1,0,0,0,0,0,0
GENE-16608,NO,1,55,52,42,55,71,60
GENE-16609,NO,1,3,1,1,1,4,1
GENE-16610,NO,1,0,0,0,0,0,0
GENE-16611,NO,1,0,0,0,0,0,0
GENE-16612,NO,1,0,0,0,0,0,0
GENE-16613,NO,1,0,0,0,0,0,0
GENE-16614,NO,1,0,0,0,0,0,0
GENE-16615,NO,1,0,0,0,0,0,0
GENE-16616,NO,1,0,0,0,0,0,0
GENE-16617,NO,1,172,121,117,125,111,70
GENE-16618,NO,1,0,0,0,0,0,0
GENE-16619,NO,1,0,0,0,0,0,0
GENE-16620,NO,1,101,102,91,91,125,102
GENE-16621,NO,1,604,552,552,643,552,557
GENE-16622,NO,1,0,0,0,0,0,0
GENE-16623,NO,1,0,0,0,0,0,0
GENE-16624,NO,1,0,0,0,0,0,0
GENE-16625,NO,1,434,572,316,469,659,534
GENE-16626,NO,1,0,0,0,0,0,0
GENE-16627,NO,1,0,0,0,0,0,0
GENE-16628,NO,1,0,0,0,0,0,0
GENE-16629,NO,1,65,61,50,38,35,55
GENE-16630,NO,1,0,0,0,0,0,0
GENE-16631,NO,1,0,0,0,0,0,0
GENE-16632,NO,1,0,0,0,0,0,0
GENE-16633,NO,1,0,0,0,0,0,0
GENE-16634,NO,1,0,0,0,0,0,0
GENE-16635,NO,1,2,8,8,6,14,5
GENE-16636,NO,1,1,2,3,2,1,3
GENE-16637,NO,1,0,1,0,0,0,0
GENE-16638,NO,1,0,0,0,0,0,0
GENE-16639,NO,1,690,986,911,720,1380,1054
GENE-16640,NO,1,651,882,657,796,663,698
GENE-16641,NO,1,179,151,185,148,198,160
GENE-16642,NO,1,0,0,0,0,0,0
GENE-16643,NO,1,130,55,59,75,45,118
GENE-16644,NO,1,0,0,0,0,0,0
GENE-16645,NO,1,0,0,0,0,0,0
GENE-16646,NO,1,0,0,0,0,0,0
GENE-16647,NO,1,0,0,0,0,0,0
GENE-16648,NO,1,18666,22174,16727,15340,17117,12513
GENE-16649,NO,1,0,0,0,0,0,0
GENE-16650,NO,1,2,4,6,5,4,5
GENE-16652,NO,1,4,2,1,2,5,2
GENE-16653,YES,1,0,0,0,0,0,0
GENE-16654,NO,1,2734,7,2493,256,77,931
GENE-16655,NO,1,0,0,0,0,0,0
GENE-16656,NO,1,53,50,64,52,49,67
GENE-16657,NO,1,9,11,18,13,19,17
GENE-16658,NO,1,0,0,0,0,0,0
GENE-16659,NO,1,0,0,0,0,0,0
GENE-16660,NO,1,0,0,0,0,0,0
GENE-16661,NO,1,0,0,0,0,0,0
GENE-16662,NO,1,0,0,0,0,0,0
GENE-16663,NO,1,0,0,0,0,0,0
GENE-16664,NO,1,0,0,0,0,0,0
GENE-16665,NO,1,0,0,0,0,0,0
GENE-16666,NO,1,0,0,0,0,0,0
GENE-16667,NO,1,0,1,0,0,1,0
GENE-16668,NO,1,0,0,0,0,0,0
GENE-16669,NO,1,3,3,5,1,3,3
GENE-16670,NO,1,142,100,117,171,187,94
GENE-16671,NO,1,0,0,0,0,0,0
GENE-16672,NO,1,0,0,0,0,0,0
GENE-16673,NO,1,1,0,1,0,0,2
GENE-16674,NO,1,0,0,1,0,0,3
GENE-16675,NO,1,0,0,0,0,0,0
GENE-16676,NO,1,0,0,0,0,0,0
GENE-16677,NO,1,117,64,70,115,148,112
GENE-16678,NO,1,0,0,0,0,0,0
GENE-16679,NO,1,0,0,3,1,0,0
GENE-16680,NO,1,342,262,266,294,278,322
GENE-16681,NO,1,0,0,0,0,0,0
GENE-16682,NO,1,0,0,0,0,0,0
GENE-16683,NO,1,0,0,0,0,0,0
GENE-16684,NO,1,0,0,0,0,0,0
GENE-16685,NO,1,0,0,0,0,0,0
GENE-16686,NO,1,0,0,0,0,0,0
GENE-16687,NO,1,1,0,1,0,1,0
GENE-16688,YES,1,0,0,0,0,0,0
GENE-16689,NO,1,0,0,0,0,0,0
GENE-16690,NO,1,20,10,11,16,14,8
GENE-16691,YES,1,0,0,0,0,0,0
GENE-16692,NO,1,0,1,1,2,1,2
GENE-16693,NO,1,0,0,0,0,0,0
GENE-16694,NO,1,0,0,0,0,0,0
GENE-16695,NO,1,0,0,0,0,0,0
GENE-16696,NO,1,0,0,0,0,0,0
GENE-16697,NO,1,36,60,36,42,19,36
GENE-16698,NO,1,0,0,0,0,0,0
GENE-16699,NO,1,0,0,0,0,0,0
GENE-16700,NO,1,0,0,0,0,0,0
GENE-16701,NO,1,6,7,21,5,19,15
GENE-16702,YES,1,0,0,0,0,0,0
GENE-16703,NO,1,0,0,0,0,0,0
GENE-16704,NO,1,0,0,0,0,0,0
GENE-16705,NO,1,0,0,0,0,0,0
GENE-16706,NO,1,0,0,0,0,0,0
GENE-16707,NO,1,0,0,0,0,0,0
GENE-16708,NO,1,260,284,317,190,380,216
GENE-16709,NO,1,0,0,0,0,0,0
GENE-16710,NO,1,0,0,0,0,0,0
GENE-16711,NO,1,0,0,0,0,0,0
GENE-16712,NO,1,0,0,0,0,0,0
GENE-16713,NO,1,0,0,0,0,0,0
GENE-16714,NO,1,0,0,0,0,0,0
GENE-16715,NO,1,306,363,299,341,314,339
GENE-16716,NO,1,0,0,1,0,0,0
GENE-16717,NO,1,0,0,0,0,0,0
GENE-16718,NO,1,0,0,0,0,0,0
GENE-16719,NO,1,2572,3126,3005,3257,3117,3024
GENE-16720,NO,1,0,0,0,0,0,0
GENE-16721,NO,1,0,0,0,0,0,0
GENE-16722,NO,1,125,132,101,147,107,125
GENE-16723,NO,1,1729,1667,1777,1831,1679,1551
GENE-16724,NO,1,0,0,0,0,0,0
GENE-16725,NO,1,603,794,696,625,592,499
GENE-16726,NO,1,0,0,0,0,0,0
GENE-16727,NO,1,0,0,0,0,0,0
GENE-16728,NO,1,0,0,0,0,0,0
GENE-16729,NO,1,0,0,0,0,0,0
GENE-16730,NO,1,0,0,0,0,0,0
GENE-16731,NO,1,0,0,0,0,0,0
GENE-16732,NO,1,1,0,0,1,2,4
GENE-16733,NO,1,0,0,0,0,0,0
GENE-16734,NO,1,0,0,0,0,0,0
GENE-16735,NO,1,0,0,0,0,0,0
GENE-16736,NO,1,0,0,0,0,0,0
GENE-16737,NO,1,0,0,0,0,0,0
GENE-16738,NO,1,0,0,0,0,0,0
GENE-16739,NO,1,0,0,0,0,0,0
GENE-16740,NO,1,0,0,0,0,0,0
GENE-16741,NO,1,640,729,558,535,556,553
GENE-16742,NO,1,306,202,352,193,243,291
GENE-16743,NO,1,0,0,0,0,0,0
GENE-16744,NO,1,0,0,0,0,0,0
GENE-16745,NO,1,0,0,0,0,0,0
GENE-16746,NO,1,0,0,0,0,0,0
GENE-16747,NO,1,0,0,1,1,1,0
GENE-16748,NO,1,0,0,0,0,0,0
GENE-16749,NO,1,0,0,0,0,0,0
GENE-16750,NO,1,0,0,0,0,0,0
GENE-16751,NO,1,7,3,5,5,12,4
GENE-16752,NO,1,29,44,46,42,35,59
GENE-16753,NO,1,0,0,0,0,0,1
GENE-16754,NO,1,0,0,0,0,0,0
GENE-16755,NO,1,0,0,0,0,0,0
GENE-16756,NO,1,0,0,0,0,0,0
GENE-16757,NO,1,0,0,0,0,0,0
GENE-16758,NO,1,0,0,0,0,0,0
GENE-16759,NO,1,149,129,129,131,163,152
GENE-16760,NO,1,2,3,3,2,3,2
GENE-16761,NO,1,0,0,0,0,0,0
GENE-16762,NO,1,0,0,0,0,0,0
GENE-16763,NO,1,267,386,345,313,355,348
GENE-16764,NO,1,0,0,0,0,0,0
GENE-16765,NO,1,0,0,0,0,0,0
GENE-16766,NO,1,2054,2131,2059,1976,2100,2064
GENE-16767,NO,1,17,23,16,22,22,26
GENE-16768,NO,1,0,0,0,0,0,0
GENE-16769,NO,1,0,0,0,0,0,0
GENE-16770,NO,1,0,0,0,0,0,0
GENE-16771,NO,1,0,0,0,0,0,0
GENE-16772,NO,1,0,0,0,0,0,0
GENE-16773,NO,1,0,0,0,0,0,0
GENE-16774,NO,1,10,10,9,8,10,12
GENE-16775,NO,1,1,0,1,2,3,3
GENE-16776,NO,1,1,4,4,2,1,3
GENE-16777,NO,1,0,0,0,0,0,0
GENE-16778,NO,1,0,0,0,0,0,0
GENE-16779,NO,1,0,0,0,0,0,0
GENE-16780,NO,1,0,0,0,0,0,0
GENE-16781,NO,1,0,0,0,0,0,0
GENE-16782,NO,1,0,0,0,0,0,0
GENE-16783,NO,1,0,0,0,0,0,0
GENE-16784,NO,1,1090,1179,1045,1043,1246,1096
GENE-16785,NO,1,0,0,0,0,0,0
GENE-16786,NO,1,0,0,0,0,0,0
GENE-16787,NO,1,0,0,0,0,0,0
GENE-16788,NO,1,0,0,0,0,0,0
GENE-16789,NO,1,0,0,0,0,0,0
GENE-16790,NO,1,0,0,0,0,0,0
GENE-16791,NO,1,0,0,0,0,1,0
GENE-16792,NO,1,0,0,0,0,0,0
GENE-16793,NO,1,5,8,22,10,11,16
GENE-16794,NO,1,0,0,0,0,0,0
GENE-16795,NO,1,0,0,0,0,0,0
GENE-16796,NO,1,0,0,0,0,0,0
GENE-16797,NO,1,186,231,179,256,210,224
GENE-16798,NO,1,0,0,0,0,0,0
GENE-16799,NO,1,0,0,0,0,0,0
GENE-16800,NO,1,0,0,0,0,0,0
GENE-16801,NO,1,3735,3449,3251,3078,3529,3657
GENE-16802,NO,1,0,0,0,0,0,0
GENE-16803,NO,1,0,0,0,0,0,0
GENE-16804,NO,1,0,0,0,0,0,0
GENE-16805,NO,1,0,0,0,0,0,0
GENE-16806,NO,1,0,0,0,0,0,0
GENE-16807,NO,1,372,344,359,405,399,341
GENE-16808,NO,1,0,0,0,0,0,0
GENE-16809,NO,1,0,0,0,0,0,0
GENE-16810,NO,1,0,0,0,0,0,0
GENE-16811,NO,1,0,0,0,0,0,0
GENE-16812,YES,1,0,0,0,0,0,0
GENE-16813,NO,1,0,0,0,0,0,0
GENE-16814,NO,1,0,0,0,0,0,0
GENE-16816,NO,1,0,0,0,0,0,0
GENE-16817,NO,1,0,0,0,0,0,0
GENE-16818,NO,1,0,0,0,0,0,0
GENE-16819,NO,1,0,0,0,0,0,0
GENE-16820,NO,1,0,0,0,0,0,0
GENE-16821,NO,1,0,0,0,0,0,0
GENE-16822,NO,1,10940,14669,10455,11893,13887,11628
GENE-16823,NO,1,0,0,3,1,0,2
GENE-16825,NO,1,35,71,65,117,57,50
GENE-16826,NO,1,0,0,0,0,0,0
GENE-16827,NO,1,0,0,0,0,0,0
GENE-16828,NO,1,0,0,0,0,0,0
GENE-16829,NO,1,86,82,137,178,143,84
GENE-16830,NO,1,0,0,0,0,0,0
GENE-16831,NO,1,0,0,0,0,0,0
GENE-16832,NO,1,0,0,0,0,0,0
GENE-16833,NO,1,0,0,0,0,0,0
GENE-16834,NO,1,50,47,16,48,5,29
GENE-16835,NO,1,0,0,0,0,0,0
GENE-16836,NO,1,0,0,0,0,0,0
GENE-16837,NO,1,25,22,20,28,31,15
GENE-16838,NO,1,3,3,4,5,6,6
GENE-16839,NO,1,2,1,0,0,0,0
GENE-16840,NO,1,0,0,0,0,0,0
GENE-16841,NO,1,0,0,0,0,0,0
GENE-16842,NO,1,0,0,0,0,0,0
GENE-16843,NO,1,0,0,0,0,0,0
GENE-16844,NO,1,0,0,1,0,0,0
GENE-16845,NO,1,0,0,0,0,0,0
GENE-16846,NO,1,0,0,0,0,0,0
GENE-16847,NO,1,0,0,0,0,0,0
GENE-16848,NO,1,20,19,14,22,23,17
GENE-16849,NO,1,0,0,0,0,0,0
GENE-16850,NO,1,31,22,33,26,23,20
GENE-16851,NO,1,0,0,0,0,0,0
GENE-16852,NO,1,0,0,0,0,0,0
GENE-16853,NO,1,0,0,0,0,0,0
GENE-16854,NO,1,0,0,0,0,0,0
GENE-16855,NO,1,8,9,3,2,1,3
GENE-16856,NO,1,0,0,0,0,0,0
GENE-16857,NO,1,208,180,309,107,76,287
GENE-16858,NO,1,54,55,52,55,48,32
GENE-16860,NO,1,0,0,0,0,0,0
GENE-16861,NO,1,0,0,0,0,0,0
GENE-16862,NO,1,0,0,0,0,0,0
GENE-16863,NO,1,620,548,549,414,292,536
GENE-16864,NO,1,0,0,0,1,0,2
GENE-16865,NO,1,3405,1951,4037,4717,4944,4203
GENE-16866,NO,1,0,0,0,0,0,0
GENE-16867,NO,1,366,415,401,344,379,359
GENE-16868,NO,1,9614,20603,22096,1982,9983,6679
GENE-16869,YES,1,0,0,0,0,0,0
GENE-16870,NO,1,0,0,0,0,0,0
GENE-16871,NO,1,0,0,0,0,0,0
GENE-16872,NO,1,271,367,167,181,203,258
GENE-16873,NO,1,0,0,0,0,0,0
GENE-16874,NO,1,0,0,0,0,0,0
GENE-16875,NO,1,0,0,0,0,0,0
GENE-16876,NO,1,0,0,0,0,0,0
GENE-16877,NO,1,251,235,268,271,238,284
GENE-16878,NO,1,0,0,0,0,0,0
GENE-16879,NO,1,1372,1470,1790,1777,1375,1497
GENE-16880,NO,1,0,0,0,0,0,0
GENE-16881,NO,1,0,0,0,0,0,0
GENE-16882,YES,1,0,0,0,0,0,0
GENE-16883,NO,1,0,0,0,0,0,0
GENE-16884,NO,1,108,31,84,61,30,63
GENE-16885,NO,1,0,0,0,0,0,0
GENE-16886,NO,1,0,0,0,0,0,0
GENE-16887,NO,1,0,0,0,0,0,0
GENE-16888,NO,1,190,158,172,159,148,152
GENE-16889,NO,1,0,0,0,0,0,0
GENE-16890,NO,1,72,60,70,78,55,56
GENE-16891,NO,1,3,5,2,2,2,3
GENE-16892,NO,1,0,0,0,0,0,0
GENE-16893,NO,1,0,0,0,0,0,0
GENE-16894,NO,1,0,0,0,0,0,0
GENE-16895,NO,1,22,35,29,34,39,23
GENE-16896,NO,1,2,0,1,0,1,0
GENE-16897,NO,1,0,0,0,0,0,0
GENE-16898,NO,1,0,0,0,0,0,0
GENE-16899,NO,1,0,0,0,0,0,1
GENE-16900,NO,1,0,0,0,0,0,0
GENE-16901,NO,1,442,370,346,404,405,320
GENE-16902,NO,1,0,0,0,0,0,0
GENE-16903,NO,1,2,0,1,0,1,0
GENE-16904,NO,1,86,74,85,69,75,121
GENE-16905,NO,1,0,0,0,0,0,0
GENE-16906,NO,1,0,0,0,0,0,0
GENE-16907,NO,1,29,35,22,24,28,21
GENE-16908,NO,1,0,0,0,0,0,0
GENE-16909,NO,1,0,0,0,1,1,0
GENE-16910,NO,1,0,0,0,0,0,0
GENE-16911,NO,1,0,0,0,0,0,0
GENE-16912,NO,1,0,0,0,0,0,0
GENE-16913,NO,1,118,128,117,101,132,68
GENE-16914,NO,1,237,248,183,161,240,206
GENE-16915,NO,1,0,0,0,0,0,0
GENE-16916,NO,1,0,1,0,0,0,1
GENE-16917,NO,1,13,4,11,11,14,11
GENE-16918,NO,1,0,0,0,0,0,0
GENE-16919,NO,1,0,0,0,0,0,0
GENE-16920,NO,1,507,495,472,465,490,474
GENE-16921,NO,1,7,9,6,2,6,6
GENE-16922,NO,1,28,18,17,23,19,18
GENE-16923,NO,1,13,3,8,14,4,14
GENE-16924,NO,1,0,0,0,0,0,0
GENE-16925,NO,1,0,0,0,0,0,0
GENE-16926,NO,1,18,36,41,46,35,20
GENE-16927,NO,1,882,931,860,1128,1025,890
GENE-16928,NO,1,0,0,0,0,0,0
GENE-16929,NO,1,0,0,0,0,0,0
GENE-16930,NO,1,0,0,0,0,0,0
GENE-16931,NO,1,254,243,177,178,204,240
GENE-16932,NO,1,18,15,18,10,13,10
GENE-16933,NO,1,30,50,23,31,45,28
GENE-16934,NO,1,26,35,29,33,35,25
GENE-16935,YES,1,0,0,0,0,0,0
GENE-16936,NO,1,0,0,0,0,0,0
GENE-16937,NO,1,0,0,0,0,0,0
GENE-16938,NO,1,0,0,0,0,0,0
GENE-16939,NO,1,160,224,201,178,170,180
GENE-16940,NO,1,0,0,0,0,0,0
GENE-16941,NO,1,0,0,0,0,0,0
GENE-16942,NO,1,0,0,0,0,0,0
GENE-16943,NO,1,0,0,0,0,0,0
GENE-16944,NO,1,0,0,0,0,0,0
GENE-16945,NO,1,2,1,2,2,3,7
GENE-16946,NO,1,0,0,0,0,0,0
GENE-16947,NO,1,0,0,0,0,0,0
GENE-16948,NO,1,0,0,0,0,0,0
GENE-16949,NO,1,7,13,10,5,14,6
GENE-16950,NO,1,0,0,0,0,0,0
GENE-16951,NO,1,0,0,0,0,0,0
GENE-16952,NO,1,0,0,0,0,0,0
GENE-16953,NO,1,0,0,0,0,1,0
GENE-16954,NO,1,0,0,1,2,1,0
GENE-16955,NO,1,0,0,0,0,0,0
GENE-16956,NO,1,0,0,0,0,0,0
GENE-16957,NO,1,1,3,2,5,5,1
GENE-16958,NO,1,0,0,0,0,0,0
GENE-16959,NO,1,0,0,0,0,0,0
GENE-16960,NO,1,0,0,0,0,0,0
GENE-16961,NO,1,2,2,3,4,3,3
GENE-16962,NO,1,0,0,0,0,0,0
GENE-16963,NO,1,0,0,0,0,0,0
GENE-16964,NO,1,6,6,5,9,8,7
GENE-16965,NO,1,0,0,0,0,0,0
GENE-16966,NO,1,0,0,1,1,0,1
GENE-16967,NO,1,486,456,265,467,342,436
GENE-16968,NO,1,0,0,0,0,0,0
GENE-16969,NO,1,0,1,0,0,0,1
GENE-16970,YES,1,0,0,0,0,0,0
GENE-16971,NO,1,41,55,23,51,41,56
GENE-16972,NO,1,0,0,0,0,0,0
GENE-16973,NO,1,0,0,0,0,0,0
GENE-16974,NO,1,107,131,108,84,124,77
GENE-16975,NO,1,0,0,0,0,0,0
GENE-16976,NO,1,0,0,0,0,0,0
GENE-16977,NO,1,673,759,1068,801,782,668
GENE-16978,NO,1,0,0,0,0,0,0
GENE-16979,NO,1,1,3,0,0,0,1
GENE-16980,NO,1,0,0,0,0,0,0
GENE-16981,NO,1,0,0,0,0,0,0
GENE-16982,NO,1,0,0,0,0,0,0
GENE-16983,NO,1,0,0,0,0,0,0
GENE-16984,YES,1,0,0,0,0,0,0
GENE-16985,NO,1,4,2,0,6,2,0
GENE-16986,NO,1,0,0,0,1,0,3
GENE-16987,NO,1,0,0,0,0,0,0
GENE-16988,NO,1,0,0,0,0,0,0
GENE-16989,NO,1,0,0,0,0,0,0
GENE-16990,NO,1,0,0,0,0,0,0
GENE-16991,NO,1,0,0,0,0,0,0
GENE-16992,NO,1,0,0,0,0,0,0
GENE-16993,NO,1,0,0,0,0,0,0
GENE-16994,NO,1,0,0,0,0,0,0
GENE-16995,NO,1,0,0,0,0,0,0
GENE-16996,NO,1,0,0,0,0,0,0
GENE-16997,NO,1,0,0,0,0,0,0
GENE-16998,NO,1,135,123,119,89,78,122
GENE-16999,NO,1,316,237,301,257,317,281
GENE-17000,NO,1,0,0,0,0,0,0
GENE-17001,NO,1,0,0,0,0,0,0
GENE-17002,NO,1,0,0,0,0,0,0
GENE-17003,NO,1,3376,2527,2606,2991,3412,3389
GENE-17004,NO,1,0,0,0,0,0,0
GENE-17005,NO,1,580,592,690,953,907,607
GENE-17006,NO,1,0,0,0,0,0,0
GENE-17007,NO,1,2,1,4,2,2,3
GENE-17008,YES,1,0,0,0,0,0,0
GENE-17009,NO,1,290,248,177,330,334,264
GENE-17010,NO,1,0,0,0,0,0,0
GENE-17011,NO,1,1,1,0,1,4,1
GENE-17012,NO,1,0,0,1,1,1,0
GENE-17013,NO,1,0,0,0,0,0,0
GENE-17014,NO,1,0,0,0,0,0,0
GENE-17015,NO,1,518,615,613,632,558,458
GENE-17016,NO,1,34,31,25,40,24,35
GENE-17017,NO,1,0,0,0,0,0,0
GENE-17018,NO,1,0,0,0,0,0,0
GENE-17019,NO,1,0,0,0,0,0,0
GENE-17020,NO,1,0,0,0,0,0,0
GENE-17021,NO,1,0,0,0,0,0,1
GENE-17022,NO,1,0,0,0,0,0,0
GENE-17023,NO,1,25,10,14,8,9,20
GENE-17024,NO,1,0,0,0,0,0,0
GENE-17025,NO,1,201,155,183,199,184,184
GENE-17026,NO,1,0,0,0,0,0,0
GENE-17027,NO,1,0,0,0,0,0,0
GENE-17028,NO,1,200,189,185,190,212,208
GENE-17029,NO,1,338,251,299,267,250,317
GENE-17030,NO,1,0,0,0,0,0,0
GENE-17031,NO,1,0,0,0,0,0,0
GENE-17032,NO,1,0,0,0,0,0,0
GENE-17033,NO,1,1386,1159,1276,1129,1111,1113
GENE-17034,NO,1,0,0,0,0,0,0
GENE-17035,YES,1,0,0,0,0,0,0
GENE-17036,NO,1,0,0,0,0,0,0
GENE-17037,NO,1,70,95,61,52,59,91
GENE-17038,NO,1,0,0,0,0,0,0
GENE-17039,NO,1,0,0,0,1,0,0
GENE-17040,NO,1,0,0,0,0,0,0
GENE-17041,NO,1,0,0,0,0,0,0
GENE-17042,NO,1,0,0,0,0,0,0
GENE-17043,NO,1,0,0,0,0,0,0
GENE-17044,NO,1,0,0,1,0,0,0
GENE-17045,NO,1,151,168,256,190,727,828
GENE-17046,NO,1,0,0,0,0,0,0
GENE-17047,NO,1,4111,2989,4674,3007,2806,3304
GENE-17048,NO,1,0,0,0,0,0,0
GENE-17049,NO,1,1,1,0,1,0,0
GENE-17050,YES,1,0,0,0,0,0,0
GENE-17051,NO,1,0,0,0,0,0,0
GENE-17052,NO,1,0,0,0,0,0,0
GENE-17053,NO,1,0,0,0,0,0,0
GENE-17054,NO,1,0,1,0,0,1,1
GENE-17055,NO,1,122,119,101,146,123,116
GENE-17056,NO,1,0,0,0,0,0,0
GENE-17057,NO,1,0,0,0,0,0,0
GENE-17058,NO,1,0,0,0,0,0,0
GENE-17059,NO,1,0,0,0,0,0,0
GENE-17060,NO,1,0,0,0,0,0,0
GENE-17061,NO,1,0,0,0,0,0,0
GENE-17062,NO,1,0,0,0,0,0,0
GENE-17063,NO,1,93,80,83,104,109,90
GENE-17064,NO,1,0,0,0,0,0,0
GENE-17065,NO,1,0,0,0,0,0,0
GENE-17067,NO,1,0,0,0,0,0,0
GENE-17068,NO,1,0,0,0,0,0,0
GENE-17069,NO,1,0,0,1,0,0,0
GENE-17070,NO,1,24,23,9,15,13,8
GENE-17071,NO,1,0,0,0,0,0,0
GENE-17072,NO,1,0,0,0,0,0,0
GENE-17073,NO,1,214,296,246,186,179,210
GENE-17074,NO,1,91,96,173,112,71,128
GENE-17075,NO,1,29,41,24,40,31,43
GENE-17076,NO,1,0,0,0,0,0,0
GENE-17077,NO,1,1239,1407,910,942,1024,962
GENE-17078,NO,1,1,1,0,2,2,1
GENE-17079,YES,1,0,0,0,0,0,0
GENE-17080,NO,1,0,0,0,0,0,0
GENE-17081,NO,1,0,0,0,0,0,0
GENE-17082,NO,1,0,0,0,0,0,0
GENE-17083,NO,1,12,19,17,23,27,15
GENE-17084,NO,1,0,0,0,0,0,0
GENE-17085,NO,1,0,0,0,0,0,0
GENE-17086,NO,1,0,0,0,0,0,0
GENE-17087,NO,1,0,0,0,0,0,0
GENE-17088,NO,1,0,0,0,0,0,0
GENE-17089,NO,1,0,0,0,0,0,0
GENE-17090,NO,1,0,0,0,0,0,0
GENE-17091,NO,1,0,0,0,0,0,0
GENE-17092,NO,1,0,0,0,0,0,0
GENE-17093,NO,1,0,0,0,0,0,0
GENE-17094,NO,1,221,216,264,244,254,224
GENE-17095,NO,1,0,0,0,0,0,0
GENE-17096,NO,1,0,0,0,0,0,0
GENE-17097,NO,1,0,0,0,0,0,0
GENE-17098,NO,1,0,0,0,0,0,0
GENE-17099,NO,1,0,0,0,0,0,0
GENE-17100,YES,1,0,0,0,0,0,0
GENE-17101,NO,1,0,0,0,0,0,0
GENE-17102,NO,1,319,18,186,632,109,125
GENE-17103,NO,1,0,0,0,0,0,0
GENE-17104,NO,1,0,0,0,0,0,0
GENE-17105,NO,1,0,0,0,0,0,0
GENE-17106,NO,1,0,0,0,0,0,0
GENE-17107,NO,1,0,0,0,0,0,0
GENE-17108,NO,1,0,0,0,0,0,0
GENE-17109,NO,1,3,0,0,2,2,1
GENE-17110,NO,1,0,0,0,0,0,0
GENE-17111,NO,1,0,0,0,0,0,0
GENE-17112,NO,1,0,0,0,0,0,0
GENE-17113,NO,1,0,0,0,0,0,0
GENE-17114,NO,1,0,1,0,0,0,0
GENE-17115,NO,1,0,0,0,0,0,0
GENE-17116,NO,1,81,61,74,53,45,75
GENE-17117,NO,1,0,0,0,0,0,0
GENE-17118,NO,1,0,0,0,0,0,0
GENE-17119,NO,1,0,0,0,0,0,0
GENE-17120,NO,1,7,12,10,14,12,10
GENE-17121,NO,1,0,0,0,0,0,0
GENE-17122,NO,1,0,0,0,0,0,0
GENE-17123,NO,1,126,175,228,89,175,209
GENE-17124,NO,1,0,0,0,1,3,0
GENE-17125,NO,1,0,0,0,0,0,0
GENE-17126,NO,1,29,28,29,23,20,32
GENE-17127,NO,1,0,0,0,0,0,0
GENE-17128,NO,1,0,0,0,0,0,0
GENE-17129,NO,1,0,0,0,0,0,0
GENE-17130,NO,1,0,0,0,0,0,0
GENE-17131,NO,1,0,0,0,0,0,0
GENE-17132,NO,1,0,0,0,0,0,0
GENE-17133,NO,1,0,0,1,0,0,0
GENE-17134,NO,1,325,355,407,382,297,281
GENE-17135,NO,1,0,0,0,0,0,0
GENE-17136,NO,1,619,742,594,834,647,844
GENE-17137,NO,1,1060,903,1000,991,912,1037
GENE-17138,NO,1,0,0,0,0,0,0
GENE-17139,NO,1,1241,1705,511,1033,1707,819
GENE-17140,NO,1,0,0,0,0,0,0
GENE-17141,NO,1,304,343,258,185,262,323
GENE-17142,NO,1,0,0,0,0,0,0
GENE-17143,NO,1,24,24,29,25,19,20
GENE-17144,NO,1,0,0,0,0,0,0
GENE-17145,NO,1,0,0,0,0,0,0
GENE-17146,NO,1,0,0,0,0,0,0
GENE-17147,NO,1,857,555,554,526,523,861
GENE-17148,NO,1,0,0,0,0,0,0
GENE-17149,NO,1,1,0,0,1,2,0
GENE-17150,NO,1,0,1,0,0,0,0
GENE-17151,NO,1,45,42,48,46,45,41
GENE-17152,NO,1,13,11,17,13,15,12
GENE-17153,NO,1,73,83,72,94,72,99
GENE-17154,NO,1,54,91,150,44,132,124
GENE-17155,NO,1,0,0,0,0,0,0
GENE-17156,NO,1,0,0,0,0,0,0
GENE-17157,NO,1,0,0,0,0,0,0
GENE-17158,NO,1,129,62,147,146,76,133
GENE-17159,NO,1,0,0,0,0,0,0
GENE-17160,NO,1,0,0,0,0,0,0
GENE-17161,NO,1,486,389,516,382,444,464
GENE-17162,NO,1,224,218,209,218,177,195
GENE-17163,NO,1,0,0,0,0,0,0
GENE-17164,NO,1,9,15,16,13,13,7
GENE-17165,NO,1,0,0,0,0,0,0
GENE-17166,NO,1,0,0,0,0,0,0
GENE-17167,NO,1,0,0,0,0,0,0
GENE-17168,YES,1,0,0,0,0,0,0
GENE-17169,NO,1,5,1,1,1,2,1
GENE-17170,NO,1,0,0,0,0,0,0
GENE-17171,NO,1,0,0,0,0,0,0
GENE-17172,NO,1,0,0,0,0,0,0
GENE-17173,NO,1,0,0,0,0,0,0
GENE-17174,NO,1,2,2,1,4,2,0
GENE-17175,NO,1,3,0,0,1,1,1
GENE-17176,NO,1,274,276,331,234,297,349
GENE-17177,NO,1,0,0,0,0,0,0
GENE-17178,NO,1,0,0,0,0,0,0
GENE-17179,NO,1,151,92,171,167,132,154
GENE-17180,NO,1,0,0,0,0,0,0
GENE-17181,NO,1,0,0,0,0,0,0
GENE-17182,YES,1,0,0,0,0,0,0
GENE-17183,NO,1,0,0,0,0,0,0
GENE-17184,NO,1,141,151,195,170,181,170
GENE-17185,NO,1,2326,4974,4213,5966,2826,830
GENE-17186,NO,1,0,0,0,0,0,0
GENE-17187,NO,1,0,0,0,0,0,0
GENE-17188,NO,1,0,0,0,0,0,0
GENE-17189,NO,1,0,0,0,0,0,0
GENE-17190,NO,1,0,0,0,0,0,0
GENE-17191,NO,1,316,359,374,833,100,344
GENE-17192,NO,1,0,1,2,0,2,1
GENE-17193,NO,1,0,0,0,0,0,0
GENE-17194,NO,1,0,0,0,0,0,0
GENE-17196,NO,1,0,0,0,0,0,0
GENE-17197,NO,1,0,0,0,0,0,0
GENE-17198,NO,1,0,0,0,0,0,0
GENE-17199,NO,1,0,0,0,0,0,0
GENE-17200,NO,1,0,0,0,0,0,0
GENE-17201,NO,1,1512,1540,2216,2440,2107,576
GENE-17202,NO,1,0,0,0,0,0,0
GENE-17203,NO,1,0,2,2,1,0,1
GENE-17204,NO,1,0,0,0,0,0,0
GENE-17205,NO,1,1111,241,876,478,321,410
GENE-17206,NO,1,0,0,0,0,0,0
GENE-17207,NO,1,0,0,0,0,0,0
GENE-17208,NO,1,4,7,6,11,14,5
GENE-17209,NO,1,0,0,0,0,0,0
GENE-17210,NO,1,159,255,214,332,189,257
GENE-17211,NO,1,13,18,20,17,9,14
GENE-17212,NO,1,3,8,3,3,2,4
GENE-17213,YES,1,0,0,0,3,1,0
GENE-17214,NO,1,0,0,0,0,0,0
GENE-17215,NO,1,2,1,2,0,0,1
GENE-17216,NO,1,0,3,0,3,0,2
GENE-17217,NO,1,0,0,0,0,0,0
GENE-17218,NO,1,0,0,0,0,0,0
GENE-17219,NO,1,0,0,0,0,0,0
GENE-17220,NO,1,517,442,600,599,511,564
GENE-17221,NO,1,0,0,0,0,0,0
GENE-17222,NO,1,0,0,0,0,0,0
GENE-17223,NO,1,0,0,0,0,0,0
GENE-17224,NO,1,0,0,0,0,0,0
GENE-17225,NO,1,0,0,0,0,0,0
GENE-17226,NO,1,0,0,0,0,0,0
GENE-17227,NO,1,1,3,1,0,0,1
GENE-17228,NO,1,3,2,6,14,6,6
GENE-17229,NO,1,0,0,0,0,0,0
GENE-17230,NO,1,0,0,0,0,0,0
GENE-17231,NO,1,0,0,0,0,0,0
GENE-17232,NO,1,0,0,0,0,0,0
GENE-17233,NO,1,0,0,0,0,0,0
GENE-17234,NO,1,7,0,1,1,2,0
GENE-17235,NO,1,0,0,0,0,0,0
GENE-17236,NO,1,56,38,45,46,53,57
GENE-17237,NO,1,0,0,0,0,0,0
GENE-17238,NO,1,0,0,0,0,0,0
GENE-17239,NO,1,0,2,1,1,1,1
GENE-17241,NO,1,16,17,16,16,26,20
GENE-17242,NO,1,0,0,0,0,0,0
GENE-17243,NO,1,0,0,0,0,0,0
GENE-17244,NO,1,0,0,0,0,0,0
GENE-17245,NO,1,0,0,0,0,0,0
GENE-17246,NO,1,0,0,0,0,0,0
GENE-17247,NO,1,0,0,0,0,0,0
GENE-17248,NO,1,0,0,0,0,0,0
GENE-17249,NO,1,0,0,0,0,0,0
GENE-17250,NO,1,0,0,0,0,0,0
GENE-17251,NO,1,0,0,0,0,0,0
GENE-17252,NO,1,0,0,0,0,0,0
GENE-17253,NO,1,16,12,10,15,23,34
GENE-17254,NO,1,0,0,0,0,0,0
GENE-17255,NO,1,2,1,2,0,0,0
GENE-17256,NO,1,0,0,0,0,0,0
GENE-17257,NO,1,0,0,0,0,0,0
GENE-17258,NO,1,4,1,4,0,1,2
GENE-17259,NO,1,0,0,0,0,0,0
GENE-17260,NO,1,0,0,0,0,0,0
GENE-17261,NO,1,14,9,16,11,16,24
GENE-17262,NO,1,0,0,0,0,0,0
GENE-17263,NO,1,0,0,0,0,0,0
GENE-17264,NO,1,0,0,0,0,0,0
GENE-17265,NO,1,0,0,0,0,0,0
GENE-17266,NO,1,604,357,528,439,533,435
GENE-17267,NO,1,90,63,67,79,47,49
GENE-17268,NO,1,0,0,0,0,0,0
GENE-17269,NO,1,0,0,0,0,0,0
GENE-17270,NO,1,0,0,0,0,0,0
GENE-17271,NO,1,0,0,0,0,0,0
GENE-17272,NO,1,78,99,91,76,76,78
GENE-17273,NO,1,0,0,0,0,0,0
GENE-17274,NO,1,0,0,0,0,0,0
GENE-17275,NO,1,2162,1551,1633,1685,1792,1697
GENE-17276,YES,1,0,0,0,0,0,0
GENE-17277,NO,1,0,0,0,0,0,0
GENE-17278,NO,1,0,0,0,0,0,0
GENE-17279,NO,1,1306,1252,1341,1211,1386,1332
GENE-17280,NO,1,0,0,0,0,0,0
GENE-17281,NO,1,0,0,0,0,0,0
GENE-17282,NO,1,0,0,0,0,0,0
GENE-17283,NO,1,1,0,0,0,0,0
GENE-17284,NO,1,50,35,90,48,82,77
GENE-17285,NO,1,12,7,13,13,12,5
GENE-17286,NO,1,0,0,0,0,0,0
GENE-17287,YES,1,0,0,0,0,0,0
GENE-17288,NO,1,0,0,0,0,0,0
GENE-17289,YES,1,0,0,0,0,0,0
GENE-17290,NO,1,0,0,0,0,0,0
GENE-17291,NO,1,742,1008,864,1246,796,894
GENE-17292,NO,1,0,0,0,0,0,0
GENE-17293,NO,1,402,393,379,411,342,324
GENE-17294,NO,1,0,0,0,0,0,0
GENE-17295,YES,1,0,0,0,0,0,3
GENE-17296,NO,1,0,0,0,0,0,0
GENE-17297,NO,1,362,482,327,435,466,308
GENE-17298,NO,1,0,0,0,0,0,0
GENE-17299,NO,1,0,0,0,0,0,0
GENE-17300,NO,1,338,484,360,395,488,430
GENE-17301,NO,1,0,0,0,0,0,0
GENE-17302,NO,1,0,0,0,0,0,0
GENE-17303,NO,1,0,0,0,0,0,0
GENE-17304,NO,1,0,0,0,0,0,0
GENE-17305,NO,1,36,37,24,29,29,28
GENE-17306,NO,1,32,60,42,12,14,38
GENE-17307,NO,1,0,0,0,0,0,0
GENE-17308,NO,1,0,0,0,0,0,0
GENE-17309,NO,1,0,0,0,0,0,0
GENE-17310,NO,1,0,0,0,0,0,0
GENE-17311,YES,1,0,0,0,0,0,0
GENE-17312,YES,1,0,0,0,0,0,0
GENE-17313,NO,1,0,0,0,0,0,0
GENE-17314,NO,1,0,0,0,0,0,0
GENE-17315,NO,1,433,258,247,262,392,426
GENE-17316,NO,1,292,387,370,250,274,236
GENE-17317,NO,1,0,0,0,0,0,0
GENE-17318,NO,1,0,0,0,0,0,0
GENE-17319,NO,1,44,34,61,39,63,46
GENE-17320,YES,1,0,0,0,0,0,0
GENE-17321,NO,1,274,231,217,248,252,238
GENE-17322,NO,1,0,0,0,0,0,0
GENE-17323,NO,1,0,0,0,0,0,0
GENE-17324,NO,1,0,0,0,0,0,0
GENE-17325,NO,1,0,0,0,0,0,0
GENE-17326,NO,1,0,0,0,0,0,0
GENE-17327,NO,1,0,0,0,0,0,0
GENE-17328,NO,1,0,0,0,0,0,0
GENE-17329,NO,1,0,0,0,0,0,1
GENE-17330,NO,1,0,0,0,0,0,0
GENE-17331,NO,1,280,199,328,300,246,299
GENE-17332,NO,1,0,0,0,0,0,0
GENE-17333,NO,1,0,0,0,0,0,0
GENE-17334,NO,1,576,843,588,749,1098,587
GENE-17335,NO,1,0,0,0,0,0,0
GENE-17336,NO,1,0,0,0,0,0,0
GENE-17337,NO,1,0,0,0,0,0,0
GENE-17338,NO,1,0,0,0,0,0,0
GENE-17339,NO,1,1,4,4,2,0,3
GENE-17340,NO,1,68,105,95,92,85,99
GENE-17341,NO,1,0,0,0,0,0,0
GENE-17342,NO,1,0,0,0,0,0,0
GENE-17343,NO,1,20,14,15,19,17,26
GENE-17344,NO,1,1731,1568,1451,1595,1623,1344
GENE-17345,NO,1,0,0,0,0,0,0
GENE-17346,NO,1,0,0,1,0,0,0
GENE-17347,NO,1,3211,2953,2923,2645,3266,2931
GENE-17348,NO,1,1158,1254,1589,1408,934,1355
GENE-17349,NO,1,0,0,0,0,0,0
GENE-17350,NO,1,0,0,0,0,0,0
GENE-17351,NO,1,16,33,34,33,44,24
GENE-17352,NO,1,0,0,0,0,0,0
GENE-17353,NO,1,0,0,0,0,0,0
GENE-17354,NO,1,0,0,0,0,0,0
GENE-17355,NO,1,195,314,1286,429,107,835
GENE-17356,NO,1,13,12,24,11,23,24
GENE-17357,NO,1,0,0,0,0,0,0
GENE-17358,NO,1,73,183,47,110,172,57
GENE-17359,NO,1,0,0,0,0,0,0
GENE-17360,NO,1,0,0,0,0,0,0
GENE-17361,NO,1,0,0,0,0,0,0
GENE-17362,NO,1,176,138,147,162,133,162
GENE-17363,NO,1,0,0,0,0,0,0
GENE-17364,NO,1,0,0,0,0,0,0
GENE-17365,NO,1,0,0,0,0,0,0
GENE-17366,NO,1,0,0,0,0,0,0
GENE-17367,NO,1,0,0,0,0,0,0
GENE-17368,NO,1,0,0,0,0,0,0
GENE-17369,NO,1,1374,705,1463,941,992,1205
GENE-17370,NO,1,0,0,0,0,0,0
GENE-17371,NO,1,0,0,0,0,0,0
GENE-17372,NO,1,207,199,168,160,290,189
GENE-17373,NO,1,46,50,39,32,40,68
GENE-17374,NO,1,0,0,0,0,0,0
GENE-17375,NO,1,0,0,0,0,0,0
GENE-17376,NO,1,1171,1029,839,993,1043,1274
GENE-17377,NO,1,3,5,4,2,4,8
GENE-17378,NO,1,0,0,0,0,0,0
GENE-17379,NO,1,0,0,0,0,0,0
GENE-17380,NO,1,0,0,0,0,0,0
GENE-17381,YES,1,0,0,0,0,0,0
GENE-17382,NO,1,0,0,0,0,0,0
GENE-17383,NO,1,0,0,0,0,0,0
GENE-17384,NO,1,0,0,0,0,0,0
GENE-17385,NO,1,0,0,0,0,0,0
GENE-17386,NO,1,0,0,1,0,0,1
GENE-17387,NO,1,131,164,127,101,129,121
GENE-17388,YES,1,0,0,0,0,0,0
GENE-17389,NO,1,0,0,0,0,0,0
GENE-17390,NO,1,0,0,0,0,0,0
GENE-17391,NO,1,0,0,0,0,0,0
GENE-17392,NO,1,0,0,0,0,0,0
GENE-17393,NO,1,125,180,136,158,149,148
GENE-17394,NO,1,182,182,180,210,224,186
GENE-17395,NO,1,0,0,0,0,0,0
GENE-17396,NO,1,35,26,40,25,32,18
GENE-17397,NO,1,0,0,0,0,0,0
GENE-17398,NO,1,6,1,8,9,3,6
GENE-17399,NO,1,0,0,0,0,0,0
GENE-17400,NO,1,0,0,0,0,0,0
GENE-17401,NO,1,0,2,2,0,0,4
GENE-17402,NO,1,2274,3015,2733,1811,2222,2164
GENE-17403,NO,1,0,0,0,0,0,0
GENE-17404,NO,1,0,0,0,0,0,0
GENE-17405,NO,1,0,0,0,0,0,0
GENE-17406,NO,1,0,0,0,0,0,0
GENE-17407,NO,1,0,0,0,0,0,0
GENE-17408,NO,1,0,0,0,0,0,0
GENE-17409,NO,1,415,377,230,326,424,467
GENE-17410,NO,1,0,0,0,0,0,0
GENE-17411,NO,1,0,0,0,0,0,0
GENE-17412,NO,1,0,0,0,0,0,0
GENE-17413,NO,1,0,0,0,0,0,0
GENE-17414,NO,1,269,364,260,511,440,265
GENE-17415,NO,1,0,3,0,0,0,0
GENE-17416,NO,1,0,0,0,0,1,1
GENE-17417,NO,1,2418,1564,887,376,1265,824
GENE-17418,NO,1,0,0,0,2,0,0
GENE-17419,NO,1,0,0,0,0,0,0
GENE-17420,NO,1,0,0,0,0,0,0
GENE-17421,NO,1,0,0,0,0,0,0
GENE-17422,NO,1,146,175,165,163,117,120
GENE-17423,NO,1,0,0,0,0,0,0
GENE-17424,NO,1,1,0,0,0,0,0
GENE-17425,NO,1,0,0,0,0,0,0
GENE-17426,YES,1,0,0,0,0,0,0
GENE-17427,NO,1,0,0,0,0,0,0
GENE-17428,NO,1,0,0,0,0,0,0
GENE-17429,NO,1,0,0,0,0,0,0
GENE-17430,YES,1,0,0,0,0,0,0
GENE-17431,NO,1,0,0,0,0,0,0
GENE-17432,NO,1,0,0,0,0,0,0
GENE-17433,NO,1,0,2,2,1,0,1
GENE-17434,NO,1,0,0,0,0,0,0
GENE-17435,NO,1,23,59,60,88,56,31
GENE-17436,YES,1,0,0,0,0,0,0
GENE-17437,NO,1,0,0,0,0,0,0
GENE-17438,NO,1,0,0,0,0,0,0
GENE-17439,NO,1,0,0,0,0,0,0
GENE-17440,NO,1,0,0,0,0,0,0
GENE-17441,NO,1,0,0,0,0,0,0
GENE-17442,NO,1,1,0,4,4,2,3
GENE-17443,NO,1,0,0,0,0,0,0
GENE-17444,NO,1,1,0,0,0,0,0
GENE-17445,YES,1,0,0,0,0,0,0
GENE-17446,NO,1,26,18,17,35,17,27
GENE-17447,NO,1,0,0,0,0,0,0
GENE-17448,NO,1,0,0,0,0,0,0
GENE-17449,NO,1,5,5,2,1,2,2
GENE-17450,NO,1,0,0,0,0,0,0
GENE-17451,YES,1,0,0,0,0,0,0
GENE-17452,NO,1,0,0,0,0,0,0
GENE-17453,NO,1,0,0,0,0,0,0
GENE-17454,NO,1,0,0,0,0,0,0
GENE-17455,NO,1,2,0,0,1,1,1
GENE-17456,NO,1,632,649,576,569,488,558
GENE-17457,NO,1,4,3,2,2,7,5
GENE-17458,NO,1,0,0,0,0,0,0
GENE-17459,NO,1,0,0,0,0,0,0
GENE-17460,NO,1,0,0,0,0,0,0
GENE-17461,NO,1,0,0,0,0,0,0
GENE-17462,NO,1,0,0,0,0,0,0
GENE-17463,NO,1,441,392,333,332,327,369
GENE-17464,NO,1,16,21,26,14,24,24
GENE-17465,NO,1,0,0,0,0,0,0
GENE-17466,NO,1,0,0,0,0,0,0
GENE-17467,NO,1,0,0,0,0,0,0
GENE-17468,NO,1,0,0,0,0,0,0
GENE-17469,NO,1,432,491,400,479,399,479
GENE-17470,YES,1,2,1,1,1,1,1
GENE-17471,NO,1,0,0,0,0,0,0
GENE-17472,NO,1,0,0,1,1,3,1
GENE-17473,NO,1,0,0,0,1,0,1
GENE-17474,NO,1,2,3,3,3,2,7
GENE-17475,NO,1,0,0,0,0,0,0
GENE-17476,NO,1,0,0,0,0,0,0
GENE-17477,NO,1,466,366,352,344,343,328
GENE-17478,NO,1,0,0,0,0,0,0
GENE-17479,NO,1,0,0,0,0,0,0
GENE-17480,NO,1,0,0,0,0,0,0
GENE-17481,NO,1,0,0,0,0,0,0
GENE-17482,NO,1,0,0,0,0,2,1
GENE-17483,NO,1,0,0,0,0,0,0
GENE-17484,NO,1,47,52,79,51,60,52
GENE-17485,NO,1,69,49,58,52,61,60
GENE-17486,NO,1,1,0,0,0,0,0
GENE-17487,NO,1,4499,2214,3421,808,4952,1288
GENE-17488,NO,1,0,0,0,0,0,0
GENE-17489,NO,1,0,0,0,0,0,0
GENE-17490,NO,1,0,0,0,0,0,0
GENE-17491,NO,1,6,6,6,8,8,14
GENE-17492,NO,1,38,25,19,31,41,24
GENE-17493,NO,1,0,0,0,0,0,0
GENE-17494,NO,1,593,378,644,594,779,508
GENE-17495,NO,1,0,0,0,0,0,0
GENE-17496,NO,1,0,0,0,0,0,0
GENE-17497,NO,1,0,0,0,0,0,0
GENE-17498,NO,1,12,3,6,4,8,4
GENE-17499,NO,1,0,0,0,0,0,0
GENE-17500,NO,1,0,0,0,0,0,0
GENE-17501,NO,1,386,468,382,231,446,358
GENE-17502,NO,1,0,0,0,0,0,0
GENE-17503,NO,1,0,0,0,0,0,0
GENE-17504,YES,1,0,0,0,0,0,0
GENE-17505,NO,1,0,0,0,0,0,0
GENE-17506,NO,1,8,7,9,9,3,4
GENE-17507,NO,1,0,0,0,0,0,0
GENE-17508,NO,1,9,17,26,18,24,10
GENE-17509,NO,1,77,74,67,61,69,93
GENE-17510,NO,1,91,140,78,91,87,80
GENE-17511,NO,1,172,101,100,176,201,120
GENE-17512,NO,1,751,870,683,1027,943,940
GENE-17513,NO,1,0,0,0,0,0,0
GENE-17514,NO,1,0,0,0,0,0,0
GENE-17515,NO,1,0,0,0,0,0,0
GENE-17516,YES,1,0,0,0,0,0,0
GENE-17517,NO,1,4,1,3,2,3,6
GENE-17518,NO,1,0,0,0,0,0,0
GENE-17519,NO,1,537,639,611,518,566,506
GENE-17520,NO,1,0,0,0,0,0,0
GENE-17521,NO,1,0,0,0,0,0,0
GENE-17522,NO,1,0,0,0,0,0,0
GENE-17523,NO,1,4,1,2,4,7,4
GENE-17524,NO,1,0,0,0,0,0,0
GENE-17525,NO,1,0,0,0,0,0,0
GENE-17526,NO,1,3326,3132,3965,4508,3203,3264
GENE-17527,NO,1,0,0,0,0,0,0
GENE-17528,NO,1,104,148,120,99,117,115
GENE-17529,NO,1,0,0,0,0,0,0
GENE-17530,NO,1,0,0,0,0,0,0
GENE-17531,NO,1,0,0,0,0,0,0
GENE-17532,NO,1,15,4,16,10,9,12
GENE-17533,NO,1,0,0,0,0,0,0
GENE-17534,NO,1,0,0,0,0,0,0
GENE-17535,NO,1,0,0,0,0,0,0
GENE-17536,NO,1,0,0,0,0,0,0
GENE-17537,NO,1,76,89,92,65,49,46
GENE-17538,NO,1,0,0,0,0,0,0
GENE-17539,NO,1,0,0,0,0,0,0
GENE-17540,YES,1,0,0,0,0,0,0
GENE-17541,NO,1,1776,929,1072,1085,1303,1474
GENE-17542,YES,1,0,0,0,0,0,0
GENE-17543,NO,1,31,42,27,29,10,35
GENE-17544,NO,1,0,0,0,0,0,0
GENE-17545,NO,1,0,0,0,0,4,0
GENE-17546,NO,1,0,0,0,0,0,0
GENE-17547,NO,1,0,0,0,0,0,0
GENE-17549,NO,1,57,49,38,48,51,40
GENE-17550,NO,1,0,0,0,0,0,0
GENE-17551,NO,1,3,0,1,2,1,2
GENE-17552,NO,1,143,125,238,168,248,167
GENE-17553,NO,1,0,0,0,0,0,0
GENE-17554,NO,1,0,0,0,0,0,0
GENE-17555,NO,1,12,11,12,9,5,9
GENE-17556,NO,1,0,0,0,1,0,0
GENE-17557,NO,1,0,0,0,0,0,0
GENE-17558,NO,1,0,0,0,0,0,0
GENE-17559,NO,1,0,0,0,0,0,0
GENE-17560,NO,1,6,3,8,9,10,5
GENE-17561,NO,1,0,0,0,0,0,0
GENE-17562,NO,1,1210,995,1159,1139,909,693
GENE-17563,NO,1,0,0,0,0,0,0
GENE-17564,NO,1,0,0,0,0,0,0
GENE-17565,NO,1,0,0,0,0,0,0
GENE-17566,NO,1,0,0,0,0,0,0
GENE-17567,NO,1,289,176,221,240,227,203
GENE-17568,NO,1,0,0,0,0,0,0
GENE-17569,NO,1,0,0,0,0,0,0
GENE-17570,NO,1,0,0,0,0,0,0
GENE-17571,NO,1,0,0,0,0,0,0
GENE-17572,NO,1,0,0,0,0,0,0
GENE-17573,NO,1,0,0,0,0,0,0
GENE-17574,NO,1,0,0,0,0,0,0
GENE-17575,NO,1,0,0,0,0,0,0
GENE-17576,NO,1,0,0,0,0,0,0
GENE-17577,NO,1,68,86,100,70,61,78
GENE-17578,NO,1,0,0,0,0,0,0
GENE-17579,NO,1,0,1,0,0,0,0
GENE-17580,NO,1,0,1,0,0,0,0
GENE-17581,NO,1,0,0,0,0,0,0
GENE-17582,NO,1,0,0,0,0,0,0
GENE-17583,NO,1,72,95,99,106,82,44
GENE-17585,NO,1,0,0,0,0,0,0
GENE-17586,NO,1,0,0,0,0,0,0
GENE-17587,NO,1,0,0,0,0,0,0
GENE-17588,NO,1,0,0,0,0,0,0
GENE-17589,YES,1,0,0,0,0,0,0
GENE-17590,NO,1,0,0,0,0,0,0
GENE-17591,NO,1,0,0,1,0,1,0
GENE-17592,NO,1,0,0,0,0,0,0
GENE-17593,NO,1,0,0,0,0,0,0
GENE-17594,NO,1,0,0,0,0,0,0
GENE-17595,NO,1,0,0,0,0,0,0
GENE-17596,NO,1,0,0,0,0,0,0
GENE-17597,NO,1,934,389,466,452,135,422
GENE-17598,NO,1,0,2,0,0,0,0
GENE-17599,NO,1,148,139,125,155,157,151
GENE-17600,NO,1,0,0,0,0,0,0
GENE-17601,NO,1,0,0,0,0,0,0
GENE-17602,YES,1,0,0,0,0,0,0
GENE-17603,NO,1,0,0,0,0,0,0
GENE-17604,NO,1,3,5,1,6,4,1
GENE-17605,NO,1,0,0,0,0,0,0
GENE-17606,NO,1,32,8,24,5,19,22
GENE-17607,NO,1,0,0,0,0,0,0
GENE-17608,NO,1,0,0,0,0,0,0
GENE-17609,NO,1,9,9,7,13,11,9
GENE-17610,NO,1,1794,1594,1722,1230,1605,1779
GENE-17611,NO,1,0,0,0,0,0,0
GENE-17612,NO,1,8,2,8,8,6,7
GENE-17613,NO,1,764,347,575,472,674,284
GENE-17614,NO,1,0,0,0,0,0,0
GENE-17615,NO,1,0,0,0,0,0,0
GENE-17616,NO,1,369,326,312,345,384,368
GENE-17617,YES,1,0,0,0,0,0,0
GENE-17618,NO,1,3,11,7,13,6,7
GENE-17619,NO,1,6,10,8,8,7,12
GENE-17620,NO,1,0,0,0,0,0,0
GENE-17621,NO,1,0,0,0,0,0,0
GENE-17622,NO,1,0,0,0,0,0,0
GENE-17623,NO,1,0,0,0,0,0,0
GENE-17624,NO,1,0,0,0,0,0,0
GENE-17625,NO,1,0,0,0,0,0,0
GENE-17626,NO,1,0,0,0,0,0,0
GENE-17627,NO,1,0,0,1,0,0,0
GENE-17628,NO,1,0,0,0,0,0,0
GENE-17629,NO,1,0,0,0,0,0,0
GENE-17630,NO,1,387,284,299,448,301,337
GENE-17631,NO,1,6,1,3,0,1,1
GENE-17632,NO,1,0,0,0,0,0,0
GENE-17633,NO,1,0,0,0,0,0,0
GENE-17634,NO,1,0,0,0,0,0,0
GENE-17635,NO,1,4,6,6,10,11,3
GENE-17636,NO,1,1985,2367,1437,1952,2179,2103
GENE-17637,NO,1,105,85,75,74,71,8
GENE-17638,NO,1,1,0,0,1,0,0
GENE-17639,NO,1,1961,2163,2230,2502,2476,2159
GENE-17640,NO,1,0,0,0,0,0,0
GENE-17642,NO,1,437,399,382,399,368,246
GENE-17643,NO,1,0,0,0,0,0,0
GENE-17644,NO,1,52,49,60,64,65,60
GENE-17645,NO,1,436,345,377,369,379,328
GENE-17646,NO,1,0,0,0,0,0,0
GENE-17647,NO,1,225,149,167,172,216,218
GENE-17648,NO,1,0,0,0,0,0,0
GENE-17649,NO,1,82,64,52,102,81,115
GENE-17650,NO,1,0,0,0,0,0,0
GENE-17651,NO,1,579,551,517,518,528,663
GENE-17652,NO,1,0,0,0,0,0,0
GENE-17653,NO,1,0,0,0,0,0,0
GENE-17654,NO,1,0,0,0,0,0,0
GENE-17655,NO,1,0,0,0,0,0,0
GENE-17656,NO,1,899,755,1001,1029,1718,1745
GENE-17657,NO,1,4,6,5,11,5,3
GENE-17658,NO,1,230,463,262,242,279,603
GENE-17659,NO,1,7,4,5,2,4,3
GENE-17660,NO,1,0,0,0,0,0,0
GENE-17661,NO,1,40,41,55,55,54,45
GENE-17662,NO,1,0,0,0,0,0,0
GENE-17663,YES,1,0,0,0,0,0,0
GENE-17664,NO,1,0,0,0,0,0,0
GENE-17665,NO,1,0,0,0,0,0,0
GENE-17666,NO,1,0,0,0,0,0,0
GENE-17667,NO,1,486,479,440,462,406,423
GENE-17668,NO,1,0,0,0,0,0,0
GENE-17669,NO,1,0,0,1,0,0,0
GENE-17670,NO,1,0,0,0,0,0,0
GENE-17671,NO,1,12,8,8,9,5,5
GENE-17672,NO,1,0,0,0,0,0,0
GENE-17673,NO,1,0,0,0,0,0,0
GENE-17674,NO,1,0,0,0,0,0,0
GENE-17675,NO,1,876,919,846,2349,1510,886
GENE-17676,NO,1,0,0,0,0,0,0
GENE-17677,NO,1,0,0,0,0,0,0
GENE-17678,NO,1,0,0,0,0,0,0
GENE-17679,NO,1,7,17,39,52,64,33
GENE-17680,NO,1,0,0,0,0,0,0
GENE-17681,NO,1,762,859,892,632,829,880
GENE-17682,NO,1,0,0,0,0,0,0
GENE-17683,NO,1,0,0,0,0,0,0
GENE-17684,NO,1,0,0,0,0,0,0
GENE-17685,NO,1,1,1,1,1,0,1
GENE-17686,NO,1,0,0,0,0,0,0
GENE-17687,NO,1,274,262,325,236,313,259
GENE-17688,NO,1,29,18,16,20,26,16
GENE-17689,NO,1,0,0,0,0,0,0
GENE-17690,NO,1,0,0,0,0,0,0
GENE-17691,NO,1,23,43,49,35,40,30
GENE-17692,NO,1,0,0,0,0,0,0
GENE-17693,NO,1,470,390,366,385,285,358
GENE-17694,NO,1,38,34,38,44,30,28
GENE-17695,NO,1,0,0,0,0,0,0
GENE-17696,NO,1,226,194,252,250,245,149
GENE-17697,NO,1,0,0,0,0,0,0
GENE-17698,NO,1,0,0,0,0,0,0
GENE-17699,YES,1,0,0,0,0,0,0
GENE-17700,NO,1,0,0,0,0,0,0
GENE-17701,NO,1,5157,501,1101,421,233,1017
GENE-17702,NO,1,0,0,0,0,0,0
GENE-17703,NO,1,0,0,0,0,0,0
GENE-17704,NO,1,0,0,0,0,0,0
GENE-17705,NO,1,0,0,0,0,0,0
GENE-17706,NO,1,0,0,0,0,0,0
GENE-17707,NO,1,0,0,0,0,0,0
GENE-17708,NO,1,1,5,10,5,2,6
GENE-17709,NO,1,0,0,0,0,0,0
GENE-17710,NO,1,257,257,299,378,190,307
GENE-17711,NO,1,41,41,44,40,31,57
GENE-17712,NO,1,0,0,0,0,0,0
GENE-17713,NO,1,0,0,0,0,0,0
GENE-17714,NO,1,0,0,0,0,0,0
GENE-17715,NO,1,0,0,0,0,0,0
GENE-17716,NO,1,0,0,0,0,0,0
GENE-17717,NO,1,0,0,0,0,0,1
GENE-17718,NO,1,0,0,0,0,0,0
GENE-17719,NO,1,0,0,0,0,0,0
GENE-17720,NO,1,4,4,2,0,9,8
GENE-17721,NO,1,61,52,38,43,95,44
GENE-17722,NO,1,0,0,0,0,0,0
GENE-17723,NO,1,0,0,0,0,0,0
GENE-17724,NO,1,598,608,677,704,653,700
GENE-17725,NO,1,0,0,0,0,0,0
GENE-17726,NO,1,0,0,0,0,0,0
GENE-17727,NO,1,35,50,53,41,45,40
GENE-17728,NO,1,0,0,0,0,0,0
GENE-17729,NO,1,1539,1443,1563,1509,1447,1557
GENE-17730,NO,1,41,56,46,45,46,48
GENE-17731,NO,1,0,0,0,0,0,0
GENE-17732,NO,1,0,0,0,0,0,0
GENE-17733,NO,1,15,15,24,25,20,25
GENE-17734,NO,1,0,0,0,0,0,0
GENE-17735,NO,1,0,0,0,0,0,0
GENE-17736,NO,1,0,0,0,0,0,0
GENE-17737,NO,1,3,9,2,5,7,5
GENE-17738,NO,1,1,1,2,3,0,4
GENE-17739,NO,1,0,0,0,0,0,0
GENE-17740,NO,1,22,33,41,36,33,35
GENE-17741,NO,1,0,2,1,3,0,2
GENE-17742,NO,1,0,0,0,0,0,0
GENE-17743,NO,1,0,0,0,0,0,0
GENE-17744,NO,1,71,86,62,90,85,72
GENE-17745,NO,1,0,0,0,0,0,0
GENE-17746,NO,1,3,5,7,4,7,2
GENE-17747,NO,1,0,0,0,0,0,0
GENE-17748,NO,1,0,0,0,0,0,0
GENE-17749,NO,1,3,2,1,2,3,0
GENE-17750,NO,1,0,0,0,0,0,0
GENE-17751,NO,1,0,0,0,0,0,0
GENE-17752,NO,1,0,0,0,0,0,0
GENE-17753,NO,1,0,0,0,0,0,0
GENE-17754,NO,1,194,238,169,131,214,135
GENE-17755,NO,1,0,0,0,0,0,0
GENE-17756,NO,1,201,207,187,201,233,261
GENE-17757,NO,1,0,0,0,0,0,0
GENE-17758,NO,1,0,0,0,0,0,0
GENE-17759,YES,1,0,0,0,0,0,0
GENE-17760,NO,1,0,0,0,0,0,0
GENE-17761,NO,1,161,110,192,189,112,237
GENE-17762,NO,1,0,0,0,0,0,0
GENE-17763,NO,1,0,0,0,0,0,0
GENE-17764,NO,1,673,2123,802,1846,2084,1361
GENE-17765,NO,1,0,0,0,0,0,0
GENE-17766,NO,1,433,349,501,471,377,275
GENE-17767,YES,1,0,0,0,0,0,0
GENE-17768,NO,1,0,0,0,0,0,0
GENE-17769,NO,1,1,2,0,0,2,0
GENE-17770,NO,1,1,0,1,0,0,0
GENE-17771,NO,1,0,0,0,0,0,0
GENE-17772,NO,1,0,0,0,0,0,0
GENE-17773,NO,1,0,0,0,0,0,0
GENE-17774,NO,1,0,0,0,0,0,0
GENE-17775,NO,1,0,0,0,0,0,0
GENE-17776,YES,1,0,0,0,0,0,0
GENE-17777,NO,1,2,0,0,2,0,1
GENE-17778,NO,1,146,57,96,99,95,92
GENE-17779,NO,1,0,0,0,0,0,0
GENE-17780,NO,1,0,0,0,0,0,0
GENE-17781,NO,1,1296,856,1214,1290,1201,957
GENE-17782,NO,1,0,3,8,6,1,4
GENE-17783,NO,1,1,1,2,1,3,3
GENE-17784,NO,1,1,0,0,0,1,0
GENE-17785,NO,1,625,402,488,527,403,393
GENE-17786,NO,1,5,2,1,1,1,0
GENE-17787,NO,1,0,0,0,0,0,0
GENE-17788,NO,1,13,10,10,6,4,3
GENE-17789,NO,1,0,0,0,0,0,0
GENE-17790,NO,1,0,0,0,0,0,0
GENE-17791,NO,1,3,1,4,4,5,0
GENE-17792,NO,1,0,0,0,0,0,0
GENE-17793,NO,1,0,0,0,0,0,0
GENE-17794,NO,1,14,18,31,32,20,45
GENE-17795,NO,1,3,1,1,0,1,1
GENE-17796,NO,1,0,0,0,0,0,0
GENE-17797,NO,1,0,0,0,0,0,0
GENE-17798,NO,1,0,0,0,0,0,0
GENE-17799,NO,1,0,0,0,0,0,0
GENE-17800,NO,1,0,0,0,0,0,0
GENE-17801,NO,1,184,294,168,270,145,243
GENE-17802,NO,1,0,0,0,0,0,0
GENE-17803,NO,1,1,0,0,0,0,0
GENE-17804,NO,1,0,0,0,0,0,0
GENE-17805,NO,1,0,0,0,0,0,0
GENE-17806,NO,1,0,0,0,0,0,0
GENE-17807,NO,1,2,0,1,2,2,2
GENE-17808,NO,1,38,48,63,26,65,50
GENE-17809,NO,1,0,0,0,0,0,0
GENE-17810,NO,1,0,2,1,0,0,1
GENE-17811,NO,1,48,47,47,31,33,56
GENE-17812,NO,1,0,0,0,0,0,0
GENE-17813,NO,1,0,0,0,0,0,0
GENE-17814,NO,1,178,144,203,167,131,154
GENE-17815,NO,1,0,0,0,0,0,0
GENE-17816,NO,1,0,0,0,0,0,0
GENE-17817,NO,1,1102,1490,1271,1510,1828,1524
GENE-17818,NO,1,0,0,0,0,0,0
GENE-17819,NO,1,0,0,0,0,0,0
GENE-17820,NO,1,0,0,0,0,0,0
GENE-17821,NO,1,0,0,0,0,0,0
GENE-17822,NO,1,374,448,376,457,463,305
GENE-17823,NO,1,1,0,0,0,0,1
GENE-17824,NO,1,0,0,0,0,0,0
GENE-17825,NO,1,0,0,0,0,0,0
GENE-17826,NO,1,0,0,0,0,0,0
GENE-17827,NO,1,0,0,0,0,0,0
GENE-17828,NO,1,0,0,0,0,0,0
GENE-17829,NO,1,0,0,0,0,0,0
GENE-17830,NO,1,0,0,0,0,0,0
GENE-17831,NO,1,0,0,0,0,0,0
GENE-17832,NO,1,292,292,278,292,290,274
GENE-17833,NO,1,0,0,0,0,0,0
GENE-17834,NO,1,0,0,0,0,0,0
GENE-17835,NO,1,1,0,1,1,1,0
GENE-17836,NO,1,0,0,0,0,0,0
GENE-17837,NO,1,10,8,13,4,6,5
GENE-17838,NO,1,38,34,37,38,43,46
GENE-17839,NO,1,0,0,0,0,0,0
GENE-17840,NO,1,0,0,0,0,0,0
GENE-17841,NO,1,0,0,0,0,0,0
GENE-17842,YES,1,0,0,0,0,0,0
GENE-17843,NO,1,443,471,478,455,493,386
GENE-17844,NO,1,0,0,0,0,0,0
GENE-17845,NO,1,0,0,0,0,0,0
GENE-17846,NO,1,0,0,0,0,0,0
GENE-17848,NO,1,0,0,0,0,0,0
GENE-17849,NO,1,238,241,254,231,239,267
GENE-17850,NO,1,0,0,0,0,0,0
GENE-17851,YES,1,0,0,0,0,0,0
GENE-17852,NO,1,0,0,0,0,0,0
GENE-17853,YES,1,0,0,0,0,0,0
GENE-17854,NO,1,191,296,280,131,205,168
GENE-17855,NO,1,309,420,13,114,236,120
GENE-17856,NO,1,0,0,0,0,0,0
GENE-17857,NO,1,0,0,0,0,0,0
GENE-17858,NO,1,0,0,0,0,0,0
GENE-17859,NO,1,4,8,9,3,3,5
GENE-17860,NO,1,0,0,0,0,0,0
GENE-17861,NO,1,0,0,0,0,0,0
GENE-17862,NO,1,0,0,0,0,0,0
GENE-17863,NO,1,0,0,0,1,0,3
GENE-17864,NO,1,36,28,41,27,28,30
GENE-17865,NO,1,0,0,0,0,0,0
GENE-17866,NO,1,0,0,0,0,0,0
GENE-17867,NO,1,0,0,0,0,0,0
GENE-17868,NO,1,0,0,0,0,0,0
GENE-17869,NO,1,1555,1232,1151,815,887,1436
GENE-17870,NO,1,0,0,0,0,0,0
GENE-17871,NO,1,557,714,573,667,527,599
GENE-17872,NO,1,0,0,0,0,0,0
GENE-17873,NO,1,33,28,45,31,34,29
GENE-17874,NO,1,0,0,0,0,0,0
GENE-17875,NO,1,11,12,9,5,7,10
GENE-17876,NO,1,770,601,685,624,560,698
GENE-17877,NO,1,0,0,0,0,0,0
GENE-17878,NO,1,0,0,0,0,0,0
GENE-17879,NO,1,0,0,0,0,0,0
GENE-17880,NO,1,6,6,8,10,2,5
GENE-17881,NO,1,0,0,0,0,0,0
GENE-17882,NO,1,0,0,0,0,0,0
GENE-17883,NO,1,0,0,0,0,0,0
GENE-17884,NO,1,9,4,7,7,2,6
GENE-17885,NO,1,0,0,0,0,0,0
GENE-17886,NO,1,464,521,478,447,526,517
GENE-17887,NO,1,0,0,0,0,0,0
GENE-17888,NO,1,0,0,0,0,0,0
GENE-17889,NO,1,0,0,0,0,0,0
GENE-17890,NO,1,0,0,0,0,0,0
GENE-17891,NO,1,0,0,0,0,0,0
GENE-17892,NO,1,0,0,0,0,0,0
GENE-17893,NO,1,15,8,11,14,8,9
GENE-17894,NO,1,0,0,0,0,0,0
GENE-17895,NO,1,0,0,0,0,0,0
GENE-17896,NO,1,241,719,196,994,438,207
GENE-17897,NO,1,321,411,706,415,228,385
GENE-17898,NO,1,0,0,0,0,0,0
GENE-17899,NO,1,0,0,0,0,0,0
GENE-17900,NO,1,0,0,0,0,0,0
GENE-17901,NO,1,81,114,131,122,84,99
GENE-17902,NO,1,17,14,9,10,7,19
GENE-17903,NO,1,0,0,0,0,0,0
GENE-17904,NO,1,0,0,0,1,1,0
GENE-17905,NO,1,0,0,0,0,0,0
GENE-17906,NO,1,0,0,0,0,0,0
GENE-17907,NO,1,0,0,0,0,0,0
GENE-17908,NO,1,53,42,44,79,59,26
GENE-17909,NO,1,0,0,0,0,0,0
GENE-17910,NO,1,195,196,204,163,177,218
GENE-17911,NO,1,24,17,26,27,14,22
GENE-17912,NO,1,0,0,0,0,0,0
GENE-17913,NO,1,0,0,0,0,0,0
GENE-17914,NO,1,498,649,615,544,557,523
GENE-17915,NO,1,0,0,0,0,0,0
GENE-17916,NO,1,0,0,0,0,0,0
GENE-17917,NO,1,0,0,0,0,0,0
GENE-17918,NO,1,0,0,0,0,0,0
GENE-17919,NO,1,1,2,3,1,1,0
GENE-17920,NO,1,0,0,0,0,0,0
GENE-17921,NO,1,0,0,0,0,0,0
GENE-17922,NO,1,0,0,0,0,0,0
GENE-17923,NO,1,294,241,69,292,296,591
GENE-17924,NO,1,0,0,0,0,0,0
GENE-17925,NO,1,2,0,1,1,2,2
GENE-17926,NO,1,5,10,13,13,7,12
GENE-17927,NO,1,0,0,0,0,0,0
GENE-17928,NO,1,114,171,76,98,95,118
GENE-17929,NO,1,0,0,0,0,0,0
GENE-17930,NO,1,5,4,7,6,5,4
GENE-17931,NO,1,0,0,0,0,0,0
GENE-17932,NO,1,0,0,0,0,0,0
GENE-17933,NO,1,0,0,0,0,0,0
GENE-17934,NO,1,0,0,0,0,0,0
GENE-17935,NO,1,0,0,0,0,0,0
GENE-17936,NO,1,68,127,92,68,141,135
GENE-17937,NO,1,1,3,1,0,1,0
GENE-17938,NO,1,0,0,0,0,0,0
GENE-17939,NO,1,0,0,0,0,0,0
GENE-17940,NO,1,0,0,0,0,0,0
GENE-17941,NO,1,0,0,0,0,0,0
GENE-17942,NO,1,0,0,0,0,0,0
GENE-17943,NO,1,0,0,0,0,0,0
GENE-17944,NO,1,45,40,32,39,39,42
GENE-17945,NO,1,856,695,725,595,644,652
GENE-17946,NO,1,0,0,0,0,0,0
GENE-17947,NO,1,0,0,0,0,0,0
GENE-17948,NO,1,0,0,0,0,0,0
GENE-17949,NO,1,0,0,0,0,0,0
GENE-17950,NO,1,0,0,0,0,0,0
GENE-17951,YES,1,0,0,0,0,0,0
GENE-17952,NO,1,0,0,0,0,0,0
GENE-17953,NO,1,83,100,53,66,51,46
GENE-17954,NO,1,0,0,0,0,0,0
GENE-17955,NO,1,5,1,5,3,3,5
GENE-17956,NO,1,30,24,33,13,21,24
GENE-17957,NO,1,2,3,2,6,1,1
GENE-17958,NO,1,0,0,0,0,0,0
GENE-17959,NO,1,3,4,0,1,1,0
GENE-17960,NO,1,0,0,0,0,0,0
GENE-17961,NO,1,0,0,0,0,0,0
GENE-17962,NO,1,42,37,38,22,23,40
GENE-17963,NO,1,0,0,0,0,0,0
GENE-17964,YES,1,0,0,1,0,0,0
GENE-17965,NO,1,0,0,0,0,0,0
GENE-17966,NO,1,0,0,0,0,0,0
GENE-17967,NO,1,0,0,0,0,0,1
GENE-17969,YES,1,0,0,0,0,0,0
GENE-17970,NO,1,0,0,0,0,0,0
GENE-17971,NO,1,0,0,0,0,0,0
GENE-17972,NO,1,0,0,0,0,0,0
GENE-17973,NO,1,0,0,0,0,0,0
GENE-17974,NO,1,0,0,0,0,0,0
GENE-17975,NO,1,158,68,78,114,159,190
GENE-17976,NO,1,100,61,69,81,86,97
GENE-17977,YES,1,0,0,0,0,0,0
GENE-17978,NO,1,2,0,4,2,1,2
GENE-17979,NO,1,0,0,0,0,0,0
GENE-17980,NO,1,0,0,0,0,0,0
GENE-17981,NO,1,317,564,277,177,676,130
GENE-17982,NO,1,0,0,0,0,0,0
GENE-17983,NO,1,0,0,0,0,0,0
GENE-17984,NO,1,0,0,0,0,0,0
GENE-17985,NO,1,0,0,0,0,0,0
GENE-17986,NO,1,9,23,25,16,9,11
GENE-17987,NO,1,0,0,0,0,0,0
GENE-17988,NO,1,0,0,0,0,0,0
GENE-17989,NO,1,296,87,104,131,178,119
GENE-17990,NO,1,0,0,0,0,0,0
GENE-17991,NO,1,0,0,0,0,0,0
GENE-17992,NO,1,153,153,175,171,220,272
GENE-17993,NO,1,0,0,0,0,0,0
GENE-17994,YES,1,0,0,0,0,0,0
GENE-17995,NO,1,251,247,252,308,223,296
GENE-17996,NO,1,3876,2929,3906,3716,2207,2692
GENE-17997,NO,1,0,0,0,0,0,0
GENE-17998,NO,1,0,0,0,0,0,0
GENE-17999,NO,1,0,0,0,0,0,0
GENE-18000,NO,1,0,0,0,0,0,0
GENE-18001,NO,1,0,0,0,0,0,0
GENE-18002,NO,1,0,0,0,0,0,0
GENE-18003,NO,1,0,0,0,0,0,0
GENE-18004,NO,1,0,0,0,0,0,0
GENE-18005,NO,1,1517,1237,1242,1476,1263,1109
GENE-18006,YES,1,0,0,0,0,0,0
GENE-18007,NO,1,2,4,3,2,3,7
GENE-18008,NO,1,0,0,2,0,0,1
GENE-18009,NO,1,1221,1064,1092,752,874,1002
GENE-18010,NO,1,0,0,0,0,0,0
GENE-18011,YES,1,0,0,0,0,0,0
GENE-18012,NO,1,0,0,0,0,0,0
GENE-18013,NO,1,47,59,57,52,38,46
GENE-18014,NO,1,113,88,101,93,89,72
GENE-18015,NO,1,0,0,0,0,0,0
GENE-18016,NO,1,0,0,0,0,0,0
GENE-18017,NO,1,0,0,0,0,0,0
GENE-18018,NO,1,0,0,0,0,0,0
GENE-18019,NO,1,0,0,0,0,0,0
GENE-18020,NO,1,0,0,0,0,0,0
GENE-18021,NO,1,0,0,0,0,0,0
GENE-18022,NO,1,0,0,0,0,0,0
GENE-18023,NO,1,0,0,0,0,0,0
GENE-18024,NO,1,13,7,9,8,7,6
GENE-18025,NO,1,0,0,0,0,0,0
GENE-18026,NO,1,7,4,12,5,5,4
GENE-18027,NO,1,0,0,0,0,0,0
GENE-18028,NO,1,0,0,0,0,0,0
GENE-18029,NO,1,0,0,0,0,0,0
GENE-18030,NO,1,0,0,0,0,0,0
GENE-18031,NO,1,0,0,0,0,0,0
GENE-18032,NO,1,249,245,222,236,269,227
GENE-18033,NO,1,443,397,346,539,523,534
GENE-18034,NO,1,395,473,421,268,539,148
GENE-18035,NO,1,0,0,0,0,0,0
GENE-18036,NO,1,0,0,0,0,0,0
GENE-18037,NO,1,0,0,0,0,0,0
GENE-18038,NO,1,0,0,0,0,0,0
GENE-18039,NO,1,429,494,483,483,524,489
GENE-18040,NO,1,0,0,0,0,0,0
GENE-18041,NO,1,0,0,0,0,0,0
GENE-18042,NO,1,0,0,0,0,0,0
GENE-18043,NO,1,112,149,147,100,146,109
GENE-18044,NO,1,0,0,0,0,0,0
GENE-18045,NO,1,13,19,15,22,20,11
GENE-18046,NO,1,0,0,0,0,0,0
GENE-18047,NO,1,0,0,0,0,0,0
GENE-18048,NO,1,615,706,551,777,642,686
GENE-18049,NO,1,0,0,0,0,0,0
GENE-18050,NO,1,0,0,0,0,0,0
GENE-18051,NO,1,0,0,0,0,0,0
GENE-18052,NO,1,0,0,0,0,0,0
GENE-18053,NO,1,653,867,1282,1406,898,873
GENE-18054,NO,1,153,190,114,155,166,168
GENE-18055,NO,1,0,0,0,0,0,0
GENE-18056,NO,1,0,0,0,0,0,0
GENE-18057,NO,1,219,174,184,147,182,202
GENE-18058,NO,1,0,0,0,0,0,0
GENE-18059,NO,1,23,4,14,4,11,4
GENE-18060,NO,1,0,0,0,0,0,0
GENE-18061,NO,1,0,0,0,0,0,0
GENE-18062,YES,1,0,0,0,0,0,0
GENE-18063,NO,1,1,2,1,1,1,1
GENE-18064,NO,1,488,564,662,518,624,365
GENE-18065,NO,1,0,0,0,0,0,0
GENE-18066,NO,1,0,0,0,0,0,0
GENE-18067,NO,1,4,4,2,3,2,6
GENE-18068,NO,1,0,0,0,0,0,0
GENE-18069,NO,1,0,0,0,0,0,0
GENE-18070,NO,1,1081,1006,1247,1155,1379,1343
GENE-18071,NO,1,0,0,0,0,0,0
GENE-18072,NO,1,0,0,0,0,0,0
GENE-18073,NO,1,3,4,1,5,6,0
GENE-18074,NO,1,0,0,0,0,0,0
GENE-18075,NO,1,0,0,0,0,0,0
GENE-18076,NO,1,0,0,0,0,0,0
GENE-18077,NO,1,1603,1874,1725,1876,1083,1490
GENE-18078,NO,1,0,0,0,0,0,0
GENE-18079,NO,1,0,0,0,1,3,1
GENE-18080,NO,1,0,0,0,0,0,0
GENE-18081,NO,1,0,0,0,0,0,0
GENE-18082,NO,1,0,0,0,0,0,0
GENE-18083,NO,1,0,0,0,0,0,0
GENE-18084,NO,1,0,0,0,0,0,0
GENE-18085,NO,1,97,100,66,101,82,81
GENE-18086,NO,1,0,0,0,0,0,0
GENE-18087,NO,1,0,0,0,0,0,0
GENE-18088,NO,1,0,0,0,0,0,0
GENE-18089,NO,1,0,2,2,4,2,2
GENE-18090,NO,1,1,5,2,2,1,2
GENE-18091,NO,1,2560,8389,6475,5644,4157,7359
GENE-18092,NO,1,0,0,0,0,0,0
GENE-18093,NO,1,0,0,0,0,0,0
GENE-18094,NO,1,8,4,23,7,8,3
GENE-18095,NO,1,0,0,0,0,0,0
GENE-18096,NO,1,172,267,209,187,121,151
GENE-18097,NO,1,0,0,0,0,0,0
GENE-18098,NO,1,0,0,0,0,0,0
GENE-18099,NO,1,0,0,0,0,0,0
GENE-18100,NO,1,0,0,0,0,0,0
GENE-18101,NO,1,0,0,0,0,0,0
GENE-18102,NO,1,0,0,0,0,0,0
GENE-18104,NO,1,0,0,0,0,0,0
GENE-18105,NO,1,882,1166,869,658,1052,609
GENE-18106,NO,1,0,0,0,0,0,0
GENE-18107,NO,1,0,0,0,0,0,0
GENE-18108,NO,1,0,0,0,0,0,0
GENE-18109,NO,1,0,0,0,0,0,0
GENE-18110,NO,1,1,1,1,2,1,2
GENE-18111,NO,1,4,2,3,5,4,7
GENE-18112,NO,1,117,91,74,94,98,122
GENE-18113,NO,1,919,827,705,791,995,929
GENE-18114,NO,1,194,172,240,229,143,170
GENE-18115,NO,1,0,0,0,0,0,0
GENE-18116,NO,1,32,43,39,38,32,40
GENE-18117,NO,1,2,1,2,1,0,0
GENE-18118,NO,1,0,0,0,0,0,0
GENE-18119,NO,1,0,0,0,0,0,0
GENE-18120,NO,1,0,0,0,0,0,0
GENE-18121,NO,1,0,0,0,0,0,0
GENE-18122,NO,1,0,0,0,0,0,0
GENE-18123,NO,1,0,0,0,0,0,0
GENE-18124,NO,1,0,0,0,0,0,0
GENE-18125,NO,1,0,0,0,0,0,0
GENE-18126,NO,1,0,0,0,0,0,0
GENE-18127,NO,1,0,0,0,0,0,0
GENE-18128,NO,1,0,0,0,0,0,0
GENE-18129,NO,1,0,0,0,0,0,0
GENE-18130,NO,1,17,8,12,7,17,16
GENE-18131,NO,1,69,56,49,59,44,60
GENE-18132,NO,1,0,0,0,0,0,0
GENE-18133,NO,1,0,0,0,0,0,0
GENE-18134,NO,1,0,0,0,0,0,0
GENE-18135,NO,1,285,439,330,317,318,452
GENE-18136,NO,1,0,0,0,0,0,0
GENE-18137,NO,1,43,52,40,50,22,59
GENE-18138,NO,1,8,6,12,9,7,5
GENE-18139,NO,1,786,794,677,717,832,861
GENE-18140,NO,1,0,0,0,0,0,0
GENE-18141,NO,1,296,356,386,374,254,255
GENE-18142,NO,1,0,0,0,0,0,0
GENE-18143,NO,1,0,0,0,0,0,0
GENE-18144,NO,1,0,0,0,1,0,2
GENE-18145,NO,1,0,0,0,0,0,0
GENE-18146,NO,1,0,0,0,0,0,0
GENE-18147,NO,1,0,0,0,0,0,0
GENE-18148,NO,1,1068,498,1265,1400,547,1724
GENE-18149,NO,1,0,0,0,0,0,0
GENE-18150,NO,1,36,39,59,31,42,40
GENE-18151,NO,1,0,0,0,0,0,0
GENE-18152,NO,1,0,0,0,0,0,0
GENE-18153,NO,1,2,1,0,0,0,0
GENE-18154,NO,1,6,4,6,8,2,5
GENE-18155,NO,1,0,0,0,0,0,0
GENE-18156,NO,1,0,0,0,0,0,0
GENE-18157,NO,1,0,0,0,0,0,0
GENE-18158,NO,1,0,0,0,0,0,0
GENE-18159,NO,1,0,0,0,0,0,0
GENE-18160,NO,1,3,4,3,4,7,0
GENE-18161,NO,1,0,0,0,0,0,0
GENE-18162,NO,1,0,0,0,0,0,0
GENE-18163,NO,1,0,0,0,0,0,0
GENE-18164,NO,1,0,0,0,0,0,0
GENE-18165,NO,1,45,38,40,49,37,41
GENE-18166,NO,1,0,0,0,0,0,0
GENE-18167,NO,1,0,0,0,0,0,0
GENE-18168,NO,1,0,0,0,0,0,0
GENE-18169,NO,1,0,0,0,0,0,0
GENE-18170,NO,1,0,0,0,0,0,0
GENE-18171,NO,1,0,0,0,0,0,0
GENE-18172,NO,1,19,17,17,17,24,24
GENE-18173,NO,1,0,0,0,1,0,0
GENE-18174,NO,1,0,0,0,0,0,0
GENE-18175,NO,1,0,0,0,0,0,0
GENE-18176,NO,1,0,0,0,0,0,0
GENE-18177,NO,1,0,0,0,0,0,0
GENE-18178,NO,1,5,2,3,3,5,0
GENE-18179,NO,1,71,97,52,91,63,59
GENE-18180,NO,1,0,0,0,0,0,0
GENE-18181,NO,1,0,0,0,0,0,0
GENE-18182,NO,1,82,73,31,61,91,77
GENE-18183,NO,1,0,0,0,0,0,0
GENE-18184,NO,1,0,0,0,0,0,0
GENE-18185,NO,1,0,0,0,0,0,0
GENE-18186,NO,1,0,0,0,0,0,0
GENE-18187,NO,1,0,0,0,0,0,0
GENE-18188,NO,1,1,0,3,2,1,0
GENE-18189,NO,1,5,10,7,9,7,5
GENE-18190,NO,1,8,7,12,5,11,14
GENE-18191,NO,1,760,540,865,792,820,526
GENE-18192,NO,1,0,0,0,0,0,0
GENE-18193,NO,1,23,21,25,17,24,18
GENE-18194,NO,1,0,0,0,0,0,0
GENE-18195,NO,1,51,41,38,29,36,41
GENE-18196,NO,1,0,0,0,0,0,0
GENE-18197,NO,1,414,380,401,398,374,357
GENE-18198,NO,1,0,1,2,1,0,0
GENE-18199,NO,1,0,0,0,0,0,0
GENE-18200,NO,1,0,0,0,0,0,0
GENE-18201,NO,1,0,0,0,0,0,0
GENE-18202,NO,1,0,0,0,0,0,0
GENE-18203,NO,1,0,0,1,0,1,0
GENE-18204,NO,1,12,15,19,21,19,15
GENE-18205,NO,1,0,0,0,0,0,0
GENE-18206,NO,1,0,0,0,0,0,0
GENE-18207,NO,1,0,0,0,0,0,0
GENE-18208,NO,1,0,0,0,0,0,0
GENE-18209,NO,1,0,0,0,0,0,0
GENE-18210,NO,1,0,0,0,0,0,0
GENE-18211,NO,1,0,0,0,0,0,0
GENE-18212,NO,1,0,0,0,0,0,0
GENE-18213,NO,1,0,0,0,0,0,0
GENE-18214,NO,1,178,169,152,182,118,220
GENE-18215,YES,1,0,0,0,0,0,0
GENE-18216,NO,1,0,0,0,0,0,1
GENE-18217,NO,1,0,0,0,0,0,0
GENE-18218,NO,1,14,22,26,14,12,20
GENE-18219,YES,1,0,0,0,0,0,0
GENE-18220,NO,1,449,69,332,229,75,440
GENE-18221,NO,1,0,0,0,0,0,0
GENE-18222,NO,1,0,0,0,0,0,0
GENE-18223,NO,1,0,0,0,0,0,0
GENE-18224,NO,1,3,2,0,3,3,2
GENE-18225,NO,1,2809,2974,3411,3679,3772,2839
GENE-18226,NO,1,0,0,0,0,0,0
GENE-18227,NO,1,0,0,0,0,0,0
GENE-18228,NO,1,0,0,0,0,0,0
GENE-18229,NO,1,0,0,0,0,0,0
GENE-18230,NO,1,7,2,8,7,8,10
GENE-18231,NO,1,0,0,0,0,0,0
GENE-18232,NO,1,0,0,0,0,0,0
GENE-18233,NO,1,16,5,10,6,5,6
GENE-18234,NO,1,0,0,0,0,0,0
GENE-18235,NO,1,0,0,0,0,0,0
GENE-18236,NO,1,3,1,3,4,2,6
GENE-18237,NO,1,0,0,0,0,0,0
GENE-18238,NO,1,1,3,1,4,1,1
GENE-18239,NO,1,13,11,9,9,12,6
GENE-18240,NO,1,2487,1392,3891,2044,1971,2326
GENE-18241,NO,1,0,0,0,0,0,0
GENE-18242,YES,1,0,0,0,0,0,0
GENE-18243,NO,1,0,0,0,0,0,0
GENE-18244,NO,1,17,14,19,9,11,14
GENE-18245,NO,1,0,0,0,0,0,0
GENE-18246,NO,1,62,76,82,57,85,63
GENE-18247,NO,1,0,0,0,0,0,0
GENE-18248,NO,1,0,0,0,0,0,0
GENE-18249,NO,1,0,0,0,0,0,0
GENE-18250,NO,1,1,0,0,0,0,0
GENE-18251,NO,1,0,0,0,0,0,0
GENE-18252,NO,1,0,0,0,0,0,0
GENE-18253,NO,1,0,0,0,0,0,0
GENE-18254,NO,1,0,0,0,0,0,0
GENE-18255,NO,1,3,11,6,9,4,5
GENE-18256,NO,1,0,0,0,0,0,0
GENE-18257,NO,1,0,0,0,0,0,0
GENE-18258,NO,1,70,66,70,75,77,60
GENE-18259,NO,1,0,0,0,0,0,0
GENE-18260,NO,1,0,0,0,0,0,0
GENE-18261,NO,1,0,0,0,0,0,0
GENE-18262,YES,1,0,0,0,0,0,0
GENE-18263,NO,1,0,0,0,0,0,0
GENE-18264,NO,1,0,0,0,0,0,0
GENE-18265,NO,1,221,178,248,236,333,256
GENE-18266,NO,1,0,0,0,0,0,0
GENE-18267,NO,1,0,0,0,0,0,0
GENE-18268,NO,1,0,0,0,0,0,0
GENE-18269,NO,1,0,0,0,0,0,0
GENE-18270,NO,1,111,111,111,102,92,65
GENE-18271,NO,1,0,0,0,0,0,0
GENE-18272,NO,1,0,0,0,0,0,0
GENE-18273,NO,1,2,2,0,0,0,1
GENE-18274,NO,1,0,0,0,0,0,0
GENE-18275,NO,1,2,5,0,4,4,4
GENE-18276,NO,1,0,0,0,0,0,0
GENE-18277,NO,1,0,0,0,0,0,0
GENE-18278,NO,1,0,0,0,0,0,0
GENE-18279,NO,1,0,0,0,0,0,0
GENE-18280,NO,1,1001,445,797,976,821,695
GENE-18281,NO,1,0,0,0,0,0,0
GENE-18282,NO,1,7,8,1,5,6,5
GENE-18283,NO,1,0,0,0,0,0,0
GENE-18284,NO,1,1,0,0,0,0,0
GENE-18285,NO,1,0,0,0,0,0,0
GENE-18286,NO,1,0,0,0,0,0,0
GENE-18287,NO,1,0,0,0,0,0,0
GENE-18288,NO,1,147,117,195,140,96,127
GENE-18289,NO,1,0,0,0,0,0,0
GENE-18290,NO,1,0,0,0,0,0,0
GENE-18291,NO,1,309,289,297,275,282,268
GENE-18292,NO,1,0,0,0,0,0,0
GENE-18293,NO,1,22,18,7,9,21,40
GENE-18294,NO,1,0,0,0,0,0,0
GENE-18295,NO,1,0,0,0,0,0,0
GENE-18296,NO,1,0,0,0,1,0,0
GENE-18297,NO,1,0,0,0,0,0,0
GENE-18298,NO,1,127,158,154,135,110,155
GENE-18299,NO,1,0,0,0,0,0,0
GENE-18300,YES,1,0,0,0,0,0,0
GENE-18301,NO,1,0,0,0,0,0,0
GENE-18302,NO,1,0,0,0,0,0,0
GENE-18303,NO,1,0,0,0,0,0,0
GENE-18304,NO,1,1,0,0,0,0,0
GENE-18305,NO,1,0,0,0,0,0,0
GENE-18306,NO,1,0,0,0,0,0,0
GENE-18307,NO,1,0,0,0,0,0,0
GENE-18308,NO,1,0,0,0,0,0,0
GENE-18309,NO,1,0,0,0,0,0,0
GENE-18310,NO,1,15,32,28,27,31,24
GENE-18311,NO,1,0,0,0,0,0,0
GENE-18312,NO,1,0,0,0,0,0,0
GENE-18314,NO,1,0,0,0,0,0,0
GENE-18315,NO,1,0,0,0,0,0,0
GENE-18316,NO,1,0,0,0,0,0,0
GENE-18317,NO,1,78,44,42,59,137,186
GENE-18318,NO,1,1222,1281,1290,1061,1601,1070
GENE-18319,NO,1,0,0,0,0,0,0
GENE-18320,NO,1,19,12,23,28,23,23
GENE-18321,NO,1,0,0,0,0,0,0
GENE-18322,NO,1,0,0,0,0,0,0
GENE-18323,NO,1,0,0,0,0,0,0
GENE-18324,NO,1,18,17,13,15,11,13
GENE-18325,NO,1,0,0,0,0,0,0
GENE-18326,NO,1,0,0,0,0,0,0
GENE-18327,NO,1,0,0,0,0,0,0
GENE-18328,NO,1,0,0,0,0,0,0
GENE-18329,NO,1,0,0,0,0,0,0
GENE-18330,NO,1,0,0,0,0,0,0
GENE-18331,NO,1,0,0,0,0,0,0
GENE-18332,NO,1,0,0,0,0,0,0
GENE-18333,NO,1,77,92,101,99,126,81
GENE-18334,NO,1,0,0,0,0,0,0
GENE-18335,NO,1,0,0,0,0,0,0
GENE-18336,NO,1,0,0,0,0,0,0
GENE-18337,NO,1,0,0,0,0,0,0
GENE-18338,NO,1,0,0,0,0,0,0
GENE-18339,NO,1,45,62,56,64,45,53
GENE-18340,NO,1,741,606,499,491,1090,544
GENE-18341,NO,1,0,0,0,0,0,0
GENE-18342,NO,1,0,0,0,0,0,0
GENE-18343,NO,1,0,0,0,0,0,0
GENE-18344,NO,1,0,0,0,0,0,0
GENE-18345,NO,1,0,0,0,0,0,0
GENE-18346,NO,1,0,0,0,0,0,0
GENE-18347,NO,1,0,0,0,0,0,0
GENE-18348,NO,1,0,0,0,0,0,0
GENE-18349,NO,1,32,33,31,38,39,27
GENE-18350,NO,1,0,0,0,0,0,0
GENE-18351,NO,1,672,610,613,549,623,500
GENE-18352,NO,1,0,0,0,0,0,0
GENE-18353,NO,1,77,79,82,81,93,94
GENE-18354,NO,1,0,0,0,0,0,0
GENE-18355,NO,1,0,0,0,0,0,0
GENE-18356,NO,1,279,451,430,345,458,308
GENE-18357,NO,1,0,0,0,0,0,0
GENE-18358,NO,1,0,0,0,0,0,0
GENE-18359,NO,1,0,0,0,0,0,0
GENE-18360,NO,1,0,0,0,0,0,0
GENE-18361,NO,1,1,1,2,2,2,2
GENE-18362,NO,1,0,0,0,0,0,0
GENE-18363,NO,1,0,0,0,0,0,0
GENE-18364,NO,1,0,0,0,0,0,0
GENE-18365,NO,1,0,0,0,0,0,0
GENE-18366,NO,1,0,0,0,0,0,0
GENE-18367,NO,1,0,0,0,0,0,0
GENE-18368,NO,1,0,0,0,0,0,0
GENE-18369,NO,1,0,0,0,0,0,0
GENE-18370,NO,1,0,0,0,0,0,0
GENE-18371,YES,1,0,0,0,0,0,0
GENE-18372,NO,1,0,0,0,0,0,0
GENE-18373,NO,1,0,0,0,0,0,0
GENE-18374,NO,1,0,0,0,0,0,0
GENE-18375,NO,1,0,0,0,0,0,0
GENE-18376,NO,1,0,0,0,0,0,0
GENE-18377,YES,1,0,0,0,0,0,0
GENE-18378,NO,1,48,87,55,75,72,95
GENE-18379,NO,1,0,0,0,0,0,0
GENE-18380,NO,1,3,1,1,3,2,2
GENE-18381,NO,1,0,0,0,0,0,0
GENE-18382,NO,1,0,0,0,0,0,0
GENE-18383,NO,1,6,7,6,11,3,6
GENE-18384,NO,1,151,197,190,181,244,181
GENE-18385,NO,1,0,0,0,0,0,0
GENE-18386,NO,1,1244,1394,823,1213,1010,1091
GENE-18387,NO,1,71,84,270,39,203,110
GENE-18388,NO,1,67,54,104,59,41,65
GENE-18389,NO,1,1,0,0,0,0,0
GENE-18390,NO,1,0,0,0,0,0,0
GENE-18391,NO,1,6,4,3,7,8,5
GENE-18392,NO,1,0,0,0,0,0,0
GENE-18393,NO,1,0,0,0,0,0,0
GENE-18394,NO,1,0,0,0,0,0,0
GENE-18395,NO,1,198,218,214,251,242,238
GENE-18396,NO,1,0,0,0,0,0,0
GENE-18397,NO,1,0,0,0,0,0,0
GENE-18398,NO,1,2,1,0,1,1,0
GENE-18399,NO,1,0,0,0,0,0,0
GENE-18400,NO,1,0,0,0,0,0,0
GENE-18401,NO,1,0,0,0,0,0,0
GENE-18402,NO,1,5,3,2,2,4,1
GENE-18403,NO,1,5,5,9,5,5,10
GENE-18404,NO,1,0,0,0,0,0,0
GENE-18405,NO,1,554,636,594,284,512,373
GENE-18406,NO,1,32,19,47,34,19,23
GENE-18407,NO,1,83,83,58,67,106,99
GENE-18408,NO,1,0,0,0,0,0,0
GENE-18409,NO,1,0,0,0,0,0,0
GENE-18410,NO,1,0,0,0,0,0,0
GENE-18411,NO,1,0,0,0,0,0,0
GENE-18412,NO,1,0,0,0,0,0,0
GENE-18413,NO,1,25,4,2,14,7,8
GENE-18414,NO,1,0,0,0,0,0,0
GENE-18415,NO,1,0,0,0,0,0,0
GENE-18416,NO,1,0,0,0,0,0,0
GENE-18417,NO,1,0,0,0,0,0,0
GENE-18418,NO,1,0,0,0,0,0,0
GENE-18419,NO,1,63,114,154,69,107,126
GENE-18420,NO,1,8,8,12,2,6,11
GENE-18421,NO,1,0,2,0,1,2,0
GENE-18422,NO,1,31,6,25,27,31,25
GENE-18423,NO,1,719,678,706,827,809,728
GENE-18424,NO,1,0,0,0,0,0,0
GENE-18425,NO,1,1067,328,336,140,472,24
GENE-18426,NO,1,0,0,0,0,0,0
GENE-18427,NO,1,46,117,223,133,389,139
GENE-18428,NO,1,0,1,0,0,1,6
GENE-18429,NO,1,48,75,72,72,53,52
GENE-18430,NO,1,0,0,0,0,0,0
GENE-18431,NO,1,0,0,0,0,0,0
GENE-18432,NO,1,0,0,0,0,0,0
GENE-18433,NO,1,9,9,6,17,16,7
GENE-18434,NO,1,88,78,120,78,196,124
GENE-18435,NO,1,10,5,3,4,4,1
GENE-18436,NO,1,0,0,0,0,0,0
GENE-18437,YES,1,0,0,0,0,0,0
GENE-18438,NO,1,0,0,0,0,0,0
GENE-18439,NO,1,0,0,0,0,0,0
GENE-18440,NO,1,0,0,0,0,0,0
GENE-18441,NO,1,6,3,0,6,5,11
GENE-18442,NO,1,0,0,0,0,0,0
GENE-18443,NO,1,0,0,0,0,0,0
GENE-18444,YES,1,0,0,0,0,0,0
GENE-18445,NO,1,0,0,0,0,0,0
GENE-18446,NO,1,129,178,213,216,142,156
GENE-18447,NO,1,0,0,0,0,0,0
GENE-18448,NO,1,0,1,0,1,0,0
GENE-18449,NO,1,471,532,558,532,563,540
GENE-18450,NO,1,2,0,1,1,1,1
GENE-18451,NO,1,0,0,0,0,0,0
GENE-18452,NO,1,798,761,716,653,678,662
GENE-18453,NO,1,0,0,0,0,0,0
GENE-18454,NO,1,0,0,0,0,0,0
GENE-18455,NO,1,0,0,0,0,0,0
GENE-18456,NO,1,196,161,215,138,170,161
GENE-18457,NO,1,0,0,0,0,0,0
GENE-18458,NO,1,0,0,0,0,0,0
GENE-18459,NO,1,145,96,84,70,97,98
GENE-18460,NO,1,0,0,0,0,0,0
GENE-18461,NO,1,0,0,0,0,0,0
GENE-18462,NO,1,0,0,0,0,0,0
GENE-18463,NO,1,0,0,0,0,0,0
GENE-18464,NO,1,45,73,57,65,50,43
GENE-18465,NO,1,0,0,0,0,0,0
GENE-18466,NO,1,0,0,0,0,0,0
GENE-18467,NO,1,0,0,0,0,0,0
GENE-18468,NO,1,366,293,330,374,302,234
GENE-18469,NO,1,0,0,0,0,0,0
GENE-18470,NO,1,0,0,0,0,0,0
GENE-18471,YES,1,0,0,0,0,0,0
GENE-18472,NO,1,298,448,486,460,344,315
GENE-18473,NO,1,0,0,0,0,0,0
GENE-18474,NO,1,0,0,0,0,0,0
GENE-18475,NO,1,0,0,0,0,0,0
GENE-18476,NO,1,1,2,1,3,0,0
GENE-18477,NO,1,68,89,64,56,56,63
GENE-18478,NO,1,2,16,8,5,9,7
GENE-18479,YES,1,0,0,0,0,0,0
GENE-18480,NO,1,0,0,0,0,0,0
GENE-18481,NO,1,0,0,0,0,0,0
GENE-18482,YES,1,0,0,0,0,0,0
GENE-18483,NO,1,0,0,0,0,0,0
GENE-18484,NO,1,0,0,0,0,0,0
GENE-18485,NO,1,102,117,88,94,93,79
GENE-18486,NO,1,0,0,0,0,0,0
GENE-18487,NO,1,0,0,0,0,0,0
GENE-18489,NO,1,0,0,0,0,0,0
GENE-18490,NO,1,0,0,0,0,0,0
GENE-18491,NO,1,0,0,0,0,0,0
GENE-18492,NO,1,2576,2561,1911,2290,1947,2393
GENE-18493,NO,1,0,0,0,0,0,0
GENE-18494,NO,1,0,0,0,0,0,0
GENE-18495,NO,1,648,631,689,742,633,689
GENE-18496,NO,1,0,0,0,0,0,0
GENE-18497,NO,1,671,643,874,697,700,846
GENE-18498,NO,1,273,97,241,300,380,292
GENE-18499,NO,1,0,0,0,0,0,0
GENE-18500,NO,1,0,0,0,0,0,0
GENE-18501,NO,1,0,0,0,0,0,0
GENE-18502,NO,1,0,0,0,0,0,0
GENE-18503,NO,1,118,64,110,83,108,131
GENE-18504,NO,1,0,0,0,0,0,0
GENE-18505,NO,1,0,0,0,0,0,0
GENE-18506,NO,1,0,0,0,0,0,0
GENE-18507,NO,1,0,0,0,0,0,0
GENE-18508,NO,1,0,0,0,0,0,0
GENE-18510,NO,1,0,0,0,0,0,0
GENE-18511,NO,1,624,586,557,479,550,490
GENE-18512,NO,1,78,103,78,125,107,74
GENE-18513,NO,1,0,0,0,0,0,0
GENE-18514,NO,1,496,403,407,292,409,447
GENE-18515,NO,1,0,0,0,0,0,0
GENE-18516,NO,1,0,0,0,0,0,0
GENE-18517,NO,1,136,391,274,308,440,201
GENE-18518,NO,1,0,0,0,0,0,0
GENE-18519,NO,1,363,450,382,637,477,393
GENE-18520,NO,1,0,0,0,0,0,0
GENE-18521,NO,1,0,0,0,0,0,0
GENE-18522,NO,1,0,0,0,0,0,0
GENE-18523,NO,1,0,0,0,0,0,0
GENE-18524,NO,1,0,0,0,0,0,0
GENE-18525,NO,1,109,141,238,178,120,135
GENE-18526,NO,1,0,0,0,0,0,0
GENE-18527,NO,1,0,0,0,0,0,0
GENE-18528,NO,1,5,7,5,11,2,6
GENE-18529,NO,1,0,0,0,0,0,0
GENE-18530,NO,1,0,0,0,0,0,0
GENE-18531,NO,1,0,0,0,0,0,0
GENE-18532,NO,1,0,0,0,0,0,0
GENE-18533,NO,1,0,0,0,0,0,0
GENE-18534,NO,1,23,26,29,19,29,21
GENE-18535,NO,1,0,0,0,0,0,0
GENE-18536,NO,1,508,652,773,591,600,627
GENE-18537,NO,1,0,0,0,1,0,1
GENE-18538,NO,1,0,0,0,0,0,0
GENE-18539,NO,1,72,99,89,94,106,94
GENE-18540,NO,1,0,0,0,0,0,0
GENE-18541,NO,1,7,18,6,13,8,11
GENE-18542,YES,1,0,0,0,0,0,0
GENE-18543,NO,1,0,0,0,0,0,0
GENE-18544,NO,1,0,0,0,0,0,0
GENE-18545,YES,1,0,0,0,0,0,0
GENE-18546,NO,1,1,3,2,5,1,4
GENE-18547,NO,1,183,220,171,106,102,80
GENE-18548,NO,1,0,0,0,0,0,0
GENE-18549,NO,1,12997,10141,10356,14237,9929,10457
GENE-18550,NO,1,1,7,4,7,7,2
GENE-18551,NO,1,8,9,11,14,7,12
GENE-18552,NO,1,0,0,0,0,0,0
GENE-18553,NO,1,50,24,44,25,43,45
GENE-18554,NO,1,0,0,0,0,0,0
GENE-18555,NO,1,26,33,28,24,26,18
GENE-18556,NO,1,0,0,0,0,0,0
GENE-18557,NO,1,2,1,4,1,2,0
GENE-18558,NO,1,9,7,16,12,10,13
GENE-18559,NO,1,1,0,0,0,1,1
GENE-18560,NO,1,0,0,0,0,0,0
GENE-18561,NO,1,6,5,3,3,7,8
GENE-18562,NO,1,0,0,0,0,0,0
GENE-18563,NO,1,3459,1813,3032,3309,3315,3497
GENE-18564,NO,1,6,6,20,17,10,25
GENE-18565,NO,1,0,0,0,0,0,0
GENE-18566,NO,1,0,0,0,0,0,0
GENE-18567,NO,1,0,0,0,0,0,0
GENE-18568,NO,1,0,0,0,0,0,0
GENE-18569,NO,1,0,0,0,0,0,0
GENE-18570,NO,1,69,46,61,70,61,91
GENE-18571,NO,1,0,0,1,0,1,0
GENE-18572,NO,1,0,0,0,0,0,0
GENE-18573,NO,1,141,289,132,199,295,240
GENE-18574,NO,1,0,0,0,0,0,0
GENE-18575,NO,1,0,0,0,0,0,0
GENE-18576,NO,1,437,445,481,540,714,388
GENE-18577,NO,1,20,42,43,44,51,36
GENE-18578,NO,1,1,1,0,0,1,2
GENE-18579,NO,1,0,0,0,0,0,0
GENE-18581,NO,1,0,0,0,1,0,0
GENE-18582,NO,1,2,1,3,2,2,3
GENE-18583,NO,1,0,0,0,0,0,0
GENE-18584,NO,1,0,0,0,0,0,0
GENE-18585,NO,1,0,0,0,0,0,0
GENE-18586,NO,1,0,0,0,0,0,0
GENE-18587,NO,1,0,0,0,0,0,0
GENE-18588,NO,1,0,0,0,0,0,0
GENE-18589,NO,1,10,11,12,12,11,15
GENE-18590,NO,1,0,0,0,0,0,0
GENE-18591,NO,1,1,1,0,0,1,2
GENE-18592,NO,1,0,0,0,0,0,0
GENE-18593,NO,1,0,0,0,0,0,0
GENE-18594,NO,1,0,0,0,0,0,0
GENE-18595,NO,1,1166,896,904,1010,1074,1103
GENE-18596,NO,1,0,0,0,0,0,0
GENE-18597,NO,1,0,0,0,0,0,0
GENE-18598,NO,1,0,0,0,0,0,0
GENE-18599,NO,1,0,0,0,0,0,0
GENE-18600,NO,1,0,0,0,0,0,0
GENE-18601,NO,1,0,0,0,0,0,0
GENE-18602,NO,1,129,79,91,57,125,57
GENE-18603,NO,1,0,0,0,0,0,0
GENE-18604,NO,1,472,643,494,355,396,430
GENE-18605,NO,1,41,34,36,24,31,28
GENE-18606,NO,1,0,0,0,0,0,0
GENE-18607,NO,1,0,0,0,0,0,0
GENE-18608,NO,1,6,2,3,5,3,8
GENE-18609,NO,1,0,0,0,0,0,0
GENE-18610,NO,1,0,0,0,0,0,0
GENE-18611,NO,1,0,0,0,0,0,0
GENE-18612,NO,1,0,0,0,0,0,0
GENE-18613,NO,1,0,0,0,0,1,1
GENE-18614,NO,1,0,0,0,0,0,0
GENE-18615,NO,1,4,10,7,4,1,7
GENE-18616,NO,1,666,885,743,818,695,820
GENE-18617,NO,1,0,0,0,0,0,0
GENE-18618,NO,1,0,0,0,0,0,0
GENE-18619,NO,1,0,0,0,0,0,0
GENE-18620,NO,1,0,0,1,0,0,0
GENE-18621,NO,1,33,27,23,19,37,20
GENE-18622,NO,1,0,0,0,0,0,0
GENE-18623,NO,1,0,0,0,0,0,0
GENE-18624,NO,1,0,0,0,0,0,0
GENE-18625,NO,1,0,0,0,0,0,0
GENE-18626,NO,1,1,3,2,1,3,2
GENE-18627,NO,1,59,23,48,42,69,67
GENE-18628,NO,1,0,0,0,0,0,0
GENE-18629,NO,1,0,0,0,0,0,0
GENE-18630,NO,1,0,0,0,0,0,0
GENE-18631,YES,1,0,0,0,0,0,0
GENE-18632,NO,1,0,0,0,0,0,0
GENE-18633,NO,1,0,0,0,0,0,0
GENE-18634,NO,1,0,0,0,0,0,0
GENE-18635,NO,1,29,18,22,24,27,35
GENE-18636,NO,1,0,1,0,0,0,0
GENE-18637,NO,1,0,0,0,0,0,0
GENE-18638,NO,1,0,0,0,0,0,0
GENE-18639,NO,1,0,0,0,0,0,0
GENE-18640,NO,1,0,0,0,0,0,0
GENE-18641,NO,1,0,0,0,0,0,0
GENE-18642,NO,1,0,0,0,0,0,0
GENE-18643,YES,1,0,0,0,0,0,0
GENE-18644,NO,1,0,0,0,0,0,0
GENE-18645,NO,1,50,58,95,46,1,221
GENE-18646,NO,1,0,0,0,0,0,0
GENE-18647,NO,1,4,4,2,3,8,3
GENE-18648,NO,1,0,0,0,0,0,0
GENE-18649,NO,1,0,0,0,0,0,0
GENE-18650,NO,1,0,0,0,0,0,0
GENE-18651,NO,1,0,0,0,0,0,0
GENE-18652,NO,1,112,124,117,67,166,99
GENE-18653,NO,1,0,0,0,0,0,0
GENE-18654,NO,1,0,0,0,0,0,0
GENE-18655,NO,1,0,0,0,0,0,0
GENE-18656,NO,1,2,1,0,0,2,3
GENE-18657,NO,1,0,0,0,0,0,0
GENE-18658,NO,1,0,0,0,0,0,0
GENE-18659,NO,1,0,0,0,0,0,0
GENE-18660,NO,1,0,0,0,0,0,0
GENE-18661,NO,1,0,0,0,0,0,0
GENE-18662,NO,1,0,0,0,0,0,0
GENE-18663,NO,1,17,35,27,28,38,22
GENE-18664,NO,1,307,344,314,288,294,346
GENE-18665,NO,1,0,0,0,0,0,0
GENE-18666,NO,1,0,0,0,0,0,0
GENE-18667,NO,1,0,0,0,0,0,0
GENE-18668,NO,1,0,0,0,0,0,0
GENE-18669,NO,1,85,77,56,105,52,86
GENE-18670,NO,1,425,450,444,376,452,425
GENE-18671,NO,1,9,6,6,6,17,4
GENE-18672,NO,1,0,5,1,2,1,1
GENE-18673,NO,1,0,0,0,0,0,0
GENE-18674,NO,1,2,1,0,2,4,3
GENE-18675,NO,1,0,0,0,0,0,0
GENE-18676,NO,1,0,0,0,0,0,0
GENE-18677,NO,1,43,35,39,23,43,31
GENE-18678,NO,1,7,4,1,4,3,2
GENE-18679,NO,1,0,0,0,0,0,0
GENE-18680,NO,1,32,20,20,18,19,14
GENE-18681,NO,1,100,152,161,192,167,108
GENE-18682,NO,1,0,0,0,0,0,0
GENE-18683,NO,1,0,0,0,0,0,0
GENE-18684,NO,1,0,0,0,0,0,0
GENE-18685,NO,1,1,0,0,1,0,2
GENE-18686,NO,1,0,0,0,0,0,0
GENE-18687,NO,1,1,3,3,2,4,1
GENE-18688,NO,1,139,121,118,101,126,120
GENE-18689,NO,1,0,0,0,0,0,0
GENE-18690,NO,1,3576,2848,3591,3586,2410,3924
GENE-18691,NO,1,48,43,33,40,46,33
GENE-18692,NO,1,0,0,0,0,0,0
GENE-18693,NO,1,0,0,0,0,0,0
GENE-18694,NO,1,0,0,0,0,0,0
GENE-18695,NO,1,517,419,569,430,459,396
GENE-18696,NO,1,0,0,0,0,0,0
GENE-18697,NO,1,0,0,0,0,0,0
GENE-18698,NO,1,0,0,0,0,0,0
GENE-18699,NO,1,0,0,0,0,0,0
GENE-18700,NO,1,0,0,0,0,0,0
GENE-18701,YES,1,0,0,0,0,0,0
GENE-18702,NO,1,0,0,0,0,0,0
GENE-18703,NO,1,0,0,0,0,0,0
GENE-18704,NO,1,324,330,307,309,430,286
GENE-18705,NO,1,40,24,40,36,37,49
GENE-18706,NO,1,0,0,0,0,0,0
GENE-18707,NO,1,74,90,52,59,101,110
GENE-18708,NO,1,0,0,0,1,0,3
GENE-18710,NO,1,0,0,1,0,0,0
GENE-18711,NO,1,26,38,45,35,26,36
GENE-18712,NO,1,0,0,0,0,0,0
GENE-18713,NO,1,0,0,0,0,0,0
GENE-18714,NO,1,33,30,29,33,32,36
GENE-18715,NO,1,3,3,0,4,0,2
GENE-18716,NO,1,2,1,3,2,7,1
GENE-18717,NO,1,0,0,0,0,0,0
GENE-18718,NO,1,14,17,6,10,7,12
GENE-18719,NO,1,0,0,0,0,0,0
GENE-18720,NO,1,85,89,74,111,86,96
GENE-18721,NO,1,0,0,0,0,0,0
GENE-18722,NO,1,1792,1551,1731,1624,1733,1810
GENE-18723,NO,1,855,1107,928,891,944,861
GENE-18724,NO,1,0,0,0,0,0,0
GENE-18725,NO,1,0,0,0,0,0,0
GENE-18726,NO,1,0,0,0,0,0,0
GENE-18727,NO,1,67,84,66,69,61,85
GENE-18728,NO,1,0,0,0,0,0,0
GENE-18729,NO,1,1937,2306,2699,2700,2194,2625
GENE-18730,NO,1,48,31,27,29,36,19
GENE-18731,NO,1,0,0,0,0,0,0
GENE-18732,NO,1,0,0,0,0,0,0
GENE-18733,NO,1,0,0,0,0,0,0
GENE-18734,NO,1,0,0,0,0,0,0
GENE-18735,NO,1,0,0,0,0,0,0
GENE-18736,NO,1,0,0,0,0,0,0
GENE-18737,NO,1,18,12,11,24,15,21
GENE-18738,NO,1,0,1,1,1,1,0
GENE-18739,NO,1,0,0,0,0,0,0
GENE-18740,NO,1,0,0,0,0,0,0
GENE-18741,NO,1,608,641,606,673,704,689
GENE-18742,NO,1,0,0,0,0,0,0
GENE-18743,NO,1,0,0,0,0,0,0
GENE-18744,NO,1,22,21,33,22,31,28
GENE-18745,NO,1,0,0,0,0,0,0
GENE-18746,NO,1,0,0,0,0,0,0
GENE-18747,NO,1,4,1,3,1,2,1
GENE-18748,NO,1,0,0,0,0,1,0
GENE-18749,NO,1,318,213,352,260,265,338
GENE-18750,NO,1,0,2,0,0,1,0
GENE-18751,NO,1,0,0,0,0,0,0
GENE-18752,NO,1,0,0,0,0,0,0
GENE-18753,NO,1,338,341,429,288,362,241
GENE-18754,NO,1,0,0,0,0,0,0
GENE-18755,NO,1,0,0,0,0,0,0
GENE-18756,NO,1,0,0,0,0,0,0
GENE-18757,NO,1,0,0,0,0,0,0
GENE-18758,NO,1,0,0,0,0,0,0
GENE-18759,NO,1,1,0,1,1,1,2
GENE-18760,NO,1,0,0,0,0,0,0
GENE-18761,NO,1,0,0,0,0,0,0
GENE-18762,NO,1,0,0,0,0,0,0
GENE-18763,NO,1,645,685,550,745,1015,713
GENE-18764,NO,1,0,0,0,0,0,0
GENE-18765,NO,1,0,0,0,0,0,0
GENE-18766,NO,1,245,276,172,217,184,222
GENE-18767,NO,1,68,65,80,65,64,61
GENE-18768,NO,1,0,0,0,0,0,0
GENE-18769,NO,1,232,265,141,170,211,202
GENE-18770,NO,1,0,0,0,0,0,0
GENE-18771,NO,1,34,39,39,32,92,22
GENE-18772,NO,1,0,0,0,0,0,0
GENE-18773,NO,1,313,387,301,335,367,259
GENE-18774,NO,1,0,0,0,0,0,0
GENE-18775,NO,1,0,0,0,0,0,0
GENE-18776,NO,1,0,0,0,0,0,0
GENE-18777,NO,1,0,0,0,0,0,0
GENE-18778,NO,1,1,2,1,0,0,0
GENE-18779,NO,1,2,4,1,2,4,3
GENE-18780,NO,1,0,0,0,0,0,0
GENE-18781,NO,1,177,137,193,213,184,237
GENE-18782,NO,1,0,0,0,0,0,0
GENE-18783,NO,1,12,8,144,19,15,19
GENE-18784,NO,1,0,0,0,0,0,0
GENE-18785,NO,1,9,7,11,9,9,10
GENE-18786,NO,1,0,0,0,0,0,0
GENE-18787,NO,1,0,0,0,0,0,0
GENE-18788,NO,1,0,0,0,0,0,0
GENE-18789,YES,1,0,0,0,0,0,0
GENE-18790,NO,1,0,0,0,0,0,0
GENE-18791,NO,1,204,207,233,179,207,313
GENE-18792,NO,1,0,0,0,0,0,0
GENE-18793,NO,1,27,38,35,32,37,26
GENE-18794,NO,1,3,3,4,1,2,3
GENE-18795,YES,1,0,0,0,0,0,0
GENE-18796,NO,1,1659,1505,1796,1908,1819,1549
GENE-18797,NO,1,0,0,0,0,0,0
GENE-18798,NO,1,0,0,0,0,0,0
GENE-18799,NO,1,0,0,0,0,0,0
GENE-18800,NO,1,1,0,1,1,4,1
GENE-18801,NO,1,53,0,0,0,25,1
GENE-18802,NO,1,0,0,0,0,0,0
GENE-18803,NO,1,0,0,0,0,0,0
GENE-18804,NO,1,2,0,0,0,1,2
GENE-18805,NO,1,58,54,48,63,60,39
GENE-18806,NO,1,0,0,0,0,0,0
GENE-18807,NO,1,0,0,0,0,0,0
GENE-18808,NO,1,0,0,0,0,0,0
GENE-18809,NO,1,0,0,0,0,0,0
GENE-18810,NO,1,195,223,232,223,220,277
GENE-18811,NO,1,0,0,0,0,0,0
GENE-18812,NO,1,1322,1133,1023,1164,870,1754
GENE-18813,NO,1,0,0,0,0,0,0
GENE-18814,NO,1,5,3,2,4,3,1
GENE-18815,NO,1,916,1049,901,914,899,981
GENE-18816,NO,1,0,0,0,0,0,0
GENE-18817,NO,1,0,0,0,0,0,0
GENE-18818,NO,1,0,0,0,0,0,0
GENE-18819,NO,1,0,0,0,0,0,0
GENE-18820,NO,1,7,7,10,2,4,3
GENE-18821,NO,1,0,0,0,0,0,0
GENE-18822,NO,1,0,0,0,0,0,0
GENE-18823,NO,1,80,76,95,98,98,62
GENE-18824,NO,1,0,0,0,0,0,0
GENE-18825,NO,1,0,0,0,0,0,0
GENE-18826,YES,1,0,0,0,0,0,0
GENE-18827,YES,1,0,0,0,0,0,0
GENE-18828,NO,1,0,0,0,0,0,0
GENE-18829,NO,1,0,0,0,0,0,0
GENE-18830,NO,1,0,0,0,0,0,0
GENE-18831,NO,1,0,0,0,0,0,0
GENE-18832,NO,1,32,19,30,21,22,27
GENE-18833,NO,1,0,0,0,0,0,0
GENE-18834,NO,1,0,0,0,0,0,0
GENE-18835,NO,1,0,0,0,0,0,0
GENE-18836,NO,1,173,191,154,175,180,202
GENE-18837,NO,1,0,0,0,0,1,0
GENE-18838,NO,1,0,0,0,0,0,0
GENE-18839,NO,1,0,0,0,0,0,0
GENE-18840,NO,1,0,0,0,0,0,0
GENE-18842,NO,1,0,0,0,0,0,0
GENE-18843,NO,1,0,0,0,0,0,0
GENE-18844,NO,1,0,0,0,0,0,0
GENE-18845,NO,1,0,0,0,0,0,0
GENE-18846,NO,1,0,0,0,0,0,0
GENE-18847,NO,1,0,0,0,0,0,0
GENE-18848,NO,1,0,0,0,0,0,0
GENE-18850,NO,1,0,0,0,0,0,0
GENE-18851,NO,1,0,0,0,0,0,0
GENE-18852,NO,1,30,33,38,38,35,37
GENE-18853,NO,1,481,523,424,323,426,356
GENE-18854,NO,1,0,0,0,0,0,0
GENE-18855,NO,1,0,0,0,0,0,0
GENE-18856,NO,1,2,5,6,1,1,1
GENE-18857,NO,1,0,0,0,0,0,0
GENE-18858,YES,1,0,0,0,0,0,0
GENE-18859,NO,1,0,0,0,0,0,0
GENE-18860,YES,1,0,0,0,0,0,0
GENE-18861,NO,1,0,0,0,0,0,0
GENE-18862,NO,1,0,0,0,0,0,0
GENE-18863,NO,1,7,14,10,15,14,9
GENE-18864,NO,1,0,0,0,0,0,0
GENE-18865,NO,1,0,0,0,0,0,0
GENE-18866,NO,1,0,0,0,0,0,0
GENE-18867,NO,1,0,0,0,0,0,0
GENE-18868,NO,1,0,0,0,0,0,0
GENE-18869,NO,1,0,0,0,0,0,0
GENE-18870,NO,1,0,0,0,0,0,0
GENE-18871,NO,1,0,0,25,114,0,0
GENE-18872,NO,1,0,0,0,0,0,0
GENE-18873,NO,1,0,0,0,0,0,0
GENE-18874,NO,1,0,0,0,0,0,0
GENE-18875,NO,1,0,0,0,0,0,0
GENE-18876,NO,1,210,345,245,231,235,227
GENE-18877,NO,1,0,0,0,0,0,0
GENE-18878,NO,1,0,0,0,0,0,0
GENE-18879,NO,1,0,0,0,0,0,0
GENE-18880,NO,1,0,0,0,0,0,0
GENE-18881,NO,1,329,257,291,266,216,263
GENE-18882,NO,1,0,0,0,0,0,0
GENE-18883,YES,1,0,0,0,0,0,0
GENE-18884,NO,1,0,0,0,0,0,0
GENE-18885,YES,1,0,0,0,0,0,0
GENE-18886,NO,1,32,29,27,22,22,24
GENE-18887,NO,1,0,0,0,0,0,0
GENE-18889,NO,1,0,0,0,0,0,0
GENE-18890,NO,1,1218,1012,1103,961,1039,824
GENE-18891,NO,1,0,1,1,0,2,1
GENE-18892,NO,1,32,40,30,30,12,43
GENE-18893,NO,1,0,0,0,0,0,1
GENE-18894,YES,1,0,0,0,0,0,0
GENE-18895,YES,1,0,0,0,0,0,0
GENE-18896,NO,1,0,0,0,0,0,0
GENE-18897,NO,1,187,200,190,174,163,165
GENE-18898,NO,1,0,0,0,0,0,0
GENE-18899,NO,1,252,208,191,287,326,199
GENE-18900,NO,1,0,0,0,0,0,0
GENE-18901,NO,1,2,1,3,2,4,3
GENE-18902,NO,1,170,206,137,104,159,97
GENE-18903,NO,1,0,0,0,0,0,0
GENE-18904,NO,1,335,240,317,194,260,190
GENE-18905,NO,1,0,1,0,0,0,0
GENE-18906,NO,1,0,0,0,0,0,0
GENE-18907,NO,1,0,0,0,0,0,0
GENE-18908,NO,1,0,0,0,0,0,0
GENE-18909,NO,1,1,1,1,3,1,0
GENE-18910,NO,1,1023,1005,970,1186,758,1052
GENE-18911,NO,1,1964,2051,1821,2025,1711,1986
GENE-18912,NO,1,1,0,0,0,0,0
GENE-18913,NO,1,0,0,0,0,0,0
GENE-18914,NO,1,77,113,151,111,120,109
GENE-18916,NO,1,0,0,0,0,0,0
GENE-18917,NO,1,1,5,0,3,5,2
GENE-18918,NO,1,30,23,21,13,18,11
GENE-18919,NO,1,0,0,0,0,0,0
GENE-18920,NO,1,0,0,0,0,0,0
GENE-18921,NO,1,0,0,0,0,0,0
GENE-18922,NO,1,43,41,34,39,77,43
GENE-18923,NO,1,833,748,583,752,761,749
GENE-18924,NO,1,2268,2542,1967,2490,2630,2332
GENE-18925,NO,1,147,134,126,144,135,146
GENE-18926,NO,1,0,0,0,0,0,0
GENE-18927,NO,1,0,0,0,0,0,0
GENE-18928,NO,1,0,0,0,0,0,0
GENE-18929,NO,1,0,0,0,0,0,0
GENE-18930,NO,1,1044,1167,1293,1114,1229,1322
GENE-18931,NO,1,0,0,0,0,0,0
GENE-18932,NO,1,0,0,0,0,0,0
GENE-18933,NO,1,0,0,0,0,0,0
GENE-18934,NO,1,0,0,0,0,0,0
GENE-18935,NO,1,0,0,0,0,0,0
GENE-18936,NO,1,0,0,0,0,0,0
GENE-18937,NO,1,0,0,0,0,0,0
GENE-18938,NO,1,56,74,72,83,82,63
GENE-18939,NO,1,0,0,0,0,0,0
GENE-18940,NO,1,0,0,0,0,0,0
GENE-18941,NO,1,0,0,1,1,0,0
GENE-18942,NO,1,18,14,14,13,16,9
GENE-18943,NO,1,26,27,17,21,30,26
GENE-18944,NO,1,0,0,0,0,0,0
GENE-18945,NO,1,319,416,322,445,504,353
GENE-18946,NO,1,0,0,0,0,0,0
GENE-18947,NO,1,0,0,0,0,0,0
GENE-18948,NO,1,0,0,0,0,0,0
GENE-18949,YES,1,0,0,0,0,0,0
GENE-18950,NO,1,0,0,0,0,0,0
GENE-18951,NO,1,1,1,0,0,2,0
GENE-18952,NO,1,0,0,0,0,0,0
GENE-18953,NO,1,0,0,0,0,0,0
GENE-18954,NO,1,126,97,109,139,94,122
GENE-18955,NO,1,0,0,0,0,0,0
GENE-18956,NO,1,0,0,0,0,0,0
GENE-18957,NO,1,0,0,0,0,0,0
GENE-18958,NO,1,0,0,0,0,0,0
GENE-18959,NO,1,111,121,96,128,110,125
GENE-18960,NO,1,0,0,0,0,0,0
GENE-18961,NO,1,0,0,0,0,0,0
GENE-18962,NO,1,132,152,196,181,237,161
GENE-18963,NO,1,0,0,0,0,0,0
GENE-18964,NO,1,0,0,0,0,0,0
GENE-18965,NO,1,1,0,5,1,3,2
GENE-18966,NO,1,0,0,0,0,0,0
GENE-18967,NO,1,0,0,0,0,0,0
GENE-18968,NO,1,0,0,0,1,0,0
GENE-18969,NO,1,0,0,0,0,0,0
GENE-18970,NO,1,126,143,123,135,151,126
GENE-18971,NO,1,0,0,0,0,0,0
GENE-18972,NO,1,0,0,0,0,0,0
GENE-18973,NO,1,22,25,24,20,21,15
GENE-18974,NO,1,0,0,0,0,0,0
GENE-18975,NO,1,655,687,465,598,626,604
GENE-18976,NO,1,0,0,0,0,0,0
GENE-18977,NO,1,0,0,0,0,0,0
GENE-18978,NO,1,384,693,946,630,391,683
GENE-18979,NO,1,63,72,56,74,57,74
GENE-18980,NO,1,475,613,434,490,561,560
GENE-18981,NO,1,0,0,0,0,0,0
GENE-18982,NO,1,0,0,0,0,0,0
GENE-18983,NO,1,0,0,0,0,0,0
GENE-18984,NO,1,306,197,442,155,464,170
GENE-18985,NO,1,78,96,100,85,83,82
GENE-18986,NO,1,1397,1495,1722,2016,1896,2078
GENE-18987,NO,1,0,0,0,0,0,0
GENE-18988,NO,1,1331,1245,1841,1894,1195,1966
GENE-18989,NO,1,0,0,0,0,0,0
GENE-18990,NO,1,0,0,0,0,0,0
GENE-18991,NO,1,0,0,0,0,0,0
GENE-18992,NO,1,1210,1551,1543,1474,1568,722
GENE-18993,NO,1,955,904,720,1164,1178,1021
GENE-18994,NO,1,100,121,134,130,138,160
GENE-18995,NO,1,307,394,414,519,350,451
GENE-18996,NO,1,0,0,0,0,0,0
GENE-18997,NO,1,0,0,0,0,0,0
GENE-18998,YES,1,0,0,0,0,0,0
GENE-18999,NO,1,0,1,0,0,1,0
GENE-19000,NO,1,119,104,124,146,162,105
GENE-19001,NO,1,0,0,0,0,0,0
GENE-19002,NO,1,0,0,0,0,0,0
GENE-19003,NO,1,0,0,0,0,0,0
GENE-19004,NO,1,0,0,0,0,0,0
GENE-19005,NO,1,25,22,35,21,26,15
GENE-19006,NO,1,0,0,0,0,0,0
GENE-19007,NO,1,0,0,0,0,0,0
GENE-19008,NO,1,0,0,0,0,0,0
GENE-19009,NO,1,0,0,0,0,0,0
GENE-19010,NO,1,0,0,0,0,0,0
GENE-19011,NO,1,0,0,0,0,0,0
GENE-19012,NO,1,0,0,0,0,0,0
GENE-19013,NO,1,604,537,543,523,533,585
GENE-19014,NO,1,0,0,0,0,0,0
GENE-19015,NO,1,6204,5,4,3,64,1486
GENE-19016,NO,1,0,0,0,0,0,0
GENE-19017,NO,1,361,438,366,435,288,324
GENE-19018,NO,1,513,463,399,489,345,397
GENE-19019,YES,1,0,0,0,0,0,0
GENE-19020,NO,1,0,0,0,0,0,0
GENE-19021,NO,1,0,0,0,0,0,0
GENE-19022,NO,1,0,0,0,0,0,0
GENE-19023,NO,1,0,0,0,0,0,0
GENE-19024,NO,1,0,0,0,0,0,0
GENE-19025,NO,1,0,0,0,0,0,0
GENE-19026,NO,1,0,0,0,0,0,0
GENE-19027,NO,1,0,0,0,0,0,0
GENE-19028,NO,1,0,0,0,0,0,0
GENE-19029,NO,1,20,15,14,9,20,14
GENE-19030,NO,1,0,0,0,0,0,0
GENE-19031,NO,1,0,0,0,0,0,0
GENE-19032,YES,1,0,0,0,0,0,0
GENE-19033,NO,1,3,4,0,4,0,0
GENE-19034,NO,1,0,0,1,1,2,1
GENE-19035,NO,1,0,0,0,0,0,0
GENE-19036,NO,1,2,1,2,3,1,6
GENE-19037,NO,1,1,0,1,2,4,4
GENE-19038,NO,1,0,0,0,0,0,0
GENE-19039,NO,1,0,0,0,0,0,0
GENE-19040,NO,1,0,0,0,0,0,0
GENE-19041,NO,1,0,0,0,0,0,0
GENE-19042,NO,1,0,0,0,0,0,0
GENE-19043,NO,1,4,1,0,0,1,1
GENE-19044,NO,1,0,0,0,0,0,0
GENE-19045,NO,1,80,106,95,79,97,92
GENE-19046,NO,1,172,259,127,94,156,181
GENE-19047,NO,1,0,0,0,0,0,0
GENE-19048,NO,1,0,0,0,0,0,0
GENE-19049,NO,1,0,0,0,0,0,0
GENE-19050,NO,1,0,0,0,0,0,0
GENE-19051,NO,1,1527,935,501,1504,791,908
GENE-19052,NO,1,33,46,23,47,39,38
GENE-19053,YES,1,0,0,0,0,0,0
GENE-19054,NO,1,0,0,0,0,0,0
GENE-19055,NO,1,129,156,171,127,139,161
GENE-19056,NO,1,0,0,0,0,0,0
GENE-19057,NO,1,0,0,0,0,0,0
GENE-19058,NO,1,0,0,0,0,0,0
GENE-19059,NO,1,0,0,0,0,0,0
GENE-19060,NO,1,0,0,0,0,0,0
GENE-19061,NO,1,0,0,0,0,0,0
GENE-19062,NO,1,0,0,0,0,0,0
GENE-19063,YES,1,0,0,0,0,0,0
GENE-19064,NO,1,0,0,0,0,0,0
GENE-19065,NO,1,488,338,305,245,270,239
GENE-19066,NO,1,0,0,0,0,0,0
GENE-19067,NO,1,0,0,0,0,0,0
GENE-19068,NO,1,2,3,3,4,7,3
GENE-19069,YES,1,0,0,0,0,0,0
GENE-19070,NO,1,0,0,0,0,0,0
GENE-19071,NO,1,0,0,0,0,0,0
GENE-19072,NO,1,52,45,37,40,52,31
GENE-19073,NO,1,19,19,23,21,14,9
GENE-19074,NO,1,0,0,0,0,0,0
GENE-19075,NO,1,0,0,0,0,0,0
GENE-19076,NO,1,125,100,119,110,124,104
GENE-19077,NO,1,0,0,0,0,0,0
GENE-19078,NO,1,0,0,0,0,0,0
GENE-19079,NO,1,0,0,0,0,0,0
GENE-19080,NO,1,0,1,0,0,0,0
GENE-19081,NO,1,11,6,23,13,10,10
GENE-19082,NO,1,0,0,0,0,0,0
GENE-19083,NO,1,0,0,0,0,0,0
GENE-19084,NO,1,0,0,0,0,0,0
GENE-19085,YES,1,0,0,0,0,0,0
GENE-19086,NO,1,115,74,72,101,117,107
GENE-19087,NO,1,0,0,0,0,0,0
GENE-19088,NO,1,2,1,1,4,4,2
GENE-19089,NO,1,0,0,0,0,0,0
GENE-19090,NO,1,0,0,0,0,0,0
GENE-19091,NO,1,2605,521,2350,1315,2585,2829
GENE-19092,NO,1,35,30,27,25,48,25
GENE-19093,NO,1,122,78,109,125,101,113
GENE-19094,NO,1,0,0,0,0,0,0
GENE-19095,NO,1,0,0,0,0,0,0
GENE-19096,NO,1,0,0,0,0,0,0
GENE-19097,NO,1,0,0,0,0,0,0
GENE-19098,NO,1,18,24,17,26,21,18
GENE-19099,NO,1,6,37,57,35,52,49
GENE-19100,NO,1,0,0,0,0,0,0
GENE-19101,NO,1,0,0,0,0,0,0
GENE-19102,NO,1,137,158,180,92,210,210
GENE-19103,NO,1,0,0,0,0,0,0
GENE-19104,NO,1,0,0,0,0,0,0
GENE-19105,NO,1,0,0,0,0,0,0
GENE-19106,NO,1,0,0,0,0,0,0
GENE-19107,NO,1,790,1004,904,860,943,1098
GENE-19108,NO,1,1,2,2,3,2,1
GENE-19109,YES,1,0,0,0,0,0,0
GENE-19110,NO,1,0,0,0,0,0,0
GENE-19111,NO,1,0,0,0,0,0,0
GENE-19112,NO,1,58,77,79,83,111,51
GENE-19114,NO,1,0,0,0,0,0,0
GENE-19115,NO,1,681,623,494,595,521,583
GENE-19116,NO,1,0,0,0,0,0,0
GENE-19117,NO,1,0,0,0,0,0,0
GENE-19118,NO,1,140,132,134,139,130,148
GENE-19119,NO,1,0,0,0,0,1,0
GENE-19120,NO,1,0,0,0,0,0,0
GENE-19121,NO,1,170,182,203,178,188,158
GENE-19122,NO,1,4,4,3,4,1,6
GENE-19123,NO,1,388,367,342,342,379,368
GENE-19124,NO,1,0,0,0,0,0,0
GENE-19125,NO,1,0,0,0,0,0,0
GENE-19126,NO,1,0,0,0,0,0,0
GENE-19127,NO,1,70,95,139,92,101,124
GENE-19128,NO,1,0,0,0,0,0,0
GENE-19129,NO,1,0,0,0,0,0,0
GENE-19130,NO,1,0,0,0,0,0,0
GENE-19131,NO,1,578,549,569,573,638,546
GENE-19132,NO,1,0,0,0,0,0,0
GENE-19133,NO,1,0,0,0,0,0,0
GENE-19134,NO,1,0,0,0,0,0,0
GENE-19135,NO,1,0,0,0,0,0,0
GENE-19136,NO,1,153,86,113,7,56,95
GENE-19137,NO,1,0,0,0,0,0,0
GENE-19138,NO,1,0,0,0,0,0,0
GENE-19139,NO,1,42,51,50,31,43,44
GENE-19140,NO,1,351,417,571,543,429,411
GENE-19141,NO,1,361,466,455,547,442,369
GENE-19142,NO,1,0,0,0,0,0,0
GENE-19143,NO,1,377,467,467,353,435,570
GENE-19144,NO,1,126,96,99,106,114,86
GENE-19145,NO,1,283,309,283,322,273,322
GENE-19146,NO,1,0,0,0,0,0,0
GENE-19147,NO,1,4,5,8,3,7,5
GENE-19148,NO,1,0,0,0,0,0,0
GENE-19149,NO,1,0,0,0,0,0,0
GENE-19150,NO,1,16,17,20,15,21,21
GENE-19151,NO,1,2,3,3,7,11,5
GENE-19152,NO,1,0,0,0,0,0,0
GENE-19153,NO,1,0,0,0,0,0,0
GENE-19154,NO,1,0,0,0,0,0,0
GENE-19155,NO,1,0,0,0,0,0,0
GENE-19156,NO,1,0,0,0,0,0,0
GENE-19157,NO,1,0,0,0,0,0,0
GENE-19158,NO,1,16,10,12,9,7,13
GENE-19159,NO,1,0,0,0,0,0,0
GENE-19160,NO,1,0,0,0,0,0,0
GENE-19161,NO,1,108,184,70,176,96,217
GENE-19162,NO,1,162,91,136,137,121,105
GENE-19163,NO,1,0,0,0,0,0,0
GENE-19164,NO,1,1,2,1,3,3,1
GENE-19165,NO,1,0,0,0,0,0,0
GENE-19166,NO,1,1,0,2,1,0,0
GENE-19167,NO,1,0,2,1,1,4,1
GENE-19168,NO,1,0,0,0,0,0,0
GENE-19169,NO,1,365,319,384,489,424,302
GENE-19170,NO,1,4,9,12,10,18,7
GENE-19171,NO,1,0,0,0,0,0,0
GENE-19172,NO,1,4,1,0,0,0,0
GENE-19173,NO,1,1,0,3,2,2,0
GENE-19174,NO,1,25,27,16,22,25,22
GENE-19175,NO,1,0,0,0,0,0,0
GENE-19176,NO,1,0,0,0,0,0,0
GENE-19177,NO,1,0,0,0,0,0,0
GENE-19178,NO,1,2,0,0,1,0,1
GENE-19179,NO,1,0,0,0,0,0,0
GENE-19180,NO,1,0,0,0,0,0,0
GENE-19181,NO,1,69,52,73,63,61,55
GENE-19182,NO,1,312,320,243,216,193,329
GENE-19183,NO,1,0,0,0,0,0,0
GENE-19184,NO,1,0,0,0,0,0,0
GENE-19185,NO,1,61,86,93,64,52,64
GENE-19186,NO,1,11,20,17,26,23,19
GENE-19187,NO,1,1,0,2,0,2,0
GENE-19188,NO,1,0,0,0,0,0,0
GENE-19189,NO,1,0,0,0,0,0,0
GENE-19190,NO,1,1289,1253,1012,1300,1097,1422
GENE-19191,NO,1,0,0,0,0,0,0
GENE-19192,NO,1,0,0,0,0,0,0
GENE-19193,NO,1,0,0,0,0,0,0
GENE-19194,NO,1,8,9,21,10,10,10
GENE-19195,NO,1,0,0,0,0,0,0
GENE-19196,NO,1,0,0,0,0,0,0
GENE-19197,NO,1,0,0,0,0,0,0
GENE-19198,NO,1,0,0,0,0,0,0
GENE-19199,NO,1,0,0,0,0,0,0
GENE-19200,NO,1,41,26,9,19,28,7
GENE-19201,NO,1,0,0,0,0,0,0
GENE-19202,NO,1,0,0,0,0,0,0
GENE-19203,NO,1,28,22,23,38,23,29
GENE-19204,NO,1,1187,1128,1109,1286,1165,1371
GENE-19205,NO,1,0,0,0,0,0,0
GENE-19206,NO,1,0,1,0,1,0,0
GENE-19207,NO,1,0,0,0,0,0,0
GENE-19208,NO,1,6,5,3,5,5,1
GENE-19209,NO,1,0,0,0,0,0,0
GENE-19210,NO,1,4,14,7,7,9,4
GENE-19211,NO,1,0,0,0,0,0,0
GENE-19212,NO,1,0,0,0,0,0,0
GENE-19213,NO,1,0,0,1,0,0,3
GENE-19214,NO,1,0,0,0,0,0,0
GENE-19215,NO,1,0,0,0,0,0,0
GENE-19216,NO,1,0,0,0,0,0,0
GENE-19217,NO,1,0,0,0,0,0,0
GENE-19218,NO,1,237,165,161,172,177,234
GENE-19219,YES,1,0,0,0,0,0,0
GENE-19220,NO,1,21,27,15,25,14,27
GENE-19221,NO,1,34,36,40,32,44,39
GENE-19222,NO,1,0,0,0,0,0,0
GENE-19223,NO,1,0,0,0,0,0,0
GENE-19224,NO,1,0,0,0,0,0,0
GENE-19225,NO,1,0,0,0,0,0,0
GENE-19226,NO,1,0,0,0,0,0,0
GENE-19227,NO,1,0,0,0,0,0,0
GENE-19228,NO,1,0,0,0,0,0,0
GENE-19230,YES,1,0,0,0,0,0,0
GENE-19231,NO,1,0,0,0,0,0,0
GENE-19232,NO,1,3,6,6,2,2,3
GENE-19233,NO,1,0,0,0,0,0,0
GENE-19234,NO,1,0,0,0,0,0,0
GENE-19235,NO,1,0,0,0,0,0,0
GENE-19237,NO,1,0,0,0,0,0,0
GENE-19239,NO,1,0,0,0,0,0,0
GENE-19240,NO,1,0,0,0,0,0,0
GENE-19241,NO,1,0,0,0,0,0,0
GENE-19242,NO,1,0,0,0,0,0,0
GENE-19243,NO,1,0,0,0,0,0,0
GENE-19244,NO,1,7,9,3,2,4,3
GENE-19245,NO,1,0,0,0,0,0,0
GENE-19246,NO,1,0,0,0,0,0,0
GENE-19247,NO,1,0,0,0,0,0,0
GENE-19248,NO,1,2,0,3,2,2,2
GENE-19249,NO,1,0,0,0,0,0,0
GENE-19250,NO,1,0,0,0,0,0,0
GENE-19251,NO,1,0,0,0,0,0,0
GENE-19252,NO,1,0,0,0,0,0,0
GENE-19253,NO,1,0,0,0,0,0,0
GENE-19254,NO,1,0,0,0,0,0,0
GENE-19256,NO,1,4,7,10,9,6,15
GENE-19257,NO,1,0,0,0,0,0,0
GENE-19258,NO,1,0,0,0,0,0,0
GENE-19259,NO,1,0,0,0,0,0,0
GENE-19260,NO,1,0,0,0,0,0,0
GENE-19261,NO,1,0,1,0,2,0,0
GENE-19262,NO,1,0,0,0,0,0,0
GENE-19263,NO,1,0,0,0,0,0,0
GENE-19264,NO,1,478,835,498,539,499,569
GENE-19265,NO,1,0,0,0,0,0,0
GENE-19266,NO,1,0,0,0,0,0,0
GENE-19267,NO,1,0,0,0,0,0,0
GENE-19268,NO,1,0,0,0,0,0,0
GENE-19269,NO,1,0,0,0,0,0,0
GENE-19270,NO,1,1,0,0,0,0,0
GENE-19271,NO,1,456,662,563,801,622,546
GENE-19272,NO,1,0,0,0,0,0,0
GENE-19273,NO,1,0,0,0,0,0,0
GENE-19274,NO,1,5,3,3,8,5,8
GENE-19275,NO,1,52,52,50,49,71,60
GENE-19276,NO,1,0,0,0,0,0,0
GENE-19277,NO,1,0,0,0,0,0,0
GENE-19278,NO,1,0,0,0,0,0,0
GENE-19279,NO,1,0,0,0,0,0,0
GENE-19280,NO,1,0,0,0,0,0,0
GENE-19281,NO,1,0,0,0,0,0,0
GENE-19282,NO,1,24,21,19,29,24,33
GENE-19283,NO,1,0,0,0,1,2,0
GENE-19284,NO,1,36,38,29,30,22,36
GENE-19285,NO,1,26,49,29,42,37,36
GENE-19286,NO,1,0,0,0,0,0,0
GENE-19287,NO,1,0,0,0,0,0,0
GENE-19288,NO,1,38,19,55,43,40,58
GENE-19289,NO,1,0,0,0,0,0,0
GENE-19290,NO,1,0,0,0,0,0,0
GENE-19291,NO,1,0,0,0,0,0,0
GENE-19292,NO,1,0,0,0,0,0,0
GENE-19293,YES,1,0,0,0,0,0,0
GENE-19294,NO,1,122,110,144,89,99,72
GENE-19295,NO,1,0,0,0,0,0,0
GENE-19296,NO,1,0,0,0,0,0,0
GENE-19297,NO,1,0,0,0,0,0,0
GENE-19298,NO,1,251,213,138,241,194,171
GENE-19299,NO,1,0,0,0,0,0,0
GENE-19300,NO,1,161,113,140,123,202,154
GENE-19301,NO,1,0,0,0,0,0,0
GENE-19302,NO,1,4,2,5,3,6,7
GENE-19303,NO,1,0,0,0,0,0,0
GENE-19304,NO,1,0,0,0,0,0,0
GENE-19305,NO,1,0,0,0,0,0,0
GENE-19306,NO,1,0,0,0,0,0,0
GENE-19307,NO,1,0,0,0,0,0,0
GENE-19308,NO,1,67,76,73,83,42,83
GENE-19309,YES,1,0,0,0,0,0,0
GENE-19310,NO,1,0,0,0,0,0,0
GENE-19311,NO,1,0,0,0,0,0,0
GENE-19312,NO,1,0,0,0,0,0,1
GENE-19313,NO,1,86,84,76,71,89,82
GENE-19314,NO,1,0,0,0,0,0,0
GENE-19315,NO,1,0,0,0,0,0,0
GENE-19316,NO,1,91,79,105,82,92,95
GENE-19317,NO,1,0,0,0,0,0,0
GENE-19318,NO,1,0,0,0,0,0,0
GENE-19319,NO,1,79,68,57,80,67,61
GENE-19320,NO,1,0,0,0,0,0,0
GENE-19321,NO,1,0,0,0,0,0,0
GENE-19322,NO,1,0,0,0,0,0,0
GENE-19323,NO,1,0,0,0,0,0,0
GENE-19324,NO,1,211,173,156,172,201,187
GENE-19325,NO,1,0,0,0,0,0,0
GENE-19326,NO,1,0,0,0,0,0,0
GENE-19327,NO,1,0,0,0,0,0,0
GENE-19328,NO,1,0,0,0,0,0,0
GENE-19330,NO,1,0,0,0,0,0,0
GENE-19331,NO,1,0,0,0,0,0,0
GENE-19332,NO,1,0,0,0,0,0,0
GENE-19333,NO,1,0,0,0,0,0,0
GENE-19334,NO,1,0,0,0,0,0,0
GENE-19335,NO,1,57,79,82,54,86,59
GENE-19336,NO,1,0,0,0,0,0,0
GENE-19337,NO,1,0,0,0,0,0,0
GENE-19338,NO,1,19,12,11,17,8,11
GENE-19339,NO,1,0,0,0,0,0,0
GENE-19340,NO,1,577,594,880,772,545,313
GENE-19341,NO,1,0,0,0,0,0,0
GENE-19342,NO,1,0,0,0,0,0,0
GENE-19343,NO,1,0,0,0,0,0,0
GENE-19344,NO,1,8,8,9,11,5,8
GENE-19345,NO,1,332,201,281,227,251,324
GENE-19346,NO,1,0,0,0,0,0,0
GENE-19347,NO,1,0,0,0,0,0,0
GENE-19348,NO,1,0,0,0,0,0,0
GENE-19349,NO,1,0,0,0,0,0,0
GENE-19350,NO,1,0,0,0,0,0,0
GENE-19351,NO,1,38,29,26,20,33,17
GENE-19352,NO,1,0,0,0,0,0,0
GENE-19353,NO,1,5,6,16,12,8,13
GENE-19354,NO,1,0,0,1,0,1,0
GENE-19355,NO,1,3,4,9,6,6,10
GENE-19356,NO,1,0,0,0,0,0,0
GENE-19357,NO,1,0,0,0,0,0,0
GENE-19358,NO,1,0,0,0,0,0,0
GENE-19359,NO,1,0,0,0,0,0,0
GENE-19360,NO,1,2,0,0,1,1,1
GENE-19361,NO,1,1251,1092,1351,1418,847,836
GENE-19362,NO,1,297,277,352,313,207,321
GENE-19363,NO,1,0,0,0,0,0,0
GENE-19364,NO,1,31,21,17,17,23,28
GENE-19365,NO,1,78,50,84,59,54,66
GENE-19366,NO,1,588,472,307,453,464,502
GENE-19367,NO,1,0,0,0,0,0,0
GENE-19369,NO,1,304,285,278,226,420,241
GENE-19370,NO,1,0,0,0,0,0,0
GENE-19371,NO,1,0,0,0,0,0,0
GENE-19372,NO,1,7,1,11,18,8,15
GENE-19373,NO,1,0,0,0,0,0,0
GENE-19374,NO,1,0,0,0,0,0,0
GENE-19375,NO,1,1261,17,22,338,30,209
GENE-19376,NO,1,1,0,1,2,1,1
GENE-19377,NO,1,0,0,0,0,0,0
GENE-19378,NO,1,0,0,0,0,0,0
GENE-19379,YES,1,1,0,0,3,0,5
GENE-19380,NO,1,0,0,0,1,0,1
GENE-19381,NO,1,0,0,0,0,0,0
GENE-19382,NO,1,26,51,23,47,29,52
GENE-19383,NO,1,0,0,0,0,0,0
GENE-19384,NO,1,0,0,0,0,0,0
GENE-19385,NO,1,0,0,0,0,0,0
GENE-19386,NO,1,0,0,0,0,0,0
GENE-19387,NO,1,1201,851,862,1249,1000,1071
GENE-19388,YES,1,0,0,0,0,0,0
GENE-19389,NO,1,426,595,520,405,405,453
GENE-19390,NO,1,0,0,0,0,0,0
GENE-19391,YES,1,0,0,0,0,0,0
GENE-19392,NO,1,0,0,0,0,0,0
GENE-19393,NO,1,187,204,208,198,189,163
GENE-19394,NO,1,0,0,0,0,0,0
GENE-19395,NO,1,0,0,0,0,0,0
GENE-19396,NO,1,0,0,1,0,1,0
GENE-19397,NO,1,0,0,0,0,0,0
GENE-19398,NO,1,2,1,2,0,0,3
GENE-19399,YES,1,0,0,0,0,0,0
GENE-19400,NO,1,0,0,0,0,0,0
GENE-19401,NO,1,27,38,27,34,33,24
GENE-19402,NO,1,12,13,14,18,24,15
GENE-19403,NO,1,54,55,41,52,43,41
GENE-19404,NO,1,0,0,0,0,0,0
GENE-19405,NO,1,0,0,0,0,0,0
GENE-19406,NO,1,210,258,222,219,226,247
GENE-19407,NO,1,0,0,0,0,0,0
GENE-19408,NO,1,0,0,0,0,0,0
GENE-19409,NO,1,0,0,0,0,0,0
GENE-19410,YES,1,0,0,0,0,0,0
GENE-19411,NO,1,555,581,389,544,674,673
GENE-19412,NO,1,0,0,0,0,0,0
GENE-19413,NO,1,312,347,321,428,355,312
GENE-19414,NO,1,0,0,0,0,0,0
GENE-19415,NO,1,0,0,0,0,0,0
GENE-19416,NO,1,0,0,0,0,0,0
GENE-19417,NO,1,0,0,0,0,0,0
GENE-19418,NO,1,0,0,0,0,0,0
GENE-19419,NO,1,0,0,0,0,0,0
GENE-19420,NO,1,39,94,285,133,53,58
GENE-19421,NO,1,0,0,0,0,0,0
GENE-19422,NO,1,62,56,31,61,96,82
GENE-19423,NO,1,0,0,0,0,0,0
GENE-19424,NO,1,0,0,0,0,0,0
GENE-19425,NO,1,6,4,4,2,1,1
GENE-19426,YES,1,0,0,0,0,0,0
GENE-19427,NO,1,0,0,0,0,0,0
GENE-19428,NO,1,11,12,9,4,9,8
GENE-19429,NO,1,296,290,341,256,308,280
GENE-19430,NO,1,94,125,112,98,107,138
GENE-19431,NO,1,0,0,0,0,0,0
GENE-19432,NO,1,0,0,0,0,0,0
GENE-19433,NO,1,1123,1772,2622,2216,2211,1820
GENE-19434,YES,1,0,0,0,0,0,0
GENE-19435,YES,1,0,1,0,1,0,0
GENE-19436,NO,1,0,0,0,0,0,0
GENE-19437,NO,1,0,0,0,0,0,0
GENE-19438,NO,1,8,6,4,4,2,3
GENE-19439,NO,1,0,0,0,0,0,0
GENE-19440,NO,1,0,0,0,0,0,0
GENE-19441,NO,1,0,0,0,0,0,0
GENE-19442,NO,1,0,0,0,0,0,0
GENE-19443,NO,1,0,0,0,0,0,0
GENE-19444,NO,1,0,0,0,0,0,0
GENE-19445,NO,1,1987,3553,2526,2605,1155,1819
GENE-19446,NO,1,202,241,258,226,267,250
GENE-19447,NO,1,23,27,13,10,46,19
GENE-19448,NO,1,0,0,0,0,0,0
GENE-19449,NO,1,0,0,0,0,0,0
GENE-19450,NO,1,0,0,0,0,0,0
GENE-19451,NO,1,172,194,194,200,175,241
GENE-19452,NO,1,0,0,0,0,0,0
GENE-19453,YES,1,0,0,0,0,0,0
GENE-19454,NO,1,0,0,0,0,0,0
GENE-19455,NO,1,1,0,1,0,0,0
GENE-19456,NO,1,6,1,2,7,4,2
GENE-19457,NO,1,0,0,0,0,0,0
GENE-19458,NO,1,0,0,0,0,0,0
GENE-19459,NO,1,0,0,0,0,0,0
GENE-19460,NO,1,0,0,0,0,0,0
GENE-19461,NO,1,57,74,45,79,70,70
GENE-19462,NO,1,888,996,1018,985,868,1167
GENE-19463,NO,1,0,0,0,0,0,0
GENE-19464,NO,1,0,0,0,0,0,0
GENE-19465,NO,1,0,0,0,0,0,0
GENE-19466,NO,1,39,17,30,38,28,14
GENE-19467,NO,1,0,0,0,0,0,0
GENE-19468,NO,1,9,6,6,4,12,5
GENE-19469,NO,1,83,123,53,161,68,139
GENE-19470,NO,1,0,0,0,0,0,0
GENE-19471,NO,1,400,391,491,257,403,257
GENE-19472,NO,1,1,5,8,2,3,7
GENE-19473,NO,1,0,0,0,0,0,0
GENE-19474,NO,1,101,84,61,65,66,48
GENE-19475,NO,1,0,1,0,0,0,0
GENE-19476,NO,1,0,0,0,0,0,0
GENE-19477,NO,1,273,219,177,188,168,173
GENE-19478,NO,1,45,28,26,25,33,25
GENE-19479,NO,1,0,0,0,0,0,0
GENE-19480,NO,1,0,0,0,0,0,0
GENE-19481,NO,1,310,315,274,312,263,229
GENE-19482,NO,1,0,0,0,0,0,0
GENE-19483,NO,1,0,0,0,0,0,0
GENE-19484,NO,1,0,0,0,0,0,0
GENE-19485,YES,1,0,0,0,0,0,0
GENE-19486,NO,1,0,0,0,0,0,0
GENE-19487,NO,1,0,0,0,0,0,0
GENE-19488,NO,1,0,0,0,0,0,0
GENE-19489,NO,1,0,0,0,0,0,0
GENE-19490,NO,1,0,0,0,0,0,0
GENE-19491,NO,1,0,0,0,0,0,0
GENE-19492,NO,1,19,23,21,20,17,25
GENE-19493,NO,1,2685,3145,2984,2988,3591,2978
GENE-19494,NO,1,0,0,0,0,0,0
GENE-19495,NO,1,0,0,0,0,0,0
GENE-19496,NO,1,0,0,0,0,0,0
GENE-19497,NO,1,0,0,0,0,0,0
GENE-19498,NO,1,158,150,133,190,176,141
GENE-19499,NO,1,0,0,0,0,0,0
GENE-19500,NO,1,0,0,0,0,0,0
GENE-19501,NO,1,0,0,0,0,0,0
GENE-19502,NO,1,0,0,0,0,0,0
GENE-19503,NO,1,0,0,0,0,0,0
GENE-19504,NO,1,0,0,0,0,0,0
GENE-19505,NO,1,57,86,99,48,62,119
GENE-19506,YES,1,0,0,0,0,0,0
GENE-19507,NO,1,57,53,49,41,52,41
GENE-19508,NO,1,0,0,0,0,0,0
GENE-19509,NO,1,0,0,0,0,0,0
GENE-19510,NO,1,137,143,116,122,76,105
GENE-19511,NO,1,2,1,2,0,0,1
GENE-19512,NO,1,0,0,0,0,0,0
GENE-19513,NO,1,0,0,0,0,0,0
GENE-19514,NO,1,0,0,0,0,0,0
GENE-19515,YES,1,0,0,0,0,0,0
GENE-19516,NO,1,0,0,0,0,0,0
GENE-19517,NO,1,0,0,0,0,0,0
GENE-19519,NO,1,0,0,0,0,0,0
GENE-19520,NO,1,0,0,0,0,0,0
GENE-19521,NO,1,0,0,0,0,0,0
GENE-19522,NO,1,808,769,1100,735,1028,975
GENE-19523,NO,1,0,0,0,0,0,0
GENE-19524,NO,1,0,0,0,0,0,0
GENE-19525,NO,1,159,148,168,151,172,174
GENE-19526,NO,1,529,529,395,407,580,455
GENE-19527,NO,1,32,30,35,28,21,41
GENE-19528,NO,1,0,0,0,0,0,0
GENE-19529,NO,1,483,386,438,453,282,415
GENE-19530,NO,1,0,0,0,0,0,0
GENE-19531,NO,1,0,0,0,0,0,0
GENE-19532,NO,1,0,0,0,0,0,0
GENE-19533,NO,1,0,0,0,0,0,0
GENE-19534,NO,1,108,108,97,93,95,114
GENE-19535,NO,1,66,92,116,299,322,284
GENE-19536,NO,1,0,0,0,0,0,0
GENE-19537,NO,1,18,9,16,17,14,19
GENE-19538,NO,1,0,0,0,0,0,0
GENE-19539,NO,1,0,0,0,0,0,0
GENE-19540,NO,1,0,0,0,0,0,0
GENE-19541,NO,1,95,51,76,92,75,87
GENE-19542,NO,1,0,0,0,0,0,0
GENE-19543,NO,1,0,0,0,0,0,0
GENE-19544,NO,1,0,0,0,0,0,0
GENE-19545,NO,1,0,3,3,1,1,2
GENE-19546,NO,1,0,0,0,0,0,0
GENE-19547,NO,1,0,0,0,0,0,0
GENE-19548,NO,1,0,0,2,3,0,1
GENE-19549,NO,1,0,0,0,0,0,0
GENE-19550,NO,1,0,0,0,0,0,0
GENE-19551,NO,1,0,0,0,0,0,0
GENE-19552,NO,1,0,0,0,0,0,0
GENE-19553,NO,1,0,0,0,0,0,0
GENE-19554,NO,1,0,0,0,0,0,0
GENE-19555,NO,1,404,259,254,203,234,241
GENE-19556,NO,1,480,737,901,553,333,284
GENE-19557,NO,1,135,139,150,154,141,164
GENE-19558,NO,1,0,0,0,0,0,0
GENE-19559,NO,1,0,0,0,0,0,0
GENE-19560,NO,1,33,1,887,2639,12,75
GENE-19561,NO,1,1,0,1,0,5,0
GENE-19562,NO,1,0,0,0,0,0,0
GENE-19563,NO,1,9,10,7,8,5,9
GENE-19564,YES,1,0,0,0,0,0,0
GENE-19565,NO,1,0,0,0,0,0,0
GENE-19566,NO,1,0,0,0,0,0,0
GENE-19567,NO,1,0,0,0,0,0,0
GENE-19568,NO,1,0,0,0,0,0,0
GENE-19569,NO,1,0,0,0,0,0,0
GENE-19571,NO,1,5,53,41,85,133,7
GENE-19572,NO,1,3,5,10,10,4,5
GENE-19573,NO,1,0,0,0,0,0,0
GENE-19574,NO,1,0,0,0,1,0,0
GENE-19575,NO,1,2,6,2,0,4,3
GENE-19576,NO,1,0,0,0,0,0,0
GENE-19577,NO,1,0,0,0,0,0,0
GENE-19578,NO,1,0,0,0,0,0,0
GENE-19579,NO,1,357,331,538,302,285,376
GENE-19580,NO,1,0,0,0,0,0,0
GENE-19581,YES,1,0,0,0,0,0,0
GENE-19582,NO,1,0,0,0,0,0,0
GENE-19583,NO,1,0,0,0,0,0,0
GENE-19584,NO,1,0,0,0,0,0,0
GENE-19585,NO,1,0,0,0,0,0,0
GENE-19586,NO,1,0,0,0,0,0,0
GENE-19587,NO,1,0,0,0,0,0,0
GENE-19588,NO,1,410,388,616,521,289,390
GENE-19589,NO,1,0,0,0,0,0,0
GENE-19590,NO,1,0,0,0,0,0,0
GENE-19591,NO,1,0,0,0,0,0,0
GENE-19592,NO,1,0,0,0,0,0,0
GENE-19593,NO,1,0,0,0,0,0,0
GENE-19594,YES,1,0,0,0,0,0,0
GENE-19595,NO,1,14,24,15,24,38,22
GENE-19596,NO,1,3,4,2,3,2,5
GENE-19597,NO,1,0,0,0,0,0,0
GENE-19598,NO,1,0,0,0,0,0,0
GENE-19599,NO,1,0,0,0,0,0,0
GENE-19601,NO,1,0,0,0,0,0,0
GENE-19602,NO,1,0,0,0,0,0,0
GENE-19603,NO,1,0,0,0,0,0,0
GENE-19604,NO,1,0,0,0,0,0,0
GENE-19605,YES,1,0,0,0,0,0,0
GENE-19606,NO,1,0,0,0,0,0,0
GENE-19607,NO,1,1507,2095,1464,1360,1237,1347
GENE-19608,NO,1,0,0,0,0,0,0
GENE-19609,NO,1,0,0,0,0,0,0
GENE-19610,NO,1,1139,1205,1363,1014,976,1416
GENE-19611,NO,1,2391,2084,2485,2285,2186,2195
GENE-19612,NO,1,0,0,0,0,0,0
GENE-19613,NO,1,153,134,141,139,142,135
GENE-19614,NO,1,210,145,156,134,147,173
GENE-19615,NO,1,0,0,0,0,0,0
GENE-19616,NO,1,0,0,0,0,0,0
GENE-19617,NO,1,0,0,0,0,0,0
GENE-19618,NO,1,0,0,0,0,0,0
GENE-19619,NO,1,0,0,0,0,0,0
GENE-19620,NO,1,0,0,0,0,0,0
GENE-19621,NO,1,0,0,0,0,0,0
GENE-19622,NO,1,0,0,1,0,0,0
GENE-19623,NO,1,28,33,28,22,25,21
GENE-19624,NO,1,13,4,22,4,12,12
GENE-19625,NO,1,0,0,0,0,0,0
GENE-19626,NO,1,0,0,0,0,0,0
GENE-19627,NO,1,0,0,0,0,0,0
GENE-19628,NO,1,0,0,0,0,0,0
GENE-19629,NO,1,0,0,0,0,0,0
GENE-19630,NO,1,0,0,0,0,0,0
GENE-19631,NO,1,0,0,0,0,0,0
GENE-19632,NO,1,0,0,0,0,0,0
GENE-19633,NO,1,357,335,128,204,226,89
GENE-19634,NO,1,0,0,0,0,0,0
GENE-19635,NO,1,336,235,342,303,220,304
GENE-19636,NO,1,0,0,0,0,0,0
GENE-19637,NO,1,265,131,206,239,209,155
GENE-19638,NO,1,0,0,0,0,0,0
GENE-19639,NO,1,0,0,0,0,0,0
GENE-19640,NO,1,0,0,0,0,0,0
GENE-19641,NO,1,0,0,0,0,0,0
GENE-19642,NO,1,0,0,0,0,0,0
GENE-19643,NO,1,40,37,23,27,23,58
GENE-19644,NO,1,0,0,0,0,0,0
GENE-19645,YES,1,4,0,0,0,0,0
GENE-19646,NO,1,0,0,0,0,0,0
GENE-19647,NO,1,0,0,0,0,0,0
GENE-19648,NO,1,0,0,0,0,0,0
GENE-19649,NO,1,0,0,0,0,0,0
GENE-19650,NO,1,45,49,51,48,43,44
GENE-19651,NO,1,0,0,0,1,0,0
GENE-19652,NO,1,0,0,0,0,0,0
GENE-19653,NO,1,0,0,0,0,0,0
GENE-19654,NO,1,0,0,0,0,0,0
GENE-19655,NO,1,0,0,0,0,0,0
GENE-19656,NO,1,0,0,0,0,0,0
GENE-19657,NO,1,0,0,0,0,0,0
GENE-19658,NO,1,216,185,148,93,234,101
GENE-19659,NO,1,1,1,0,0,1,1
GENE-19660,NO,1,2481,2528,2484,2590,2519,2969
GENE-19661,YES,1,0,0,0,0,0,0
GENE-19662,NO,1,25,27,21,20,26,24
GENE-19663,NO,1,0,0,0,0,0,0
GENE-19664,NO,1,1234,1117,1134,1194,1116,1444
GENE-19665,YES,1,0,0,0,0,0,0
GENE-19666,NO,1,0,0,0,0,0,0
GENE-19667,NO,1,4,11,3,4,6,1
GENE-19668,NO,1,0,0,0,0,0,0
GENE-19669,NO,1,32,34,31,41,31,35
GENE-19670,YES,1,0,0,0,0,0,0
GENE-19671,NO,1,0,0,0,0,0,0
GENE-19672,NO,1,0,0,0,0,0,0
GENE-19673,NO,1,0,0,0,0,0,0
GENE-19674,YES,1,0,0,0,0,0,0
GENE-19675,NO,1,12,16,20,15,27,13
GENE-19676,NO,1,0,0,0,0,0,0
GENE-19677,NO,1,56,32,19,32,22,36
GENE-19678,NO,1,0,0,0,0,0,0
GENE-19679,NO,1,0,0,0,0,0,0
GENE-19680,NO,1,1646,2167,2058,2224,1851,1980
GENE-19681,NO,1,0,0,0,0,0,0
GENE-19682,NO,1,0,0,0,0,0,0
GENE-19683,NO,1,0,0,0,0,0,0
GENE-19684,NO,1,0,0,0,0,0,0
GENE-19685,NO,1,0,0,0,0,0,0
GENE-19686,NO,1,0,0,0,0,0,0
GENE-19687,NO,1,1,1,0,1,0,1
GENE-19688,NO,1,0,0,0,0,0,0
GENE-19689,NO,1,0,0,0,0,0,0
GENE-19690,NO,1,278,210,186,292,217,233
GENE-19691,NO,1,0,0,0,0,0,0
GENE-19692,NO,1,0,0,0,0,0,0
GENE-19693,NO,1,1,1,1,0,0,0
GENE-19694,NO,1,0,0,0,0,0,0
GENE-19695,NO,1,0,0,0,0,0,0
GENE-19696,NO,1,81,71,73,57,40,106
GENE-19697,NO,1,0,0,0,0,0,0
GENE-19698,NO,1,0,0,0,0,0,0
GENE-19699,NO,1,1,0,1,1,0,0
GENE-19700,NO,1,0,0,0,0,0,0
GENE-19701,NO,1,0,0,0,0,0,0
GENE-19702,NO,1,0,0,0,0,0,0
GENE-19703,NO,1,0,0,0,0,0,0
GENE-19704,NO,1,0,1,4,4,5,2
GENE-19705,NO,1,0,0,0,0,0,0
GENE-19706,NO,1,730,876,685,1053,1480,951
GENE-19707,NO,1,0,0,0,0,0,0
GENE-19708,NO,1,0,0,0,0,0,0
GENE-19709,NO,1,0,0,0,0,0,0
GENE-19710,NO,1,0,0,0,0,0,0
GENE-19711,NO,1,0,0,0,0,0,0
GENE-19712,NO,1,1,0,0,0,0,0
GENE-19713,NO,1,0,0,0,0,0,0
GENE-19714,NO,1,4,1,2,4,3,4
GENE-19715,NO,1,0,0,0,0,0,0
GENE-19716,NO,1,0,0,0,0,0,0
GENE-19717,NO,1,1,5,0,3,6,4
GENE-19718,NO,1,0,0,0,0,0,0
GENE-19719,NO,1,1,1,0,0,0,0
GENE-19720,NO,1,0,0,0,0,0,0
GENE-19721,NO,1,0,0,0,0,0,0
GENE-19722,NO,1,0,0,0,0,0,0
GENE-19723,NO,1,0,0,0,0,0,0
GENE-19724,NO,1,0,0,0,0,0,0
GENE-19725,NO,1,0,0,0,0,0,0
GENE-19726,NO,1,0,0,0,0,0,0
GENE-19727,NO,1,74,124,76,129,115,128
GENE-19728,NO,1,0,0,0,0,0,0
GENE-19729,NO,1,16,11,8,9,5,13
GENE-19730,NO,1,0,0,0,0,0,0
GENE-19731,NO,1,0,0,0,0,0,0
GENE-19732,NO,1,0,0,0,0,0,0
GENE-19733,NO,1,0,0,0,0,0,0
GENE-19734,NO,1,0,0,0,0,0,0
GENE-19735,NO,1,0,0,0,0,0,0
GENE-19736,NO,1,0,0,0,0,0,0
GENE-19737,NO,1,0,0,0,0,0,0
GENE-19738,NO,1,0,0,0,0,0,0
GENE-19739,NO,1,16,15,23,14,22,11
GENE-19740,NO,1,75,119,95,83,88,90
GENE-19741,NO,1,5,17,17,13,17,16
GENE-19742,NO,1,1,0,2,0,2,0
GENE-19743,NO,1,0,0,0,0,0,0
GENE-19744,NO,1,0,10,15,0,3,11
GENE-19745,NO,1,233,233,138,180,236,200
GENE-19746,NO,1,21,17,17,18,14,17
GENE-19747,NO,1,0,0,0,0,0,0
GENE-19748,NO,1,0,0,0,0,0,0
GENE-19749,NO,1,0,0,0,0,0,0
GENE-19750,NO,1,0,0,0,0,0,0
GENE-19751,NO,1,13,12,10,11,11,11
GENE-19752,NO,1,0,0,0,0,0,0
GENE-19753,NO,1,0,0,0,0,0,0
GENE-19754,NO,1,0,0,0,0,0,0
GENE-19755,NO,1,0,0,0,0,0,0
GENE-19756,NO,1,0,0,0,0,0,0
GENE-19757,NO,1,1,1,2,1,2,1
GENE-19758,NO,1,541,642,394,367,460,457
GENE-19759,NO,1,211,159,114,162,141,133
GENE-19760,NO,1,0,0,0,0,0,0
GENE-19761,NO,1,0,0,0,0,0,0
GENE-19762,NO,1,0,0,0,0,0,0
GENE-19763,NO,1,0,0,0,0,0,0
GENE-19764,NO,1,0,0,0,0,0,0
GENE-19765,NO,1,0,0,0,0,0,0
GENE-19766,NO,1,0,0,0,0,0,0
GENE-19767,NO,1,0,0,0,0,0,0
GENE-19768,NO,1,0,0,0,0,0,0
GENE-19769,NO,1,0,0,0,0,0,0
GENE-19770,NO,1,0,0,0,0,0,0
GENE-19771,NO,1,1182,1188,924,1193,1035,1002
GENE-19772,NO,1,0,0,0,0,0,0
GENE-19773,NO,1,0,0,0,0,0,0
GENE-19774,NO,1,0,0,0,0,0,0
GENE-19775,NO,1,1235,1081,1301,735,1338,630
GENE-19776,NO,1,0,0,0,0,0,0
GENE-19777,NO,1,0,0,0,0,0,0
GENE-19779,NO,1,0,0,0,0,0,0
GENE-19780,NO,1,1,0,0,0,0,0
GENE-19781,NO,1,2,0,1,1,1,2
GENE-19782,NO,1,0,0,0,0,0,0
GENE-19783,NO,1,0,0,0,0,0,0
GENE-19784,NO,1,3,3,3,2,1,3
GENE-19785,NO,1,0,0,0,0,0,0
GENE-19786,NO,1,0,0,0,0,0,0
GENE-19787,NO,1,0,0,0,0,0,0
GENE-19789,NO,1,0,0,0,0,0,0
GENE-19790,NO,1,2,1,1,2,0,2
GENE-19791,NO,1,169,269,143,139,225,239
GENE-19792,NO,1,0,0,0,0,0,0
GENE-19793,NO,1,0,0,0,0,0,0
GENE-19794,NO,1,0,0,0,0,0,0
GENE-19795,NO,1,9,10,16,6,7,5
GENE-19796,NO,1,0,0,0,0,0,0
GENE-19797,NO,1,0,0,0,0,0,0
GENE-19798,NO,1,0,0,0,0,0,0
GENE-19799,NO,1,0,0,0,0,0,0
GENE-19800,NO,1,0,0,0,1,0,1
GENE-19801,NO,1,0,0,0,0,0,0
GENE-19802,NO,1,0,0,0,0,0,0
GENE-19803,NO,1,1177,1436,1442,891,1107,1278
GENE-19804,NO,1,0,0,0,0,0,0
GENE-19805,NO,1,2,1,1,2,4,0
GENE-19806,NO,1,0,0,0,0,0,1
GENE-19807,NO,1,339,303,287,271,279,351
GENE-19808,NO,1,56,100,79,74,65,67
GENE-19809,NO,1,0,0,0,0,0,0
GENE-19810,NO,1,0,0,0,0,0,0
GENE-19811,NO,1,0,0,0,0,0,0
GENE-19812,NO,1,350,374,488,541,664,746
GENE-19813,NO,1,0,0,0,0,0,0
GENE-19814,NO,1,0,0,0,0,0,0
GENE-19815,NO,1,0,0,0,0,0,0
GENE-19816,NO,1,0,0,1,1,0,0
GENE-19817,NO,1,0,0,0,0,0,0
GENE-19818,NO,1,0,0,0,0,0,0
GENE-19819,NO,1,0,0,0,0,0,0
GENE-19820,NO,1,0,0,0,0,0,0
GENE-19821,NO,1,37,19,35,21,19,22
GENE-19822,NO,1,0,0,0,0,0,0
GENE-19823,NO,1,9,10,7,20,7,10
GENE-19824,NO,1,0,0,0,0,0,0
GENE-19825,NO,1,0,0,0,0,0,0
GENE-19826,NO,1,0,0,0,0,0,0
GENE-19827,NO,1,0,0,0,0,0,0
GENE-19828,NO,1,0,0,0,0,0,0
GENE-19829,NO,1,0,0,0,0,0,0
GENE-19830,NO,1,0,0,0,0,0,0
GENE-19831,NO,1,0,0,0,0,0,0
GENE-19832,NO,1,0,0,0,0,0,0
GENE-19833,NO,1,0,0,0,0,0,0
GENE-19834,NO,1,1,2,3,0,4,1
GENE-19835,NO,1,12,12,17,17,10,22
GENE-19836,NO,1,1,1,1,1,1,2
GENE-19837,NO,1,0,0,0,0,0,0
GENE-19838,NO,1,11,10,15,2,8,19
GENE-19839,NO,1,0,0,0,0,0,0
GENE-19840,NO,1,0,0,0,0,0,0
GENE-19842,NO,1,0,0,0,0,0,0
GENE-19843,NO,1,0,0,0,0,0,0
GENE-19844,NO,1,0,0,0,0,0,0
GENE-19845,NO,1,0,0,0,0,0,0
GENE-19846,NO,1,0,0,0,0,0,0
GENE-19847,NO,1,67,48,31,28,40,46
GENE-19848,YES,1,0,0,0,0,0,0
GENE-19849,NO,1,0,0,0,0,0,0
GENE-19850,NO,1,0,0,0,0,0,0
GENE-19851,NO,1,377,419,388,403,431,373
GENE-19852,NO,1,0,0,0,0,0,0
GENE-19853,NO,1,0,0,0,0,0,0
GENE-19854,NO,1,108,169,87,188,163,144
GENE-19855,NO,1,0,0,0,0,0,0
GENE-19856,NO,1,0,0,0,0,0,0
GENE-19857,NO,1,0,0,0,0,0,0
GENE-19858,NO,1,41,13,25,25,25,34
GENE-19859,NO,1,0,0,0,0,0,0
GENE-19860,NO,1,0,0,0,0,0,0
GENE-19861,NO,1,0,0,0,0,0,0
GENE-19862,NO,1,417,461,437,622,318,429
GENE-19863,NO,1,0,0,0,0,0,0
GENE-19864,NO,1,0,0,0,0,0,0
GENE-19865,NO,1,0,0,0,0,0,0
GENE-19866,NO,1,271,241,287,333,312,259
GENE-19867,NO,1,0,0,0,0,0,0
GENE-19868,NO,1,0,0,0,0,0,0
GENE-19869,NO,1,0,0,0,0,0,0
GENE-19870,NO,1,103,113,127,126,135,125
GENE-19871,NO,1,0,0,0,0,0,0
GENE-19872,NO,1,0,0,0,0,0,0
GENE-19873,NO,1,3,2,10,0,3,0
GENE-19874,NO,1,53,42,37,27,36,36
GENE-19875,NO,1,55,50,36,40,40,55
GENE-19876,NO,1,36,35,33,19,19,38
GENE-19877,NO,1,0,0,0,0,0,0
GENE-19878,NO,1,0,0,0,0,0,0
GENE-19879,NO,1,0,0,0,0,0,0
GENE-19880,NO,1,0,0,0,0,0,0
GENE-19881,NO,1,0,0,0,0,0,0
GENE-19882,NO,1,0,0,0,0,0,0
GENE-19883,NO,1,0,0,0,0,0,0
GENE-19884,NO,1,8,5,2,5,7,6
GENE-19885,NO,1,62,63,69,64,60,68
GENE-19886,NO,1,0,0,0,0,0,0
GENE-19887,NO,1,0,0,0,0,0,0
GENE-19888,NO,1,0,0,0,0,0,0
GENE-19889,NO,1,2850,3036,4288,3122,2620,2215
GENE-19890,NO,1,0,0,0,0,0,0
GENE-19891,NO,1,0,0,0,0,0,0
GENE-19892,NO,1,0,0,0,0,0,0
GENE-19893,NO,1,0,0,0,0,0,0
GENE-19894,NO,1,0,0,0,0,0,0
GENE-19895,NO,1,21,30,26,17,25,38
GENE-19896,NO,1,0,0,0,0,0,0
GENE-19897,NO,1,134,81,106,121,102,158
GENE-19898,NO,1,0,0,0,0,0,0
GENE-19899,NO,1,0,0,0,0,0,0
GENE-19900,NO,1,0,0,0,0,0,0
GENE-19901,NO,1,0,0,0,0,0,0
GENE-19902,NO,1,0,0,0,0,0,0
GENE-19903,NO,1,0,0,0,0,0,0
GENE-19904,NO,1,0,0,0,0,0,0
GENE-19905,NO,1,169,230,143,177,152,254
GENE-19906,NO,1,0,0,0,0,0,0
GENE-19907,NO,1,0,0,0,0,0,0
GENE-19908,NO,1,4,1,2,2,1,2
GENE-19910,NO,1,1,0,0,0,0,1
GENE-19911,NO,1,0,0,0,0,0,0
GENE-19912,YES,1,0,0,0,0,0,0
GENE-19913,NO,1,0,0,0,0,0,0
GENE-19914,NO,1,0,0,0,0,0,0
GENE-19915,NO,1,1494,1049,1127,974,1147,1303
GENE-19916,NO,1,8,5,15,26,17,13
GENE-19917,NO,1,0,0,0,0,0,0
GENE-19918,NO,1,1,0,4,0,1,1
GENE-19919,NO,1,0,0,0,0,0,0
GENE-19920,NO,1,603,370,689,517,549,369
GENE-19921,NO,1,4,0,0,1,2,0
GENE-19922,YES,1,0,0,0,0,0,0
GENE-19923,NO,1,8,9,8,11,7,8
GENE-19924,NO,1,2,5,3,2,4,1
GENE-19925,NO,1,0,0,0,0,0,0
GENE-19926,NO,1,0,0,0,0,0,0
GENE-19927,NO,1,0,0,0,0,0,0
GENE-19928,YES,1,0,0,0,0,0,0
GENE-19929,NO,1,32,58,32,33,64,21
GENE-19930,NO,1,0,0,0,0,0,0
GENE-19931,NO,1,0,0,0,0,0,0
GENE-19932,NO,1,0,0,0,0,0,0
GENE-19933,NO,1,0,0,0,1,0,0
GENE-19934,NO,1,0,0,0,0,0,0
GENE-19935,NO,1,0,0,0,0,0,0
GENE-19936,NO,1,1,1,0,2,1,1
GENE-19937,NO,1,0,0,0,0,0,0
GENE-19938,NO,1,0,0,0,0,0,0
GENE-19939,NO,1,0,0,0,0,0,0
GENE-19940,NO,1,0,0,0,0,0,0
GENE-19941,NO,1,0,0,0,0,0,0
GENE-19942,YES,1,0,0,0,0,0,0
GENE-19943,NO,1,0,0,0,0,0,0
GENE-19944,NO,1,0,0,0,0,0,0
GENE-19945,YES,1,0,0,0,0,0,0
GENE-19946,NO,1,219,158,97,202,101,117
GENE-19947,NO,1,220,455,400,278,282,280
GENE-19948,NO,1,0,0,0,0,0,0
GENE-19949,NO,1,0,0,0,0,0,0
GENE-19950,NO,1,0,0,0,0,0,0
GENE-19951,NO,1,0,0,0,0,0,0
GENE-19952,NO,1,0,0,0,0,0,0
GENE-19953,YES,1,0,0,0,0,0,0
GENE-19954,NO,1,4,5,2,4,8,2
GENE-19955,NO,1,0,0,0,0,0,0
GENE-19956,NO,1,0,0,0,0,0,0
GENE-19957,YES,1,0,0,0,0,0,0
GENE-19958,NO,1,0,0,0,0,0,0
GENE-19959,NO,1,0,0,0,0,0,0
GENE-19960,NO,1,1048,889,1084,695,1218,895
GENE-19961,NO,1,0,0,0,0,0,0
GENE-19962,NO,1,0,0,0,0,0,0
GENE-19963,NO,1,0,0,0,0,0,0
GENE-19964,NO,1,0,0,0,0,0,0
GENE-19965,NO,1,319,474,542,371,453,612
GENE-19966,NO,1,0,0,0,0,0,0
GENE-19967,NO,1,0,0,0,0,0,0
GENE-19968,NO,1,0,0,0,0,2,0
GENE-19969,NO,1,0,0,0,0,0,0
GENE-19970,NO,1,536,460,570,352,509,467
GENE-19971,NO,1,0,0,0,0,0,0
GENE-19972,NO,1,0,0,0,0,0,0
GENE-19973,NO,1,0,0,0,0,0,0
GENE-19974,YES,1,3,3,3,10,10,9
GENE-19975,NO,1,23,27,15,30,24,30
GENE-19976,NO,1,1,1,3,1,4,6
GENE-19977,NO,1,0,0,0,0,0,0
GENE-19978,NO,1,0,0,0,0,0,0
GENE-19979,NO,1,0,0,0,0,0,0
GENE-19980,NO,1,0,0,0,0,0,0
GENE-19981,NO,1,39,36,34,46,33,39
GENE-19982,NO,1,557,541,614,460,671,464
GENE-19983,NO,1,0,0,0,0,0,0
GENE-19984,NO,1,0,0,0,0,0,0
GENE-19985,NO,1,13,5,3,6,5,4
GENE-19986,NO,1,395,386,387,368,407,350
GENE-19987,NO,1,0,0,0,0,0,0
GENE-19988,NO,1,0,0,0,0,0,0
GENE-19989,NO,1,0,0,0,0,0,0
GENE-19990,NO,1,0,0,0,0,0,0
GENE-19991,NO,1,137,152,158,255,134,131
GENE-19992,NO,1,0,0,1,3,2,1
GENE-19993,NO,1,0,0,0,0,0,0
GENE-19994,NO,1,50,57,70,44,63,51
GENE-19995,NO,1,0,0,0,0,0,0
GENE-19996,NO,1,0,0,0,0,0,0
GENE-19997,NO,1,0,0,0,0,0,0
GENE-19998,NO,1,9,5,8,8,12,6
GENE-19999,NO,1,13,1,15,1,2,4
GENE-20000,NO,1,0,0,0,0,0,0
