name,state,baseMean,baseMeanA,baseMeanB,foldChange,log2FoldChange,PValue,PAdj,FDR,falsePos,A1,A2,A3,B1,B2,B3
GENE-3949,YES,1100.3,1047.3,53,0.051,-4.3,5.0e-08,2.0e-04,2e-04,0,1107,890,1145,53,52,54
GENE-8154,YES,1779.7,1643.7,136,0.083,-3.6,1.5e-07,7.0e-04,2e-04,0,1730,1667,1534,158,129,121
GENE-13504,YES,783.3,751.3,32,0.043,-4.6,1.6e-07,8.0e-04,2e-04,0,699,825,730,40,26,30
GENE-242,YES,121841.3,118527,3314.3,0.028,-5.2,2.0e-07,9.0e-04,2e-04,0,103869,106653,145059,2548,3765,3630
GENE-822,YES,273.7,263.3,10.3,0.04,-4.7,2.1e-07,1.0e-03,2e-04,0,267,228,295,8,11,12
GENE-4692,YES,686.3,36.3,650,17.769,4.2,3.1e-07,1.5e-03,2e-04,0,32,45,32,660,726,564
GENE-16585,YES,418.7,415.3,3.3,0.008,-6.9,4.2e-07,2.0e-03,3e-04,0,417,454,375,4,1,5
GENE-3593,YES,2145,323,1822,5.642,2.5,4.8e-07,2.3e-03,3e-04,0,354,305,310,1748,1871,1847
GENE-3394,YES,2724.3,136.7,2587.7,18.902,4.2,5.7e-07,2.7e-03,3e-04,0,135,103,172,2581,2900,2282
GENE-5999,YES,3033,2696,337,0.125,-3,6.6e-07,3.1e-03,3e-04,0,2740,2256,3092,368,322,321
GENE-16815,YES,19866.3,18394,1472.3,0.08,-3.6,8.9e-07,4.2e-03,4e-04,0,21204,13484,20494,1607,1360,1450
GENE-16859,YES,815,734.7,80.3,0.109,-3.2,9.1e-07,4.3e-03,4e-04,0,848,641,715,82,92,67
GENE-9997,YES,2652,473,2179,4.605,2.2,1.0e-06,4.8e-03,4e-04,0,480,480,459,2388,2118,2031
GENE-2862,YES,1260.3,113.3,1147,10.102,3.3,1.3e-06,6.4e-03,4e-04,0,85,114,141,1096,1191,1154
GENE-10654,YES,2405.7,1942.7,463,0.238,-2.1,1.5e-06,6.9e-03,4e-04,0,2023,1975,1830,436,498,455
GENE-5257,YES,587,25.7,561.3,21.686,4.4,1.5e-06,7.1e-03,4e-04,0,28,28,21,385,589,710
GENE-9064,YES,188,179,9,0.051,-4.3,1.5e-06,7.2e-03,4e-04,0,180,166,191,8,13,6
GENE-11622,YES,114.7,9.3,105.3,11.103,3.5,1.8e-06,8.4e-03,4e-04,0,11,9,8,101,124,91
GENE-15270,YES,233.3,228.7,4.7,0.021,-5.6,1.8e-06,8.5e-03,4e-04,0,258,173,255,2,6,6
GENE-14619,YES,321.7,57.3,264.3,4.587,2.2,2.0e-06,9.6e-03,5e-04,0,63,56,53,260,258,275
GENE-382,YES,95,87.3,7.7,0.089,-3.5,2.3e-06,1.1e-02,5e-04,0,84,102,76,9,6,8
GENE-9066,YES,348.3,311.7,36.7,0.118,-3.1,2.5e-06,1.2e-02,5e-04,0,309,248,378,34,42,34
GENE-3410,YES,3121.3,532.7,2588.7,4.859,2.3,2.6e-06,1.2e-02,5e-04,0,519,531,548,2590,2995,2181
GENE-9937,YES,2569,2098,471,0.225,-2.2,2.7e-06,1.3e-02,5e-04,0,2265,1889,2140,497,413,503
GENE-9013,YES,1179,253,926,3.661,1.9,2.7e-06,1.3e-02,5e-04,0,253,268,238,886,907,985
GENE-7224,YES,4562.3,445.3,4117,9.242,3.2,3.0e-06,1.4e-02,5e-04,0,314,499,523,4463,3748,4140
GENE-1259,YES,1606.7,1321,285.7,0.216,-2.2,3.6e-06,1.7e-02,6e-04,0,1170,1282,1511,281,259,317
GENE-19113,YES,174.7,17,157.7,9.186,3.2,3.7e-06,1.8e-02,6e-04,0,15,19,17,195,123,155
GENE-16824,YES,165,9.7,155.3,15.828,4,3.7e-06,1.8e-02,6e-04,0,8,11,10,205,147,114
GENE-6755,YES,218.3,198.7,19.7,0.099,-3.3,3.8e-06,1.8e-02,6e-04,0,210,180,206,13,23,23
GENE-6890,YES,71.3,5.7,65.7,11.281,3.5,4.3e-06,2.0e-02,7e-04,0,7,4,6,67,56,74
GENE-2405,YES,155,145,10,0.069,-3.8,4.4e-06,2.1e-02,7e-04,0,144,172,119,7,14,9
GENE-8828,YES,238.3,218,20.3,0.093,-3.4,4.7e-06,2.2e-02,7e-04,0,204,186,264,24,23,14
GENE-11594,YES,66.3,2.7,63.7,22.695,4.5,4.7e-06,2.2e-02,7e-04,0,4,1,3,57,61,73
GENE-9280,YES,1996.3,1787,209.3,0.117,-3.1,5.4e-06,2.5e-02,7e-04,0,1602,1420,2339,234,173,221
GENE-813,YES,19.7,1,18.7,16.587,4.1,6.0e-06,2.8e-02,8e-04,0,1,1,1,21,24,11
GENE-17641,YES,919,92.3,826.7,8.915,3.2,6.0e-06,2.9e-02,8e-04,0,92,71,114,932,926,622
GENE-14089,YES,89.7,10,79.7,7.823,3,6.2e-06,2.9e-02,8e-04,0,7,11,12,84,80,75
GENE-6056,YES,66.7,5.3,61.3,11.177,3.5,6.7e-06,3.2e-02,8e-04,0,5,6,5,69,70,45
GENE-5930,YES,261,244.3,16.7,0.068,-3.9,6.8e-06,3.2e-02,8e-04,0,171,313,249,21,12,17
GENE-10621,YES,18.7,17.3,1.3,0.083,-3.6,7.4e-06,3.5e-02,9e-04,0,17,20,15,1,2,1
GENE-8582,YES,57928,11644.3,46283.7,3.975,2,8.0e-06,3.8e-02,9e-04,0,11551,12242,11140,55214,44833,38804
GENE-13378,YES,2099,1618,481,0.297,-1.8,8.2e-06,3.9e-02,9e-04,0,1422,1756,1676,494,443,506
GENE-16651,YES,284,28,256,9.088,3.2,1.0e-05,4.7e-02,0.0011,0,27,26,31,168,313,287
GENE-12828,YES,327.7,60.7,267,4.379,2.1,1.0e-05,4.8e-02,0.0011,0,52,62,68,234,259,308
GENE-10713,YES,170,30.3,139.7,4.566,2.2,1.1e-05,5.1e-02,0.0011,0,30,36,25,140,130,149
GENE-19841,YES,5967.3,5058.7,908.7,0.18,-2.5,1.1e-05,5.3e-02,0.0011,0,5340,4753,5083,1191,826,709
GENE-10889,YES,465.3,102,363.3,3.558,1.8,1.2e-05,5.9e-02,0.0012,0,98,95,113,331,343,416
GENE-19255,YES,1023.7,841.3,182.3,0.217,-2.2,1.3e-05,6.0e-02,0.0012,0,853,716,955,207,195,145
GENE-5144,YES,816.7,53.3,763.3,14.238,3.8,1.3e-05,6.1e-02,0.0012,0,46,47,67,1134,563,593
GENE-12673,YES,4418,3369.3,1048.7,0.311,-1.7,2.1e-05,1.0e-01,0.002,0,3504,2864,3740,1072,1147,927
GENE-1604,YES,120.7,109.7,11,0.101,-3.3,2.7e-05,1.3e-01,0.0025,0,118,121,90,7,9,17
GENE-10711,YES,627,36.3,590.7,16.133,4,2.9e-05,1.4e-01,0.0026,0,24,57,28,452,507,813
GENE-15035,YES,1282.3,1196,86.3,0.072,-3.8,2.9e-05,1.4e-01,0.0026,0,740,1554,1294,53,94,112
GENE-13769,YES,1326.7,168.7,1158,6.851,2.8,3.1e-05,1.5e-01,0.0026,0,129,160,217,1459,1191,824
GENE-8189,YES,820.3,612.7,207.7,0.339,-1.6,3.2e-05,1.5e-01,0.0026,0,616,657,565,232,175,216
GENE-12220,YES,1502.3,302,1200.3,3.976,2,3.2e-05,1.5e-01,0.0026,0,246,339,321,1033,1096,1472
GENE-7629,YES,447.7,327.7,120,0.366,-1.4,3.2e-05,1.5e-01,0.0026,0,346,296,341,118,131,111
GENE-3030,YES,95,7.3,87.7,11.689,3.5,3.2e-05,1.5e-01,0.0026,0,12,5,5,69,90,104
GENE-13209,YES,3494,2996.7,497.3,0.166,-2.6,3.7e-05,1.7e-01,0.0029,0,2995,3956,2039,415,491,586
GENE-1783,YES,119.3,108,11.3,0.106,-3.2,3.8e-05,1.8e-01,0.003,0,88,85,151,11,15,8
GENE-4830,YES,64,10.3,53.7,5.108,2.4,3.9e-05,1.8e-01,0.003,0,13,8,10,57,45,59
GENE-5336,YES,36.3,3.7,32.7,8.586,3.1,3.9e-05,1.8e-01,0.003,0,5,4,2,37,34,27
GENE-13690,YES,1255.7,887.3,368.3,0.415,-1.3,4.3e-05,2.0e-01,0.0032,0,824,885,953,358,347,400
GENE-11110,YES,1764,1269.3,494.7,0.39,-1.4,4.4e-05,2.1e-01,0.0032,0,1368,1116,1324,479,541,464
GENE-19329,YES,353.7,336,17.7,0.053,-4.2,4.6e-05,2.1e-01,0.0033,0,375,285,348,13,32,8
GENE-14697,YES,42,39,3,0.079,-3.7,4.6e-05,2.2e-01,0.0033,0,43,44,30,4,1,4
GENE-9452,YES,113.3,6,107.3,17.469,4.1,4.9e-05,2.3e-01,0.0034,0,2,6,10,103,137,82
GENE-12476,YES,1455,1176.3,278.7,0.237,-2.1,4.9e-05,2.3e-01,0.0034,0,1103,1257,1169,211,252,373
GENE-15796,YES,2650,594.7,2055.3,3.456,1.8,5.9e-05,2.8e-01,0.004,0,496,769,519,2153,1881,2132
GENE-18580,YES,168.7,142.7,26,0.182,-2.5,6.2e-05,2.9e-01,0.0042,0,137,126,165,32,30,16
GENE-17066,YES,1217.3,154.7,1062.7,6.857,2.8,6.5e-05,3.1e-01,0.0043,0,137,122,205,742,1472,974
GENE-18103,YES,244,195.7,48.3,0.246,-2,6.9e-05,3.3e-01,0.0045,0,231,191,165,47,61,37
GENE-406,YES,2874.7,824.7,2050,2.485,1.3,7.0e-05,3.3e-01,0.0045,0,796,941,737,1968,1922,2260
GENE-11557,NO,1017.3,223.7,793.7,3.542,1.8,7.6e-05,3.6e-01,0.0048,0,199,290,182,833,686,862
GENE-6578,YES,1093.3,750,343.3,0.458,-1.1,8.2e-05,3.8e-01,0.0051,0,742,731,777,372,310,348
GENE-4786,YES,60.3,53.3,7,0.132,-2.9,9.2e-05,4.3e-01,0.0057,0,61,67,32,7,6,8
GENE-19909,YES,80.3,4.3,76,16.955,4.1,9.6e-05,4.5e-01,0.0059,0,2,2,9,59,95,74
GENE-17548,YES,27.3,23.7,3.7,0.158,-2.7,1.1e-04,5.2e-01,0.0067,1,26,20,25,2,4,5
GENE-5031,YES,159.7,34,125.7,3.669,1.9,1.1e-04,5.3e-01,0.0067,1,30,32,40,95,153,129
GENE-6931,YES,2952.7,2693,259.7,0.096,-3.4,1.2e-04,5.5e-01,0.0069,1,3573,2102,2404,123,353,303
GENE-19368,YES,27.3,26,1.3,0.055,-4.2,1.2e-04,5.8e-01,0.0072,1,29,26,23,0,1,3
GENE-19535,NO,392,91.7,300.3,3.276,1.7,1.4e-04,6.4e-01,0.0078,1,66,93,116,298,320,283
GENE-9561,YES,223.3,182.7,40.7,0.222,-2.2,1.5e-04,7.0e-01,0.0084,1,175,128,245,47,43,32
GENE-9915,NO,390.3,283,107.3,0.38,-1.4,1.5e-04,7.2e-01,0.0086,1,268,269,312,130,103,89
GENE-11541,YES,5371.3,1260.3,4111,3.26,1.7,1.7e-04,7.7e-01,0.0091,1,1168,957,1656,3802,3823,4708
GENE-5745,YES,4822.3,3375.7,1446.7,0.429,-1.2,1.7e-04,7.8e-01,0.0092,1,4035,3244,2848,1478,1481,1381
GENE-7789,YES,125.3,37.3,88,2.335,1.2,2.4e-04,1.0e+00,0.013,1,33,41,38,86,82,96
GENE-4738,YES,84,73.7,10.3,0.141,-2.8,2.4e-04,1.0e+00,0.013,1,62,61,98,17,6,8
GENE-8794,YES,25,22,3,0.14,-2.8,2.7e-04,1.0e+00,0.0144,1,29,20,17,2,5,2
GENE-6834,YES,33,26.3,6.7,0.255,-2,2.8e-04,1.0e+00,0.0144,1,27,31,21,8,7,5
GENE-11027,YES,81.3,10,71.3,7.003,2.8,2.8e-04,1.0e+00,0.0144,1,5,17,8,88,66,60
GENE-3944,YES,10980.7,7222.7,3758,0.52,-0.9,2.8e-04,1.0e+00,0.0144,1,6996,8166,6506,3772,3666,3836
GENE-18709,YES,3417.7,565,2852.7,5.045,2.3,2.9e-04,1.0e+00,0.0146,1,574,513,608,3550,1463,3545
GENE-4540,YES,89.3,17.3,72,4.102,2,2.9e-04,1.0e+00,0.0148,1,24,14,14,54,88,74
GENE-11181,YES,24.7,1.3,23.3,15.973,4,3.1e-04,1.0e+00,0.0153,1,2,0,2,16,36,18
GENE-11692,YES,441,154.7,286.3,1.847,0.9,3.1e-04,1.0e+00,0.0153,1,150,163,151,293,290,276
GENE-4793,YES,1836.3,586.7,1249.7,2.129,1.1,3.2e-04,1.0e+00,0.0157,2,481,595,684,1266,1218,1265
GENE-8631,YES,150,46.7,103.3,2.195,1.1,3.4e-04,1.0e+00,0.0163,2,50,46,44,94,98,118
GENE-3032,NO,87.7,21.3,66.3,3.076,1.6,3.6e-04,1.0e+00,0.017,2,27,18,19,66,54,79
GENE-16181,YES,262.3,221.7,40.7,0.183,-2.5,4.0e-04,1.0e+00,0.0187,2,164,356,145,41,47,34
GENE-4296,YES,137.3,109.3,28,0.256,-2,4.0e-04,1.0e+00,0.0188,2,116,131,81,30,18,36
GENE-830,YES,63.7,12.3,51.3,4.101,2,4.2e-04,1.0e+00,0.0195,2,18,10,9,43,64,47
GENE-11081,YES,118,36.3,81.7,2.227,1.2,4.7e-04,1.0e+00,0.0215,2,34,35,40,94,79,72
GENE-10083,YES,24.3,20,4.3,0.22,-2.2,5.2e-04,1.0e+00,0.0235,2,15,25,20,6,4,3
GENE-19600,YES,285,194.3,90.7,0.467,-1.1,5.5e-04,1.0e+00,0.0245,3,200,223,160,83,99,90
GENE-7467,YES,36,30.7,5.3,0.176,-2.5,5.5e-04,1.0e+00,0.0245,3,30,29,33,5,9,2
GENE-16404,YES,199.7,63,136.7,2.157,1.1,5.6e-04,1.0e+00,0.0248,3,73,58,58,128,157,125
GENE-15680,YES,184.7,132.3,52.3,0.394,-1.3,6.1e-04,1.0e+00,0.0268,3,148,122,127,56,38,63
GENE-11338,YES,144.3,101.3,43,0.423,-1.2,6.8e-04,1.0e+00,0.0294,3,90,100,114,33,48,48
GENE-10857,YES,560,404,156,0.387,-1.4,7.0e-04,1.0e+00,0.03,3,407,486,319,158,190,120
GENE-895,YES,112.7,74,38.7,0.52,-0.9,7.7e-04,1.0e+00,0.0328,4,80,69,73,38,37,41
GENE-6085,YES,62.3,13.7,48.7,3.514,1.8,7.9e-04,1.0e+00,0.0333,4,12,10,19,60,36,50
GENE-16204,YES,66.7,53,13.7,0.258,-2,8.4e-04,1.0e+00,0.0349,4,69,54,36,18,14,9
GENE-6981,YES,117.7,9.3,108.3,11.392,3.5,9.8e-04,1.0e+00,0.0406,5,4,6,18,83,60,182
GENE-18547,NO,287.3,191.7,95.7,0.498,-1,1.0e-03,1.0e+00,0.0426,5,183,221,171,106,101,80
GENE-14761,YES,610,216.3,393.7,1.815,0.9,1.3e-03,1.0e+00,0.0508,6,217,218,214,332,464,385
GENE-8463,NO,338.3,56.3,282,4.982,2.3,1.3e-03,1.0e+00,0.0508,6,29,67,73,172,414,260
GENE-5268,YES,5497.3,1825.3,3672,2.011,1,1.3e-03,1.0e+00,0.0508,6,1645,1525,2306,3813,3316,3887
GENE-16436,NO,159.7,41.7,118,2.805,1.5,1.4e-03,1.0e+00,0.0538,6,38,55,32,148,87,119
GENE-4095,YES,786.7,73,713.7,9.732,3.3,1.4e-03,1.0e+00,0.0562,7,80,20,119,1074,625,442
GENE-5047,YES,333.3,106.3,227,2.134,1.1,1.5e-03,1.0e+00,0.057,7,82,101,136,211,224,246
GENE-13664,YES,55.3,10.7,44.7,4.123,2,1.5e-03,1.0e+00,0.057,7,8,8,16,52,27,55
GENE-11609,YES,86.3,25.3,61,2.383,1.3,1.5e-03,1.0e+00,0.0593,7,23,33,20,56,56,71
GENE-6298,YES,153.7,51,102.7,2.002,1,1.7e-03,1.0e+00,0.064,8,59,54,40,96,113,99
GENE-15153,YES,25.3,23,2.3,0.106,-3.2,1.7e-03,1.0e+00,0.066,8,20,15,34,0,4,3
GENE-1210,NO,81,55.7,25.3,0.453,-1.1,1.8e-03,1.0e+00,0.069,9,68,51,48,21,30,25
GENE-10705,YES,364.7,252,112.7,0.446,-1.2,1.9e-03,1.0e+00,0.069,9,196,314,246,95,139,104
GENE-10742,YES,1462.3,28.7,1433.7,49.627,5.6,2.0e-03,1.0e+00,0.0727,9,35,26,25,910,3276,115
GENE-11968,NO,8184,3269.7,4914.3,1.503,0.6,2.1e-03,1.0e+00,0.075,10,3158,3195,3456,4754,4946,5043
GENE-12773,NO,703.7,10.3,693.3,66.117,6,2.1e-03,1.0e+00,0.075,10,31,0,0,1095,416,569
GENE-6305,NO,77.7,50.7,27,0.53,-0.9,2.3e-03,1.0e+00,0.0824,11,45,56,51,27,24,30
GENE-9893,NO,62.3,40.3,22,0.543,-0.9,2.7e-03,1.0e+00,0.0963,13,43,39,39,20,21,25
GENE-5637,NO,423.3,137.7,285.7,2.071,1.1,2.7e-03,1.0e+00,0.0968,13,94,155,164,296,264,297
GENE-4833,NO,1889,1141,748,0.656,-0.6,2.9e-03,1.0e+00,0.1008,14,1022,1162,1239,750,733,761
GENE-7104,YES,1612.7,983,629.7,0.641,-0.6,3.0e-03,1.0e+00,0.1039,14,877,1013,1059,634,580,675
GENE-14855,NO,34.3,10.7,23.7,2.189,1.1,3.0e-03,1.0e+00,0.104,14,10,10,12,24,19,28
GENE-7328,YES,85,23.3,61.7,2.614,1.4,3.0e-03,1.0e+00,0.104,14,15,33,22,50,67,68
GENE-4105,NO,8152.7,3023.3,5129.3,1.697,0.8,3.2e-03,1.0e+00,0.1096,15,2765,3215,3090,4831,6206,4351
GENE-14824,YES,242,63.3,178.7,2.809,1.5,3.2e-03,1.0e+00,0.1097,15,84,35,71,138,187,211
GENE-1508,YES,58.3,13.7,44.7,3.225,1.7,3.3e-03,1.0e+00,0.1114,16,19,12,10,57,26,51
GENE-15712,YES,6462.7,4413,2049.7,0.465,-1.1,3.4e-03,1.0e+00,0.114,16,3665,4116,5458,1961,2672,1516
GENE-8033,YES,338.3,238.7,99.7,0.418,-1.3,3.6e-03,1.0e+00,0.1208,17,332,189,195,73,113,113
GENE-10544,YES,1044,733,311,0.425,-1.2,3.7e-03,1.0e+00,0.1221,18,770,667,762,397,182,354
GENE-4762,NO,279.7,170,109.7,0.644,-0.6,3.7e-03,1.0e+00,0.1221,18,167,164,179,121,104,104
GENE-10673,YES,5703.3,742,4961.3,6.683,2.7,3.8e-03,1.0e+00,0.1224,18,1119,873,234,7148,5382,2354
GENE-17968,YES,115.7,23.3,92.3,3.928,2,3.8e-03,1.0e+00,0.1238,18,41,14,15,80,127,70
GENE-7680,NO,1139,743.7,395.3,0.532,-0.9,4.4e-03,1.0e+00,0.1427,21,785,551,895,333,449,404
GENE-9189,YES,1203,460.7,742.3,1.612,0.7,4.5e-03,1.0e+00,0.1453,22,486,409,487,875,666,686
GENE-16205,NO,50.3,33,17.3,0.523,-0.9,4.6e-03,1.0e+00,0.1454,22,33,37,29,14,19,19
GENE-11164,NO,2960,1875.3,1084.7,0.578,-0.8,4.8e-03,1.0e+00,0.1513,23,1498,2128,2000,939,1043,1272
GENE-18915,YES,42.3,10.7,31.7,2.925,1.5,5.1e-03,1.0e+00,0.1606,24,7,14,11,29,21,45
GENE-13299,NO,233.3,174.7,58.7,0.334,-1.6,5.2e-03,1.0e+00,0.1606,25,110,216,198,84,59,33
GENE-6202,NO,13446.3,5248.3,8198,1.562,0.6,5.5e-03,1.0e+00,0.1693,26,5511,5696,4538,7948,7274,9372
GENE-7359,NO,18,5.7,12.3,2.136,1.1,5.6e-03,1.0e+00,0.1723,27,6,6,5,11,12,14
GENE-13111,YES,1701.3,682,1019.3,1.494,0.6,5.7e-03,1.0e+00,0.1751,27,752,682,612,1051,1087,920
GENE-3929,NO,141.7,87,54.7,0.627,-0.7,6.1e-03,1.0e+00,0.1851,29,81,79,101,54,55,55
GENE-17240,YES,80.3,27.3,53,1.921,0.9,6.2e-03,1.0e+00,0.1851,29,28,21,33,60,43,56
GENE-19570,YES,2487.7,1489.7,998,0.67,-0.6,6.2e-03,1.0e+00,0.1851,29,1366,1553,1550,1040,864,1090
GENE-371,NO,363.3,135.7,227.7,1.677,0.7,6.2e-03,1.0e+00,0.1851,30,147,103,157,224,229,230
GENE-3783,NO,38,25,13,0.519,-0.9,6.3e-03,1.0e+00,0.1851,30,21,29,25,15,13,11
GENE-971,NO,220.7,146.7,74,0.502,-1,6.3e-03,1.0e+00,0.1851,30,159,167,114,98,65,59
GENE-206,YES,69,47,22,0.466,-1.1,6.4e-03,1.0e+00,0.1851,30,33,64,44,22,20,24
GENE-8246,NO,294.3,177.3,117,0.658,-0.6,6.4e-03,1.0e+00,0.1851,30,174,157,201,115,116,120
GENE-8511,NO,45,29.7,15.3,0.515,-1,6.5e-03,1.0e+00,0.1863,31,25,36,28,18,13,15
GENE-5140,YES,193,71.3,121.7,1.697,0.8,6.6e-03,1.0e+00,0.1903,32,81,60,73,125,100,140
GENE-717,NO,293.7,244.3,49.3,0.202,-2.3,6.8e-03,1.0e+00,0.1936,32,287,312,134,17,39,92
GENE-9180,YES,214,136.3,77.7,0.567,-0.8,6.8e-03,1.0e+00,0.1936,33,130,155,124,94,80,59
GENE-13917,NO,51.7,17.7,34,1.905,0.9,6.9e-03,1.0e+00,0.1953,33,15,15,23,34,31,37
GENE-11409,NO,214.7,84.3,130.3,1.543,0.6,7.1e-03,1.0e+00,0.1982,34,90,91,72,122,138,131
GENE-4634,YES,98.3,34.7,63.7,1.82,0.9,7.1e-03,1.0e+00,0.1987,34,45,30,29,65,69,57
GENE-14812,NO,104.3,65,39.3,0.602,-0.7,7.2e-03,1.0e+00,0.1992,34,78,60,57,39,42,37
GENE-2581,YES,694.3,406.7,287.7,0.708,-0.5,7.4e-03,1.0e+00,0.2044,35,422,382,416,292,269,302
GENE-7482,NO,3004.3,2107,897.3,0.426,-1.2,7.6e-03,1.0e+00,0.2071,36,3024,1435,1862,832,670,1190
GENE-209,NO,1375.3,562.3,813,1.445,0.5,8.1e-03,1.0e+00,0.219,38,557,511,619,789,760,890
GENE-6829,NO,28467,9692,18775,1.937,1,8.3e-03,1.0e+00,0.2251,40,13267,7666,8143,18084,15351,22890
GENE-5171,NO,26.3,7.7,18.7,2.395,1.3,8.6e-03,1.0e+00,0.2313,41,10,5,8,14,24,18
GENE-1556,NO,3238.3,1959,1279.3,0.653,-0.6,8.6e-03,1.0e+00,0.2313,41,1794,2090,1993,1034,1444,1360
GENE-15535,NO,16.3,5,11.3,2.219,1.2,8.8e-03,1.0e+00,0.2353,42,5,6,4,10,14,10
GENE-12134,NO,1894.7,607,1287.7,2.12,1.1,8.9e-03,1.0e+00,0.2354,42,590,621,610,1532,716,1615
GENE-10911,NO,63.7,22.3,41.3,1.833,0.9,9.2e-03,1.0e+00,0.2429,44,28,21,18,35,41,48
GENE-8026,NO,460.7,302,158.7,0.526,-0.9,9.4e-03,1.0e+00,0.2464,45,275,304,327,107,154,215
GENE-5307,YES,67.7,24,43.7,1.802,0.8,9.7e-03,1.0e+00,0.2518,46,22,28,22,54,35,42
GENE-6461,YES,553.7,222.3,331.3,1.49,0.6,9.9e-03,1.0e+00,0.2554,47,221,192,254,339,357,298
GENE-3255,NO,31,23.3,7.7,0.33,-1.6,1.0e-02,1.0e+00,0.2568,48,29,20,21,13,3,7
GENE-7939,NO,447.3,268.3,179,0.667,-0.6,1.0e-02,1.0e+00,0.2599,48,221,307,277,174,186,177
GENE-19812,NO,1053.7,405.7,648,1.598,0.7,1.0e-02,1.0e+00,0.2636,49,351,377,489,539,661,744
GENE-541,NO,35,31.3,3.7,0.12,-3.1,1.1e-02,1.0e+00,0.2636,50,11,55,28,0,8,3
GENE-12699,NO,883,511.3,371.7,0.727,-0.5,1.1e-02,1.0e+00,0.2636,50,507,542,485,365,353,397
GENE-3526,NO,579.7,351.3,228.3,0.651,-0.6,1.1e-02,1.0e+00,0.2636,50,350,287,417,214,249,222
GENE-17537,NO,139.3,86,53.3,0.619,-0.7,1.1e-02,1.0e+00,0.2636,50,76,90,92,65,49,46
GENE-11003,YES,1194.7,879,315.7,0.359,-1.5,1.1e-02,1.0e+00,0.2636,51,1206,515,916,173,459,315
GENE-4995,NO,6301,3727,2574,0.691,-0.5,1.1e-02,1.0e+00,0.2713,52,3382,3551,4248,2382,2449,2891
GENE-7840,NO,209.7,137.7,72,0.521,-0.9,1.1e-02,1.0e+00,0.2713,53,176,139,98,91,59,66
GENE-11991,NO,266.3,108.3,158,1.458,0.5,1.1e-02,1.0e+00,0.2736,53,114,116,95,165,164,145
GENE-444,NO,33,5,28,5.448,2.4,1.2e-02,1.0e+00,0.2823,55,1,9,5,18,15,51
GENE-2894,NO,237,93.3,143.7,1.536,0.6,1.3e-02,1.0e+00,0.3036,60,86,114,80,134,145,152
GENE-2246,NO,6494,2505.7,3988.3,1.592,0.7,1.3e-02,1.0e+00,0.3107,62,2523,2518,2476,3504,3249,5212
GENE-870,YES,1373,590.3,782.7,1.326,0.4,1.3e-02,1.0e+00,0.3116,62,576,607,588,807,776,765
GENE-14954,YES,21,6.7,14.3,2.113,1.1,1.3e-02,1.0e+00,0.3148,63,8,8,4,16,14,13
GENE-6207,NO,1407.7,559.3,848.3,1.517,0.6,1.3e-02,1.0e+00,0.316,64,450,688,540,884,825,836
GENE-3389,NO,81.7,26.7,55,2.043,1,1.4e-02,1.0e+00,0.3246,66,22,20,38,46,71,48
GENE-16275,YES,266,100.3,165.7,1.647,0.7,1.4e-02,1.0e+00,0.3246,66,109,114,78,132,187,178
GENE-8746,NO,69,18,51,2.801,1.5,1.4e-02,1.0e+00,0.3246,66,31,16,7,57,47,49
GENE-15827,NO,22.3,15.3,7,0.458,-1.1,1.4e-02,1.0e+00,0.3246,67,13,18,15,4,9,8
GENE-12480,NO,1495,909.7,585.3,0.644,-0.6,1.4e-02,1.0e+00,0.3246,67,842,868,1019,505,512,739
GENE-4250,NO,961,608.3,352.7,0.58,-0.8,1.4e-02,1.0e+00,0.3246,67,761,502,562,344,444,270
GENE-19236,YES,379.3,220,159.3,0.723,-0.5,1.4e-02,1.0e+00,0.3246,68,219,239,202,153,156,169
GENE-13600,NO,56.7,22,34.7,1.561,0.6,1.5e-02,1.0e+00,0.3381,71,21,20,25,33,33,38
GENE-51,YES,602.3,415.7,186.7,0.449,-1.2,1.5e-02,1.0e+00,0.3384,71,600,206,441,191,189,180
GENE-4853,NO,82,29.3,52.7,1.779,0.8,1.5e-02,1.0e+00,0.3471,73,39,28,21,59,48,51
GENE-1546,NO,5057,2104,2953,1.403,0.5,1.5e-02,1.0e+00,0.3471,74,2327,1793,2192,2943,2733,3183
GENE-847,NO,765,323.3,441.7,1.366,0.4,1.6e-02,1.0e+00,0.3558,76,359,316,295,468,422,435
GENE-17656,NO,2379.7,888,1491.7,1.68,0.7,1.6e-02,1.0e+00,0.3558,76,901,760,1003,1026,1709,1740
GENE-2367,NO,736.7,308.3,428.3,1.389,0.5,1.6e-02,1.0e+00,0.3558,76,328,303,294,398,396,491
GENE-12451,NO,1149.7,702.7,447,0.636,-0.7,1.6e-02,1.0e+00,0.3558,77,544,912,652,453,445,443
GENE-4605,NO,988.7,583.7,405,0.694,-0.5,1.6e-02,1.0e+00,0.358,78,512,587,652,345,451,419
GENE-9273,YES,197.3,143,54.3,0.379,-1.4,1.7e-02,1.0e+00,0.3625,79,157,94,178,36,93,34
GENE-7823,NO,725.7,292.7,433,1.481,0.6,1.7e-02,1.0e+00,0.3625,79,318,250,310,517,396,386
GENE-7682,NO,669.7,76.7,593,7.721,2.9,1.7e-02,1.0e+00,0.3625,80,9,150,71,261,1122,396
GENE-5377,NO,49.3,14.7,34.7,2.335,1.2,1.7e-02,1.0e+00,0.3625,80,10,20,14,51,23,30
GENE-12107,NO,151.7,61.3,90.3,1.461,0.5,1.7e-02,1.0e+00,0.3625,80,68,64,52,93,84,94
GENE-6497,YES,3177,1939.3,1237.7,0.638,-0.6,1.8e-02,1.0e+00,0.3759,84,1618,2470,1730,1170,1443,1100
GENE-18841,YES,6093.7,4100.3,1993.3,0.486,-1,1.8e-02,1.0e+00,0.3778,85,2651,4751,4899,1248,2584,2148
GENE-4953,NO,265,152,113,0.742,-0.4,1.8e-02,1.0e+00,0.3792,85,147,149,160,117,110,112
GENE-17584,YES,321.7,198.3,123.3,0.62,-0.7,1.8e-02,1.0e+00,0.3804,86,188,169,238,116,154,100
GENE-16492,NO,53.7,35,18.7,0.531,-0.9,1.8e-02,1.0e+00,0.3836,87,49,28,28,17,22,17
GENE-15499,NO,623,251,372,1.482,0.6,1.9e-02,1.0e+00,0.3961,90,254,302,197,399,358,359
GENE-17045,NO,771.7,192.3,579.3,3.012,1.6,1.9e-02,1.0e+00,0.3995,91,151,169,257,189,723,826
GENE-14798,NO,1235.3,354,881.3,2.49,1.3,1.9e-02,1.0e+00,0.3995,92,158,404,500,592,1103,949
GENE-11896,NO,66.7,25.7,41,1.583,0.7,1.9e-02,1.0e+00,0.3995,92,25,27,25,43,48,32
GENE-7236,NO,607,356.3,250.7,0.704,-0.5,2.0e-02,1.0e+00,0.4201,97,392,332,345,219,236,297
GENE-12781,NO,31.3,19.3,12,0.619,-0.7,2.1e-02,1.0e+00,0.4229,99,19,20,19,10,12,14
GENE-4619,NO,1192,684.7,507.3,0.741,-0.4,2.1e-02,1.0e+00,0.4229,99,739,599,716,542,502,478
GENE-5557,NO,144,90.3,53.7,0.592,-0.8,2.1e-02,1.0e+00,0.4229,99,84,113,74,49,69,43
GENE-18918,NO,38.7,24.7,14,0.566,-0.8,2.1e-02,1.0e+00,0.4229,100,30,23,21,13,18,11
GENE-1194,YES,40.3,12,28.3,2.33,1.2,2.1e-02,1.0e+00,0.4229,100,6,17,13,39,22,24
GENE-8468,NO,250.3,150,100.3,0.666,-0.6,2.1e-02,1.0e+00,0.4229,101,173,142,135,122,87,92
GENE-8622,YES,349,211.3,137.7,0.65,-0.6,2.1e-02,1.0e+00,0.4244,101,165,234,235,123,125,165
GENE-13021,NO,245,142.3,102.7,0.72,-0.5,2.2e-02,1.0e+00,0.4273,103,145,158,124,108,103,97
GENE-13903,NO,100.3,59,41.3,0.696,-0.5,2.2e-02,1.0e+00,0.4292,103,66,54,57,40,39,45
GENE-13869,NO,1954,1140.3,813.7,0.714,-0.5,2.2e-02,1.0e+00,0.4394,106,1250,1018,1153,917,843,681
GENE-5045,NO,728.7,306.7,422,1.377,0.5,2.2e-02,1.0e+00,0.4394,107,296,294,330,484,418,364
GENE-235,NO,54.3,11,43.3,3.88,2,2.3e-02,1.0e+00,0.4403,107,7,11,15,75,11,44
GENE-9558,NO,967,554.3,412.7,0.744,-0.4,2.3e-02,1.0e+00,0.4427,108,557,496,610,448,383,407
GENE-17316,NO,603.7,351.3,252.3,0.719,-0.5,2.3e-02,1.0e+00,0.4439,109,293,390,371,249,273,235
GENE-19065,NO,628.7,378.3,250.3,0.662,-0.6,2.3e-02,1.0e+00,0.4486,111,489,340,306,244,269,238
GENE-18033,NO,927,397,530,1.336,0.4,2.4e-02,1.0e+00,0.4552,113,444,400,347,537,520,533
GENE-9312,YES,1577,1068.7,508.3,0.476,-1.1,2.4e-02,1.0e+00,0.4552,113,1212,1326,668,343,760,422
GENE-2022,NO,20,6.7,13.3,1.967,1,2.4e-02,1.0e+00,0.4552,114,4,9,7,13,15,12
GENE-15490,NO,64,39.3,24.7,0.624,-0.7,2.5e-02,1.0e+00,0.4616,116,31,39,48,26,21,27
GENE-6428,NO,28,17.3,10.7,0.614,-0.7,2.5e-02,1.0e+00,0.4616,116,17,18,17,13,9,10
GENE-10276,NO,450.7,187.7,263,1.4,0.5,2.5e-02,1.0e+00,0.4616,117,174,202,187,225,309,255
GENE-19706,NO,1923.7,766.7,1157,1.509,0.6,2.5e-02,1.0e+00,0.4616,117,732,882,686,1050,1473,948
GENE-6939,NO,105.3,66,39.3,0.595,-0.7,2.5e-02,1.0e+00,0.4701,120,76,79,43,39,42,37
GENE-8521,NO,87.3,30.7,56.7,1.831,0.9,2.5e-02,1.0e+00,0.4719,121,41,26,25,77,49,44
GENE-19294,NO,212.3,125.7,86.7,0.687,-0.5,2.6e-02,1.0e+00,0.4719,121,122,111,144,89,99,72
GENE-5183,NO,19,6.3,12.7,1.967,1,2.6e-02,1.0e+00,0.4719,122,4,7,8,13,10,15
GENE-16390,NO,287.3,193,94.3,0.489,-1,2.6e-02,1.0e+00,0.4778,124,123,181,275,59,107,117
GENE-13419,NO,121.7,74,47.7,0.64,-0.6,2.6e-02,1.0e+00,0.4778,124,76,72,74,36,62,45
GENE-2496,NO,11883.3,5100,6783.3,1.33,0.4,2.6e-02,1.0e+00,0.4806,125,4900,4784,5616,5944,7279,7127
GENE-13966,YES,752.3,310.7,441.7,1.422,0.5,2.6e-02,1.0e+00,0.4806,126,313,306,313,372,403,550
GENE-2623,YES,338.3,200.3,138,0.688,-0.5,2.7e-02,1.0e+00,0.4828,127,250,186,165,145,129,140
GENE-10160,NO,273,156.7,116.3,0.741,-0.4,2.7e-02,1.0e+00,0.4828,127,158,169,143,107,115,127
GENE-4884,NO,28.7,18.3,10.3,0.563,-0.8,2.7e-02,1.0e+00,0.4876,129,23,15,17,10,8,13
GENE-14976,NO,89.7,76,13.7,0.18,-2.5,2.7e-02,1.0e+00,0.4876,130,15,48,165,17,5,19
GENE-10112,YES,115.3,46.7,68.7,1.46,0.5,2.7e-02,1.0e+00,0.4876,130,44,42,54,73,58,75
GENE-12445,NO,312.7,129.7,183,1.412,0.5,2.8e-02,1.0e+00,0.4876,131,129,120,140,209,149,191
GENE-9010,YES,30,11.7,18.3,1.554,0.6,2.8e-02,1.0e+00,0.4876,131,12,11,12,17,17,21
GENE-1829,NO,80,53,27,0.51,-1,2.8e-02,1.0e+00,0.4876,132,47,80,32,24,26,31
GENE-14981,NO,72.7,28.7,44,1.522,0.6,2.8e-02,1.0e+00,0.4904,133,36,26,24,46,45,41
GENE-12629,YES,59,36.7,22.3,0.606,-0.7,2.8e-02,1.0e+00,0.4948,135,41,32,37,18,19,30
GENE-4811,NO,159.7,67,92.7,1.372,0.5,2.8e-02,1.0e+00,0.4948,135,65,64,72,102,94,82
GENE-15067,NO,11949.7,6822.3,5127.3,0.752,-0.4,2.9e-02,1.0e+00,0.498,136,7802,6025,6640,4810,5046,5526
GENE-2479,NO,1606.7,530,1076.7,2.033,1,2.9e-02,1.0e+00,0.498,137,291,445,854,1166,1104,960
GENE-18405,NO,984.7,596.7,388,0.65,-0.6,2.9e-02,1.0e+00,0.5015,138,555,640,595,283,509,372
GENE-6857,NO,42.7,16,26.7,1.649,0.7,2.9e-02,1.0e+00,0.5028,139,18,19,11,26,29,25
GENE-5919,NO,116.7,44,72.7,1.637,0.7,2.9e-02,1.0e+00,0.5028,140,41,60,31,73,69,76
GENE-3130,NO,8890,3476.7,5413.3,1.557,0.6,3.0e-02,1.0e+00,0.5048,141,4665,3188,2577,5338,6001,4901
GENE-6630,NO,18.7,11.7,7,0.6,-0.7,3.0e-02,1.0e+00,0.5064,142,11,13,11,6,8,7
GENE-13444,NO,628.3,251.7,376.7,1.497,0.6,3.0e-02,1.0e+00,0.5129,144,311,247,197,383,314,433
GENE-15093,NO,266,109.7,156.3,1.422,0.5,3.0e-02,1.0e+00,0.5129,145,101,120,108,125,165,179
GENE-16372,NO,205.7,85.3,120.3,1.409,0.5,3.1e-02,1.0e+00,0.5131,145,92,82,82,111,105,145
GENE-5719,NO,481,113,368,3.243,1.7,3.1e-02,1.0e+00,0.5131,146,201,60,78,470,129,505
GENE-14804,NO,63.7,38,25.7,0.672,-0.6,3.1e-02,1.0e+00,0.5131,146,42,33,39,22,25,30
GENE-11398,NO,331,130,201,1.547,0.6,3.1e-02,1.0e+00,0.5131,147,134,96,160,165,212,226
GENE-19518,YES,50,17.7,32.3,1.811,0.9,3.1e-02,1.0e+00,0.5131,147,12,24,17,32,25,40
GENE-18317,NO,181.7,54.7,127,2.31,1.2,3.1e-02,1.0e+00,0.5131,148,78,44,42,59,136,186
GENE-8957,NO,97.7,58.3,39.3,0.67,-0.6,3.1e-02,1.0e+00,0.5131,148,72,49,54,38,36,44
GENE-772,NO,33,22.7,10.3,0.456,-1.1,3.1e-02,1.0e+00,0.5144,149,14,17,37,9,10,12
GENE-6395,NO,573,206.3,366.7,1.775,0.8,3.1e-02,1.0e+00,0.5144,150,124,277,218,444,359,297
GENE-10360,NO,136.3,57.7,78.7,1.353,0.4,3.2e-02,1.0e+00,0.5244,153,58,60,55,71,79,86
GENE-19556,NO,1097,708.7,388.3,0.548,-0.9,3.2e-02,1.0e+00,0.5247,154,481,742,903,551,331,283
GENE-3194,NO,374,289,85,0.293,-1.8,3.3e-02,1.0e+00,0.5313,156,219,529,119,111,30,114
GENE-7596,NO,24.7,9.7,15,1.534,0.6,3.3e-02,1.0e+00,0.5313,157,9,10,10,15,16,14
GENE-4189,NO,28.7,17.3,11.3,0.652,-0.6,3.3e-02,1.0e+00,0.5313,157,16,18,18,11,13,10
GENE-1074,NO,382.3,136,246.3,1.806,0.9,3.3e-02,1.0e+00,0.5313,158,117,144,147,353,243,143
GENE-15936,YES,20750.3,8926.3,11824,1.325,0.4,3.3e-02,1.0e+00,0.5313,158,8580,8949,9250,13189,9816,12467
GENE-885,NO,103.7,63.3,40.3,0.633,-0.7,3.3e-02,1.0e+00,0.5313,159,47,64,79,35,48,38
GENE-5501,NO,11938,6845.3,5092.7,0.744,-0.4,3.3e-02,1.0e+00,0.5313,159,7327,6606,6603,5135,5908,4235
GENE-3773,NO,566.7,355.3,211.3,0.596,-0.7,3.4e-02,1.0e+00,0.5383,162,279,525,262,208,201,225
GENE-8725,NO,98.3,60.3,38,0.626,-0.7,3.4e-02,1.0e+00,0.5383,163,53,49,79,36,46,32
GENE-18604,NO,930.7,538.3,392.3,0.729,-0.5,3.4e-02,1.0e+00,0.5383,163,473,647,495,354,394,429
GENE-18986,NO,3532.7,1543.3,1989.3,1.289,0.4,3.4e-02,1.0e+00,0.5383,164,1400,1505,1725,2010,1886,2072
GENE-347,NO,307.3,174.3,133,0.761,-0.4,3.5e-02,1.0e+00,0.5386,164,162,177,184,122,131,146
GENE-8896,NO,206,75,131,1.737,0.8,3.5e-02,1.0e+00,0.54,165,111,65,49,137,140,116
GENE-14078,NO,1409,565.7,843.3,1.49,0.6,3.5e-02,1.0e+00,0.54,166,495,513,689,830,1039,661
GENE-8357,NO,832,467,365,0.782,-0.4,3.5e-02,1.0e+00,0.5417,167,479,425,497,365,347,383
GENE-11374,NO,653,284.7,368.3,1.295,0.4,3.5e-02,1.0e+00,0.5417,167,263,272,319,389,359,357
GENE-13051,NO,2777.7,1153.3,1624.3,1.408,0.5,3.5e-02,1.0e+00,0.5417,168,1111,1328,1021,1992,1431,1450
GENE-4433,NO,1089.3,478.3,611,1.278,0.4,3.5e-02,1.0e+00,0.5417,168,437,524,474,594,638,601
GENE-2749,NO,34,13,21,1.598,0.7,3.6e-02,1.0e+00,0.5417,169,15,11,13,18,19,26
GENE-4939,NO,2586.7,1566.7,1020,0.651,-0.6,3.6e-02,1.0e+00,0.5417,170,1028,1894,1778,1030,1051,979
GENE-4901,NO,1502,661.3,840.7,1.271,0.3,3.6e-02,1.0e+00,0.5417,170,631,685,668,918,784,820
GENE-9895,NO,1315,750.7,564.3,0.752,-0.4,3.6e-02,1.0e+00,0.5417,171,657,801,794,488,611,594
GENE-9175,NO,378.3,123.7,254.7,2.056,1,3.6e-02,1.0e+00,0.5417,171,90,125,156,323,320,121
GENE-16932,NO,28,17,11,0.645,-0.6,3.6e-02,1.0e+00,0.5417,172,18,15,18,10,13,10
GENE-15609,NO,21.3,8,13.3,1.645,0.7,3.6e-02,1.0e+00,0.5425,173,10,7,7,12,13,15
GENE-1766,YES,28.3,10,18.3,1.811,0.9,3.6e-02,1.0e+00,0.5425,173,14,6,10,19,16,20
GENE-12531,NO,73.3,43,30.3,0.701,-0.5,3.7e-02,1.0e+00,0.5438,174,45,38,46,26,31,34
GENE-16096,NO,974,541.7,432.3,0.798,-0.3,3.7e-02,1.0e+00,0.5492,176,542,573,510,431,433,433
GENE-11931,NO,54,32.3,21.7,0.666,-0.6,3.7e-02,1.0e+00,0.5492,177,38,33,26,23,23,19
GENE-16868,NO,23696,17506,6190,0.354,-1.5,3.7e-02,1.0e+00,0.5492,177,9634,20743,22141,1976,9933,6661
GENE-1201,NO,545,325.7,219.3,0.674,-0.6,3.8e-02,1.0e+00,0.5532,179,338,283,356,158,235,265
GENE-11675,NO,3206.7,1403.7,1803,1.284,0.4,3.8e-02,1.0e+00,0.5539,180,1524,1335,1352,1697,2007,1705
GENE-17854,NO,424.3,256.7,167.7,0.652,-0.6,3.8e-02,1.0e+00,0.5548,181,191,298,281,131,204,168
GENE-16194,NO,34,12.7,21.3,1.666,0.7,3.8e-02,1.0e+00,0.5548,181,12,9,17,24,19,21
GENE-9062,NO,28.3,10,18.3,1.81,0.9,3.9e-02,1.0e+00,0.5611,184,10,9,11,23,21,11
GENE-17675,NO,2459.7,883.7,1576,1.783,0.8,3.9e-02,1.0e+00,0.5611,185,878,925,848,2342,1502,884
GENE-3075,YES,349,143,206,1.437,0.5,3.9e-02,1.0e+00,0.5611,185,113,174,142,217,225,176
GENE-16531,NO,37.7,13.7,24,1.737,0.8,3.9e-02,1.0e+00,0.5611,186,17,14,10,30,25,17
GENE-15548,NO,25.3,16,9.3,0.583,-0.8,3.9e-02,1.0e+00,0.5639,187,19,11,18,11,8,9
GENE-15364,NO,50.3,15,35.3,2.327,1.2,4.0e-02,1.0e+00,0.5639,188,11,24,10,38,18,50
GENE-161,NO,398.7,162,236.7,1.459,0.5,4.0e-02,1.0e+00,0.5639,188,156,132,198,190,250,270
GENE-2087,NO,52.7,31,21.7,0.695,-0.5,4.0e-02,1.0e+00,0.5639,189,30,31,32,22,25,18
GENE-6907,NO,21,7,14,1.968,1,4.0e-02,1.0e+00,0.5639,189,11,5,5,14,17,11
GENE-6763,NO,266.3,111.3,155,1.392,0.5,4.0e-02,1.0e+00,0.5648,190,117,122,95,159,128,178
GENE-6586,NO,750.3,318.7,431.7,1.357,0.4,4.1e-02,1.0e+00,0.5719,193,315,374,267,484,400,411
GENE-10956,YES,37,23.7,13.3,0.562,-0.8,4.1e-02,1.0e+00,0.578,196,31,19,21,18,13,9
GENE-11038,NO,68,27.7,40.3,1.445,0.5,4.1e-02,1.0e+00,0.578,197,27,32,24,40,35,46
GENE-17253,NO,36.7,12.7,24,1.873,0.9,4.1e-02,1.0e+00,0.578,197,16,12,10,15,23,34
GENE-17649,NO,165.3,66,99.3,1.493,0.6,4.2e-02,1.0e+00,0.578,198,82,64,52,102,81,115
GENE-10059,NO,35.3,10,25.3,2.496,1.3,4.2e-02,1.0e+00,0.578,198,15,12,3,37,19,20
GENE-1793,NO,1122.3,494.7,627.7,1.269,0.3,4.2e-02,1.0e+00,0.5784,199,516,489,479,595,588,700
GENE-16116,NO,24.7,9.7,15,1.534,0.6,4.2e-02,1.0e+00,0.5784,200,11,8,10,15,16,14
GENE-1959,NO,185,122.7,62.3,0.509,-1,4.2e-02,1.0e+00,0.5784,200,106,149,113,40,104,43
GENE-17847,YES,1883.7,795.3,1088.3,1.368,0.5,4.2e-02,1.0e+00,0.5784,201,909,643,834,1023,993,1249
GENE-4720,NO,114.7,14,100.7,7.114,2.8,4.2e-02,1.0e+00,0.5784,201,2,3,37,18,92,192
GENE-16250,NO,520,299.7,220.3,0.737,-0.4,4.3e-02,1.0e+00,0.5827,203,279,323,297,189,204,268
GENE-12549,NO,122.7,74.3,48.3,0.649,-0.6,4.3e-02,1.0e+00,0.5827,204,76,77,70,32,53,60
GENE-1725,NO,615.7,241,374.7,1.555,0.6,4.4e-02,1.0e+00,0.5925,208,162,254,307,382,309,433
GENE-3665,NO,120.7,75,45.7,0.605,-0.7,4.5e-02,1.0e+00,0.6027,212,73,53,99,33,50,54
GENE-8380,NO,561,245.3,315.7,1.288,0.4,4.5e-02,1.0e+00,0.6063,214,214,265,257,299,339,309
GENE-2073,YES,263,182.3,80.7,0.441,-1.2,4.6e-02,1.0e+00,0.6144,218,156,229,162,58,37,147
GENE-13016,NO,59.7,39.3,20.3,0.515,-1,4.6e-02,1.0e+00,0.6144,218,41,20,57,17,19,25
GENE-8484,NO,435.3,181.3,254,1.4,0.5,4.6e-02,1.0e+00,0.6144,219,165,229,150,281,230,251
GENE-4261,NO,163,51.3,111.7,2.164,1.1,4.6e-02,1.0e+00,0.6144,219,37,44,73,178,55,102
GENE-12170,NO,603,252.3,350.7,1.39,0.5,4.7e-02,1.0e+00,0.6216,223,311,229,217,396,358,298
GENE-12728,NO,56,34,22,0.644,-0.6,4.7e-02,1.0e+00,0.6216,223,43,31,28,27,18,21
GENE-10870,NO,98.3,35.3,63,1.767,0.8,4.8e-02,1.0e+00,0.6267,226,25,36,45,90,56,43
GENE-6484,NO,1568.7,563.3,1005.3,1.785,0.8,4.8e-02,1.0e+00,0.6267,226,525,384,781,636,1035,1345
GENE-18904,NO,512.3,298.7,213.7,0.717,-0.5,4.8e-02,1.0e+00,0.6316,229,336,242,318,193,259,189
GENE-3659,NO,128.3,79.3,49,0.616,-0.7,4.8e-02,1.0e+00,0.6316,229,53,113,72,54,48,45
GENE-4307,NO,2433,2247.7,185.3,0.083,-3.6,4.8e-02,1.0e+00,0.6316,230,5340,1385,18,88,180,288
GENE-16482,NO,26.7,9.3,17.3,1.832,0.9,4.8e-02,1.0e+00,0.6316,231,8,12,8,15,25,12
GENE-13565,NO,62.3,38,24.3,0.637,-0.7,4.9e-02,1.0e+00,0.6363,233,43,36,35,27,16,30
GENE-18009,NO,2002.7,1129.7,873,0.773,-0.4,4.9e-02,1.0e+00,0.6381,234,1224,1071,1094,750,870,999
GENE-6693,NO,783,541,242,0.448,-1.2,4.9e-02,1.0e+00,0.6381,235,870,356,397,294,320,112
GENE-166,NO,603,216,387,1.789,0.8,5.0e-02,1.0e+00,0.6401,236,227,182,239,468,501,192
GENE-15962,NO,564.3,253,311.3,1.232,0.3,5.0e-02,1.0e+00,0.6401,237,253,261,245,309,318,307
GENE-13981,NO,269,191,78,0.408,-1.3,5.0e-02,1.0e+00,0.6401,237,114,110,349,117,46,71
GENE-9025,NO,161,120,41,0.341,-1.6,5.0e-02,1.0e+00,0.644,240,37,143,180,21,30,72
GENE-9513,NO,1956.7,1186.7,770,0.649,-0.6,5.1e-02,1.0e+00,0.6472,241,897,1616,1047,881,596,833
GENE-3416,NO,66.3,38.3,28,0.726,-0.5,5.1e-02,1.0e+00,0.6472,242,38,38,39,33,25,26
GENE-13556,NO,114.7,47.7,67,1.394,0.5,5.1e-02,1.0e+00,0.6479,243,46,52,45,81,65,55
GENE-10141,NO,97.3,59.3,38,0.637,-0.7,5.1e-02,1.0e+00,0.649,244,65,38,75,34,41,39
GENE-8841,NO,30.7,19.7,11,0.558,-0.8,5.2e-02,1.0e+00,0.6512,245,28,14,17,14,11,8
GENE-4665,NO,472,172.3,299.7,1.736,0.8,5.2e-02,1.0e+00,0.6512,246,213,208,96,361,319,219
GENE-12840,YES,40,24.7,15.3,0.619,-0.7,5.2e-02,1.0e+00,0.6542,248,30,21,23,12,21,13
GENE-1019,NO,33.7,21.3,12.3,0.576,-0.8,5.2e-02,1.0e+00,0.6542,249,17,22,25,15,15,7
GENE-17402,NO,4742.7,2684.7,2058,0.767,-0.4,5.3e-02,1.0e+00,0.6542,249,2279,3036,2739,1805,2211,2158
GENE-17073,NO,443.3,252.7,190.7,0.755,-0.4,5.3e-02,1.0e+00,0.6542,250,214,298,246,185,178,209
GENE-18993,NO,1979.3,862.7,1116.7,1.294,0.4,5.3e-02,1.0e+00,0.6542,251,957,910,721,1160,1172,1018
GENE-14563,NO,78.7,47,31.7,0.67,-0.6,5.3e-02,1.0e+00,0.6551,252,45,42,54,30,41,24
GENE-6896,NO,124.7,52,72.7,1.386,0.5,5.3e-02,1.0e+00,0.6551,252,60,55,41,70,68,80
GENE-3371,NO,91,55.7,35.3,0.631,-0.7,5.4e-02,1.0e+00,0.6587,254,40,68,59,36,26,44
GENE-8675,NO,1840.7,1105.7,735,0.665,-0.6,5.4e-02,1.0e+00,0.6587,255,1339,1053,925,892,501,812
GENE-13466,NO,333,136,197,1.448,0.5,5.4e-02,1.0e+00,0.6587,256,117,159,132,177,158,256
GENE-3188,NO,469,176,293,1.661,0.7,5.4e-02,1.0e+00,0.6587,256,129,178,221,376,181,322
GENE-3284,NO,218.7,124.3,94.3,0.755,-0.4,5.4e-02,1.0e+00,0.6587,257,120,136,117,87,85,111
GENE-52,NO,700,311.7,388.3,1.246,0.3,5.4e-02,1.0e+00,0.6587,258,304,345,286,388,389,388
GENE-13886,YES,56,23.7,32.3,1.355,0.4,5.4e-02,1.0e+00,0.6587,258,25,21,25,33,31,33
GENE-13035,NO,1458,628.3,829.7,1.32,0.4,5.4e-02,1.0e+00,0.6587,259,737,612,536,929,826,734
GENE-3025,NO,87,36.3,50.7,1.383,0.5,5.5e-02,1.0e+00,0.6587,260,31,42,36,53,44,55
GENE-14127,NO,74.7,30,44.7,1.476,0.6,5.5e-02,1.0e+00,0.6587,260,34,29,27,58,37,39
GENE-18853,NO,845,478,367,0.768,-0.4,5.5e-02,1.0e+00,0.6587,261,482,527,425,322,424,355
GENE-86,NO,839.3,475.3,364,0.766,-0.4,5.5e-02,1.0e+00,0.6587,262,470,500,456,402,397,293
GENE-11029,NO,119.3,50.3,69,1.36,0.4,5.6e-02,1.0e+00,0.6658,265,48,51,52,82,57,68
GENE-8594,NO,401,169.3,231.7,1.367,0.5,5.6e-02,1.0e+00,0.6691,267,194,138,176,235,194,266
GENE-13121,NO,515.3,212.7,302.7,1.422,0.5,5.6e-02,1.0e+00,0.6711,268,198,241,199,326,217,365
GENE-2072,NO,1262.7,561.7,701,1.248,0.3,5.7e-02,1.0e+00,0.6754,271,600,595,490,707,707,689
GENE-10702,YES,22.3,8.7,13.7,1.557,0.6,5.7e-02,1.0e+00,0.6754,272,9,10,7,11,15,15
GENE-16590,NO,1212,717.3,494.7,0.69,-0.5,5.7e-02,1.0e+00,0.6754,272,788,699,665,536,613,335
GENE-304,NO,417.7,177.7,240,1.349,0.4,5.7e-02,1.0e+00,0.6773,274,159,183,191,297,215,208
GENE-13586,NO,23,13.7,9.3,0.681,-0.6,5.8e-02,1.0e+00,0.6776,274,13,14,14,10,8,10
GENE-15731,NO,2334.3,1440.7,893.7,0.62,-0.7,5.8e-02,1.0e+00,0.6792,276,939,1258,2125,924,997,760
GENE-6742,NO,2072,895,1177,1.315,0.4,5.9e-02,1.0e+00,0.6817,277,943,791,951,952,1252,1327
GENE-8662,NO,39.7,14.7,25,1.686,0.8,5.9e-02,1.0e+00,0.6817,278,19,12,13,27,32,16
GENE-4335,YES,1388,586.7,801.3,1.365,0.4,5.9e-02,1.0e+00,0.6817,279,587,611,562,1035,655,714
GENE-15739,NO,1439.3,807.3,632,0.783,-0.4,5.9e-02,1.0e+00,0.6817,280,919,824,679,658,600,638
GENE-17306,NO,66,44.7,21.3,0.476,-1.1,5.9e-02,1.0e+00,0.6817,280,32,60,42,12,14,38
GENE-11216,NO,84.7,49,35.7,0.723,-0.5,5.9e-02,1.0e+00,0.6817,281,41,58,48,36,32,39
GENE-9091,YES,414.3,152,262.3,1.722,0.8,5.9e-02,1.0e+00,0.682,282,141,104,211,365,245,177
GENE-197,NO,26153,11562.7,14590.3,1.262,0.3,6.0e-02,1.0e+00,0.6858,284,10455,12745,11488,16107,14786,12878
GENE-17992,NO,380.7,160.7,220,1.368,0.5,6.0e-02,1.0e+00,0.6884,286,153,154,175,170,219,271
GENE-13208,NO,693,392,301,0.768,-0.4,6.0e-02,1.0e+00,0.6884,286,410,341,425,345,258,300
GENE-392,NO,40,25.3,14.7,0.577,-0.8,6.0e-02,1.0e+00,0.6903,288,22,19,35,20,10,14
GENE-19471,NO,733.3,429,304.3,0.71,-0.5,6.1e-02,1.0e+00,0.698,292,401,394,492,256,401,256
GENE-6850,NO,78.3,52,26.3,0.504,-1,6.2e-02,1.0e+00,0.7002,293,72,48,36,28,12,39
GENE-17512,NO,1737.3,771,966.3,1.254,0.3,6.2e-02,1.0e+00,0.7025,295,753,876,684,1024,938,937
GENE-7578,NO,274,108,166,1.533,0.6,6.2e-02,1.0e+00,0.7033,296,71,119,134,129,192,177
GENE-5296,NO,602.3,333.3,269,0.807,-0.3,6.3e-02,1.0e+00,0.7059,298,345,355,300,275,277,255
GENE-1473,NO,102.7,44.7,58,1.288,0.4,6.3e-02,1.0e+00,0.7059,299,43,46,45,63,55,56
GENE-8383,YES,735,435.7,299.3,0.688,-0.5,6.3e-02,1.0e+00,0.7066,300,582,332,393,325,328,245
GENE-556,NO,150.7,90,60.7,0.672,-0.6,6.3e-02,1.0e+00,0.7068,300,60,117,93,62,56,64
GENE-6773,NO,275,110,165,1.5,0.6,6.3e-02,1.0e+00,0.7068,301,107,82,141,130,158,207
GENE-9106,NO,178.3,69.3,109,1.564,0.6,6.4e-02,1.0e+00,0.7068,302,77,63,68,125,137,65
GENE-17679,NO,70.7,21,49.7,2.34,1.2,6.4e-02,1.0e+00,0.7068,303,7,17,39,52,64,33
GENE-17701,NO,2813.7,2258.3,555.3,0.246,-2,6.4e-02,1.0e+00,0.707,303,5168,504,1103,420,232,1014
GENE-4089,NO,2895.7,1236.7,1659,1.342,0.4,6.4e-02,1.0e+00,0.707,304,1407,964,1339,1834,1722,1421
GENE-3094,NO,32.3,20.3,12,0.588,-0.8,6.4e-02,1.0e+00,0.707,305,29,19,13,10,14,12
GENE-19422,NO,129.3,49.7,79.7,1.59,0.7,6.4e-02,1.0e+00,0.707,305,62,56,31,61,96,82
GENE-1472,NO,2278.7,1904.7,374,0.196,-2.3,6.4e-02,1.0e+00,0.707,306,2509,2727,478,659,437,26
GENE-3063,NO,63.7,37,26.7,0.717,-0.5,6.5e-02,1.0e+00,0.707,307,39,31,41,28,30,22
GENE-9734,NO,2698,1655,1043,0.63,-0.7,6.5e-02,1.0e+00,0.707,308,1155,2522,1288,957,1071,1101
GENE-9342,NO,1226.7,481.3,745.3,1.548,0.6,6.5e-02,1.0e+00,0.7078,309,555,300,589,790,867,579
GENE-14980,NO,97.7,62.3,35.3,0.566,-0.8,6.5e-02,1.0e+00,0.7078,309,47,80,60,51,36,19
GENE-19916,NO,28,9.3,18.7,1.973,1,6.5e-02,1.0e+00,0.7078,310,8,5,15,26,17,13
GENE-4281,NO,46,27,19,0.7,-0.5,6.5e-02,1.0e+00,0.7082,311,29,26,26,24,16,17
GENE-3238,NO,145.3,58,87.3,1.494,0.6,6.6e-02,1.0e+00,0.7102,312,58,50,66,116,61,85
GENE-7667,NO,63.3,24,39.3,1.624,0.7,6.6e-02,1.0e+00,0.7102,313,27,29,16,43,27,48
GENE-3965,NO,594.3,263.7,330.7,1.256,0.3,6.6e-02,1.0e+00,0.7102,314,251,288,252,315,373,304
GENE-10395,NO,22.3,9,13.3,1.464,0.6,6.6e-02,1.0e+00,0.7102,315,10,9,8,13,15,12
GENE-11010,NO,17.3,6,11.3,1.857,0.9,6.6e-02,1.0e+00,0.7102,315,6,9,3,14,10,10
GENE-12385,NO,907.3,506.7,400.7,0.791,-0.3,6.6e-02,1.0e+00,0.711,316,515,556,449,397,447,358
GENE-15141,NO,258.3,151.7,106.7,0.7,-0.5,6.7e-02,1.0e+00,0.7125,318,175,128,152,86,94,140
GENE-6141,NO,1027.3,593.3,434,0.731,-0.5,6.7e-02,1.0e+00,0.7133,319,549,578,653,317,463,522
GENE-11508,NO,1543.7,977.3,566.3,0.58,-0.8,6.7e-02,1.0e+00,0.7133,320,1214,709,1009,323,538,838
GENE-8527,NO,208,77.7,130.3,1.676,0.7,6.7e-02,1.0e+00,0.7133,320,84,95,54,80,129,182
GENE-11809,NO,28.3,11.7,16.7,1.414,0.5,6.8e-02,1.0e+00,0.7176,323,12,12,11,15,19,16
GENE-14629,NO,42.7,24.7,18,0.726,-0.5,6.8e-02,1.0e+00,0.7176,324,25,21,28,19,18,17
GENE-18509,YES,64,36.3,27.7,0.757,-0.4,6.8e-02,1.0e+00,0.7176,324,36,39,34,29,25,29
GENE-18605,NO,64.7,37,27.7,0.743,-0.4,6.9e-02,1.0e+00,0.7176,325,41,34,36,24,31,28
GENE-9795,NO,58.3,41.3,17,0.41,-1.3,6.9e-02,1.0e+00,0.7176,326,30,72,22,7,28,16
GENE-15484,NO,44,17.3,26.7,1.524,0.6,6.9e-02,1.0e+00,0.7176,327,22,14,16,32,20,28
GENE-18096,NO,369,216.7,152.3,0.703,-0.5,6.9e-02,1.0e+00,0.7183,328,172,269,209,186,120,151
GENE-10581,NO,1255.3,733,522.3,0.713,-0.5,6.9e-02,1.0e+00,0.7232,330,858,672,669,655,380,532
GENE-331,NO,1567,1034.3,532.7,0.515,-1,7.0e-02,1.0e+00,0.7232,331,1079,1352,672,422,287,889
GENE-10309,NO,77.3,30.3,47,1.536,0.6,7.0e-02,1.0e+00,0.7232,332,36,33,22,55,33,53
GENE-12962,NO,21.3,7,14.3,2.015,1,7.0e-02,1.0e+00,0.7245,333,4,8,9,10,10,23
GENE-12282,NO,140.3,58,82.3,1.409,0.5,7.0e-02,1.0e+00,0.7245,334,65,41,68,83,90,74
GENE-16177,NO,514.7,350.7,164,0.468,-1.1,7.1e-02,1.0e+00,0.7245,335,574,361,117,198,156,138
GENE-8409,NO,1648,951,697,0.733,-0.4,7.1e-02,1.0e+00,0.7245,335,922,780,1151,689,834,568
GENE-12568,NO,164,94.7,69.3,0.73,-0.5,7.1e-02,1.0e+00,0.7245,336,97,107,80,75,54,79
GENE-1496,NO,70.3,29,41.3,1.413,0.5,7.1e-02,1.0e+00,0.7246,337,35,23,29,48,41,35
GENE-14638,NO,37.3,15.3,22,1.421,0.5,7.1e-02,1.0e+00,0.7246,338,18,13,15,25,19,22
GENE-11870,NO,101.3,58,43.3,0.742,-0.4,7.1e-02,1.0e+00,0.7246,338,64,58,52,35,46,49
GENE-1027,NO,1729.3,1154.3,575,0.498,-1,7.1e-02,1.0e+00,0.7246,339,1328,965,1170,254,446,1025
GENE-10536,NO,286.7,120,166.7,1.385,0.5,7.2e-02,1.0e+00,0.7251,340,116,96,148,135,186,179
GENE-245,NO,191.3,108.3,83,0.763,-0.4,7.2e-02,1.0e+00,0.7251,341,125,99,101,77,96,76
GENE-1549,NO,37.3,29,8.3,0.288,-1.8,7.2e-02,1.0e+00,0.7251,342,20,51,16,0,13,12
GENE-15125,NO,420.3,188.7,231.7,1.226,0.3,7.2e-02,1.0e+00,0.7251,342,189,201,176,243,233,219
GENE-5877,NO,25.7,15.3,10.3,0.672,-0.6,7.2e-02,1.0e+00,0.7251,343,18,14,14,8,11,12
GENE-9095,NO,42.7,17.7,25,1.402,0.5,7.2e-02,1.0e+00,0.7251,344,22,15,16,25,26,24
GENE-16677,NO,208.3,83.7,124.7,1.483,0.6,7.3e-02,1.0e+00,0.7251,344,117,64,70,115,147,112
GENE-7118,NO,301,133.3,167.7,1.256,0.3,7.3e-02,1.0e+00,0.7251,345,122,141,137,174,148,181
GENE-1391,NO,208.7,115.3,93.3,0.806,-0.3,7.3e-02,1.0e+00,0.7251,346,120,120,106,91,97,92
GENE-19778,YES,1632.3,722.3,910,1.26,0.3,7.3e-02,1.0e+00,0.7251,347,737,798,632,849,850,1031
GENE-12603,NO,29.3,9.7,19.7,2.006,1,7.3e-02,1.0e+00,0.7251,347,9,13,7,32,17,10
GENE-2885,YES,757.3,138.7,618.7,4.466,2.2,7.3e-02,1.0e+00,0.7251,348,8,101,307,590,291,975
GENE-4603,NO,49,30,19,0.63,-0.7,7.4e-02,1.0e+00,0.7251,349,28,39,23,15,16,26
GENE-309,NO,113.3,64.3,49,0.757,-0.4,7.4e-02,1.0e+00,0.7251,349,60,71,62,56,41,50
GENE-14259,NO,841,346.7,494.3,1.427,0.5,7.4e-02,1.0e+00,0.7251,350,436,256,348,388,513,582
GENE-10715,NO,178.3,112.3,66,0.585,-0.8,7.4e-02,1.0e+00,0.7251,351,65,178,94,56,73,69
GENE-2227,NO,1491.7,616.7,875,1.418,0.5,7.5e-02,1.0e+00,0.7251,352,525,712,613,1093,610,922
GENE-9644,NO,2718.3,1159.3,1559,1.345,0.4,7.5e-02,1.0e+00,0.7251,352,905,1110,1463,1747,1497,1433
GENE-16865,NO,7744.7,3140.3,4604.3,1.466,0.6,7.5e-02,1.0e+00,0.7251,353,3412,1964,4045,4702,4919,4192
GENE-17956,NO,48.3,29,19.3,0.663,-0.6,7.5e-02,1.0e+00,0.7251,354,30,24,33,13,21,24
GENE-14392,NO,949.7,423,526.7,1.245,0.3,7.5e-02,1.0e+00,0.7251,355,470,377,422,579,486,515
GENE-1072,NO,84.7,36.3,48.3,1.32,0.4,7.6e-02,1.0e+00,0.7251,355,42,35,32,45,53,47
GENE-2084,NO,4449.3,2013.3,2436,1.21,0.3,7.6e-02,1.0e+00,0.7251,356,2203,1972,1865,2436,2534,2338
GENE-15863,NO,25.7,15.7,10,0.637,-0.7,7.6e-02,1.0e+00,0.7251,357,19,15,13,10,7,13
GENE-7618,NO,2068.7,910.7,1158,1.272,0.3,7.6e-02,1.0e+00,0.7251,357,806,1048,878,1320,1034,1120
GENE-14261,NO,4418.7,1995,2423.7,1.215,0.3,7.6e-02,1.0e+00,0.7251,358,2068,1837,2080,2286,2347,2638
GENE-19607,NO,3005.3,1695.3,1310,0.773,-0.4,7.6e-02,1.0e+00,0.7251,359,1510,2109,1467,1356,1231,1343
GENE-8690,NO,56.7,37.3,19.3,0.516,-1,7.6e-02,1.0e+00,0.7251,360,62,33,17,23,17,18
GENE-14606,NO,200.3,113.3,87,0.764,-0.4,7.6e-02,1.0e+00,0.7251,360,98,135,107,84,80,97
GENE-16584,NO,341.3,195,146.3,0.748,-0.4,7.6e-02,1.0e+00,0.7251,361,182,158,245,134,148,157
GENE-6172,NO,2540.7,855,1685.7,1.971,1,7.6e-02,1.0e+00,0.7251,362,672,643,1250,2750,802,1505
GENE-5749,NO,542,321.3,220.7,0.688,-0.5,7.7e-02,1.0e+00,0.7251,363,354,215,395,196,198,268
GENE-2456,NO,435.3,191.7,243.7,1.27,0.3,7.7e-02,1.0e+00,0.7251,363,192,170,213,279,225,227
GENE-14117,NO,145.7,81.3,64.3,0.786,-0.3,7.7e-02,1.0e+00,0.7251,364,83,73,88,71,61,61
GENE-13352,NO,394,159.3,234.7,1.472,0.6,7.7e-02,1.0e+00,0.7251,365,167,121,190,309,172,223
GENE-16863,NO,987.3,574.3,413,0.718,-0.5,7.7e-02,1.0e+00,0.7251,365,621,552,550,413,291,535
GENE-16648,NO,34197.7,19264,14933.7,0.775,-0.4,7.7e-02,1.0e+00,0.7251,366,18706,22325,16761,15291,17031,12479
GENE-13464,NO,35,23.3,11.7,0.499,-1,7.8e-02,1.0e+00,0.7251,367,32,24,14,5,18,12
GENE-18244,NO,28,16.7,11.3,0.678,-0.6,7.8e-02,1.0e+00,0.7251,368,17,14,19,9,11,14
GENE-9691,NO,1143,634.3,508.7,0.802,-0.3,7.8e-02,1.0e+00,0.7251,368,615,698,590,453,496,577
GENE-5360,NO,4811.3,2765.3,2046,0.74,-0.4,7.8e-02,1.0e+00,0.7251,369,2242,3146,2908,1658,2526,1954
GENE-18763,NO,1450.3,629,821.3,1.305,0.4,7.8e-02,1.0e+00,0.7251,370,646,690,551,743,1010,711
GENE-6144,NO,977,581.7,395.3,0.679,-0.6,7.8e-02,1.0e+00,0.7251,371,437,755,553,287,487,412
GENE-18902,NO,291,171.3,119.7,0.697,-0.5,7.8e-02,1.0e+00,0.7251,371,170,207,137,104,158,97
GENE-3390,NO,6810.3,3836.7,2973.7,0.775,-0.4,7.8e-02,1.0e+00,0.7251,372,3584,3304,4622,3373,2859,2689
GENE-1006,NO,60.3,25.3,35,1.37,0.5,7.9e-02,1.0e+00,0.7251,373,22,25,29,40,36,29
GENE-6689,NO,4729.3,1869,2860.3,1.531,0.6,7.9e-02,1.0e+00,0.7251,373,2136,2216,1255,2652,2098,3831
GENE-13793,NO,145,83.3,61.7,0.738,-0.4,7.9e-02,1.0e+00,0.7251,374,97,82,71,74,51,60
GENE-16599,NO,67,38,29,0.758,-0.4,7.9e-02,1.0e+00,0.7251,375,40,33,41,28,32,27
GENE-13037,NO,487.7,212,275.7,1.301,0.4,7.9e-02,1.0e+00,0.7251,376,187,244,205,243,329,255
GENE-1672,NO,1031.7,304.3,727.3,2.39,1.3,7.9e-02,1.0e+00,0.7251,376,70,398,445,502,872,808
GENE-16159,NO,4480,2519,1961,0.778,-0.4,7.9e-02,1.0e+00,0.7251,377,2292,2263,3002,1775,1852,2256
GENE-7022,NO,58.7,34.3,24.3,0.705,-0.5,7.9e-02,1.0e+00,0.7251,378,36,31,36,32,20,21
GENE-3158,NO,33.7,20,13.7,0.68,-0.6,8.0e-02,1.0e+00,0.7251,378,21,24,15,13,16,12
GENE-458,NO,127,54.7,72.3,1.313,0.4,8.0e-02,1.0e+00,0.7251,379,52,47,65,65,78,74
GENE-12823,NO,1293.7,711.7,582,0.818,-0.3,8.0e-02,1.0e+00,0.7251,380,765,721,649,550,557,639
GENE-10476,NO,77.7,46.3,31.3,0.672,-0.6,8.0e-02,1.0e+00,0.7251,381,54,49,36,24,28,42
GENE-19555,NO,532,307,225,0.734,-0.4,8.1e-02,1.0e+00,0.7288,383,405,261,255,202,233,240
GENE-5511,NO,1280.7,538,742.7,1.381,0.5,8.1e-02,1.0e+00,0.7319,386,389,560,665,816,792,620
GENE-15366,NO,4047.3,1804.3,2243,1.243,0.3,8.1e-02,1.0e+00,0.7327,387,1841,1912,1660,1898,2360,2471
GENE-9618,NO,95,54.3,40.7,0.744,-0.4,8.2e-02,1.0e+00,0.7355,389,63,54,46,46,42,34
GENE-15720,NO,236,133.3,102.7,0.769,-0.4,8.2e-02,1.0e+00,0.7355,390,118,127,155,118,101,89
GENE-19402,NO,32,13,19,1.446,0.5,8.2e-02,1.0e+00,0.7355,391,12,13,14,18,24,15
GENE-898,NO,396.7,176,220.7,1.252,0.3,8.2e-02,1.0e+00,0.7355,391,158,193,177,224,195,243
GENE-14711,NO,45.3,29.7,15.7,0.526,-0.9,8.2e-02,1.0e+00,0.7356,392,14,40,35,22,10,15
GENE-16583,NO,1333.7,796.7,537,0.674,-0.6,8.3e-02,1.0e+00,0.7375,394,602,676,1112,530,660,421
GENE-4313,NO,2091.3,1235,856.3,0.693,-0.5,8.3e-02,1.0e+00,0.7382,395,914,1481,1310,1125,666,778
GENE-13478,NO,107,60.3,46.7,0.769,-0.4,8.3e-02,1.0e+00,0.7382,396,64,51,66,44,44,52
GENE-725,YES,54.7,19,35.7,1.859,0.9,8.3e-02,1.0e+00,0.7382,396,15,11,31,46,39,22
GENE-2545,NO,945,419.3,525.7,1.254,0.3,8.3e-02,1.0e+00,0.7382,397,419,447,392,491,465,621
GENE-8374,YES,201,73,128,1.751,0.8,8.4e-02,1.0e+00,0.7403,399,33,105,81,100,151,133
GENE-7152,NO,317.7,131.3,186.3,1.42,0.5,8.4e-02,1.0e+00,0.7403,400,168,109,117,162,157,240
GENE-7600,NO,330.3,145.3,185,1.269,0.3,8.4e-02,1.0e+00,0.7403,400,148,142,146,157,219,179
GENE-12488,NO,128.3,72.7,55.7,0.761,-0.4,8.5e-02,1.0e+00,0.7403,401,72,59,87,59,54,54
GENE-514,YES,21,6.3,14.7,2.275,1.2,8.5e-02,1.0e+00,0.7403,402,13,3,3,12,11,21
GENE-14395,NO,37,22.7,14.3,0.63,-0.7,8.5e-02,1.0e+00,0.7403,403,27,26,15,13,19,11
GENE-2286,NO,51.7,22,29.7,1.337,0.4,8.5e-02,1.0e+00,0.7403,403,25,18,23,30,29,30
GENE-12306,NO,243,135.3,107.7,0.794,-0.3,8.5e-02,1.0e+00,0.7403,404,135,145,126,121,109,93
GENE-6159,NO,143.7,59.7,84,1.397,0.5,8.5e-02,1.0e+00,0.7418,406,79,49,51,81,74,97
GENE-12173,NO,362.7,163.3,199.3,1.22,0.3,8.6e-02,1.0e+00,0.7436,407,159,170,161,183,218,197
GENE-239,NO,2643.3,325,2318.3,7.13,2.8,8.6e-02,1.0e+00,0.744,408,587,13,375,3263,125,3567
GENE-12704,NO,306.7,96.7,210,2.169,1.1,8.6e-02,1.0e+00,0.745,410,105,130,55,391,141,98
GENE-7681,NO,71,30.3,40.7,1.33,0.4,8.6e-02,1.0e+00,0.7452,411,25,33,33,43,36,43
GENE-403,NO,82.3,35.3,47,1.319,0.4,8.7e-02,1.0e+00,0.7503,414,32,42,32,52,44,45
GENE-19623,NO,52.3,29.7,22.7,0.759,-0.4,8.7e-02,1.0e+00,0.7503,415,28,33,28,22,25,21
GENE-16629,NO,101.3,58.7,42.7,0.723,-0.5,8.7e-02,1.0e+00,0.7503,416,65,61,50,38,35,55
GENE-19595,NO,45.7,17.7,28,1.569,0.6,8.8e-02,1.0e+00,0.7515,417,14,24,15,24,38,22
GENE-17047,NO,6965.3,3937.3,3028,0.769,-0.4,8.8e-02,1.0e+00,0.7515,418,4120,3009,4683,2997,2792,3295
GENE-3022,NO,619.3,385,234.3,0.609,-0.7,8.8e-02,1.0e+00,0.7515,419,529,273,353,139,322,242
GENE-18886,NO,52,29.3,22.7,0.768,-0.4,8.8e-02,1.0e+00,0.7515,419,32,29,27,22,22,24
GENE-3993,NO,488.7,201.7,287,1.423,0.5,8.8e-02,1.0e+00,0.7515,420,196,237,172,342,329,190
GENE-7806,NO,814,281.3,532.7,1.894,0.9,8.8e-02,1.0e+00,0.7515,421,110,429,305,379,621,598
GENE-17417,NO,2447.7,1629,818.7,0.502,-1,8.9e-02,1.0e+00,0.7516,422,2423,1575,889,375,1259,822
GENE-3574,NO,102.7,62,40.7,0.652,-0.6,8.9e-02,1.0e+00,0.7516,422,78,58,50,46,25,51
GENE-5896,NO,74.7,32,42.7,1.323,0.4,8.9e-02,1.0e+00,0.7516,423,39,28,29,45,42,41
GENE-14589,NO,776,454.3,321.7,0.708,-0.5,8.9e-02,1.0e+00,0.7516,424,532,399,432,223,422,320
GENE-13432,NO,586.7,244.3,342.3,1.401,0.5,9.0e-02,1.0e+00,0.7516,425,208,260,265,310,464,253
GENE-4010,NO,147,59.3,87.7,1.466,0.6,9.0e-02,1.0e+00,0.7516,425,71,71,36,94,80,89
GENE-17555,NO,19.3,11.7,7.7,0.656,-0.6,9.0e-02,1.0e+00,0.7516,426,12,11,12,9,5,9
GENE-15374,NO,422.7,267.3,155.3,0.583,-0.8,9.0e-02,1.0e+00,0.7516,427,284,229,289,263,113,90
GENE-9318,NO,131.3,96,35.3,0.368,-1.4,9.0e-02,1.0e+00,0.7516,428,177,88,23,20,25,61
GENE-16443,NO,31,12.3,18.7,1.498,0.6,9.0e-02,1.0e+00,0.7516,428,14,13,10,22,13,21
GENE-9920,NO,402,231.7,170.3,0.735,-0.4,9.0e-02,1.0e+00,0.7516,429,190,313,192,163,176,172
GENE-19185,NO,140.3,80.3,60,0.745,-0.4,9.1e-02,1.0e+00,0.7552,432,61,87,93,64,52,64
GENE-3515,NO,1557.3,845.7,711.7,0.842,-0.2,9.1e-02,1.0e+00,0.7552,433,877,841,819,736,733,666
GENE-12443,NO,1001,410.3,590.7,1.439,0.5,9.1e-02,1.0e+00,0.7552,433,423,425,383,364,646,762
GENE-16135,NO,1719.7,1173.7,546,0.465,-1.1,9.1e-02,1.0e+00,0.7552,434,894,1466,1161,652,837,149
GENE-17945,NO,1389.3,761.3,628,0.825,-0.3,9.1e-02,1.0e+00,0.7552,435,858,700,726,593,641,650
GENE-10008,NO,47,29.3,17.7,0.6,-0.7,9.2e-02,1.0e+00,0.7552,436,29,28,31,21,8,24
GENE-17953,NO,133.3,79,54.3,0.686,-0.5,9.2e-02,1.0e+00,0.7562,437,83,101,53,66,51,46
GENE-17005,NO,1441.7,622.7,819,1.315,0.4,9.2e-02,1.0e+00,0.7579,439,581,596,691,950,902,605
GENE-4715,NO,59.7,24.3,35.3,1.439,0.5,9.3e-02,1.0e+00,0.7602,441,18,24,31,28,40,38
GENE-6732,NO,141,61.3,79.7,1.289,0.4,9.3e-02,1.0e+00,0.7602,442,57,58,69,69,93,77
GENE-6250,YES,338.7,143.3,195.3,1.358,0.4,9.3e-02,1.0e+00,0.7625,444,148,126,156,155,257,174
GENE-8879,NO,822,474.7,347.3,0.732,-0.5,9.3e-02,1.0e+00,0.7625,445,414,558,452,275,458,309
GENE-5991,NO,82.7,32.3,50.3,1.543,0.6,9.4e-02,1.0e+00,0.7625,445,36,36,25,58,63,30
GENE-12503,NO,132.3,47.3,85,1.78,0.8,9.4e-02,1.0e+00,0.7671,449,32,66,44,49,71,135
GENE-12754,NO,3575.3,1639.7,1935.7,1.18,0.2,9.4e-02,1.0e+00,0.7673,450,1628,1577,1714,1936,2010,1861
GENE-2554,NO,23,9.3,13.7,1.448,0.5,9.5e-02,1.0e+00,0.77,452,11,7,10,14,15,12
GENE-2657,NO,247.7,101.7,146,1.437,0.5,9.5e-02,1.0e+00,0.7702,453,142,91,72,161,125,152
GENE-8984,NO,7829.3,3217.7,4611.7,1.433,0.5,9.6e-02,1.0e+00,0.7702,454,3842,3794,2017,4075,4346,5414
GENE-19474,NO,142,82.3,59.7,0.723,-0.5,9.6e-02,1.0e+00,0.7702,454,101,85,61,65,66,48
GENE-9974,NO,267.7,113.7,154,1.351,0.4,9.6e-02,1.0e+00,0.7702,455,129,126,86,140,187,135
GENE-8810,NO,4658.7,1661,2997.7,1.805,0.9,9.6e-02,1.0e+00,0.7702,456,2232,1749,1002,1855,2187,4951
GENE-5262,YES,394.3,264.3,130,0.492,-1,9.6e-02,1.0e+00,0.7702,457,211,326,256,143,39,208
GENE-1948,NO,530.3,238,292.3,1.227,0.3,9.7e-02,1.0e+00,0.7702,458,271,219,224,267,297,313
GENE-13581,NO,62,23.7,38.3,1.605,0.7,9.7e-02,1.0e+00,0.7702,458,21,17,33,26,53,36
GENE-4299,NO,51,22,29,1.307,0.4,9.7e-02,1.0e+00,0.7702,459,19,23,24,28,28,31
GENE-17817,NO,2907.3,1292.7,1614.7,1.249,0.3,9.7e-02,1.0e+00,0.7702,460,1104,1500,1274,1505,1819,1520
GENE-19821,NO,51,30.3,20.7,0.678,-0.6,9.7e-02,1.0e+00,0.7702,461,37,19,35,21,19,22
GENE-11962,NO,20,7.3,12.7,1.703,0.8,9.7e-02,1.0e+00,0.7702,461,11,4,7,10,12,16
GENE-16998,NO,222.3,126,96.3,0.761,-0.4,9.7e-02,1.0e+00,0.7702,462,135,124,119,89,78,122
GENE-9692,NO,43.7,30.7,13,0.423,-1.2,9.8e-02,1.0e+00,0.7702,463,28,47,17,27,6,6
GENE-29,NO,718.3,319.3,399,1.25,0.3,9.8e-02,1.0e+00,0.7702,464,327,328,303,449,321,427
GENE-14508,NO,187.3,79.3,108,1.356,0.4,9.8e-02,1.0e+00,0.7702,464,83,56,99,116,106,102
GENE-15539,NO,59,11,48,4.294,2.1,9.8e-02,1.0e+00,0.7702,465,13,20,0,33,8,103
GENE-9316,NO,317,132.3,184.7,1.394,0.5,9.8e-02,1.0e+00,0.7702,466,104,116,177,158,223,173
GENE-6089,NO,76.3,33.7,42.7,1.257,0.3,9.8e-02,1.0e+00,0.7702,467,34,36,31,43,43,42
GENE-3943,NO,1007.3,458.7,548.7,1.197,0.3,9.9e-02,1.0e+00,0.7702,468,462,446,468,490,569,587
GENE-13560,NO,143.3,60,83.3,1.378,0.5,9.9e-02,1.0e+00,0.7702,468,51,51,78,76,73,101
GENE-4363,NO,131.3,77,54.3,0.701,-0.5,9.9e-02,1.0e+00,0.7702,469,77,56,98,41,62,60
GENE-11157,NO,707.3,315.7,391.7,1.242,0.3,9.9e-02,1.0e+00,0.7702,470,274,373,300,362,405,408
GENE-3660,NO,574.3,318,256.3,0.807,-0.3,9.9e-02,1.0e+00,0.7702,471,267,338,349,279,253,237
GENE-15102,NO,32,13.3,18.7,1.387,0.5,9.9e-02,1.0e+00,0.7702,471,14,11,15,22,17,17
GENE-9141,NO,86,37,49,1.314,0.4,9.9e-02,1.0e+00,0.7702,472,32,35,44,43,49,55
GENE-3313,NO,40.3,14.3,26,1.795,0.8,9.9e-02,1.0e+00,0.7702,473,8,11,24,26,18,34
GENE-10316,NO,203,86.7,116.3,1.336,0.4,9.9e-02,1.0e+00,0.7702,474,111,67,82,104,120,125
GENE-7764,NO,1521.7,842,679.7,0.807,-0.3,1.0e-01,1.0e+00,0.7706,475,696,863,967,726,659,654
GENE-657,NO,120.3,68.7,51.7,0.747,-0.4,1.0e-01,1.0e+00,0.7743,478,52,70,84,50,57,48
GENE-243,NO,35,14.3,20.7,1.428,0.5,1.0e-01,1.0e+00,0.778,481,12,12,19,21,18,23
GENE-11150,NO,149,83,66,0.793,-0.3,1.0e-01,1.0e+00,0.7806,483,86,75,88,63,76,59
GENE-11267,NO,171,63,108,1.708,0.8,1.0e-01,1.0e+00,0.7814,484,38,104,47,84,96,144
GENE-12697,NO,2521,1422,1099,0.773,-0.4,1.0e-01,1.0e+00,0.7814,485,1462,1463,1341,1010,1408,879
GENE-15325,NO,74.3,41.3,33,0.793,-0.3,1.0e-01,1.0e+00,0.7814,486,40,40,44,31,32,36
GENE-4114,NO,1582.7,991.7,591,0.596,-0.7,1.0e-01,1.0e+00,0.7814,487,1558,482,935,479,648,646
GENE-10001,NO,538.3,424,114.3,0.269,-1.9,1.0e-01,1.0e+00,0.7814,488,197,1025,50,58,189,96
GENE-7018,NO,3042,1283,1759,1.371,0.5,1.0e-01,1.0e+00,0.7814,488,1103,1343,1403,1396,2413,1468
GENE-19874,NO,77,44,33,0.745,-0.4,1.0e-01,1.0e+00,0.7814,489,53,42,37,27,36,36
GENE-8169,NO,26.3,10.3,16,1.53,0.6,1.0e-01,1.0e+00,0.7814,490,8,13,10,11,20,17
GENE-6015,NO,171.7,95.3,76.3,0.798,-0.3,1.0e-01,1.0e+00,0.7814,491,83,99,104,75,69,85
GENE-37,NO,6484.3,2669.7,3814.7,1.429,0.5,1.0e-01,1.0e+00,0.7814,491,2703,2513,2793,5522,2584,3338
GENE-10893,NO,862.7,375,487.7,1.3,0.4,1.0e-01,1.0e+00,0.7814,492,392,354,379,442,391,630
GENE-19282,NO,50,21.3,28.7,1.332,0.4,1.0e-01,1.0e+00,0.7814,493,24,21,19,29,24,33
GENE-16408,NO,2134.3,783.3,1351,1.724,0.8,1.0e-01,1.0e+00,0.7814,494,1033,953,364,1043,1111,1899
GENE-1891,NO,153.3,68.3,85,1.24,0.3,1.0e-01,1.0e+00,0.7814,495,62,79,64,86,85,84
GENE-5406,NO,30847.7,14155.7,16692,1.179,0.2,1.0e-01,1.0e+00,0.7814,495,15153,14229,13085,17497,16624,15955
GENE-13925,NO,98,43.7,54.3,1.235,0.3,1.0e-01,1.0e+00,0.7814,496,42,43,46,54,52,57
GENE-10847,NO,127,54.7,72.3,1.312,0.4,1.1e-01,1.0e+00,0.7814,497,50,63,51,64,89,64
GENE-10121,NO,32.7,23,9.7,0.42,-1.3,1.1e-01,1.0e+00,0.7814,498,22,37,10,13,2,14
GENE-14678,NO,44.3,26.3,18,0.68,-0.6,1.1e-01,1.0e+00,0.7814,499,22,23,34,24,15,15
GENE-10560,NO,29.3,17.7,11.7,0.658,-0.6,1.1e-01,1.0e+00,0.7814,499,12,22,19,10,10,15
GENE-13500,NO,404.3,175,229.3,1.309,0.4,1.1e-01,1.0e+00,0.7814,500,207,137,181,189,251,248
GENE-4611,NO,986,388,598,1.542,0.6,1.1e-01,1.0e+00,0.7814,501,593,247,324,544,734,516
GENE-4421,NO,100.3,56,44.3,0.786,-0.3,1.1e-01,1.0e+00,0.7814,502,64,49,55,42,49,42
GENE-8898,NO,1409.3,767.7,641.7,0.836,-0.3,1.1e-01,1.0e+00,0.7814,502,756,754,793,614,590,721
GENE-13096,NO,31,19,12,0.629,-0.7,1.1e-01,1.0e+00,0.7814,503,21,18,18,14,16,6
GENE-3046,NO,127.7,71.7,56,0.78,-0.4,1.1e-01,1.0e+00,0.7814,504,71,83,61,51,64,53
GENE-13132,NO,1047.3,476.7,570.7,1.197,0.3,1.1e-01,1.0e+00,0.7814,505,508,497,425,583,534,595
GENE-9982,NO,666.3,284.7,381.7,1.341,0.4,1.1e-01,1.0e+00,0.7814,506,355,214,285,398,310,437
GENE-18270,NO,197.7,111.3,86.3,0.772,-0.4,1.1e-01,1.0e+00,0.7814,506,111,112,111,102,92,65
GENE-10787,NO,15445.3,6562.3,8883,1.354,0.4,1.1e-01,1.0e+00,0.7814,507,7700,7305,4682,9894,9716,7039
GENE-2561,NO,156.3,86.3,70,0.808,-0.3,1.1e-01,1.0e+00,0.7814,508,93,81,85,72,76,62
GENE-8796,YES,942.3,349.7,592.7,1.694,0.8,1.1e-01,1.0e+00,0.7814,509,227,304,518,318,748,712
GENE-8421,NO,3276.7,1464.3,1812.3,1.238,0.3,1.1e-01,1.0e+00,0.7814,510,1406,1461,1526,2154,1782,1501
GENE-2976,NO,100.3,43.7,56.7,1.288,0.4,1.1e-01,1.0e+00,0.7814,510,45,43,43,63,45,62
GENE-13564,NO,1562.3,699.3,863,1.234,0.3,1.1e-01,1.0e+00,0.7814,511,649,682,767,989,876,724
GENE-8235,NO,276.7,156.3,120.3,0.766,-0.4,1.1e-01,1.0e+00,0.7814,512,168,136,165,120,94,147
GENE-5578,NO,47.3,29.7,17.7,0.593,-0.8,1.1e-01,1.0e+00,0.782,513,36,20,33,9,18,26
GENE-19510,NO,233.3,132.3,101,0.76,-0.4,1.1e-01,1.0e+00,0.782,514,137,144,116,122,76,105
GENE-969,NO,32.7,20,12.7,0.631,-0.7,1.1e-01,1.0e+00,0.7826,515,11,25,24,11,15,12
GENE-1855,NO,48.7,20,28.7,1.42,0.5,1.1e-01,1.0e+00,0.7843,517,23,23,14,32,23,31
GENE-12612,NO,5330.3,2900.3,2430,0.838,-0.3,1.1e-01,1.0e+00,0.7846,518,2927,2887,2887,2763,2240,2287
GENE-8132,NO,181.3,102.3,79,0.769,-0.4,1.1e-01,1.0e+00,0.7846,519,99,122,86,87,65,85
GENE-12205,YES,158.3,16.3,142,8.614,3.1,1.1e-01,1.0e+00,0.7869,521,49,0,0,5,343,78
GENE-7980,NO,499.7,274.7,225,0.821,-0.3,1.1e-01,1.0e+00,0.7881,522,256,251,317,240,216,219
GENE-6296,NO,505.3,277.7,227.7,0.822,-0.3,1.1e-01,1.0e+00,0.7936,527,286,277,270,204,214,265
GENE-7947,NO,409.3,174.3,235,1.347,0.4,1.1e-01,1.0e+00,0.7943,528,199,124,200,199,231,275
GENE-6894,NO,780.7,431.3,349.3,0.81,-0.3,1.1e-01,1.0e+00,0.7943,529,508,372,414,380,325,343
GENE-1127,NO,38.7,13.3,25.3,1.878,0.9,1.1e-01,1.0e+00,0.7943,530,23,9,8,15,37,24
GENE-5443,NO,187.7,77.3,110.3,1.422,0.5,1.1e-01,1.0e+00,0.7943,531,48,93,91,118,93,120
GENE-19477,NO,399.3,223.7,175.7,0.785,-0.3,1.1e-01,1.0e+00,0.7943,531,274,220,177,187,167,173
GENE-2523,NO,315,135.3,179.7,1.328,0.4,1.1e-01,1.0e+00,0.7943,532,102,131,173,172,163,204
GENE-8011,NO,788.3,276.7,511.7,1.849,0.9,1.1e-01,1.0e+00,0.7964,534,447,247,136,680,582,273
GENE-15375,NO,4482.7,2487,1995.7,0.802,-0.3,1.1e-01,1.0e+00,0.7984,536,2820,2046,2595,2210,1733,2044
GENE-5505,NO,217.3,125.7,91.7,0.727,-0.5,1.1e-01,1.0e+00,0.7984,537,150,108,119,123,81,71
GENE-8640,NO,824,339.7,484.3,1.426,0.5,1.1e-01,1.0e+00,0.7984,538,322,437,260,334,618,501
GENE-624,NO,179,76.3,102.7,1.345,0.4,1.1e-01,1.0e+00,0.7984,539,60,78,91,82,100,126
GENE-2978,NO,185.3,71,114.3,1.61,0.7,1.1e-01,1.0e+00,0.7984,540,63,85,65,186,86,71
GENE-19727,NO,215.3,91.7,123.7,1.347,0.4,1.1e-01,1.0e+00,0.7984,540,74,125,76,129,114,128
GENE-18498,NO,527,204.3,322.7,1.58,0.7,1.1e-01,1.0e+00,0.7984,541,274,98,241,299,378,291
GENE-4799,NO,42.3,18,24.3,1.34,0.4,1.1e-01,1.0e+00,0.7984,542,18,19,17,28,19,26
GENE-10617,NO,21,8,13,1.604,0.7,1.1e-01,1.0e+00,0.7984,543,9,5,10,18,11,10
GENE-1311,NO,132,75,57,0.758,-0.4,1.1e-01,1.0e+00,0.7984,544,59,88,78,68,53,50
GENE-9476,NO,393.7,174.7,219,1.252,0.3,1.1e-01,1.0e+00,0.7984,544,146,214,164,221,222,214
GENE-18680,NO,41,24,17,0.705,-0.5,1.1e-01,1.0e+00,0.7984,545,32,20,20,18,19,14
GENE-15146,NO,144,63.3,80.7,1.264,0.3,1.1e-01,1.0e+00,0.7984,546,58,70,62,90,67,85
GENE-5193,NO,2319,1278,1041,0.815,-0.3,1.2e-01,1.0e+00,0.7992,547,1068,1333,1433,1071,929,1123
GENE-14188,NO,356.7,209.3,147.3,0.705,-0.5,1.2e-01,1.0e+00,0.7992,548,204,173,251,134,103,205
GENE-12521,NO,86.7,36.3,50.3,1.374,0.5,1.2e-01,1.0e+00,0.7992,549,31,36,42,62,53,36
GENE-18477,NO,132.3,74,58.3,0.786,-0.3,1.2e-01,1.0e+00,0.7992,550,68,90,64,56,56,63
GENE-15520,NO,378,169,209,1.236,0.3,1.2e-01,1.0e+00,0.7992,551,152,151,204,209,211,207
GENE-8997,NO,397,176.3,220.7,1.25,0.3,1.2e-01,1.0e+00,0.7992,551,212,166,151,242,217,203
GENE-15100,NO,2118,953.7,1164.3,1.221,0.3,1.2e-01,1.0e+00,0.7992,552,1066,1016,779,1216,1133,1144
GENE-11904,NO,104.7,60,44.7,0.74,-0.4,1.2e-01,1.0e+00,0.7992,553,78,47,55,51,44,39
GENE-9183,NO,46.7,20,26.7,1.322,0.4,1.2e-01,1.0e+00,0.7992,554,23,19,18,23,26,31
GENE-16062,NO,58.7,24,34.7,1.432,0.5,1.2e-01,1.0e+00,0.7993,555,18,26,28,35,25,44
GENE-16725,NO,1270,700,570,0.814,-0.3,1.2e-01,1.0e+00,0.7993,556,604,799,697,623,589,498
GENE-5239,NO,208,83.3,124.7,1.489,0.6,1.2e-01,1.0e+00,0.8007,557,88,47,115,117,110,147
GENE-9606,NO,852.3,391.3,461,1.178,0.2,1.2e-01,1.0e+00,0.8007,558,410,405,359,451,481,451
GENE-19389,NO,935.3,515.7,419.7,0.814,-0.3,1.2e-01,1.0e+00,0.8007,559,427,599,521,404,403,452
GENE-11365,NO,1823.3,1034,789.3,0.764,-0.4,1.2e-01,1.0e+00,0.8007,560,786,1044,1272,813,900,655
GENE-7466,NO,6718.7,2988.7,3730,1.248,0.3,1.2e-01,1.0e+00,0.8007,561,3572,2521,2873,3607,4241,3342
GENE-11874,NO,25,14.7,10.3,0.702,-0.5,1.2e-01,1.0e+00,0.8007,561,18,11,15,9,12,10
GENE-14834,NO,5436.3,2948,2488.3,0.844,-0.2,1.2e-01,1.0e+00,0.8007,562,2930,2826,3088,2518,2219,2728
GENE-1070,NO,1008.7,561,447.7,0.798,-0.3,1.2e-01,1.0e+00,0.8007,563,574,613,496,524,360,459
GENE-15726,NO,20100,8170.7,11929.3,1.46,0.5,1.2e-01,1.0e+00,0.8009,564,8924,10975,4613,11151,13557,11080
GENE-17923,NO,594,202.3,391.7,1.937,1,1.2e-01,1.0e+00,0.8009,565,295,243,69,291,295,589
GENE-8748,NO,100.3,44.3,56,1.253,0.3,1.2e-01,1.0e+00,0.8009,565,38,49,46,52,60,56
GENE-16357,YES,254.7,100.3,154.3,1.536,0.6,1.2e-01,1.0e+00,0.8051,569,128,87,86,130,99,234
GENE-6530,NO,115,48,67,1.385,0.5,1.2e-01,1.0e+00,0.8054,570,38,40,66,65,58,78
GENE-18737,NO,33.7,13.7,20,1.449,0.5,1.2e-01,1.0e+00,0.8054,571,18,12,11,24,15,21
GENE-7964,NO,249.3,112.3,137,1.217,0.3,1.2e-01,1.0e+00,0.8054,572,123,108,106,123,136,152
GENE-1857,NO,441,247,194,0.787,-0.3,1.2e-01,1.0e+00,0.8054,573,199,238,304,192,176,214
GENE-19803,NO,2445,1357,1088,0.802,-0.3,1.2e-01,1.0e+00,0.8054,573,1180,1446,1445,888,1101,1275
GENE-4285,NO,3207.7,1756,1451.7,0.827,-0.3,1.2e-01,1.0e+00,0.8054,574,1899,1758,1611,1232,1527,1596
GENE-17205,NO,1146,744.7,401.3,0.539,-0.9,1.2e-01,1.0e+00,0.8055,575,1113,243,878,476,319,409
GENE-8959,NO,721,408.3,312.7,0.766,-0.4,1.2e-01,1.0e+00,0.8069,577,399,321,505,284,377,277
GENE-8071,NO,83,32,51,1.58,0.7,1.2e-01,1.0e+00,0.8069,578,27,37,32,29,45,79
GENE-13737,NO,1193.7,672,521.7,0.776,-0.4,1.2e-01,1.0e+00,0.807,579,594,643,779,453,448,664
GENE-14835,NO,1365.7,584.3,781.3,1.336,0.4,1.2e-01,1.0e+00,0.807,579,619,476,658,942,551,851
GENE-12118,NO,47.7,20.7,27,1.295,0.4,1.2e-01,1.0e+00,0.807,580,20,19,23,23,29,29
GENE-16602,NO,403.7,168,235.7,1.398,0.5,1.2e-01,1.0e+00,0.807,581,169,210,125,245,295,167
GENE-7813,NO,80,45.7,34.3,0.747,-0.4,1.2e-01,1.0e+00,0.811,585,44,57,36,39,35,29
GENE-6177,NO,395.7,163,232.7,1.426,0.5,1.2e-01,1.0e+00,0.8169,590,164,160,165,269,133,296
GENE-15916,NO,66.7,38,28.7,0.75,-0.4,1.2e-01,1.0e+00,0.8169,591,43,38,33,23,27,36
GENE-13998,NO,1053,480,573,1.193,0.3,1.2e-01,1.0e+00,0.8169,591,493,433,514,620,584,515
GENE-8020,NO,76.7,46.3,30.3,0.651,-0.6,1.2e-01,1.0e+00,0.8171,592,63,34,42,44,21,26
GENE-16457,NO,25.3,15.7,9.7,0.616,-0.7,1.2e-01,1.0e+00,0.8172,593,10,13,24,11,11,7
GENE-2971,NO,55,31,24,0.77,-0.4,1.2e-01,1.0e+00,0.8175,594,33,28,32,29,21,22
GENE-13955,NO,1937,1122,815,0.726,-0.5,1.3e-01,1.0e+00,0.8181,596,778,1393,1195,734,1036,675
GENE-125,NO,838.3,468.3,370,0.79,-0.3,1.3e-01,1.0e+00,0.8202,598,430,567,408,402,303,405
GENE-7905,NO,63.3,36,27.3,0.755,-0.4,1.3e-01,1.0e+00,0.8202,599,38,29,41,25,24,33
GENE-3862,NO,35.7,21,14.7,0.695,-0.5,1.3e-01,1.0e+00,0.8202,600,18,18,27,11,19,14
GENE-526,NO,1029.7,570,459.7,0.806,-0.3,1.3e-01,1.0e+00,0.8202,600,466,652,592,415,522,442
GENE-9580,NO,31,17.7,13.3,0.751,-0.4,1.3e-01,1.0e+00,0.8256,605,16,16,21,14,12,14
GENE-11112,NO,93.7,51.7,42,0.808,-0.3,1.3e-01,1.0e+00,0.8262,606,56,48,51,40,39,47
GENE-13499,NO,1140.7,460,680.7,1.478,0.6,1.3e-01,1.0e+00,0.8262,607,497,357,526,758,382,902
GENE-12873,NO,125.3,69.3,56,0.802,-0.3,1.3e-01,1.0e+00,0.8262,608,69,66,73,62,46,60
GENE-15761,NO,82.3,46.7,35.7,0.759,-0.4,1.3e-01,1.0e+00,0.8262,609,53,49,38,39,40,28
GENE-6506,NO,3256.7,1761,1495.7,0.849,-0.2,1.3e-01,1.0e+00,0.8262,610,1695,1962,1626,1482,1565,1440
GENE-19372,NO,20,6.3,13.7,2.122,1.1,1.3e-01,1.0e+00,0.8262,611,7,1,11,18,8,15
GENE-14679,NO,41,23.7,17.3,0.728,-0.5,1.3e-01,1.0e+00,0.8262,611,26,25,20,17,22,13
GENE-8116,NO,1650.7,900.7,750,0.833,-0.3,1.3e-01,1.0e+00,0.8262,612,888,973,841,641,782,827
GENE-9812,NO,3536,2060.7,1475.3,0.716,-0.5,1.3e-01,1.0e+00,0.8262,613,2013,2824,1345,1213,1651,1562
GENE-16461,NO,1222,668.3,553.7,0.829,-0.3,1.3e-01,1.0e+00,0.8303,617,584,732,689,487,610,564
GENE-12234,NO,782.7,351.7,431,1.226,0.3,1.3e-01,1.0e+00,0.8303,618,279,385,391,446,415,432
GENE-19889,NO,6046,3403.3,2642.7,0.777,-0.4,1.3e-01,1.0e+00,0.8303,619,2856,3057,4297,3112,2607,2209
GENE-1906,NO,47,19.3,27.7,1.418,0.5,1.3e-01,1.0e+00,0.8303,619,15,22,21,21,25,37
GENE-13403,NO,81.7,71,10.7,0.151,-2.7,1.3e-01,1.0e+00,0.8303,620,147,66,0,0,31,1
GENE-18456,NO,347,191,156,0.814,-0.3,1.3e-01,1.0e+00,0.8303,621,196,162,215,138,169,161
GENE-13506,NO,308,169,139,0.82,-0.3,1.3e-01,1.0e+00,0.832,623,181,151,175,156,120,141
GENE-2353,NO,278,120.3,157.7,1.307,0.4,1.3e-01,1.0e+00,0.8324,624,89,134,138,131,161,181
GENE-19186,NO,38.7,16,22.7,1.403,0.5,1.3e-01,1.0e+00,0.833,626,11,20,17,26,23,19
GENE-9887,NO,1547.7,711.7,836,1.175,0.2,1.3e-01,1.0e+00,0.8336,627,752,713,670,866,886,756
GENE-18265,NO,490,216.3,273.7,1.266,0.3,1.3e-01,1.0e+00,0.8336,628,221,179,249,235,331,255
GENE-17962,NO,67.3,39,28.3,0.722,-0.5,1.3e-01,1.0e+00,0.8336,629,42,37,38,22,23,40
GENE-18511,NO,1095.3,591,504.3,0.853,-0.2,1.3e-01,1.0e+00,0.8336,629,625,590,558,477,547,489
GENE-13766,NO,77.3,44,33.3,0.753,-0.4,1.3e-01,1.0e+00,0.8341,631,40,38,54,41,28,31
GENE-12399,NO,112,47.3,64.7,1.356,0.4,1.3e-01,1.0e+00,0.8365,633,43,49,50,64,45,85
GENE-3990,NO,89,37,52,1.394,0.5,1.3e-01,1.0e+00,0.8365,634,43,28,40,52,67,37
GENE-1735,NO,7475,3138,4337,1.382,0.5,1.3e-01,1.0e+00,0.8371,635,1947,3945,3522,4464,3648,4899
GENE-6479,NO,37.7,21.3,16.3,0.762,-0.4,1.3e-01,1.0e+00,0.8371,636,24,18,22,14,17,18
GENE-15207,NO,299.3,164,135.3,0.823,-0.3,1.3e-01,1.0e+00,0.838,638,140,171,181,148,132,126
GENE-1661,NO,106.7,46.3,60.3,1.291,0.4,1.3e-01,1.0e+00,0.838,639,42,58,39,53,66,62
GENE-12864,NO,1838,1007.3,830.7,0.825,-0.3,1.3e-01,1.0e+00,0.838,639,938,1094,990,690,852,950
GENE-6302,NO,39,24,15,0.622,-0.7,1.3e-01,1.0e+00,0.838,640,17,35,20,9,21,15
GENE-7972,NO,97.3,54,43.3,0.797,-0.3,1.3e-01,1.0e+00,0.838,641,56,61,45,43,40,47
GENE-5102,NO,143.7,79.3,64.3,0.809,-0.3,1.3e-01,1.0e+00,0.838,642,73,83,82,60,76,57
GENE-17009,NO,547.3,239.3,308,1.288,0.4,1.4e-01,1.0e+00,0.838,643,291,250,177,329,332,263
GENE-6225,NO,257.3,142.7,114.7,0.802,-0.3,1.4e-01,1.0e+00,0.838,644,127,172,129,130,110,104
GENE-6960,NO,278,160.3,117.7,0.732,-0.5,1.4e-01,1.0e+00,0.838,644,120,184,177,106,156,91
GENE-11422,NO,93.7,40.7,53,1.293,0.4,1.4e-01,1.0e+00,0.838,645,51,36,35,56,57,46
GENE-12782,NO,238.7,138,100.7,0.729,-0.5,1.4e-01,1.0e+00,0.838,646,105,129,180,104,123,75
GENE-11036,NO,442.7,192.7,250,1.297,0.4,1.4e-01,1.0e+00,0.838,647,163,230,185,200,235,315
GENE-2182,NO,380.7,207.3,173.3,0.836,-0.3,1.4e-01,1.0e+00,0.8397,649,192,237,193,174,182,164
GENE-5335,NO,320,138.7,181.3,1.305,0.4,1.4e-01,1.0e+00,0.8397,650,125,186,105,179,182,183
GENE-15235,NO,290.3,174.7,115.7,0.662,-0.6,1.4e-01,1.0e+00,0.8397,651,106,260,158,83,128,136
GENE-11585,NO,61.7,25.7,36,1.391,0.5,1.4e-01,1.0e+00,0.8397,652,34,26,17,33,34,41
GENE-9667,NO,2864.7,1220.7,1644,1.347,0.4,1.4e-01,1.0e+00,0.8397,652,886,1415,1361,2012,1710,1210
GENE-4502,NO,62.3,19,43.3,2.254,1.2,1.4e-01,1.0e+00,0.8397,653,17,30,10,62,59,9
GENE-6984,NO,55.7,33.7,22,0.65,-0.6,1.4e-01,1.0e+00,0.8397,654,37,38,26,34,13,19
GENE-2009,NO,49,11.3,37.7,3.274,1.7,1.4e-01,1.0e+00,0.8397,655,23,2,9,9,89,15
GENE-13575,NO,48.3,27.3,21,0.764,-0.4,1.4e-01,1.0e+00,0.8397,656,25,32,25,20,18,25
GENE-11790,NO,1501.7,688.7,813,1.18,0.2,1.4e-01,1.0e+00,0.8397,657,629,700,737,898,749,792
GENE-10175,NO,464.7,198.3,266.3,1.343,0.4,1.4e-01,1.0e+00,0.8397,657,185,146,264,323,231,245
GENE-7192,YES,4455.7,2648.7,1807,0.682,-0.6,1.4e-01,1.0e+00,0.8397,658,2570,1657,3719,1278,2224,1919
GENE-16034,NO,285,154,131,0.849,-0.2,1.4e-01,1.0e+00,0.8397,659,147,160,155,137,134,122
GENE-11068,NO,2191.3,985,1206.3,1.225,0.3,1.4e-01,1.0e+00,0.8397,660,1116,1036,803,1302,1261,1056
GENE-8487,NO,308.7,130.7,178,1.358,0.4,1.4e-01,1.0e+00,0.8397,661,93,147,152,148,230,156
GENE-10597,NO,424.3,239.7,184.7,0.773,-0.4,1.4e-01,1.0e+00,0.8397,662,286,176,257,159,181,214
GENE-16526,NO,151.7,85.7,66,0.768,-0.4,1.4e-01,1.0e+00,0.8397,663,98,88,71,78,50,70
GENE-7841,NO,7387,3293.7,4093.3,1.243,0.3,1.4e-01,1.0e+00,0.8397,663,3073,3613,3195,3502,3624,5154
GENE-18781,NO,379.7,169.3,210.3,1.242,0.3,1.4e-01,1.0e+00,0.8397,664,177,138,193,212,183,236
GENE-6733,NO,2845.7,1559.3,1286.3,0.825,-0.3,1.4e-01,1.0e+00,0.8397,665,1641,1576,1461,1549,1200,1110
GENE-5339,NO,104.7,59.3,45.3,0.759,-0.4,1.4e-01,1.0e+00,0.8397,666,62,54,62,56,48,32
GENE-1088,NO,184,117.7,66.3,0.562,-0.8,1.4e-01,1.0e+00,0.8397,667,138,96,119,118,56,25
GENE-7651,NO,49,28.7,20.3,0.705,-0.5,1.4e-01,1.0e+00,0.8397,668,31,32,23,19,28,14
GENE-16010,NO,339.7,186.3,153.3,0.822,-0.3,1.4e-01,1.0e+00,0.8397,668,175,217,167,159,164,137
GENE-3079,NO,309,137.7,171.3,1.24,0.3,1.4e-01,1.0e+00,0.8397,669,116,159,138,158,199,157
GENE-2509,NO,22.7,13.7,9,0.657,-0.6,1.4e-01,1.0e+00,0.8401,670,12,14,15,7,14,6
GENE-17975,NO,255,101.3,153.7,1.512,0.6,1.4e-01,1.0e+00,0.8407,672,158,68,78,114,158,189
GENE-16002,NO,51.3,21,30.3,1.432,0.5,1.4e-01,1.0e+00,0.8407,673,18,16,29,28,39,24
GENE-7941,NO,154.7,67.7,87,1.282,0.4,1.4e-01,1.0e+00,0.8407,673,54,88,61,85,89,87
GENE-467,NO,72.3,40.7,31.7,0.774,-0.4,1.4e-01,1.0e+00,0.8407,674,47,38,37,39,28,28
GENE-14134,NO,45,15.3,29.7,1.914,0.9,1.4e-01,1.0e+00,0.8407,675,12,18,16,39,8,42
GENE-13176,NO,45.3,26,19.3,0.739,-0.4,1.4e-01,1.0e+00,0.8407,676,24,32,22,20,15,23
GENE-14087,NO,34.3,14.7,19.7,1.329,0.4,1.4e-01,1.0e+00,0.8407,677,18,13,13,22,17,20
GENE-3216,NO,49.7,28,21.7,0.769,-0.4,1.4e-01,1.0e+00,0.8407,678,25,31,28,24,24,17
GENE-18890,NO,2053,1115,938,0.841,-0.2,1.4e-01,1.0e+00,0.8407,678,1221,1019,1105,958,1034,822
GENE-9852,NO,158.7,86.7,72,0.828,-0.3,1.4e-01,1.0e+00,0.8407,679,87,79,94,72,66,78
GENE-14781,NO,24,10,14,1.385,0.5,1.4e-01,1.0e+00,0.8407,680,9,12,9,11,17,14
GENE-18753,NO,666.3,370.7,295.7,0.798,-0.3,1.4e-01,1.0e+00,0.8407,681,339,343,430,287,360,240
GENE-4269,NO,79.7,45.3,34.3,0.753,-0.4,1.4e-01,1.0e+00,0.8407,682,41,39,56,37,40,26
GENE-14783,NO,343,156,187,1.197,0.3,1.4e-01,1.0e+00,0.8407,683,140,157,171,207,180,174
GENE-991,NO,238.7,144,94.7,0.654,-0.6,1.4e-01,1.0e+00,0.8407,683,176,144,112,149,79,56
GENE-4563,NO,18061.7,10589,7472.7,0.706,-0.5,1.4e-01,1.0e+00,0.8407,684,14135,11496,6136,6535,8845,7038
GENE-11839,NO,130,54,76,1.396,0.5,1.4e-01,1.0e+00,0.8407,685,54,63,45,78,49,101
GENE-18059,NO,20,13.7,6.3,0.465,-1.1,1.4e-01,1.0e+00,0.8407,686,23,4,14,4,11,4
GENE-11402,NO,3772.3,2151.3,1621,0.753,-0.4,1.4e-01,1.0e+00,0.841,687,1917,2426,2111,1506,1156,2201
GENE-2148,NO,594.7,334.3,260.3,0.78,-0.4,1.4e-01,1.0e+00,0.841,688,308,426,269,306,228,247
GENE-10748,NO,36.3,20.3,16,0.783,-0.4,1.5e-01,1.0e+00,0.8445,692,22,19,20,17,14,17
GENE-17597,NO,933.7,598.3,335.3,0.561,-0.8,1.5e-01,1.0e+00,0.8465,694,936,392,467,451,134,421
GENE-12517,NO,211.3,95.3,116,1.216,0.3,1.5e-01,1.0e+00,0.8465,695,110,84,92,127,111,110
GENE-12836,NO,203,85.7,117.3,1.369,0.5,1.5e-01,1.0e+00,0.8469,696,117,78,62,102,105,145
GENE-15389,NO,119.7,67,52.7,0.785,-0.3,1.5e-01,1.0e+00,0.8469,697,72,76,53,56,44,58
GENE-9646,NO,68.3,38.3,30,0.778,-0.4,1.5e-01,1.0e+00,0.8469,698,33,43,39,36,25,29
GENE-6807,NO,1650,758.7,891.3,1.175,0.2,1.5e-01,1.0e+00,0.8469,699,730,819,727,817,861,996
GENE-6426,NO,103,58.7,44.3,0.751,-0.4,1.5e-01,1.0e+00,0.8469,700,58,46,72,41,56,36
GENE-12798,NO,331.7,191,140.7,0.737,-0.4,1.5e-01,1.0e+00,0.8469,700,123,236,214,161,117,144
GENE-196,NO,644,353.3,290.7,0.824,-0.3,1.5e-01,1.0e+00,0.8469,701,299,373,388,253,326,293
GENE-3689,NO,3154.3,1291.7,1862.7,1.442,0.5,1.5e-01,1.0e+00,0.8469,702,1695,1462,718,2238,1827,1523
GENE-1271,NO,167,76.3,90.7,1.184,0.2,1.5e-01,1.0e+00,0.8469,703,73,80,76,89,96,87
GENE-5126,NO,1801.3,795,1006.3,1.266,0.3,1.5e-01,1.0e+00,0.847,704,871,921,593,849,1089,1081
GENE-14613,NO,132.7,73.3,59.3,0.804,-0.3,1.5e-01,1.0e+00,0.847,705,75,64,81,59,69,50
GENE-3019,NO,539.3,230.7,308.7,1.338,0.4,1.5e-01,1.0e+00,0.847,706,277,259,156,298,254,374
GENE-17875,NO,18,10.7,7.3,0.686,-0.5,1.5e-01,1.0e+00,0.847,706,11,12,9,5,7,10
GENE-10538,NO,33,13,20,1.522,0.6,1.5e-01,1.0e+00,0.847,707,9,13,17,14,29,17
GENE-19136,NO,170.3,117.7,52.7,0.446,-1.2,1.5e-01,1.0e+00,0.847,708,153,87,113,7,56,95
GENE-13622,NO,566.3,305.3,261,0.856,-0.2,1.5e-01,1.0e+00,0.847,709,293,335,288,264,248,271
GENE-6513,NO,59.3,35,24.3,0.692,-0.5,1.5e-01,1.0e+00,0.8474,710,31,28,46,33,16,24
GENE-2329,NO,8690.7,4696,3994.7,0.851,-0.2,1.5e-01,1.0e+00,0.8474,711,4537,4862,4689,4584,3573,3827
GENE-16741,NO,1190.7,644.7,546,0.847,-0.2,1.5e-01,1.0e+00,0.8474,712,641,734,559,533,553,552
GENE-11956,NO,571,318.3,252.7,0.795,-0.3,1.5e-01,1.0e+00,0.8474,713,299,268,388,304,222,232
GENE-7635,NO,23,9.7,13.3,1.364,0.4,1.5e-01,1.0e+00,0.8474,714,10,10,9,14,16,10
GENE-11570,NO,189.3,103.7,85.7,0.823,-0.3,1.5e-01,1.0e+00,0.8474,714,93,114,104,85,97,75
GENE-10224,NO,8627,4826.7,3800.3,0.787,-0.3,1.5e-01,1.0e+00,0.8474,715,5326,5303,3851,3733,4653,3015
GENE-11280,NO,442,197,245,1.244,0.3,1.5e-01,1.0e+00,0.8474,716,250,175,166,231,264,240
GENE-1416,NO,781,445,336,0.755,-0.4,1.5e-01,1.0e+00,0.8474,717,429,333,573,402,346,260
GENE-5765,NO,217.7,120.7,97,0.803,-0.3,1.5e-01,1.0e+00,0.8474,718,119,116,127,92,120,79
GENE-11328,NO,637.7,416,221.7,0.533,-0.9,1.5e-01,1.0e+00,0.8474,719,365,340,543,160,425,80
GENE-16617,NO,238.7,137,101.7,0.741,-0.4,1.5e-01,1.0e+00,0.8474,719,172,122,117,125,110,70
GENE-19445,NO,4553,2699.7,1853.3,0.686,-0.5,1.5e-01,1.0e+00,0.8474,720,1991,3577,2531,2597,1149,1814
GENE-11323,NO,1493.7,671,822.7,1.226,0.3,1.5e-01,1.0e+00,0.8474,721,646,540,827,789,858,821
GENE-9661,NO,35,14.7,20.3,1.373,0.5,1.5e-01,1.0e+00,0.8474,722,20,11,13,18,21,22
GENE-19854,NO,286,121.7,164.3,1.349,0.4,1.5e-01,1.0e+00,0.848,723,108,170,87,187,162,144
GENE-18452,NO,1423,761,662,0.87,-0.2,1.5e-01,1.0e+00,0.848,724,800,766,717,651,675,660
GENE-11343,NO,3585.3,1941,1644.3,0.847,-0.2,1.5e-01,1.0e+00,0.8494,726,2197,1679,1947,1733,1638,1562
GENE-83,NO,191.3,104,87.3,0.836,-0.3,1.5e-01,1.0e+00,0.8514,729,107,109,96,96,88,78
GENE-1335,NO,635.7,348,287.7,0.828,-0.3,1.5e-01,1.0e+00,0.8523,730,341,354,349,308,326,229
GENE-12584,NO,791.7,345.7,446,1.291,0.4,1.5e-01,1.0e+00,0.8542,733,433,296,308,483,337,518
GENE-17414,NO,702.7,299,403.7,1.351,0.4,1.5e-01,1.0e+00,0.8544,734,270,366,261,509,438,264
GENE-14438,NO,93.7,41.3,52.3,1.256,0.3,1.5e-01,1.0e+00,0.8544,735,49,42,33,48,55,54
GENE-8069,NO,468,208.3,259.7,1.246,0.3,1.5e-01,1.0e+00,0.8544,736,244,217,164,297,225,257
GENE-2944,NO,359,161.7,197.3,1.22,0.3,1.6e-01,1.0e+00,0.8544,736,132,190,163,180,206,206
GENE-15458,NO,488.3,223.3,265,1.184,0.2,1.6e-01,1.0e+00,0.8544,737,220,216,234,262,232,301
GENE-10822,NO,2056.3,931.7,1124.7,1.207,0.3,1.6e-01,1.0e+00,0.8544,738,860,917,1018,1290,1167,917
GENE-11437,NO,419.7,227.3,192.3,0.844,-0.2,1.6e-01,1.0e+00,0.8544,739,222,219,241,220,178,179
GENE-391,NO,63,27.3,35.7,1.294,0.4,1.6e-01,1.0e+00,0.8544,740,23,30,29,42,37,28
GENE-4440,NO,2801.3,1198,1603.3,1.338,0.4,1.6e-01,1.0e+00,0.8544,741,1352,776,1466,1668,1834,1308
GENE-9821,NO,891,395,496,1.255,0.3,1.6e-01,1.0e+00,0.8544,742,439,300,446,441,582,465
GENE-10413,NO,1589.7,884.7,705,0.797,-0.3,1.6e-01,1.0e+00,0.8544,742,931,715,1008,871,612,632
GENE-18555,NO,51.7,29,22.7,0.777,-0.4,1.6e-01,1.0e+00,0.8544,743,26,33,28,24,26,18
GENE-11635,NO,44.7,16.3,28.3,1.717,0.8,1.6e-01,1.0e+00,0.8544,744,10,10,29,17,34,34
GENE-4803,NO,559.3,246.3,313,1.272,0.3,1.6e-01,1.0e+00,0.8544,745,278,279,182,258,341,340
GENE-1377,NO,2784,1181.7,1602.3,1.356,0.4,1.6e-01,1.0e+00,0.8544,746,940,1080,1525,1601,2082,1124
GENE-11924,NO,1445.3,784,661.3,0.844,-0.2,1.6e-01,1.0e+00,0.8544,747,746,692,914,622,673,689
GENE-12270,NO,60.7,35.3,25.3,0.713,-0.5,1.6e-01,1.0e+00,0.8544,748,27,27,52,26,27,23
GENE-8542,NO,26.7,10.7,16,1.483,0.6,1.6e-01,1.0e+00,0.8544,748,10,16,6,16,16,16
GENE-13833,NO,233.3,131,102.3,0.78,-0.4,1.6e-01,1.0e+00,0.8544,749,162,105,126,106,118,83
GENE-6091,NO,301,197,104,0.527,-0.9,1.6e-01,1.0e+00,0.8544,750,150,78,363,66,86,160
GENE-6463,NO,621.7,286,335.7,1.175,0.2,1.6e-01,1.0e+00,0.8544,751,254,309,295,339,309,359
GENE-1993,NO,48.3,21,27.3,1.29,0.4,1.6e-01,1.0e+00,0.8544,752,20,20,23,25,34,23
GENE-16608,NO,111.7,49.7,62,1.238,0.3,1.6e-01,1.0e+00,0.8544,753,55,52,42,55,71,60
GENE-15241,NO,27.3,17.3,10,0.576,-0.8,1.6e-01,1.0e+00,0.8544,754,11,21,20,9,4,17
GENE-4809,NO,9773.7,5328.7,4445,0.834,-0.3,1.6e-01,1.0e+00,0.8544,754,6153,5008,4825,4670,3794,4871
GENE-792,NO,33.7,19.3,14.3,0.738,-0.4,1.6e-01,1.0e+00,0.8544,755,24,16,18,12,13,18
GENE-18783,NO,72.3,54.7,17.7,0.323,-1.6,1.6e-01,1.0e+00,0.8544,756,12,8,144,19,15,19
GENE-13872,NO,125.7,70,55.7,0.794,-0.3,1.6e-01,1.0e+00,0.8544,757,54,76,80,52,52,63
GENE-14720,NO,65.7,28,37.7,1.334,0.4,1.6e-01,1.0e+00,0.8544,758,24,25,35,28,45,40
GENE-14335,NO,61,34,27,0.789,-0.3,1.6e-01,1.0e+00,0.8544,759,34,38,30,23,26,32
GENE-19579,NO,730,410,320,0.78,-0.4,1.6e-01,1.0e+00,0.8544,760,358,333,539,301,284,375
GENE-10005,NO,1886.7,1604.7,282,0.176,-2.5,1.6e-01,1.0e+00,0.8544,760,478,4103,233,187,657,2
GENE-12039,NO,109.3,60,49.3,0.816,-0.3,1.6e-01,1.0e+00,0.8544,761,53,67,60,43,53,52
GENE-8778,NO,9828,4541.7,5286.3,1.164,0.2,1.6e-01,1.0e+00,0.8544,762,4751,4104,4770,5416,4783,5660
GENE-18897,NO,359.3,192.7,166.7,0.864,-0.2,1.6e-01,1.0e+00,0.8544,763,187,201,190,173,162,165
GENE-15990,NO,1100,479.7,620.3,1.293,0.4,1.6e-01,1.0e+00,0.8544,764,369,522,548,780,480,601
GENE-8019,NO,48,18,30,1.649,0.7,1.6e-01,1.0e+00,0.8544,765,13,24,17,21,51,18
GENE-18973,NO,42.3,23.7,18.7,0.784,-0.4,1.6e-01,1.0e+00,0.8544,766,22,25,24,20,21,15
GENE-7848,NO,1079.7,630,449.7,0.714,-0.5,1.6e-01,1.0e+00,0.8544,766,657,746,487,263,555,531
GENE-17077,NO,2162.7,1190.3,972.3,0.817,-0.3,1.6e-01,1.0e+00,0.8544,767,1242,1417,912,939,1019,959
GENE-15663,NO,765.7,238.7,527,2.207,1.1,1.6e-01,1.0e+00,0.8544,768,109,148,459,249,1044,288
GENE-7323,NO,564.7,242,322.7,1.333,0.4,1.6e-01,1.0e+00,0.8544,769,290,264,172,347,235,386
GENE-10366,NO,64.7,26.7,38,1.412,0.5,1.6e-01,1.0e+00,0.8544,770,29,34,17,28,40,46
GENE-2147,NO,1132,521.3,610.7,1.172,0.2,1.6e-01,1.0e+00,0.8544,771,483,522,559,545,609,678
GENE-18320,NO,42.7,18,24.7,1.358,0.4,1.6e-01,1.0e+00,0.8544,771,19,12,23,28,23,23
GENE-8687,NO,119.3,52,67.3,1.285,0.4,1.6e-01,1.0e+00,0.8557,774,53,46,57,66,51,85
GENE-6410,NO,566,235,331,1.41,0.5,1.6e-01,1.0e+00,0.8557,774,244,234,227,498,296,199
GENE-15367,NO,126.7,69.7,57,0.816,-0.3,1.6e-01,1.0e+00,0.8557,775,56,78,75,57,59,55
GENE-3848,NO,21.3,12.3,9,0.727,-0.5,1.6e-01,1.0e+00,0.8557,776,11,15,11,11,9,7
GENE-937,NO,1287,600,687,1.144,0.2,1.6e-01,1.0e+00,0.8557,777,583,614,603,653,689,719
GENE-5762,NO,34.7,14.3,20.3,1.404,0.5,1.6e-01,1.0e+00,0.8557,778,12,17,14,13,25,23
GENE-8253,NO,252.3,136,116.3,0.854,-0.2,1.6e-01,1.0e+00,0.8557,779,143,126,139,124,114,111
GENE-15640,NO,586,358.3,227.7,0.636,-0.7,1.6e-01,1.0e+00,0.8557,780,271,542,262,144,185,354
GENE-17422,NO,295,162.3,132.7,0.817,-0.3,1.6e-01,1.0e+00,0.8557,780,146,176,165,162,116,120
GENE-7238,NO,654.7,363,291.7,0.805,-0.3,1.6e-01,1.0e+00,0.8557,781,344,404,341,294,358,223
GENE-708,NO,491.7,268,223.7,0.836,-0.3,1.7e-01,1.0e+00,0.8557,782,297,251,256,201,262,208
GENE-3008,NO,65.7,36.7,29,0.786,-0.3,1.7e-01,1.0e+00,0.8557,783,44,28,38,30,28,29
GENE-697,NO,1185,700.3,484.7,0.692,-0.5,1.7e-01,1.0e+00,0.8557,784,585,931,585,510,280,664
GENE-15566,NO,39.3,16.3,23,1.395,0.5,1.7e-01,1.0e+00,0.8557,785,15,16,18,17,33,19
GENE-8502,NO,82.7,45.7,37,0.805,-0.3,1.7e-01,1.0e+00,0.8557,786,43,51,43,33,34,44
GENE-9828,NO,516.3,278,238.3,0.859,-0.2,1.7e-01,1.0e+00,0.8557,786,279,291,264,215,242,258
GENE-3103,NO,475.7,220,255.7,1.162,0.2,1.7e-01,1.0e+00,0.8557,787,204,230,226,240,275,252
GENE-13651,NO,105,57.3,47.7,0.826,-0.3,1.7e-01,1.0e+00,0.8557,788,58,56,58,54,41,48
GENE-13579,NO,68.3,30.7,37.7,1.219,0.3,1.7e-01,1.0e+00,0.8557,789,32,28,32,39,40,34
GENE-17396,NO,58.7,33.7,25,0.738,-0.4,1.7e-01,1.0e+00,0.8557,790,35,26,40,25,32,18
GENE-18519,NO,900.7,400,500.7,1.252,0.3,1.7e-01,1.0e+00,0.8567,792,364,453,383,635,475,392
GENE-13837,NO,214.3,98.3,116,1.178,0.2,1.7e-01,1.0e+00,0.8567,792,100,103,92,107,114,127
GENE-17986,NO,31,19,12,0.629,-0.7,1.7e-01,1.0e+00,0.857,794,9,23,25,16,9,11
GENE-16564,NO,36.7,21.7,15,0.689,-0.5,1.7e-01,1.0e+00,0.857,794,13,21,31,17,13,15
GENE-11320,NO,39.3,15.7,23.7,1.496,0.6,1.7e-01,1.0e+00,0.857,795,25,12,10,19,27,25
GENE-4481,NO,687,371.7,315.3,0.85,-0.2,1.7e-01,1.0e+00,0.857,796,388,391,336,284,306,356
GENE-15321,NO,26.3,15.3,11,0.714,-0.5,1.7e-01,1.0e+00,0.857,797,16,19,11,9,10,14
GENE-17456,NO,1157.7,621,536.7,0.863,-0.2,1.7e-01,1.0e+00,0.857,798,633,653,577,567,486,557
GENE-4758,NO,834.7,448.7,386,0.86,-0.2,1.7e-01,1.0e+00,0.857,799,505,433,408,389,378,391
GENE-14162,NO,54.3,30.7,23.7,0.767,-0.4,1.7e-01,1.0e+00,0.857,800,35,22,35,23,22,26
GENE-13169,NO,1397.3,647.3,750,1.158,0.2,1.7e-01,1.0e+00,0.857,800,583,715,644,774,721,755
GENE-18395,NO,453,210.3,242.7,1.152,0.2,1.7e-01,1.0e+00,0.8582,802,198,219,214,250,241,237
GENE-8088,NO,27.3,11.7,15.7,1.33,0.4,1.7e-01,1.0e+00,0.8582,803,13,11,11,16,19,12
GENE-4175,NO,514.3,222,292.3,1.315,0.4,1.7e-01,1.0e+00,0.8582,804,213,296,157,267,260,350
GENE-15402,NO,125.3,56.3,69,1.216,0.3,1.7e-01,1.0e+00,0.8582,805,49,53,67,66,70,71
GENE-7463,NO,86.7,35.7,51,1.418,0.5,1.7e-01,1.0e+00,0.8582,806,50,32,25,59,59,35
GENE-4085,YES,53,30.3,22.7,0.743,-0.4,1.7e-01,1.0e+00,0.8582,807,22,33,36,17,25,26
GENE-16535,NO,58.3,34,24.3,0.711,-0.5,1.7e-01,1.0e+00,0.8582,808,26,41,35,18,35,20
GENE-4815,NO,1051.3,486,565.3,1.164,0.2,1.7e-01,1.0e+00,0.8582,808,538,462,458,514,596,586
GENE-17387,NO,257.7,141,116.7,0.826,-0.3,1.7e-01,1.0e+00,0.8582,809,131,165,127,101,128,121
GENE-1628,NO,33,19,14,0.733,-0.4,1.7e-01,1.0e+00,0.8582,810,19,18,20,18,15,9
GENE-14492,NO,115,45,70,1.543,0.6,1.7e-01,1.0e+00,0.8582,811,22,55,58,96,49,65
GENE-12457,NO,253,114.3,138.7,1.213,0.3,1.7e-01,1.0e+00,0.8582,812,101,129,113,163,129,124
GENE-7164,NO,307,138.3,168.7,1.218,0.3,1.7e-01,1.0e+00,0.8582,813,150,120,145,156,148,202
GENE-8273,NO,65,36,29,0.8,-0.3,1.7e-01,1.0e+00,0.8582,814,39,33,36,35,27,25
GENE-18425,NO,790,578.7,211.3,0.365,-1.5,1.7e-01,1.0e+00,0.8582,814,1069,330,337,140,470,24
GENE-18388,NO,130,75,55,0.729,-0.5,1.7e-01,1.0e+00,0.8582,815,67,54,104,59,41,65
GENE-8877,NO,164.3,74.3,90,1.202,0.3,1.7e-01,1.0e+00,0.8582,816,80,65,78,88,81,101
GENE-7087,NO,49,29,20,0.686,-0.5,1.7e-01,1.0e+00,0.8582,817,27,30,30,22,10,28
GENE-17794,NO,53.3,21,32.3,1.526,0.6,1.7e-01,1.0e+00,0.8582,818,14,18,31,32,20,45
GENE-12271,NO,2252.3,1390,862.3,0.62,-0.7,1.7e-01,1.0e+00,0.8582,819,2351,917,902,1255,587,745
GENE-4351,NO,493.7,286.3,207.3,0.724,-0.5,1.7e-01,1.0e+00,0.8582,820,273,347,239,148,167,307
GENE-17033,NO,2391.7,1278.3,1113.3,0.871,-0.2,1.7e-01,1.0e+00,0.8582,820,1389,1167,1279,1125,1105,1110
GENE-19411,NO,1138.3,510.3,628,1.231,0.3,1.7e-01,1.0e+00,0.8582,821,556,585,390,542,671,671
GENE-8856,NO,546.7,225.3,321.3,1.425,0.5,1.7e-01,1.0e+00,0.8582,822,313,193,170,265,235,464
GENE-9432,YES,1131.7,628.3,503.3,0.8,-0.3,1.7e-01,1.0e+00,0.8582,823,642,553,690,420,655,435
GENE-5419,NO,22.3,8.7,13.7,1.558,0.6,1.7e-01,1.0e+00,0.8582,824,10,4,12,11,18,12
GENE-15341,NO,909.3,244.7,664.7,2.717,1.4,1.7e-01,1.0e+00,0.8582,825,312,403,19,1171,290,533
GENE-3880,NO,25.7,11,14.7,1.32,0.4,1.7e-01,1.0e+00,0.8582,826,10,10,13,17,15,12
GENE-13582,NO,135,60,75,1.24,0.3,1.7e-01,1.0e+00,0.8582,826,72,58,50,81,80,64
GENE-8123,NO,31.3,18,13.3,0.737,-0.4,1.7e-01,1.0e+00,0.8582,827,16,15,23,15,15,10
GENE-13306,NO,949.7,443,506.7,1.144,0.2,1.7e-01,1.0e+00,0.8584,828,436,431,462,538,498,484
GENE-14327,NO,26.3,15.7,10.7,0.678,-0.6,1.7e-01,1.0e+00,0.859,830,22,14,11,7,13,12
GENE-10034,NO,748,404.7,343.3,0.849,-0.2,1.7e-01,1.0e+00,0.859,831,385,447,382,295,364,371
GENE-11447,NO,32.3,14,18.3,1.297,0.4,1.7e-01,1.0e+00,0.859,832,12,17,13,17,21,17
GENE-11253,NO,76.7,33,43.7,1.312,0.4,1.7e-01,1.0e+00,0.859,832,42,33,24,39,52,40
GENE-15189,NO,685,373.7,311.3,0.833,-0.3,1.8e-01,1.0e+00,0.8602,834,351,426,344,367,294,273
GENE-6870,NO,505,221.3,283.7,1.281,0.4,1.8e-01,1.0e+00,0.8602,835,277,192,195,260,229,362
GENE-7636,NO,102.3,58.7,43.7,0.739,-0.4,1.8e-01,1.0e+00,0.8607,837,64,55,57,26,52,53
GENE-4319,NO,1009,458.7,550.3,1.2,0.3,1.8e-01,1.0e+00,0.8613,838,483,507,386,568,469,614
GENE-818,NO,799.3,451,348.3,0.772,-0.4,1.8e-01,1.0e+00,0.8613,839,478,506,369,242,441,362
GENE-10306,NO,4820.7,2164,2656.7,1.228,0.3,1.8e-01,1.0e+00,0.8613,840,1667,2270,2555,3005,2617,2348
GENE-18945,NO,786.3,354,432.3,1.222,0.3,1.8e-01,1.0e+00,0.8617,841,320,419,323,444,501,352
GENE-11483,NO,417.7,181.7,236,1.296,0.4,1.8e-01,1.0e+00,0.8624,843,228,137,180,234,289,185
GENE-10454,NO,1414.7,856.7,558,0.651,-0.6,1.8e-01,1.0e+00,0.8631,844,567,1169,834,388,381,905
GENE-11421,NO,109.3,59.3,50,0.837,-0.3,1.8e-01,1.0e+00,0.8631,845,59,65,54,46,52,52
GENE-18881,NO,541,293.7,247.3,0.844,-0.2,1.8e-01,1.0e+00,0.8635,846,330,259,292,265,215,262
GENE-2349,NO,1571,837,734,0.877,-0.2,1.8e-01,1.0e+00,0.8635,847,795,887,829,762,715,725
GENE-19775,NO,2107.3,1210,897.3,0.742,-0.4,1.8e-01,1.0e+00,0.8635,848,1238,1088,1304,733,1331,628
GENE-3546,NO,2767,1611,1156,0.718,-0.5,1.8e-01,1.0e+00,0.8635,849,1907,1997,929,862,1357,1249
GENE-16045,NO,58.3,32.3,26,0.799,-0.3,1.8e-01,1.0e+00,0.8635,850,27,38,32,28,27,23
GENE-17693,NO,752,410.3,341.7,0.833,-0.3,1.8e-01,1.0e+00,0.8635,851,471,393,367,384,284,357
GENE-9666,NO,72.7,44.3,28.3,0.636,-0.7,1.8e-01,1.0e+00,0.8635,851,50,33,50,44,12,29
GENE-16257,NO,62,22.7,39.3,1.718,0.8,1.8e-01,1.0e+00,0.8635,852,28,17,23,21,74,23
GENE-2933,NO,43.7,14,29.7,2.093,1.1,1.8e-01,1.0e+00,0.8635,853,15,17,10,5,55,29
GENE-17070,NO,30.7,18.7,12,0.64,-0.6,1.8e-01,1.0e+00,0.8635,854,24,23,9,15,13,8
GENE-2775,NO,233.7,156,77.7,0.496,-1,1.8e-01,1.0e+00,0.8635,855,305,73,90,90,28,115
GENE-7867,NO,679.7,363.7,316,0.869,-0.2,1.8e-01,1.0e+00,0.8635,856,367,363,361,327,337,284
GENE-2780,NO,5679.3,3061,2618.3,0.855,-0.2,1.8e-01,1.0e+00,0.8635,857,2884,3487,2812,2791,2340,2724
GENE-3851,NO,1265.3,355.3,910,2.561,1.4,1.8e-01,1.0e+00,0.8635,857,263,674,129,1931,636,163
GENE-17562,NO,2035.3,1125.3,910,0.809,-0.3,1.8e-01,1.0e+00,0.8635,858,1213,1002,1161,1135,904,691
GENE-1668,NO,3503.7,1568.7,1935,1.233,0.3,1.8e-01,1.0e+00,0.8635,859,1366,1685,1655,1819,2447,1539
GENE-19876,NO,60,34.7,25.3,0.727,-0.5,1.8e-01,1.0e+00,0.8635,860,36,35,33,19,19,38
GENE-17477,NO,733,396,337,0.851,-0.2,1.8e-01,1.0e+00,0.8635,861,467,368,353,343,341,327
GENE-3105,NO,614.7,278,336.7,1.213,0.3,1.8e-01,1.0e+00,0.8635,862,302,261,271,419,311,280
GENE-8801,NO,65.3,36.7,28.7,0.777,-0.4,1.8e-01,1.0e+00,0.8635,863,42,42,26,27,28,31
GENE-13479,NO,1131.7,626.7,505,0.806,-0.3,1.8e-01,1.0e+00,0.8635,864,575,710,595,409,454,652
GENE-3454,NO,135.7,73.3,62.3,0.848,-0.2,1.8e-01,1.0e+00,0.8635,864,73,78,69,60,59,68
GENE-2144,NO,561,328.7,232.3,0.707,-0.5,1.8e-01,1.0e+00,0.8635,865,217,413,356,240,311,146
GENE-425,NO,93.7,52,41.7,0.796,-0.3,1.8e-01,1.0e+00,0.8635,866,41,60,55,37,49,39
GENE-6340,NO,282.3,162.3,120,0.738,-0.4,1.8e-01,1.0e+00,0.8635,867,170,105,212,152,109,99
GENE-15403,NO,226,92,134,1.453,0.5,1.8e-01,1.0e+00,0.8635,868,67,132,77,80,149,173
GENE-6748,NO,33.3,21,12.3,0.585,-0.8,1.8e-01,1.0e+00,0.8635,869,21,24,18,18,16,3
GENE-2983,YES,211,93.3,117.7,1.26,0.3,1.8e-01,1.0e+00,0.8635,870,95,86,99,97,100,156
GENE-2855,NO,1295,725,570,0.786,-0.3,1.8e-01,1.0e+00,0.8635,870,637,900,638,427,701,582
GENE-494,NO,32.7,14,18.7,1.321,0.4,1.8e-01,1.0e+00,0.8635,871,15,13,14,24,14,18
GENE-16303,NO,882,472.3,409.7,0.867,-0.2,1.8e-01,1.0e+00,0.8635,872,509,420,488,395,407,427
GENE-3175,NO,581.3,341.3,240,0.704,-0.5,1.8e-01,1.0e+00,0.8635,873,439,405,180,191,241,288
GENE-3051,NO,3305.3,1822,1483.3,0.814,-0.3,1.8e-01,1.0e+00,0.8635,874,1554,1987,1925,1420,1188,1842
GENE-370,NO,63.3,34.7,28.7,0.822,-0.3,1.8e-01,1.0e+00,0.8635,875,33,33,38,28,26,32
GENE-18695,NO,930.3,503.3,427,0.848,-0.2,1.8e-01,1.0e+00,0.8635,876,518,422,570,429,457,395
GENE-17864,NO,63.3,35,28.3,0.805,-0.3,1.8e-01,1.0e+00,0.8639,877,36,28,41,27,28,30
GENE-3541,NO,970.7,591,379.7,0.642,-0.6,1.8e-01,1.0e+00,0.8639,878,1036,316,421,387,313,439
GENE-14389,NO,384.7,223,161.7,0.726,-0.5,1.8e-01,1.0e+00,0.8639,879,127,269,273,165,189,131
GENE-983,NO,347,156.3,190.7,1.218,0.3,1.9e-01,1.0e+00,0.8639,879,170,146,153,236,157,179
GENE-7804,NO,114,63.3,50.7,0.795,-0.3,1.9e-01,1.0e+00,0.8639,880,66,54,70,51,62,39
GENE-5827,NO,37,20.7,16.3,0.786,-0.3,1.9e-01,1.0e+00,0.8639,881,19,25,18,16,15,18
GENE-2279,NO,267,122.3,144.7,1.179,0.2,1.9e-01,1.0e+00,0.8639,882,104,137,126,147,148,139
GENE-16354,NO,216,119.3,96.7,0.806,-0.3,1.9e-01,1.0e+00,0.8639,883,103,147,108,81,97,112
GENE-13633,NO,116.7,41.7,75,1.784,0.8,1.9e-01,1.0e+00,0.8639,884,44,56,25,23,87,115
GENE-7274,NO,212,122.3,89.7,0.73,-0.5,1.9e-01,1.0e+00,0.8639,885,140,159,68,96,89,84
GENE-1636,NO,657.7,243,414.7,1.706,0.8,1.9e-01,1.0e+00,0.8639,885,219,385,125,177,568,499
GENE-2926,NO,40,16.7,23.3,1.387,0.5,1.9e-01,1.0e+00,0.8639,886,13,18,19,20,17,33
GENE-11988,NO,322,174,148,0.85,-0.2,1.9e-01,1.0e+00,0.8639,887,161,166,195,161,132,151
GENE-10543,NO,842.3,386,456.3,1.183,0.2,1.9e-01,1.0e+00,0.8639,888,420,370,368,509,485,375
GENE-7904,NO,255.7,144.7,111,0.766,-0.4,1.9e-01,1.0e+00,0.8639,889,133,192,109,133,113,87
GENE-18994,NO,261,118.7,142.3,1.197,0.3,1.9e-01,1.0e+00,0.8639,890,100,122,134,130,137,160
GENE-14399,NO,2094.7,972,1122.7,1.155,0.2,1.9e-01,1.0e+00,0.8639,891,899,1048,969,1102,1025,1241
GENE-8973,NO,23.3,9.3,14,1.483,0.6,1.9e-01,1.0e+00,0.8639,892,9,5,14,15,16,11
GENE-4334,NO,1306.3,698.7,607.7,0.87,-0.2,1.9e-01,1.0e+00,0.8639,892,620,762,714,587,622,614
GENE-13138,NO,248,135.3,112.7,0.831,-0.3,1.9e-01,1.0e+00,0.8639,893,128,143,135,97,137,104
GENE-14507,NO,212,148.3,63.7,0.428,-1.2,1.9e-01,1.0e+00,0.8639,894,78,337,30,30,85,76
GENE-8389,NO,277,124.3,152.7,1.228,0.3,1.9e-01,1.0e+00,0.8639,895,159,111,103,161,150,147
GENE-9850,NO,523,239.3,283.7,1.186,0.2,1.9e-01,1.0e+00,0.8639,896,246,195,277,292,289,270
GENE-8743,NO,2919.7,1607.3,1312.3,0.817,-0.3,1.9e-01,1.0e+00,0.8639,897,1922,1705,1195,1428,1203,1306
GENE-10819,NO,40.7,17.7,23,1.291,0.4,1.9e-01,1.0e+00,0.8639,898,17,15,21,19,22,28
GENE-7581,NO,1398.3,742.7,655.7,0.883,-0.2,1.9e-01,1.0e+00,0.8639,898,731,725,772,635,663,669
GENE-6362,NO,50.7,15.7,35,2.207,1.1,1.9e-01,1.0e+00,0.8639,899,11,24,12,78,18,9
GENE-11832,NO,33.7,14.3,19.3,1.336,0.4,1.9e-01,1.0e+00,0.8639,900,14,18,11,16,18,24
GENE-7168,NO,31,18,13,0.719,-0.5,1.9e-01,1.0e+00,0.8639,901,11,20,23,14,11,14
GENE-10612,NO,49.3,28,21.3,0.758,-0.4,1.9e-01,1.0e+00,0.8639,902,33,24,27,27,22,15
GENE-8800,NO,753,279,474,1.698,0.8,1.9e-01,1.0e+00,0.8639,903,497,170,170,323,343,756
GENE-145,NO,505,231.3,273.7,1.182,0.2,1.9e-01,1.0e+00,0.866,906,213,217,264,293,235,293
GENE-19073,NO,35,20.3,14.7,0.718,-0.5,1.9e-01,1.0e+00,0.866,907,19,19,23,21,14,9
GENE-2237,NO,92,51,41,0.799,-0.3,1.9e-01,1.0e+00,0.867,909,62,46,45,34,41,48
GENE-19758,NO,954.3,527.7,426.7,0.808,-0.3,1.9e-01,1.0e+00,0.8671,910,542,646,395,366,458,456
GENE-9735,NO,28.3,12.3,16,1.285,0.4,1.9e-01,1.0e+00,0.8671,910,15,12,10,16,17,15
GENE-10466,NO,347.7,186,161.7,0.866,-0.2,1.9e-01,1.0e+00,0.8671,911,182,191,185,146,173,166
GENE-369,NO,1198,643.7,554.3,0.861,-0.2,1.9e-01,1.0e+00,0.8671,912,651,554,726,577,546,540
GENE-7666,NO,183,82.7,100.3,1.213,0.3,1.9e-01,1.0e+00,0.8671,913,81,86,81,78,108,115
GENE-6747,NO,142.3,63.3,79,1.238,0.3,1.9e-01,1.0e+00,0.8671,914,55,54,81,78,86,73
GENE-11360,NO,667.3,369.7,297.7,0.805,-0.3,1.9e-01,1.0e+00,0.8699,918,473,301,335,280,264,349
GENE-3919,NO,996.7,531.3,465.3,0.875,-0.2,1.9e-01,1.0e+00,0.8706,919,524,511,559,425,476,495
GENE-7891,NO,723.7,395.7,328,0.829,-0.3,1.9e-01,1.0e+00,0.8706,920,438,332,417,386,325,273
GENE-6246,NO,85,49,36,0.73,-0.5,1.9e-01,1.0e+00,0.8706,921,71,45,31,32,39,37
GENE-17063,NO,186.3,85.7,100.7,1.175,0.2,1.9e-01,1.0e+00,0.8706,922,93,81,83,104,108,90
GENE-288,NO,6507,3030.3,3476.7,1.147,0.2,1.9e-01,1.0e+00,0.8706,923,3133,2686,3272,3658,3488,3284
GENE-18288,NO,274.3,153.3,121,0.786,-0.3,1.9e-01,1.0e+00,0.8706,924,147,118,195,140,96,127
GENE-4365,NO,63,37,26,0.699,-0.5,1.9e-01,1.0e+00,0.8713,925,42,25,44,34,15,29
GENE-8168,NO,2606.7,388,2218.7,5.714,2.5,2.0e-01,1.0e+00,0.8713,926,7,1101,56,154,5409,1093
GENE-6160,NO,108.3,46.7,61.7,1.311,0.4,2.0e-01,1.0e+00,0.8713,927,59,31,50,63,71,51
GENE-12,NO,1088.7,459.3,629.3,1.37,0.5,2.0e-01,1.0e+00,0.8713,928,357,621,400,494,493,901
GENE-7705,NO,2229.3,1247.7,981.7,0.787,-0.3,2.0e-01,1.0e+00,0.8713,929,890,1643,1210,976,851,1118
GENE-18014,NO,185.7,101,84.7,0.835,-0.3,2.0e-01,1.0e+00,0.8713,930,113,89,101,93,89,72
GENE-3948,NO,77.3,34.3,43,1.243,0.3,2.0e-01,1.0e+00,0.8713,931,37,31,35,48,33,48
GENE-989,NO,843.7,395.3,448.3,1.134,0.2,2.0e-01,1.0e+00,0.8713,931,399,371,416,445,447,453
GENE-17996,NO,6444,3582.3,2861.7,0.799,-0.3,2.0e-01,1.0e+00,0.8713,932,3884,2949,3914,3704,2196,2685
GENE-11473,NO,189.3,102.7,86.7,0.844,-0.2,2.0e-01,1.0e+00,0.8713,933,92,107,109,79,99,82
GENE-12419,NO,74.7,32,42.7,1.322,0.4,2.0e-01,1.0e+00,0.8713,934,22,40,34,36,39,53
GENE-8966,YES,98.7,53.7,45,0.833,-0.3,2.0e-01,1.0e+00,0.8713,935,57,53,51,46,51,38
GENE-14482,NO,52.3,28.7,23.7,0.82,-0.3,2.0e-01,1.0e+00,0.8713,936,32,27,27,25,25,21
GENE-16540,NO,187.7,36.7,151,4.101,2,2.0e-01,1.0e+00,0.8713,937,1,0,109,265,140,48
GENE-15597,NO,251.7,134.7,117,0.867,-0.2,2.0e-01,1.0e+00,0.8713,938,143,130,131,120,109,122
GENE-8226,NO,224.7,131.3,93.3,0.709,-0.5,2.0e-01,1.0e+00,0.8713,938,101,185,108,64,133,83
GENE-19633,NO,446.7,274.3,172.3,0.628,-0.7,2.0e-01,1.0e+00,0.8713,939,358,337,128,203,225,89
GENE-17577,NO,154.7,85,69.7,0.817,-0.3,2.0e-01,1.0e+00,0.8713,940,68,87,100,70,61,78
GENE-17897,NO,822.7,481,341.7,0.71,-0.5,2.0e-01,1.0e+00,0.8713,941,322,414,707,414,227,384
GENE-4083,NO,19.3,8,11.3,1.401,0.5,2.0e-01,1.0e+00,0.8713,942,9,5,10,14,10,10
GENE-14361,NO,799,426.7,372.3,0.873,-0.2,2.0e-01,1.0e+00,0.8713,943,469,423,388,390,365,362
GENE-17272,NO,166.3,89.7,76.7,0.852,-0.2,2.0e-01,1.0e+00,0.8713,944,78,100,91,76,76,78
GENE-6893,NO,88.3,35.3,53,1.487,0.6,2.0e-01,1.0e+00,0.8713,945,30,44,32,35,36,88
GENE-2508,NO,5153,2853.3,2299.7,0.806,-0.3,2.0e-01,1.0e+00,0.8713,945,2516,2623,3421,2934,1834,2131
GENE-15987,NO,155,68,87,1.28,0.4,2.0e-01,1.0e+00,0.8713,946,64,84,56,76,113,72
GENE-10482,NO,848.7,468.7,380,0.811,-0.3,2.0e-01,1.0e+00,0.8713,947,599,430,377,407,413,320
GENE-7935,NO,649,369.7,279.3,0.756,-0.4,2.0e-01,1.0e+00,0.8713,948,368,395,346,396,175,267
GENE-11293,NO,532.7,288.3,244.3,0.849,-0.2,2.0e-01,1.0e+00,0.8713,949,294,265,306,210,235,288
GENE-10539,NO,364.7,194.7,170,0.872,-0.2,2.0e-01,1.0e+00,0.8713,950,205,181,198,168,162,180
GENE-1569,YES,72,41,31,0.752,-0.4,2.0e-01,1.0e+00,0.8713,951,45,29,49,41,26,26
GENE-14121,NO,52,23,29,1.25,0.3,2.0e-01,1.0e+00,0.8713,952,22,22,25,35,29,23
GENE-19005,NO,48,27.3,20.7,0.752,-0.4,2.0e-01,1.0e+00,0.8713,952,25,22,35,21,26,15
GENE-6045,NO,362,195,167,0.855,-0.2,2.0e-01,1.0e+00,0.8713,953,227,174,184,165,161,175
GENE-6192,YES,197.3,90.3,107,1.184,0.2,2.0e-01,1.0e+00,0.8713,954,88,91,92,124,107,90
GENE-13559,NO,353.7,164.3,189.3,1.152,0.2,2.0e-01,1.0e+00,0.8713,955,167,157,169,179,179,210
GENE-13691,NO,174.7,81,93.7,1.153,0.2,2.0e-01,1.0e+00,0.8713,956,81,81,81,98,94,89
GENE-18922,NO,92.3,39.3,53,1.336,0.4,2.0e-01,1.0e+00,0.8713,957,43,41,34,39,77,43
GENE-16562,NO,118.7,54.3,64.3,1.175,0.2,2.0e-01,1.0e+00,0.8713,958,51,60,52,62,63,68
GENE-366,NO,43.3,17.7,25.7,1.439,0.5,2.0e-01,1.0e+00,0.8713,958,11,22,20,34,16,27
GENE-17136,NO,1426.3,654,772.3,1.18,0.2,2.0e-01,1.0e+00,0.8713,959,620,747,595,831,644,842
GENE-9241,NO,32,19.7,12.3,0.625,-0.7,2.0e-01,1.0e+00,0.8713,960,9,21,29,18,11,8
GENE-10803,NO,1679.3,979.3,700,0.715,-0.5,2.0e-01,1.0e+00,0.8713,961,570,1049,1319,692,498,910
GENE-3960,NO,55,23,32,1.38,0.5,2.0e-01,1.0e+00,0.8713,962,20,19,30,41,20,35
GENE-10876,NO,1436.3,631.7,804.7,1.274,0.3,2.0e-01,1.0e+00,0.8713,963,574,559,762,569,803,1042
GENE-4428,NO,93.3,50.7,42.7,0.836,-0.3,2.0e-01,1.0e+00,0.8713,964,46,54,52,44,47,37
GENE-4154,NO,536.7,286,250.7,0.878,-0.2,2.0e-01,1.0e+00,0.8713,965,300,267,291,264,240,248
GENE-8379,NO,601,321.7,279.3,0.869,-0.2,2.0e-01,1.0e+00,0.8713,965,360,308,297,290,288,260
GENE-7078,NO,717.7,331,386.7,1.168,0.2,2.0e-01,1.0e+00,0.8713,966,315,311,367,333,437,390
GENE-10183,NO,38.3,15.3,23,1.485,0.6,2.0e-01,1.0e+00,0.8713,967,12,12,22,21,34,14
GENE-15043,NO,19,11.7,7.3,0.628,-0.7,2.1e-01,1.0e+00,0.8713,968,16,8,11,8,3,11
GENE-2784,NO,3500.3,1859.3,1641,0.883,-0.2,2.1e-01,1.0e+00,0.8713,969,1842,1837,1899,1773,1510,1640
GENE-13048,NO,155,67.7,87.3,1.287,0.4,2.1e-01,1.0e+00,0.8713,970,57,82,64,89,62,111
GENE-1912,NO,1412.7,451.3,961.3,2.13,1.1,2.1e-01,1.0e+00,0.8713,971,445,546,363,149,2035,700
GENE-10636,NO,28.3,11.7,16.7,1.413,0.5,2.1e-01,1.0e+00,0.8713,972,11,17,7,16,20,14
GENE-18899,NO,487,217.7,269.3,1.238,0.3,2.1e-01,1.0e+00,0.8713,972,253,209,191,286,324,198
GENE-5503,NO,1100,492,608,1.235,0.3,2.1e-01,1.0e+00,0.8713,973,412,481,583,719,458,647
GENE-2374,NO,1028.3,473,555.3,1.175,0.2,2.1e-01,1.0e+00,0.8713,974,397,520,502,504,535,627
GENE-9699,NO,2570.3,1501.7,1068.7,0.711,-0.5,2.1e-01,1.0e+00,0.8713,975,2057,765,1683,1089,871,1246
GENE-844,NO,1324.3,521,803.3,1.541,0.6,2.1e-01,1.0e+00,0.8713,976,596,294,673,1014,376,1020
GENE-18070,NO,2402.7,1115.3,1287.3,1.155,0.2,2.1e-01,1.0e+00,0.8713,977,1083,1013,1250,1151,1372,1339
GENE-11754,NO,251.3,136.3,115,0.842,-0.2,2.1e-01,1.0e+00,0.8713,978,164,118,127,109,116,120
GENE-15795,NO,731,411.3,319.7,0.777,-0.4,2.1e-01,1.0e+00,0.8713,979,441,480,313,246,284,429
GENE-10029,NO,13450,6111.7,7338.3,1.201,0.3,2.1e-01,1.0e+00,0.8713,979,5181,5923,7231,6111,8583,7321
GENE-17511,NO,289.7,124.7,165,1.323,0.4,2.1e-01,1.0e+00,0.8713,980,172,102,100,175,200,120
GENE-10241,NO,46.3,20.7,25.7,1.232,0.3,2.1e-01,1.0e+00,0.8713,981,21,18,23,28,22,27
GENE-200,NO,172.7,94.7,78,0.821,-0.3,2.1e-01,1.0e+00,0.8713,982,103,91,90,93,60,81
GENE-6100,NO,33.7,14,19.7,1.391,0.5,2.1e-01,1.0e+00,0.8713,983,14,19,9,19,15,25
GENE-18195,NO,78.7,43.3,35.3,0.81,-0.3,2.1e-01,1.0e+00,0.8713,984,51,41,38,29,36,41
GENE-16225,NO,116.3,49.7,66.7,1.332,0.4,2.1e-01,1.0e+00,0.8713,985,52,32,65,84,58,58
GENE-16385,NO,80.7,34.3,46.3,1.339,0.4,2.1e-01,1.0e+00,0.8713,985,41,31,31,36,36,67
GENE-5346,NO,2433,1138,1295,1.137,0.2,2.1e-01,1.0e+00,0.8713,986,1046,1132,1236,1375,1274,1236
GENE-5003,NO,132.3,59,73.3,1.233,0.3,2.1e-01,1.0e+00,0.8713,987,57,67,53,60,92,68
GENE-19507,NO,97.7,53,44.7,0.837,-0.3,2.1e-01,1.0e+00,0.8713,988,57,53,49,41,52,41
GENE-18570,NO,132.7,58.7,74,1.252,0.3,2.1e-01,1.0e+00,0.8713,989,69,46,61,70,61,91
GENE-8294,NO,321.7,148.7,173,1.162,0.2,2.1e-01,1.0e+00,0.8713,990,169,132,145,182,171,166
GENE-8244,NO,39.3,17.3,22,1.258,0.3,2.1e-01,1.0e+00,0.8713,991,21,16,15,22,25,19
GENE-15215,NO,709.7,328.3,381.3,1.162,0.2,2.1e-01,1.0e+00,0.8713,992,316,351,318,422,321,401
GENE-17083,NO,37.7,16,21.7,1.341,0.4,2.1e-01,1.0e+00,0.8713,992,12,19,17,23,27,15
GENE-12397,NO,37.7,26,11.7,0.448,-1.2,2.1e-01,1.0e+00,0.8713,993,40,19,19,14,0,21
GENE-11262,NO,663.3,287,376.3,1.313,0.4,2.1e-01,1.0e+00,0.8713,994,247,342,272,385,505,239
GENE-19947,NO,638.7,359.7,279,0.775,-0.4,2.1e-01,1.0e+00,0.8713,995,220,458,401,277,281,279
GENE-18105,NO,1746.3,976.3,770,0.789,-0.3,2.1e-01,1.0e+00,0.8713,996,884,1174,871,656,1047,607
GENE-11774,NO,236,139.3,96.7,0.693,-0.5,2.1e-01,1.0e+00,0.8713,997,94,110,214,116,113,61
GENE-5641,NO,32.3,18.3,14,0.76,-0.4,2.1e-01,1.0e+00,0.8713,998,19,23,13,16,12,14
GENE-4070,NO,315.3,175.7,139.7,0.793,-0.3,2.1e-01,1.0e+00,0.8713,999,123,180,224,133,160,126
GENE-19461,NO,132,59,73,1.234,0.3,2.1e-01,1.0e+00,0.8713,999,57,75,45,79,70,70
GENE-6599,NO,28.3,16,12.3,0.767,-0.4,2.1e-01,1.0e+00,0.8713,1000,18,12,18,13,10,14
GENE-3208,NO,290.7,131.7,159,1.207,0.3,2.1e-01,1.0e+00,0.8713,1001,148,126,121,166,186,125
GENE-16244,NO,2862.3,1265.3,1597,1.262,0.3,2.1e-01,1.0e+00,0.8713,1002,905,1706,1185,1795,1428,1568
GENE-8153,NO,73.3,41.3,32,0.769,-0.4,2.1e-01,1.0e+00,0.8713,1003,45,35,44,40,35,21
GENE-12953,NO,839.3,390.7,448.7,1.148,0.2,2.1e-01,1.0e+00,0.8713,1004,363,406,403,426,414,506
GENE-11598,NO,467.3,263.7,203.7,0.774,-0.4,2.1e-01,1.0e+00,0.8713,1005,336,179,276,229,157,225
GENE-3035,NO,259.7,113.7,146,1.281,0.4,2.1e-01,1.0e+00,0.8713,1006,85,135,121,140,187,111
GENE-17116,NO,129.7,72,57.7,0.796,-0.3,2.1e-01,1.0e+00,0.8713,1006,81,61,74,53,45,75
GENE-9450,NO,228,93.3,134.7,1.444,0.5,2.1e-01,1.0e+00,0.8713,1007,85,92,103,63,142,199
GENE-9927,NO,817.7,454.3,363.3,0.8,-0.3,2.1e-01,1.0e+00,0.8713,1008,472,574,317,351,329,410
GENE-2712,NO,94,55,39,0.705,-0.5,2.1e-01,1.0e+00,0.8713,1009,72,52,41,45,21,51
GENE-6219,NO,100.3,57.3,43,0.745,-0.4,2.1e-01,1.0e+00,0.8713,1010,38,52,82,37,41,51
GENE-11259,NO,265.7,120.3,145.3,1.207,0.3,2.1e-01,1.0e+00,0.8713,1011,132,128,101,165,154,117
GENE-19086,NO,195.3,87.3,108,1.236,0.3,2.1e-01,1.0e+00,0.8713,1012,115,75,72,101,116,107
GENE-1203,NO,325.7,147,178.7,1.214,0.3,2.1e-01,1.0e+00,0.8713,1012,175,122,144,148,182,206
GENE-3782,NO,6340,3421.7,2918.3,0.853,-0.2,2.1e-01,1.0e+00,0.8713,1013,3875,3515,2875,3209,2552,2994
GENE-14014,NO,170.3,73.7,96.7,1.308,0.4,2.1e-01,1.0e+00,0.8713,1014,62,89,70,69,87,134
GENE-17756,NO,429.3,198.7,230.7,1.159,0.2,2.1e-01,1.0e+00,0.8713,1015,201,208,187,200,232,260
GENE-10575,NO,6539.7,3481.3,3058.3,0.879,-0.2,2.1e-01,1.0e+00,0.8713,1016,3497,3098,3849,3021,3154,3000
GENE-4456,NO,2102.7,1230.7,872,0.709,-0.5,2.1e-01,1.0e+00,0.8713,1017,1861,955,876,570,921,1125
GENE-16011,NO,357.3,160.7,196.7,1.221,0.3,2.1e-01,1.0e+00,0.8713,1018,179,162,141,208,234,148
GENE-12116,NO,891,789,102,0.129,-2.9,2.1e-01,1.0e+00,0.8713,1019,75,0,2292,0,61,245
GENE-17754,NO,360.7,201,159.7,0.793,-0.3,2.1e-01,1.0e+00,0.8713,1019,194,240,169,131,213,135
GENE-3153,NO,438.7,198.7,240,1.208,0.3,2.1e-01,1.0e+00,0.8713,1020,200,228,168,294,220,206
GENE-4983,NO,788.3,437.7,350.7,0.802,-0.3,2.1e-01,1.0e+00,0.8713,1021,396,390,527,444,348,260
GENE-11429,NO,681.7,384.7,297,0.772,-0.4,2.1e-01,1.0e+00,0.8713,1022,501,411,242,342,263,286
GENE-16850,NO,51.7,28.7,23,0.798,-0.3,2.1e-01,1.0e+00,0.8713,1023,31,22,33,26,23,20
GENE-14100,NO,90.7,49.3,41.3,0.832,-0.3,2.2e-01,1.0e+00,0.8714,1024,44,51,53,48,40,36
GENE-9597,NO,68,30.3,37.7,1.232,0.3,2.2e-01,1.0e+00,0.8726,1026,26,32,33,41,42,30
GENE-14885,NO,26.3,11.3,15,1.31,0.4,2.2e-01,1.0e+00,0.8726,1027,12,14,8,17,14,14
GENE-12178,NO,20.7,12,8.7,0.72,-0.5,2.2e-01,1.0e+00,0.8726,1028,12,11,13,12,9,5
GENE-19351,NO,54.3,31,23.3,0.748,-0.4,2.2e-01,1.0e+00,0.8726,1029,38,29,26,20,33,17
GENE-9922,NO,695,377,318,0.844,-0.2,2.2e-01,1.0e+00,0.8726,1030,383,438,310,280,351,323
GENE-5330,NO,353.3,164.7,188.7,1.146,0.2,2.2e-01,1.0e+00,0.8734,1032,174,162,158,195,171,200
GENE-19970,NO,964.7,523.7,441,0.842,-0.2,2.2e-01,1.0e+00,0.8734,1032,537,463,571,351,506,466
GENE-19139,NO,87,47.7,39.3,0.82,-0.3,2.2e-01,1.0e+00,0.8734,1033,42,51,50,31,43,44
GENE-13256,NO,1308,533.7,774.3,1.45,0.5,2.2e-01,1.0e+00,0.8734,1034,585,629,387,436,639,1248
GENE-5029,NO,178,115.3,62.7,0.541,-0.9,2.2e-01,1.0e+00,0.874,1036,134,152,60,119,52,17
GENE-10032,NO,205,115.7,89.3,0.769,-0.4,2.2e-01,1.0e+00,0.874,1037,144,110,93,97,60,111
GENE-15271,NO,8629.3,4929,3700.3,0.751,-0.4,2.2e-01,1.0e+00,0.8749,1039,3380,7337,4070,4446,3402,3253
GENE-390,NO,23.3,14.3,9,0.626,-0.7,2.2e-01,1.0e+00,0.8754,1040,14,19,10,11,13,3
GENE-4201,NO,1268,671.3,596.7,0.889,-0.2,2.2e-01,1.0e+00,0.8754,1041,674,710,630,596,594,600
GENE-3349,NO,3123.7,1351.3,1772.3,1.312,0.4,2.2e-01,1.0e+00,0.8754,1042,1910,824,1320,1873,1787,1657
GENE-18013,NO,99.7,54.3,45.3,0.829,-0.3,2.2e-01,1.0e+00,0.8754,1043,47,59,57,52,38,46
GENE-17642,NO,744,407.7,336.3,0.826,-0.3,2.2e-01,1.0e+00,0.8754,1043,438,402,383,398,366,245
GENE-18218,NO,36,20.7,15.3,0.738,-0.4,2.2e-01,1.0e+00,0.8754,1044,14,22,26,14,12,20
GENE-16553,NO,19.3,11.3,8,0.704,-0.5,2.2e-01,1.0e+00,0.8754,1045,12,12,10,10,10,4
GENE-7023,NO,1359,728.3,630.7,0.866,-0.2,2.2e-01,1.0e+00,0.8754,1046,753,809,623,577,666,649
GENE-11808,NO,22.7,13.3,9.3,0.698,-0.5,2.2e-01,1.0e+00,0.8756,1047,17,10,13,6,8,14
GENE-17733,NO,41.3,18,23.3,1.285,0.4,2.2e-01,1.0e+00,0.8756,1048,15,15,24,25,20,25
GENE-15951,NO,1298.7,602.7,696,1.155,0.2,2.2e-01,1.0e+00,0.8756,1049,624,615,569,583,748,757
GENE-3419,NO,66,37.7,28.3,0.748,-0.4,2.2e-01,1.0e+00,0.8756,1050,49,28,36,31,35,19
GENE-5265,NO,103.3,45.7,57.7,1.253,0.3,2.2e-01,1.0e+00,0.8756,1051,54,36,47,44,66,63
GENE-17869,NO,2359.3,1317,1042.3,0.791,-0.3,2.2e-01,1.0e+00,0.8756,1052,1558,1240,1153,812,883,1432
GENE-76,NO,91.7,41,50.7,1.227,0.3,2.2e-01,1.0e+00,0.8765,1054,47,32,44,54,43,55
GENE-12990,NO,33,19.3,13.7,0.704,-0.5,2.2e-01,1.0e+00,0.8765,1054,21,15,22,7,19,15
GENE-488,NO,1992.3,1100,892.3,0.811,-0.3,2.2e-01,1.0e+00,0.8765,1055,1361,1128,811,1041,875,761
GENE-15766,NO,19247,10337,8910,0.862,-0.2,2.2e-01,1.0e+00,0.8767,1056,9699,9139,12173,8126,9626,8978
GENE-18351,NO,1189,633.7,555.3,0.876,-0.2,2.2e-01,1.0e+00,0.8767,1057,673,614,614,547,620,499
GENE-3978,NO,787.3,347.3,440,1.267,0.3,2.2e-01,1.0e+00,0.8767,1058,372,278,392,580,426,314
GENE-1794,NO,1028.7,734,294.7,0.402,-1.3,2.2e-01,1.0e+00,0.8767,1059,1027,1138,37,173,400,311
GENE-8430,NO,32,18.3,13.7,0.742,-0.4,2.2e-01,1.0e+00,0.8767,1060,20,13,22,10,18,13
GENE-12446,NO,567.7,249.7,318,1.273,0.3,2.2e-01,1.0e+00,0.8767,1061,308,268,173,298,260,396
GENE-5344,NO,2542,1391.7,1150.3,0.826,-0.3,2.2e-01,1.0e+00,0.8778,1063,1266,1763,1146,974,1234,1243
GENE-18434,NO,228,95.7,132.3,1.381,0.5,2.2e-01,1.0e+00,0.8778,1064,88,79,120,78,195,124
GENE-5249,NO,2660.3,1218,1442.3,1.185,0.2,2.2e-01,1.0e+00,0.8806,1068,1204,992,1458,1629,1331,1367
GENE-8451,NO,2797.3,1308.3,1489,1.138,0.2,2.2e-01,1.0e+00,0.8806,1069,1286,1408,1231,1362,1460,1645
GENE-13887,NO,1680,749.3,930.7,1.242,0.3,2.2e-01,1.0e+00,0.8806,1070,740,541,967,894,1077,821
GENE-14656,NO,1374.3,625.7,748.7,1.196,0.3,2.3e-01,1.0e+00,0.881,1071,742,664,471,762,693,791
GENE-6311,NO,572.3,269,303.3,1.13,0.2,2.3e-01,1.0e+00,0.8831,1075,272,282,253,288,307,315
GENE-726,NO,29.3,13,16.3,1.245,0.3,2.3e-01,1.0e+00,0.8831,1076,13,12,14,19,14,16
GENE-11063,NO,636.7,298,338.7,1.138,0.2,2.3e-01,1.0e+00,0.8831,1077,310,302,282,376,321,319
GENE-11561,NO,516,285.7,230.3,0.806,-0.3,2.3e-01,1.0e+00,0.8835,1078,302,313,242,294,231,166
GENE-3677,NO,25.3,14.7,10.7,0.724,-0.5,2.3e-01,1.0e+00,0.8835,1079,16,13,15,15,11,6
GENE-15785,NO,23.7,13.3,10.3,0.772,-0.4,2.3e-01,1.0e+00,0.8836,1080,15,10,15,12,10,9
GENE-3471,YES,315.7,92.3,223.3,2.41,1.3,2.3e-01,1.0e+00,0.8836,1081,39,29,209,215,43,412
GENE-1162,NO,663.3,295.7,367.7,1.245,0.3,2.3e-01,1.0e+00,0.8836,1081,300,226,361,296,460,347
GENE-8284,NO,186,85.3,100.7,1.176,0.2,2.3e-01,1.0e+00,0.8836,1082,91,78,87,88,97,117
GENE-4752,NO,77.7,43,34.7,0.801,-0.3,2.3e-01,1.0e+00,0.8836,1083,42,45,42,24,40,40
GENE-19975,NO,49.7,21.7,28,1.281,0.4,2.3e-01,1.0e+00,0.8836,1084,23,27,15,30,24,30
GENE-2588,NO,14635.7,7796.3,6839.3,0.877,-0.2,2.3e-01,1.0e+00,0.8836,1085,7594,7327,8468,7634,6140,6744
GENE-1935,NO,579.3,309.7,269.7,0.871,-0.2,2.3e-01,1.0e+00,0.8836,1086,264,335,330,276,264,269
GENE-9702,NO,1656.7,768.3,888.3,1.156,0.2,2.3e-01,1.0e+00,0.8836,1087,798,821,686,1001,902,762
GENE-1564,NO,3293.3,1762.7,1530.7,0.868,-0.2,2.3e-01,1.0e+00,0.8836,1088,1738,1603,1947,1400,1440,1752
GENE-1669,NO,1449.3,820,629.3,0.768,-0.4,2.3e-01,1.0e+00,0.8836,1089,1008,485,967,596,734,558
GENE-16654,NO,2168.7,1748.3,420.3,0.24,-2.1,2.3e-01,1.0e+00,0.8836,1089,2740,7,2498,255,77,929
GENE-13187,NO,103.3,56.3,47,0.829,-0.3,2.3e-01,1.0e+00,0.8836,1090,70,52,47,49,46,46
GENE-17644,NO,116.7,53.7,63,1.165,0.2,2.3e-01,1.0e+00,0.8836,1091,52,49,60,64,65,60
GENE-7642,NO,26,11,15,1.35,0.4,2.3e-01,1.0e+00,0.8836,1092,10,11,12,21,10,14
GENE-18720,NO,180.7,83,97.7,1.173,0.2,2.3e-01,1.0e+00,0.8836,1093,85,90,74,111,86,96
GENE-11568,NO,165.3,89,76.3,0.855,-0.2,2.3e-01,1.0e+00,0.8836,1094,96,80,91,69,74,86
GENE-10799,NO,110.7,45,65.7,1.446,0.5,2.3e-01,1.0e+00,0.8836,1095,48,67,20,59,78,60
GENE-16295,NO,608,532,76,0.143,-2.8,2.3e-01,1.0e+00,0.8836,1096,0,1595,1,163,41,24
GENE-5347,NO,521,232,289,1.245,0.3,2.3e-01,1.0e+00,0.8836,1097,272,189,235,260,227,380
GENE-8737,NO,21.3,12.3,9,0.727,-0.5,2.3e-01,1.0e+00,0.8836,1097,10,14,13,6,8,13
GENE-13060,NO,119.3,52.3,67,1.27,0.3,2.3e-01,1.0e+00,0.8836,1098,35,57,65,65,59,77
GENE-10307,NO,1015,475.3,539.7,1.135,0.2,2.3e-01,1.0e+00,0.8836,1099,497,505,424,508,563,548
GENE-6316,NO,637,341.3,295.7,0.866,-0.2,2.3e-01,1.0e+00,0.8836,1100,334,315,375,336,291,260
GENE-9543,NO,688.3,389.7,298.7,0.767,-0.4,2.3e-01,1.0e+00,0.8846,1102,348,488,333,320,388,188
GENE-16767,NO,42,18.7,23.3,1.239,0.3,2.3e-01,1.0e+00,0.8846,1103,17,23,16,22,22,26
GENE-13907,NO,745.7,341.7,404,1.183,0.2,2.3e-01,1.0e+00,0.8849,1104,311,392,322,427,324,461
GENE-16888,NO,326,173.7,152.3,0.877,-0.2,2.3e-01,1.0e+00,0.8864,1107,190,159,172,158,147,152
GENE-489,NO,332,182.3,149.7,0.82,-0.3,2.3e-01,1.0e+00,0.8879,1110,215,130,202,160,149,140
GENE-6859,NO,38.3,21,17.3,0.82,-0.3,2.3e-01,1.0e+00,0.8883,1111,19,23,21,15,18,19
GENE-428,NO,71.3,31.3,40,1.266,0.3,2.3e-01,1.0e+00,0.8886,1113,40,30,24,47,41,32
GENE-4118,NO,591,313.3,277.7,0.887,-0.2,2.3e-01,1.0e+00,0.8886,1113,324,317,299,297,275,261
GENE-10753,NO,59,34,25,0.731,-0.5,2.3e-01,1.0e+00,0.8886,1114,23,37,42,16,25,34
GENE-6280,NO,546,250.7,295.3,1.178,0.2,2.3e-01,1.0e+00,0.8886,1115,269,238,245,295,237,354
GENE-5769,NO,4471,1850.3,2620.7,1.416,0.5,2.4e-01,1.0e+00,0.8886,1116,883,2432,2236,2228,2225,3409
GENE-4518,NO,104.3,46.3,58,1.242,0.3,2.4e-01,1.0e+00,0.8886,1117,49,36,54,68,61,45
GENE-559,NO,42,18.7,23.3,1.24,0.3,2.4e-01,1.0e+00,0.8886,1118,23,15,18,25,24,21
GENE-12502,NO,74,33,41,1.232,0.3,2.4e-01,1.0e+00,0.8886,1119,35,32,32,30,49,44
GENE-3166,NO,101.3,54.3,47,0.859,-0.2,2.4e-01,1.0e+00,0.8886,1120,54,58,51,43,50,48
GENE-4314,NO,312.3,139.3,173,1.24,0.3,2.4e-01,1.0e+00,0.8886,1121,130,172,116,200,191,128
GENE-15912,NO,3618.7,1987,1631.7,0.821,-0.3,2.4e-01,1.0e+00,0.8886,1121,1836,1815,2310,1215,2047,1633
GENE-17241,NO,37,16.3,20.7,1.254,0.3,2.4e-01,1.0e+00,0.8886,1122,16,17,16,16,26,20
GENE-5104,NO,137.7,73.7,64,0.863,-0.2,2.4e-01,1.0e+00,0.8886,1123,75,67,79,59,64,69
GENE-3513,NO,1553,670,883,1.318,0.4,2.4e-01,1.0e+00,0.8886,1124,657,838,515,751,1274,624
GENE-15847,NO,214.7,132.3,82.3,0.622,-0.7,2.4e-01,1.0e+00,0.8886,1125,206,125,66,60,140,47
GENE-17519,NO,1125.7,597.7,528,0.883,-0.2,2.4e-01,1.0e+00,0.8886,1126,538,643,612,516,563,505
GENE-10934,NO,43.7,19.7,24,1.21,0.3,2.4e-01,1.0e+00,0.8886,1127,19,22,18,25,26,21
GENE-11158,NO,128,68.7,59.3,0.858,-0.2,2.4e-01,1.0e+00,0.8886,1128,70,69,67,62,51,65
GENE-3212,NO,210,113.7,96.3,0.844,-0.2,2.4e-01,1.0e+00,0.8886,1129,137,106,98,106,96,87
GENE-14996,NO,33.3,18.7,14.7,0.782,-0.4,2.4e-01,1.0e+00,0.8886,1129,18,16,22,13,12,19
GENE-13827,NO,23.3,13.3,10,0.747,-0.4,2.4e-01,1.0e+00,0.8886,1130,10,15,15,7,10,13
GENE-6579,NO,464.3,209.7,254.7,1.215,0.3,2.4e-01,1.0e+00,0.8886,1131,169,232,228,225,322,217
GENE-4278,NO,139,63.3,75.7,1.186,0.2,2.4e-01,1.0e+00,0.8886,1132,63,67,60,64,72,91
GENE-722,NO,2548.3,1399.7,1148.7,0.821,-0.3,2.4e-01,1.0e+00,0.8886,1133,985,1492,1722,1121,1260,1065
GENE-13011,NO,186.7,102,84.7,0.83,-0.3,2.4e-01,1.0e+00,0.8886,1134,85,109,112,82,102,70
GENE-8,NO,343.7,188,155.7,0.828,-0.3,2.4e-01,1.0e+00,0.8886,1135,174,223,167,187,157,123
GENE-16974,NO,210.3,115.7,94.7,0.818,-0.3,2.4e-01,1.0e+00,0.8886,1136,107,132,108,84,123,77
GENE-15312,NO,3418,1604.7,1813.3,1.13,0.2,2.4e-01,1.0e+00,0.8886,1137,1712,1604,1498,1681,1768,1991
GENE-16625,NO,995,442.7,552.3,1.247,0.3,2.4e-01,1.0e+00,0.8886,1137,435,576,317,468,656,533
GENE-3252,NO,185.3,106,79.3,0.749,-0.4,2.4e-01,1.0e+00,0.8886,1138,138,113,67,82,100,56
GENE-6418,NO,626,284,342,1.204,0.3,2.4e-01,1.0e+00,0.8886,1139,209,326,317,308,333,385
GENE-12090,NO,34.3,19.3,15,0.772,-0.4,2.4e-01,1.0e+00,0.8886,1140,17,16,25,13,13,19
GENE-5004,NO,415,187.7,227.3,1.21,0.3,2.4e-01,1.0e+00,0.8886,1141,162,211,190,180,215,287
GENE-8651,NO,7804,2627.3,5176.7,1.97,1,2.4e-01,1.0e+00,0.8886,1142,2748,1208,3926,1323,3298,10909
GENE-15585,NO,113,61.7,51.3,0.827,-0.3,2.4e-01,1.0e+00,0.8898,1144,69,47,69,52,46,56
GENE-11802,NO,27.7,17,10.7,0.625,-0.7,2.4e-01,1.0e+00,0.8898,1145,16,23,12,7,20,5
GENE-16047,NO,47.7,26.7,21,0.783,-0.4,2.4e-01,1.0e+00,0.8898,1146,34,25,21,17,26,20
GENE-15376,NO,378,143.3,234.7,1.635,0.7,2.4e-01,1.0e+00,0.8898,1147,189,113,128,160,450,94
GENE-5862,NO,19.7,8.3,11.3,1.345,0.4,2.4e-01,1.0e+00,0.8898,1148,11,9,5,11,12,11
GENE-8629,NO,254,139.7,114.3,0.817,-0.3,2.4e-01,1.0e+00,0.8898,1149,122,164,133,111,144,88
GENE-9630,NO,2307.7,950,1357.7,1.429,0.5,2.4e-01,1.0e+00,0.8898,1150,1027,1023,800,706,1102,2265
GENE-10761,NO,151.3,66.3,85,1.272,0.3,2.4e-01,1.0e+00,0.8898,1150,56,62,81,102,96,57
GENE-13960,NO,2175,1024,1151,1.124,0.2,2.4e-01,1.0e+00,0.8898,1151,972,1076,1024,1094,1109,1250
GENE-5084,NO,45,19.7,25.3,1.277,0.4,2.4e-01,1.0e+00,0.8898,1152,23,22,14,28,28,20
GENE-1173,NO,2042.3,963.7,1078.7,1.119,0.2,2.4e-01,1.0e+00,0.8898,1153,1031,932,928,1121,1039,1076
GENE-16697,NO,76.3,44,32.3,0.73,-0.5,2.4e-01,1.0e+00,0.8898,1154,36,60,36,42,19,36
GENE-5182,NO,78,34,44,1.284,0.4,2.4e-01,1.0e+00,0.8906,1156,24,30,48,40,44,48
GENE-9641,NO,1351,545.7,805.3,1.476,0.6,2.4e-01,1.0e+00,0.8906,1157,356,710,571,1258,772,386
GENE-7309,NO,198.7,88,110.7,1.257,0.3,2.4e-01,1.0e+00,0.8906,1158,92,93,79,78,103,151
GENE-3569,NO,735.3,395,340.3,0.862,-0.2,2.4e-01,1.0e+00,0.8916,1160,344,457,384,299,350,372
GENE-540,NO,95.3,42.3,53,1.242,0.3,2.4e-01,1.0e+00,0.8916,1161,39,47,41,48,41,70
GENE-17267,NO,131.7,73.3,58.3,0.79,-0.3,2.4e-01,1.0e+00,0.8916,1162,90,63,67,79,47,49
GENE-11085,NO,39.7,17.3,22.3,1.277,0.4,2.4e-01,1.0e+00,0.8916,1163,22,17,13,18,26,23
GENE-13211,NO,143.3,60.7,82.7,1.364,0.4,2.4e-01,1.0e+00,0.8916,1164,52,85,45,81,114,53
GENE-651,NO,21426.7,9993.7,11433,1.144,0.2,2.4e-01,1.0e+00,0.8916,1164,11212,9395,9374,12804,10066,11429
GENE-2740,NO,206.7,172,34.7,0.201,-2.3,2.4e-01,1.0e+00,0.8916,1165,495,1,20,1,94,9
GENE-12357,NO,709,324.7,384.3,1.185,0.2,2.4e-01,1.0e+00,0.8916,1166,331,376,267,458,340,355
GENE-3642,NO,328,142.3,185.7,1.303,0.4,2.5e-01,1.0e+00,0.8934,1170,190,119,118,258,154,145
GENE-18378,NO,144.3,63.7,80.7,1.263,0.3,2.5e-01,1.0e+00,0.8953,1173,48,88,55,75,72,95
GENE-7616,NO,52.3,29.7,22.7,0.76,-0.4,2.5e-01,1.0e+00,0.8953,1174,34,22,33,15,30,23
GENE-375,NO,192,105,87,0.825,-0.3,2.5e-01,1.0e+00,0.8957,1175,105,117,93,112,77,72
GENE-17143,NO,47,25.7,21.3,0.826,-0.3,2.5e-01,1.0e+00,0.8971,1178,24,24,29,25,19,20
GENE-2109,NO,27,11.3,15.7,1.368,0.5,2.5e-01,1.0e+00,0.8971,1179,15,9,10,16,21,10
GENE-5062,NO,31,17.3,13.7,0.784,-0.4,2.5e-01,1.0e+00,0.8975,1180,15,20,17,10,17,14
GENE-5514,NO,657,360.7,296.3,0.823,-0.3,2.5e-01,1.0e+00,0.8975,1181,274,400,408,346,309,234
GENE-5181,NO,768.7,411.7,357,0.868,-0.2,2.5e-01,1.0e+00,0.8975,1182,337,437,461,360,341,370
GENE-2938,NO,285.7,122.3,163.3,1.334,0.4,2.5e-01,1.0e+00,0.8975,1183,135,131,101,252,126,112
GENE-5318,NO,6499,3504.3,2994.7,0.855,-0.2,2.5e-01,1.0e+00,0.8975,1184,2823,3935,3755,2788,3441,2755
GENE-10862,NO,126,69.3,56.7,0.812,-0.3,2.5e-01,1.0e+00,0.8976,1185,80,53,75,63,44,63
GENE-14936,NO,50.3,27.7,22.7,0.814,-0.3,2.5e-01,1.0e+00,0.8976,1186,26,23,34,21,21,26
GENE-5293,NO,21,9,12,1.319,0.4,2.5e-01,1.0e+00,0.8981,1187,6,10,11,10,14,12
GENE-16520,NO,149,91.3,57.7,0.629,-0.7,2.5e-01,1.0e+00,0.8981,1188,39,153,82,57,84,32
GENE-3826,NO,141,77,64,0.829,-0.3,2.5e-01,1.0e+00,0.8988,1190,75,92,64,55,77,60
GENE-919,NO,24.3,14.7,9.7,0.658,-0.6,2.5e-01,1.0e+00,0.8988,1191,25,7,12,12,8,9
GENE-10785,NO,237.7,128.3,109.3,0.851,-0.2,2.5e-01,1.0e+00,0.8988,1192,120,110,155,100,117,111
GENE-5556,NO,1531.3,813.3,718,0.883,-0.2,2.5e-01,1.0e+00,0.8988,1193,834,769,837,663,816,675
GENE-910,NO,36,23,13,0.564,-0.8,2.5e-01,1.0e+00,0.8988,1194,39,9,21,4,14,21
GENE-17394,NO,387.7,181.7,206,1.131,0.2,2.5e-01,1.0e+00,0.899,1195,182,183,180,209,223,186
GENE-16175,NO,20988.7,9694.3,11294.3,1.165,0.2,2.5e-01,1.0e+00,0.8995,1196,11502,8859,8722,10789,13096,9998
GENE-10990,NO,114,49.3,64.7,1.301,0.4,2.5e-01,1.0e+00,0.8995,1197,47,36,65,85,47,62
GENE-6256,NO,81.3,35.3,46,1.292,0.4,2.5e-01,1.0e+00,0.8995,1198,44,22,40,50,51,37
GENE-5831,NO,37.7,15.7,22,1.391,0.5,2.5e-01,1.0e+00,0.8995,1199,15,12,20,30,24,12
GENE-10516,NO,66.7,37.3,29.3,0.781,-0.4,2.5e-01,1.0e+00,0.8995,1200,30,45,37,40,25,23
GENE-9936,NO,20.3,11.7,8.7,0.74,-0.4,2.5e-01,1.0e+00,0.9009,1203,11,9,15,7,7,12
GENE-13740,NO,517,280,237,0.848,-0.2,2.5e-01,1.0e+00,0.9016,1204,292,269,279,295,189,227
GENE-6499,NO,128.7,71.3,57.3,0.798,-0.3,2.5e-01,1.0e+00,0.9016,1205,94,64,56,71,50,51
GENE-8289,NO,37.7,22,15.7,0.709,-0.5,2.5e-01,1.0e+00,0.9029,1208,30,15,21,11,12,24
GENE-705,NO,22.7,12.7,10,0.786,-0.3,2.5e-01,1.0e+00,0.9031,1209,12,11,15,10,8,12
GENE-8400,NO,48.7,26.3,22.3,0.843,-0.2,2.5e-01,1.0e+00,0.9031,1210,27,23,29,23,22,22
GENE-12992,NO,60,33.7,26.3,0.777,-0.4,2.5e-01,1.0e+00,0.9031,1211,27,37,37,32,17,30
GENE-14238,NO,1163.7,528,635.7,1.204,0.3,2.6e-01,1.0e+00,0.9053,1215,434,453,697,705,612,590
GENE-8958,NO,154.7,83.7,71,0.846,-0.2,2.6e-01,1.0e+00,0.9069,1218,70,81,100,79,66,68
GENE-17637,NO,139.7,88.7,51,0.574,-0.8,2.6e-01,1.0e+00,0.9077,1220,105,86,75,74,71,8
GENE-14946,NO,1239.3,658,581.3,0.884,-0.2,2.6e-01,1.0e+00,0.9077,1221,714,607,653,552,545,647
GENE-18423,NO,1488.7,703.7,785,1.116,0.2,2.6e-01,1.0e+00,0.9078,1222,721,683,707,824,805,726
GENE-19,NO,263.3,169,94.3,0.558,-0.8,2.6e-01,1.0e+00,0.9078,1223,215,109,183,17,101,165
GENE-15231,NO,609.7,286.3,323.3,1.131,0.2,2.6e-01,1.0e+00,0.9078,1224,316,282,261,300,337,333
GENE-3399,NO,2626.3,1385,1241.3,0.896,-0.2,2.6e-01,1.0e+00,0.9078,1225,1338,1401,1416,1149,1253,1322
GENE-14041,NO,36.3,20.7,15.7,0.754,-0.4,2.6e-01,1.0e+00,0.9078,1226,18,20,24,20,9,18
GENE-16268,NO,24.7,10.7,14,1.3,0.4,2.6e-01,1.0e+00,0.9078,1226,9,8,15,15,14,13
GENE-8287,NO,90.3,50.7,39.7,0.778,-0.4,2.6e-01,1.0e+00,0.9078,1227,66,33,53,40,47,32
GENE-16927,NO,1905,894.3,1010.7,1.13,0.2,2.6e-01,1.0e+00,0.9078,1228,884,937,862,1124,1020,888
GENE-5303,NO,1197.3,540.3,657,1.216,0.3,2.6e-01,1.0e+00,0.9078,1229,641,546,434,614,522,835
GENE-2054,NO,94,51.7,42.3,0.814,-0.3,2.6e-01,1.0e+00,0.9078,1230,60,43,52,43,52,32
GENE-14907,NO,68,37.3,30.7,0.816,-0.3,2.6e-01,1.0e+00,0.9078,1231,33,37,42,32,23,37
GENE-9718,NO,42,24,18,0.746,-0.4,2.6e-01,1.0e+00,0.9078,1232,15,23,34,14,21,19
GENE-4259,NO,2510.7,1036.3,1474.3,1.423,0.5,2.6e-01,1.0e+00,0.9078,1233,1775,519,815,1545,1414,1464
GENE-18564,NO,28,10.7,17.3,1.607,0.7,2.6e-01,1.0e+00,0.9078,1234,6,6,20,17,10,25
GENE-3516,NO,1261.3,594.3,667,1.122,0.2,2.6e-01,1.0e+00,0.9078,1235,591,573,619,732,612,657
GENE-11509,NO,2082.7,1114.7,968,0.868,-0.2,2.6e-01,1.0e+00,0.9078,1236,960,1295,1089,932,888,1084
GENE-7559,NO,461,177.3,283.7,1.599,0.7,2.6e-01,1.0e+00,0.9078,1236,268,169,95,126,495,230
GENE-5888,NO,101.7,45.3,56.3,1.233,0.3,2.6e-01,1.0e+00,0.9081,1238,38,40,58,52,48,69
GENE-17764,NO,2962,1205,1757,1.458,0.5,2.6e-01,1.0e+00,0.9081,1239,674,2137,804,1840,2074,1357
GENE-2856,NO,228.7,103.3,125.3,1.211,0.3,2.6e-01,1.0e+00,0.9081,1240,82,99,129,139,135,102
GENE-17463,NO,731.7,390.3,341.3,0.875,-0.2,2.6e-01,1.0e+00,0.9081,1241,442,395,334,331,325,368
GENE-2610,NO,122.7,56,66.7,1.181,0.2,2.6e-01,1.0e+00,0.9081,1241,65,57,46,70,71,59
GENE-6717,NO,3673.3,1644,2029.3,1.234,0.3,2.6e-01,1.0e+00,0.9081,1242,1423,1932,1577,2218,2501,1369
GENE-4097,NO,496.3,277.7,218.7,0.787,-0.3,2.6e-01,1.0e+00,0.9081,1243,326,188,319,215,278,163
GENE-10341,NO,1989.3,1072.7,916.7,0.855,-0.2,2.6e-01,1.0e+00,0.9081,1244,1182,1017,1019,991,1051,708
GENE-15542,NO,169.3,106,63.3,0.598,-0.7,2.6e-01,1.0e+00,0.9081,1245,83,90,145,19,123,48
GENE-18485,NO,191.3,102.7,88.7,0.86,-0.2,2.6e-01,1.0e+00,0.9081,1246,102,118,88,94,93,79
GENE-19469,NO,209,86.7,122.3,1.409,0.5,2.6e-01,1.0e+00,0.9081,1247,83,124,53,160,68,139
GENE-13744,NO,3771,2071.7,1699.3,0.82,-0.3,2.6e-01,1.0e+00,0.9081,1248,1898,1541,2776,1537,1649,1912
GENE-14125,NO,94.7,51.7,43,0.827,-0.3,2.6e-01,1.0e+00,0.9081,1249,57,45,53,33,44,52
GENE-4874,NO,244.3,131.3,113,0.859,-0.2,2.6e-01,1.0e+00,0.9081,1250,135,150,109,126,108,105
GENE-7614,NO,1362.7,819.7,543,0.663,-0.6,2.6e-01,1.0e+00,0.9081,1251,1074,671,714,199,861,569
GENE-9957,NO,405,185.7,219.3,1.18,0.2,2.6e-01,1.0e+00,0.9081,1251,145,183,229,218,207,233
GENE-16829,NO,236.3,102,134.3,1.318,0.4,2.6e-01,1.0e+00,0.9081,1252,86,83,137,177,142,84
GENE-16288,NO,825,439.7,385.3,0.876,-0.2,2.6e-01,1.0e+00,0.9081,1253,459,420,440,377,447,332
GENE-10473,NO,640.3,347.3,293,0.844,-0.2,2.6e-01,1.0e+00,0.9088,1255,325,398,319,365,238,276
GENE-3482,NO,820,383.3,436.7,1.139,0.2,2.6e-01,1.0e+00,0.9088,1256,341,425,384,403,418,489
GENE-14206,NO,374,165.7,208.3,1.256,0.3,2.6e-01,1.0e+00,0.9088,1257,168,176,153,179,298,148
GENE-5154,NO,629.7,344,285.7,0.831,-0.3,2.6e-01,1.0e+00,0.9088,1258,454,267,311,265,281,311
GENE-578,NO,212.7,95.7,117,1.218,0.3,2.6e-01,1.0e+00,0.9088,1259,105,95,87,149,84,118
GENE-16310,NO,863,401.3,461.7,1.151,0.2,2.7e-01,1.0e+00,0.9088,1260,328,445,431,444,502,439
GENE-6900,NO,21,12.7,8.3,0.657,-0.6,2.7e-01,1.0e+00,0.9088,1260,11,9,18,3,10,12
GENE-5228,NO,266.7,142.7,124,0.867,-0.2,2.7e-01,1.0e+00,0.9088,1261,158,153,117,122,122,128
GENE-17814,NO,325.3,175.3,150,0.855,-0.2,2.7e-01,1.0e+00,0.9088,1262,178,145,203,166,130,154
GENE-18427,NO,348.7,129,219.7,1.699,0.8,2.7e-01,1.0e+00,0.9088,1263,46,118,223,133,387,139
GENE-948,NO,891,401.7,489.3,1.22,0.3,2.7e-01,1.0e+00,0.9088,1264,330,537,338,547,517,404
GENE-18172,NO,39.3,17.7,21.7,1.216,0.3,2.7e-01,1.0e+00,0.9088,1265,19,17,17,17,24,24
GENE-3914,NO,250.3,108.3,142,1.307,0.4,2.7e-01,1.0e+00,0.9088,1266,121,130,74,157,179,90
GENE-15620,NO,400,185,215,1.159,0.2,2.7e-01,1.0e+00,0.9088,1267,181,213,161,220,239,186
GENE-2709,NO,150.7,66.7,84,1.256,0.3,2.7e-01,1.0e+00,0.9088,1268,62,84,54,58,94,100
GENE-17343,NO,37,16.3,20.7,1.254,0.3,2.7e-01,1.0e+00,0.9088,1269,20,14,15,19,17,26
GENE-7753,NO,35,11,24,2.151,1.1,2.7e-01,1.0e+00,0.9088,1270,12,21,0,9,40,23
GENE-2770,NO,452.3,283,169.3,0.599,-0.7,2.7e-01,1.0e+00,0.9088,1270,314,438,97,74,171,263
GENE-13944,NO,38.7,21.7,17,0.78,-0.4,2.7e-01,1.0e+00,0.9088,1271,28,17,20,22,15,14
GENE-11608,NO,184.3,75.7,108.7,1.43,0.5,2.7e-01,1.0e+00,0.9088,1272,47,48,132,84,126,116
GENE-6951,NO,85.7,47,38.7,0.817,-0.3,2.7e-01,1.0e+00,0.9088,1273,54,50,37,38,31,47
GENE-10878,NO,707.3,393.3,314,0.799,-0.3,2.7e-01,1.0e+00,0.9088,1274,405,498,277,350,361,231
GENE-7622,NO,659,307.3,351.7,1.145,0.2,2.7e-01,1.0e+00,0.9088,1275,322,343,257,329,380,346
GENE-13285,NO,484.7,228,256.7,1.125,0.2,2.7e-01,1.0e+00,0.9088,1276,204,241,239,253,269,248
GENE-14061,NO,76.3,42.7,33.7,0.784,-0.4,2.7e-01,1.0e+00,0.9088,1277,54,27,47,36,37,28
GENE-12389,NO,73,32.3,40.7,1.247,0.3,2.7e-01,1.0e+00,0.9088,1278,26,42,29,42,48,32
GENE-11156,NO,25,14.3,10.7,0.741,-0.4,2.7e-01,1.0e+00,0.9088,1279,11,17,15,6,13,13
GENE-16393,NO,194,103,91,0.88,-0.2,2.7e-01,1.0e+00,0.9088,1280,113,96,100,87,91,95
GENE-14423,NO,42.3,18.3,24,1.297,0.4,2.7e-01,1.0e+00,0.9088,1280,23,18,14,27,29,16
GENE-18627,NO,102.7,43.3,59.3,1.359,0.4,2.7e-01,1.0e+00,0.9088,1281,59,23,48,42,69,67
GENE-14150,NO,151,82,69,0.839,-0.3,2.7e-01,1.0e+00,0.9088,1282,68,92,86,73,55,79
GENE-14388,NO,1363.3,716.3,647,0.903,-0.1,2.7e-01,1.0e+00,0.9088,1283,718,733,698,667,647,627
GENE-15627,NO,39855.3,24415.7,15439.7,0.632,-0.7,2.7e-01,1.0e+00,0.9088,1284,8618,24395,40234,16765,8797,20757
GENE-10469,NO,82.3,47.3,35,0.735,-0.4,2.7e-01,1.0e+00,0.9088,1285,29,48,65,44,39,22
GENE-18324,NO,29,16,13,0.808,-0.3,2.7e-01,1.0e+00,0.9097,1287,18,17,13,15,11,13
GENE-9608,NO,3470.7,2237.7,1233,0.551,-0.9,2.7e-01,1.0e+00,0.9102,1289,1292,2621,2800,268,950,2481
GENE-1769,NO,111,48.7,62.3,1.271,0.3,2.7e-01,1.0e+00,0.9102,1290,40,36,70,57,57,73
GENE-1731,NO,109.7,50.3,59.3,1.17,0.2,2.7e-01,1.0e+00,0.9115,1293,60,47,44,62,61,55
GENE-16530,NO,1188.7,645.3,543.3,0.842,-0.2,2.7e-01,1.0e+00,0.9115,1293,594,508,834,527,510,593
GENE-17003,NO,6098.3,2846,3252.3,1.143,0.2,2.7e-01,1.0e+00,0.9115,1294,3383,2544,2611,2982,3395,3380
GENE-5531,NO,43.7,20,23.7,1.174,0.2,2.7e-01,1.0e+00,0.9116,1295,21,19,20,23,25,23
GENE-9403,NO,467.7,262.7,205,0.781,-0.4,2.7e-01,1.0e+00,0.9116,1296,212,182,394,199,228,188
GENE-2640,NO,77.3,42,35.3,0.836,-0.3,2.7e-01,1.0e+00,0.9116,1297,35,41,50,30,37,39
GENE-13994,NO,12845.7,6002,6843.7,1.14,0.2,2.7e-01,1.0e+00,0.9116,1298,5210,6669,6127,7243,7362,5926
GENE-19000,NO,253.3,116,137.3,1.181,0.2,2.7e-01,1.0e+00,0.9116,1299,119,105,124,146,161,105
GENE-9706,NO,394,210.7,183.3,0.87,-0.2,2.7e-01,1.0e+00,0.9116,1300,198,225,209,158,176,216
GENE-12680,NO,86,37.7,48.3,1.273,0.3,2.7e-01,1.0e+00,0.9116,1301,23,48,42,42,51,52
GENE-14801,NO,35.7,20.7,15,0.723,-0.5,2.7e-01,1.0e+00,0.9116,1302,20,12,30,10,18,17
GENE-14455,NO,7372,3478.7,3893.3,1.119,0.2,2.7e-01,1.0e+00,0.9116,1303,3655,3370,3411,3644,4371,3665
GENE-16797,NO,428.3,199.3,229,1.149,0.2,2.7e-01,1.0e+00,0.9116,1304,186,233,179,255,209,223
GENE-9656,NO,221,119.3,101.7,0.848,-0.2,2.7e-01,1.0e+00,0.9116,1305,105,128,125,120,80,105
GENE-5398,NO,119.3,51.7,67.7,1.299,0.4,2.7e-01,1.0e+00,0.9116,1305,53,69,33,74,80,49
GENE-9414,NO,1403.7,575.7,828,1.439,0.5,2.7e-01,1.0e+00,0.9116,1306,796,668,263,706,580,1198
GENE-906,NO,193.7,104,89.7,0.859,-0.2,2.7e-01,1.0e+00,0.9116,1307,91,102,119,76,98,95
GENE-4490,NO,60,21,39,1.836,0.9,2.7e-01,1.0e+00,0.9116,1308,5,45,13,20,62,35
GENE-2521,NO,100.7,58.7,42,0.715,-0.5,2.8e-01,1.0e+00,0.9116,1309,51,81,44,27,68,31
GENE-19158,NO,22.3,12.7,9.7,0.76,-0.4,2.8e-01,1.0e+00,0.9116,1310,16,10,12,9,7,13
GENE-5537,NO,52.7,28.7,24,0.832,-0.3,2.8e-01,1.0e+00,0.9139,1314,28,23,35,23,25,24
GENE-1422,NO,1540,652.7,887.3,1.358,0.4,2.8e-01,1.0e+00,0.9139,1315,702,590,666,634,1481,547
GENE-18741,NO,1306.3,620.3,686,1.106,0.1,2.8e-01,1.0e+00,0.9139,1316,609,645,607,671,700,687
GENE-18459,NO,197,108.7,88.3,0.81,-0.3,2.8e-01,1.0e+00,0.9139,1317,145,97,84,70,97,98
GENE-7060,NO,975,558.7,416.3,0.746,-0.4,2.8e-01,1.0e+00,0.9139,1318,441,554,681,648,354,247
GENE-10472,NO,104.3,56.3,48,0.846,-0.2,2.8e-01,1.0e+00,0.9139,1319,56,67,46,43,51,50
GENE-15148,NO,1372.3,729,643.3,0.882,-0.2,2.8e-01,1.0e+00,0.9139,1320,724,771,692,568,616,746
GENE-14329,NO,3489.7,1935.3,1554.3,0.803,-0.3,2.8e-01,1.0e+00,0.9139,1321,1985,2335,1486,1245,2131,1287
GENE-15327,NO,320.3,170.3,150,0.878,-0.2,2.8e-01,1.0e+00,0.9139,1321,163,187,161,156,163,131
GENE-18141,NO,640.7,347.3,293.3,0.845,-0.2,2.8e-01,1.0e+00,0.9145,1323,297,358,387,373,253,254
GENE-4964,NO,87,48.7,38.3,0.783,-0.4,2.8e-01,1.0e+00,0.9145,1324,71,34,41,38,35,42
GENE-15915,NO,199,88.3,110.7,1.251,0.3,2.8e-01,1.0e+00,0.9145,1325,85,120,60,115,125,92
GENE-18962,NO,352.7,160.3,192.3,1.197,0.3,2.8e-01,1.0e+00,0.9145,1326,132,153,196,180,236,161
GENE-10186,NO,1337.3,741,596.3,0.805,-0.3,2.8e-01,1.0e+00,0.9155,1328,479,829,915,562,713,514
GENE-1846,NO,71.3,39,32.3,0.824,-0.3,2.8e-01,1.0e+00,0.9158,1330,31,46,40,34,26,37
GENE-4646,NO,23.7,10.3,13.3,1.278,0.4,2.8e-01,1.0e+00,0.9158,1331,7,11,13,15,13,12
GENE-4198,NO,128,57.3,70.7,1.223,0.3,2.8e-01,1.0e+00,0.9158,1332,67,65,40,82,62,68
GENE-10778,YES,400,224.3,175.7,0.784,-0.4,2.8e-01,1.0e+00,0.9158,1333,217,281,175,164,119,244
GENE-4370,NO,563,299.3,263.7,0.882,-0.2,2.8e-01,1.0e+00,0.9158,1333,275,278,345,282,263,246
GENE-17838,NO,78.7,36.3,42.3,1.156,0.2,2.8e-01,1.0e+00,0.9158,1334,38,34,37,38,43,46
GENE-9557,NO,568,306,262,0.856,-0.2,2.8e-01,1.0e+00,0.9158,1335,376,295,247,287,262,237
GENE-3173,NO,820,467.3,352.7,0.754,-0.4,2.8e-01,1.0e+00,0.9173,1338,526,408,468,290,211,557
GENE-5921,NO,2182.3,1205.3,977,0.811,-0.3,2.8e-01,1.0e+00,0.9176,1340,886,1619,1111,1151,776,1004
GENE-11186,NO,38,22.3,15.7,0.698,-0.5,2.8e-01,1.0e+00,0.9176,1341,28,14,25,10,26,11
GENE-16857,NO,389.3,233,156.3,0.67,-0.6,2.8e-01,1.0e+00,0.9176,1342,208,181,310,107,76,286
GENE-16345,NO,32106,14952.3,17153.7,1.147,0.2,2.8e-01,1.0e+00,0.9176,1343,14925,17312,12620,16933,19353,15175
GENE-9650,NO,3792,1750,2042,1.167,0.2,2.8e-01,1.0e+00,0.9176,1343,1956,1380,1914,1857,2388,1881
GENE-8825,NO,34.7,15.3,19.3,1.249,0.3,2.8e-01,1.0e+00,0.9176,1344,15,20,11,18,19,21
GENE-17639,NO,4496.3,2126,2370.3,1.115,0.2,2.8e-01,1.0e+00,0.9176,1345,1965,2178,2235,2494,2464,2153
GENE-14302,NO,851,449.7,401.3,0.892,-0.2,2.8e-01,1.0e+00,0.9176,1346,423,453,473,440,404,360
GENE-5166,NO,156.7,71,85.7,1.203,0.3,2.8e-01,1.0e+00,0.9176,1347,62,89,62,81,72,104
GENE-1382,NO,199,90.7,108.3,1.193,0.3,2.8e-01,1.0e+00,0.9176,1348,84,114,74,90,117,118
GENE-10781,NO,136.7,73.3,63.3,0.861,-0.2,2.8e-01,1.0e+00,0.9176,1349,74,84,62,62,58,70
GENE-19571,NO,107.7,33,74.7,2.249,1.2,2.8e-01,1.0e+00,0.9176,1350,5,53,41,85,132,7
GENE-13538,NO,1575.3,847.7,727.7,0.859,-0.2,2.8e-01,1.0e+00,0.9176,1351,829,890,824,824,545,814
GENE-97,NO,380.7,204,176.7,0.865,-0.2,2.8e-01,1.0e+00,0.9176,1352,185,191,236,206,154,170
GENE-14244,NO,146.7,68,78.7,1.148,0.2,2.8e-01,1.0e+00,0.9176,1353,75,63,66,73,74,89
GENE-18635,NO,51.7,23,28.7,1.236,0.3,2.9e-01,1.0e+00,0.9176,1354,29,18,22,24,27,35
GENE-18995,NO,811.7,373.3,438.3,1.175,0.2,2.9e-01,1.0e+00,0.9176,1354,308,397,415,517,348,450
GENE-12844,NO,919.3,494.3,425,0.86,-0.2,2.9e-01,1.0e+00,0.9176,1355,424,471,588,473,353,449
GENE-5163,NO,52.7,18.7,34,1.803,0.9,2.9e-01,1.0e+00,0.9176,1356,22,19,15,4,42,56
GENE-16410,NO,296.7,122.7,174,1.417,0.5,2.9e-01,1.0e+00,0.9176,1357,65,161,142,272,120,130
GENE-3061,NO,2101.7,1343.7,758,0.564,-0.8,2.9e-01,1.0e+00,0.9176,1358,517,2151,1363,1108,186,980
GENE-18563,NO,6138,2776.3,3361.7,1.211,0.3,2.9e-01,1.0e+00,0.9176,1359,3466,1825,3038,3299,3298,3488
GENE-1458,NO,300.7,164.7,136,0.826,-0.3,2.9e-01,1.0e+00,0.9176,1360,167,137,190,175,130,103
GENE-13999,NO,1534,807.3,726.7,0.9,-0.2,2.9e-01,1.0e+00,0.9176,1361,786,776,860,724,775,681
GENE-129,NO,112.3,47,65.3,1.38,0.5,2.9e-01,1.0e+00,0.9176,1362,34,32,75,78,42,76
GENE-15856,NO,669.3,357.7,311.7,0.872,-0.2,2.9e-01,1.0e+00,0.9176,1363,437,316,320,316,304,315
GENE-7455,NO,235.3,86.7,148.7,1.706,0.8,2.9e-01,1.0e+00,0.9177,1364,148,46,66,126,273,47
GENE-2829,NO,31,13.7,17.3,1.257,0.3,2.9e-01,1.0e+00,0.9177,1365,15,11,15,17,22,13
GENE-15975,NO,30.3,16.7,13.7,0.815,-0.3,2.9e-01,1.0e+00,0.9177,1365,15,18,17,11,17,13
GENE-12808,NO,2231.7,1029.3,1202.3,1.168,0.2,2.9e-01,1.0e+00,0.9177,1366,907,972,1209,1061,1477,1069
GENE-3434,NO,1753.7,948.7,805,0.849,-0.2,2.9e-01,1.0e+00,0.9177,1367,1213,835,798,896,820,699
GENE-4755,NO,92,40.7,51.3,1.252,0.3,2.9e-01,1.0e+00,0.9177,1368,43,46,33,47,37,70
GENE-19203,NO,54.3,24.3,30,1.223,0.3,2.9e-01,1.0e+00,0.9177,1369,28,22,23,38,23,29
GENE-15398,NO,42,18,24,1.322,0.4,2.9e-01,1.0e+00,0.9177,1370,15,11,28,23,25,24
GENE-11864,NO,34.7,15.7,19,1.202,0.3,2.9e-01,1.0e+00,0.9177,1371,14,14,19,20,19,18
GENE-7815,NO,1218,648,570,0.879,-0.2,2.9e-01,1.0e+00,0.9177,1372,750,655,539,574,594,542
GENE-8017,NO,26.7,14.7,12,0.814,-0.3,2.9e-01,1.0e+00,0.9177,1373,18,12,14,13,11,12
GENE-5440,NO,162.3,86.3,76,0.877,-0.2,2.9e-01,1.0e+00,0.9177,1374,95,89,75,79,74,75
GENE-12700,NO,590.7,276,314.7,1.141,0.2,2.9e-01,1.0e+00,0.9177,1375,262,274,292,290,278,376
GENE-8203,NO,141.3,79.7,61.7,0.772,-0.4,2.9e-01,1.0e+00,0.9177,1376,70,88,81,48,42,95
GENE-5256,NO,284.3,175.7,108.7,0.618,-0.7,2.9e-01,1.0e+00,0.9177,1377,97,333,97,154,124,48
GENE-11937,NO,61,34.7,26.3,0.755,-0.4,2.9e-01,1.0e+00,0.9177,1377,40,25,39,38,16,25
GENE-5702,NO,3378.7,1445.7,1933,1.337,0.4,2.9e-01,1.0e+00,0.9177,1378,1537,1270,1530,3007,1788,1004
GENE-15120,NO,64.7,29,35.7,1.22,0.3,2.9e-01,1.0e+00,0.9177,1379,28,21,38,34,36,37
GENE-642,NO,583.3,313.7,269.7,0.861,-0.2,2.9e-01,1.0e+00,0.9177,1380,306,326,309,249,339,221
GENE-19046,NO,330,186.7,143.3,0.766,-0.4,2.9e-01,1.0e+00,0.9177,1381,172,261,127,94,155,181
GENE-3355,NO,91,52,39,0.745,-0.4,2.9e-01,1.0e+00,0.9177,1382,27,72,57,33,35,49
GENE-14309,NO,29.7,17.3,12.3,0.708,-0.5,2.9e-01,1.0e+00,0.9177,1383,19,23,10,8,19,10
GENE-11155,NO,5744.7,2701.7,3043,1.126,0.2,2.9e-01,1.0e+00,0.9177,1384,2672,2771,2662,2729,2827,3573
GENE-10270,NO,72,38.7,33.3,0.856,-0.2,2.9e-01,1.0e+00,0.9177,1385,41,38,37,38,28,34
GENE-16216,NO,42,24.7,17.3,0.699,-0.5,2.9e-01,1.0e+00,0.9177,1386,26,27,21,31,12,9
GENE-8891,NO,474.7,262.3,212.3,0.81,-0.3,2.9e-01,1.0e+00,0.9177,1387,167,307,313,178,221,238
GENE-3711,NO,211,112.7,98.3,0.869,-0.2,2.9e-01,1.0e+00,0.9177,1388,132,105,101,109,91,95
GENE-6639,NO,25.7,14.7,11,0.747,-0.4,2.9e-01,1.0e+00,0.9177,1388,14,17,13,11,6,16
GENE-4764,NO,385,177.7,207.3,1.165,0.2,2.9e-01,1.0e+00,0.9177,1389,200,145,188,217,232,173
GENE-5834,NO,135.3,76.7,58.7,0.763,-0.4,2.9e-01,1.0e+00,0.9177,1390,49,105,76,63,74,39
GENE-16168,NO,278.3,123.3,155,1.256,0.3,2.9e-01,1.0e+00,0.9177,1391,90,149,131,214,123,128
GENE-2589,NO,4799.7,2170.7,2629,1.211,0.3,2.9e-01,1.0e+00,0.9177,1392,2939,1870,1703,3124,2413,2350
GENE-11391,NO,2733,1515.3,1217.7,0.804,-0.3,2.9e-01,1.0e+00,0.9177,1393,1422,1745,1379,1617,1279,757
GENE-16858,NO,98.7,53.7,45,0.833,-0.3,2.9e-01,1.0e+00,0.9177,1394,54,55,52,55,48,32
GENE-9182,NO,260.3,121,139.3,1.149,0.2,2.9e-01,1.0e+00,0.9177,1395,113,117,133,135,163,120
GENE-4725,NO,2935,1371,1564,1.141,0.2,2.9e-01,1.0e+00,0.9177,1396,1405,1507,1201,1822,1363,1507
GENE-12102,NO,5150.7,2716.3,2434.3,0.896,-0.2,2.9e-01,1.0e+00,0.9177,1397,2410,2792,2947,2323,2377,2603
GENE-18576,NO,1001,456,545,1.196,0.3,2.9e-01,1.0e+00,0.9177,1398,438,448,482,538,710,387
GENE-17211,NO,30.3,17,13.3,0.78,-0.4,3.0e-01,1.0e+00,0.9177,1399,13,18,20,17,9,14
GENE-15781,NO,835.3,442.7,392.7,0.887,-0.2,3.0e-01,1.0e+00,0.9177,1399,482,446,400,426,409,343
GENE-6090,NO,26.7,10,16.7,1.648,0.7,3.0e-01,1.0e+00,0.9177,1400,10,4,16,13,7,30
GENE-9979,NO,1287.7,681.7,606,0.889,-0.2,3.0e-01,1.0e+00,0.9177,1401,712,680,653,525,605,688
GENE-16670,NO,270,120,150,1.25,0.3,3.0e-01,1.0e+00,0.9177,1402,142,101,117,170,186,94
GENE-5774,NO,78.3,32,46.3,1.435,0.5,3.0e-01,1.0e+00,0.9177,1403,41,44,11,52,39,48
GENE-9337,NO,2011.3,928,1083.3,1.168,0.2,3.0e-01,1.0e+00,0.9177,1404,945,876,963,865,1389,996
GENE-602,NO,273.3,145.3,128,0.879,-0.2,3.0e-01,1.0e+00,0.9177,1405,127,150,159,140,114,130
GENE-6876,NO,1318.3,627.3,691,1.101,0.1,3.0e-01,1.0e+00,0.9177,1406,624,641,617,689,719,665
GENE-17210,NO,468.3,210,258.3,1.23,0.3,3.0e-01,1.0e+00,0.9177,1407,159,257,214,331,188,256
GENE-5233,NO,53.7,23.7,30,1.258,0.3,3.0e-01,1.0e+00,0.9177,1408,29,17,25,24,27,39
GENE-6844,NO,3180.3,1682.3,1498,0.891,-0.2,3.0e-01,1.0e+00,0.9177,1409,1749,1428,1870,1522,1520,1452
GENE-14012,NO,1318.3,703.7,614.7,0.874,-0.2,3.0e-01,1.0e+00,0.9177,1410,592,817,702,698,582,564
GENE-15799,NO,17254.7,7315.3,9939.3,1.359,0.4,3.0e-01,1.0e+00,0.9177,1410,10327,7939,3680,12480,6820,10518
GENE-16913,NO,221.3,121.3,100,0.823,-0.3,3.0e-01,1.0e+00,0.9177,1411,118,129,117,101,131,68
GENE-10361,NO,28,12,16,1.321,0.4,3.0e-01,1.0e+00,0.9177,1412,12,7,17,19,13,16
GENE-19204,NO,2415,1145.7,1269.3,1.108,0.1,3.0e-01,1.0e+00,0.9177,1413,1190,1136,1111,1282,1159,1367
GENE-6008,NO,2341.7,1100.7,1241,1.127,0.2,3.0e-01,1.0e+00,0.9177,1414,1158,936,1208,1292,1294,1137
GENE-16884,NO,125.7,74.3,51.3,0.687,-0.5,3.0e-01,1.0e+00,0.9177,1415,108,31,84,61,30,63
GENE-3888,NO,61.3,27,34.3,1.261,0.3,3.0e-01,1.0e+00,0.9177,1416,37,25,19,27,39,37
GENE-15635,NO,941,507.3,433.7,0.855,-0.2,3.0e-01,1.0e+00,0.9177,1417,468,518,536,380,362,559
GENE-16872,NO,482.7,269.7,213,0.791,-0.3,3.0e-01,1.0e+00,0.9182,1419,272,370,167,180,202,257
GENE-11183,NO,4336.7,2278.3,2058.3,0.903,-0.1,3.0e-01,1.0e+00,0.9191,1421,2371,2243,2221,2256,1978,1941
GENE-16285,NO,566.3,308,258.3,0.84,-0.3,3.0e-01,1.0e+00,0.9198,1423,406,240,278,248,291,236
GENE-3005,NO,139.7,65.3,74.3,1.129,0.2,3.0e-01,1.0e+00,0.9198,1424,62,65,69,79,70,74
GENE-8171,NO,127,80.3,46.7,0.579,-0.8,3.0e-01,1.0e+00,0.9198,1425,62,161,18,48,29,63
GENE-15435,NO,24,14,10,0.711,-0.5,3.0e-01,1.0e+00,0.9198,1426,13,22,7,12,8,10
GENE-3342,NO,31.7,13.7,18,1.304,0.4,3.0e-01,1.0e+00,0.9198,1427,11,15,15,16,26,12
GENE-8470,NO,1135.7,534.3,601.3,1.125,0.2,3.0e-01,1.0e+00,0.9198,1428,507,499,597,554,677,573
GENE-2425,NO,36.7,16.7,20,1.19,0.3,3.0e-01,1.0e+00,0.9198,1429,17,18,15,21,17,22
GENE-2539,NO,140.3,76,64.3,0.844,-0.2,3.0e-01,1.0e+00,0.9198,1429,85,84,59,76,61,56
GENE-409,NO,2401.3,1461.3,940,0.643,-0.6,3.0e-01,1.0e+00,0.9198,1430,1172,2090,1122,307,1672,841
GENE-18573,NO,431.7,188,243.7,1.295,0.4,3.0e-01,1.0e+00,0.9198,1431,141,291,132,198,294,239
GENE-7329,NO,733.3,338,395.3,1.17,0.2,3.0e-01,1.0e+00,0.9198,1432,441,294,279,405,385,396
GENE-19847,NO,86.7,48.7,38,0.776,-0.4,3.0e-01,1.0e+00,0.9198,1433,67,48,31,28,40,46
GENE-15212,NO,309.7,165.7,144,0.867,-0.2,3.0e-01,1.0e+00,0.9198,1434,146,166,185,147,166,119
GENE-13514,NO,733,343,390,1.137,0.2,3.0e-01,1.0e+00,0.9198,1435,357,331,341,398,319,453
GENE-12577,NO,4057,1867.3,2189.7,1.172,0.2,3.0e-01,1.0e+00,0.9198,1436,2095,1550,1957,2002,2747,1820
GENE-7945,NO,39,17.3,21.7,1.239,0.3,3.0e-01,1.0e+00,0.9198,1437,17,14,21,18,28,19
GENE-9371,NO,181.7,103,78.7,0.761,-0.4,3.0e-01,1.0e+00,0.9198,1438,115,121,73,91,43,102
GENE-3400,NO,101.3,46.3,55,1.178,0.2,3.0e-01,1.0e+00,0.9198,1439,37,54,48,63,50,52
GENE-11121,NO,19.3,11.3,8,0.704,-0.5,3.0e-01,1.0e+00,0.9198,1440,16,7,11,9,4,11
GENE-15699,NO,299,140.7,158.3,1.125,0.2,3.0e-01,1.0e+00,0.9198,1440,133,137,152,159,173,143
GENE-19275,NO,111.3,51.3,60,1.16,0.2,3.1e-01,1.0e+00,0.9198,1441,52,52,50,49,71,60
GENE-15025,NO,26,11,15,1.349,0.4,3.1e-01,1.0e+00,0.9198,1442,10,14,9,17,20,8
GENE-2877,NO,799,448,351,0.784,-0.4,3.1e-01,1.0e+00,0.9198,1443,569,253,522,388,389,276
GENE-4562,NO,73.7,31.7,42,1.316,0.4,3.1e-01,1.0e+00,0.9198,1444,45,19,31,48,29,49
GENE-17153,NO,164.7,76.3,88.3,1.154,0.2,3.1e-01,1.0e+00,0.9198,1445,73,84,72,94,72,99
GENE-17510,NO,189.3,103.3,86,0.829,-0.3,3.1e-01,1.0e+00,0.9198,1446,91,141,78,91,87,80
GENE-19361,NO,2266,1235.7,1030.3,0.834,-0.3,3.1e-01,1.0e+00,0.9198,1447,1254,1099,1354,1414,843,834
GENE-17446,NO,46.7,20.3,26.3,1.284,0.4,3.1e-01,1.0e+00,0.9198,1448,26,18,17,35,17,27
GENE-7825,NO,37,21,16,0.758,-0.4,3.1e-01,1.0e+00,0.9198,1449,16,29,18,10,17,21
GENE-19420,NO,221.3,140,81.3,0.58,-0.8,3.1e-01,1.0e+00,0.9198,1450,39,95,286,133,53,58
GENE-12633,NO,80.7,36.7,44,1.191,0.3,3.1e-01,1.0e+00,0.9198,1451,38,28,44,38,48,46
GENE-19498,NO,315.7,147.3,168.3,1.141,0.2,3.1e-01,1.0e+00,0.9198,1452,158,151,133,189,175,141
GENE-6286,NO,2212.3,1022.3,1190,1.164,0.2,3.1e-01,1.0e+00,0.9198,1452,787,1220,1060,1077,1135,1358
GENE-2204,NO,938.7,445.7,493,1.107,0.1,3.1e-01,1.0e+00,0.9198,1453,414,445,478,478,520,481
GENE-3297,NO,186,81,105,1.291,0.4,3.1e-01,1.0e+00,0.9198,1454,84,52,107,79,145,91
GENE-14192,NO,127.7,69.3,58.3,0.836,-0.3,3.1e-01,1.0e+00,0.9198,1455,85,67,56,51,52,72
GENE-14668,NO,36,14.7,21.3,1.44,0.5,3.1e-01,1.0e+00,0.9198,1456,6,24,14,27,15,22
GENE-2362,NO,485.7,279,206.7,0.741,-0.4,3.1e-01,1.0e+00,0.9198,1457,460,148,229,190,193,237
GENE-1796,NO,197.3,108.7,88.7,0.812,-0.3,3.1e-01,1.0e+00,0.9198,1458,116,139,71,105,82,79
GENE-18407,NO,165.3,75,90.3,1.205,0.3,3.1e-01,1.0e+00,0.9198,1459,83,84,58,67,105,99
GENE-10356,NO,98.3,41.7,56.7,1.348,0.4,3.1e-01,1.0e+00,0.9198,1460,41,52,32,80,62,28
GENE-10661,NO,407.3,191.7,215.7,1.124,0.2,3.1e-01,1.0e+00,0.9198,1461,189,210,176,214,238,195
GENE-5574,NO,144.7,82.7,62,0.745,-0.4,3.1e-01,1.0e+00,0.9198,1462,98,70,80,32,98,56
GENE-7109,NO,111.7,48.7,63,1.284,0.4,3.1e-01,1.0e+00,0.9198,1463,48,61,37,89,59,41
GENE-15617,NO,567,251.3,315.7,1.256,0.3,3.1e-01,1.0e+00,0.9198,1463,257,306,191,200,417,330
GENE-16554,NO,440.7,208.3,232.3,1.115,0.2,3.1e-01,1.0e+00,0.9198,1464,202,227,196,218,251,228
GENE-14633,NO,408,221.7,186.3,0.842,-0.2,3.1e-01,1.0e+00,0.9198,1465,190,266,209,189,141,229
GENE-11434,NO,665,357.3,307.7,0.862,-0.2,3.1e-01,1.0e+00,0.9198,1466,345,428,299,322,346,255
GENE-18077,NO,3218.3,1740.3,1478,0.849,-0.2,3.1e-01,1.0e+00,0.9198,1467,1606,1887,1728,1870,1078,1486
GENE-5918,NO,784.3,304.7,479.7,1.574,0.7,3.1e-01,1.0e+00,0.9198,1468,111,293,510,809,286,344
GENE-13401,NO,285.7,129.3,156.3,1.208,0.3,3.1e-01,1.0e+00,0.9198,1469,133,108,147,211,124,134
GENE-14091,YES,3535,1863.3,1671.7,0.897,-0.2,3.1e-01,1.0e+00,0.9198,1470,1701,1827,2062,1708,1520,1787
GENE-1352,NO,260.3,121,139.3,1.149,0.2,3.1e-01,1.0e+00,0.9198,1471,112,121,130,112,158,148
GENE-17599,NO,291.7,137.7,154,1.115,0.2,3.1e-01,1.0e+00,0.9198,1472,148,140,125,155,156,151
GENE-285,NO,137,76,61,0.797,-0.3,3.1e-01,1.0e+00,0.9198,1473,83,65,80,68,79,36
GENE-1121,NO,284,133.3,150.7,1.127,0.2,3.1e-01,1.0e+00,0.9198,1474,129,151,120,153,140,159
GENE-2609,NO,479,258.3,220.7,0.855,-0.2,3.1e-01,1.0e+00,0.9198,1475,271,194,310,226,241,195
GENE-4528,NO,387,169.7,217.3,1.28,0.4,3.1e-01,1.0e+00,0.9198,1475,197,130,182,217,305,130
GENE-7185,NO,34.3,14.3,20,1.382,0.5,3.1e-01,1.0e+00,0.9198,1476,22,11,10,20,12,28
GENE-734,NO,368,199,169,0.848,-0.2,3.1e-01,1.0e+00,0.9198,1477,179,195,223,219,135,153
GENE-2235,NO,401.3,218,183.3,0.841,-0.3,3.1e-01,1.0e+00,0.9198,1478,240,210,204,142,163,245
GENE-13428,NO,65.3,35.3,30,0.843,-0.2,3.1e-01,1.0e+00,0.9198,1479,27,39,40,32,31,27
GENE-359,NO,92.7,41,51.7,1.25,0.3,3.1e-01,1.0e+00,0.9198,1480,38,50,35,72,37,46
GENE-5048,NO,192.7,107.7,85,0.784,-0.4,3.1e-01,1.0e+00,0.9198,1481,162,66,95,78,91,86
GENE-3726,NO,514.7,243.7,271,1.114,0.2,3.1e-01,1.0e+00,0.9198,1482,255,236,240,249,302,262
GENE-14677,NO,121.7,64.7,57,0.875,-0.2,3.1e-01,1.0e+00,0.9198,1483,72,63,59,53,64,54
GENE-3646,NO,151.3,68.3,83,1.215,0.3,3.1e-01,1.0e+00,0.9198,1484,54,91,60,73,102,74
GENE-5096,NO,23,9.3,13.7,1.448,0.5,3.1e-01,1.0e+00,0.9198,1485,13,10,5,22,11,8
GENE-10508,NO,412.7,218.7,194,0.888,-0.2,3.1e-01,1.0e+00,0.9198,1486,184,233,239,188,193,201
GENE-14301,NO,42.3,16,26.3,1.627,0.7,3.1e-01,1.0e+00,0.9198,1486,8,29,11,15,49,15
GENE-11233,NO,56,25.7,30.3,1.172,0.2,3.1e-01,1.0e+00,0.9198,1487,26,30,21,29,31,31
GENE-11798,NO,7245.7,3881.7,3364,0.867,-0.2,3.1e-01,1.0e+00,0.9198,1488,3673,4454,3518,2779,4125,3188
GENE-10841,NO,2279.3,1386.3,893,0.644,-0.6,3.1e-01,1.0e+00,0.9198,1489,1047,2549,563,575,1429,675
GENE-13160,NO,100,53.7,46.3,0.857,-0.2,3.1e-01,1.0e+00,0.9198,1490,42,58,61,47,49,43
GENE-15800,NO,131,69.7,61.3,0.874,-0.2,3.1e-01,1.0e+00,0.9198,1491,60,71,78,67,57,60
GENE-979,NO,3012.7,2530.3,482.3,0.191,-2.4,3.1e-01,1.0e+00,0.9198,1492,46,4917,2628,0,6,1441
GENE-6607,NO,808.7,379.7,429,1.13,0.2,3.1e-01,1.0e+00,0.9198,1493,349,415,375,391,392,504
GENE-3374,NO,470.3,254,216.3,0.853,-0.2,3.1e-01,1.0e+00,0.9198,1494,202,267,293,180,206,263
GENE-8649,NO,22.7,9.7,13,1.33,0.4,3.2e-01,1.0e+00,0.9198,1495,7,13,9,17,14,8
GENE-13246,NO,131.3,60.3,71,1.167,0.2,3.2e-01,1.0e+00,0.9198,1496,50,73,58,70,80,63
GENE-9079,NO,148,28.3,119.7,4.197,2.1,3.2e-01,1.0e+00,0.9198,1497,0,2,83,343,0,16
GENE-11997,NO,899,426.3,472.7,1.109,0.1,3.2e-01,1.0e+00,0.9198,1498,447,407,425,516,429,473
GENE-8225,NO,49.3,30.3,19,0.623,-0.7,3.2e-01,1.0e+00,0.9198,1498,7,47,37,23,11,23
GENE-14331,NO,234.7,135.3,99.3,0.731,-0.5,3.2e-01,1.0e+00,0.9198,1499,185,139,82,107,52,139
GENE-2756,NO,546.3,291,255.3,0.879,-0.2,3.2e-01,1.0e+00,0.9198,1500,297,316,260,270,210,286
GENE-4688,NO,768,349.7,418.3,1.197,0.3,3.2e-01,1.0e+00,0.9198,1501,371,290,388,329,562,364
GENE-12460,NO,146.7,84.7,62,0.728,-0.5,3.2e-01,1.0e+00,0.9198,1502,116,67,71,103,47,36
GENE-19365,NO,130.3,70.7,59.7,0.839,-0.3,3.2e-01,1.0e+00,0.9198,1503,78,50,84,59,54,66
GENE-13724,NO,27.3,15.7,11.7,0.742,-0.4,3.2e-01,1.0e+00,0.9198,1504,17,9,21,16,8,11
GENE-14315,NO,469,222.7,246.3,1.106,0.1,3.2e-01,1.0e+00,0.9198,1505,231,231,206,251,237,251
GENE-9728,YES,18.3,7.7,10.7,1.374,0.5,3.2e-01,1.0e+00,0.9198,1506,5,12,6,7,13,12
GENE-1218,NO,91.3,49.3,42,0.846,-0.2,3.2e-01,1.0e+00,0.9198,1507,57,36,55,44,40,42
GENE-6944,NO,96.3,44.7,51.7,1.148,0.2,3.2e-01,1.0e+00,0.9198,1508,51,38,45,55,50,50
GENE-17134,NO,682.7,363.7,319,0.877,-0.2,3.2e-01,1.0e+00,0.9198,1509,326,357,408,381,296,280
GENE-10718,NO,82.3,45,37.3,0.824,-0.3,3.2e-01,1.0e+00,0.9198,1509,52,38,45,28,35,49
GENE-2772,NO,124,53,71,1.329,0.4,3.2e-01,1.0e+00,0.9198,1510,53,42,64,104,73,36
GENE-8590,NO,126.3,58.3,68,1.157,0.2,3.2e-01,1.0e+00,0.9198,1511,59,52,64,55,74,75
GENE-16657,NO,29,12.7,16.3,1.277,0.4,3.2e-01,1.0e+00,0.9198,1512,9,11,18,13,19,17
GENE-11845,NO,48.7,19.7,29,1.462,0.5,3.2e-01,1.0e+00,0.9198,1513,17,7,35,27,36,24
GENE-12499,NO,20,11.3,8.7,0.762,-0.4,3.2e-01,1.0e+00,0.9198,1514,12,7,15,11,7,8
GENE-3181,NO,1813.3,964,849.3,0.881,-0.2,3.2e-01,1.0e+00,0.9198,1515,866,842,1184,856,851,841
GENE-4329,NO,195,87,108,1.237,0.3,3.2e-01,1.0e+00,0.9198,1516,68,101,92,150,78,96
GENE-11533,NO,2495,1105.7,1389.3,1.256,0.3,3.2e-01,1.0e+00,0.9198,1517,1604,1051,662,1240,1423,1505
GENE-11828,NO,43,19.3,23.7,1.214,0.3,3.2e-01,1.0e+00,0.9198,1518,18,16,24,22,29,20
GENE-7341,NO,286,128.7,157.3,1.222,0.3,3.2e-01,1.0e+00,0.9198,1519,106,165,115,210,124,138
GENE-15037,NO,165,73.7,91.3,1.231,0.3,3.2e-01,1.0e+00,0.9198,1520,91,69,61,68,81,125
GENE-12901,NO,305.3,136.7,168.7,1.233,0.3,3.2e-01,1.0e+00,0.9198,1520,153,126,131,114,152,240
GENE-11846,NO,685,320.3,364.7,1.139,0.2,3.2e-01,1.0e+00,0.9198,1521,298,285,378,418,347,329
GENE-11742,NO,168,77.7,90.3,1.159,0.2,3.2e-01,1.0e+00,0.9198,1522,83,85,65,108,82,81
GENE-345,NO,2329.3,1255.3,1074,0.855,-0.2,3.2e-01,1.0e+00,0.9199,1523,1292,1302,1172,764,1285,1173
GENE-3671,NO,165,87.3,77.7,0.886,-0.2,3.2e-01,1.0e+00,0.9199,1524,89,94,79,72,76,85
GENE-19182,NO,537.7,292.7,245,0.837,-0.3,3.2e-01,1.0e+00,0.9199,1525,313,322,243,215,192,328
GENE-9334,NO,186,98,88,0.895,-0.2,3.2e-01,1.0e+00,0.9199,1526,99,90,105,87,89,88
GENE-1055,NO,228,123.3,104.7,0.848,-0.2,3.2e-01,1.0e+00,0.9199,1527,132,92,146,91,120,103
GENE-17501,NO,757.3,413.7,343.7,0.831,-0.3,3.2e-01,1.0e+00,0.9199,1528,387,471,383,230,444,357
GENE-16361,NO,32.3,18,14.3,0.792,-0.3,3.2e-01,1.0e+00,0.9199,1529,21,11,22,16,13,14
GENE-14897,NO,1109.7,521,588.7,1.13,0.2,3.2e-01,1.0e+00,0.9199,1530,537,482,544,482,616,668
GENE-6457,NO,378.3,203.7,174.7,0.856,-0.2,3.2e-01,1.0e+00,0.9199,1531,174,207,230,213,136,175
GENE-3545,NO,33.3,19.7,13.7,0.692,-0.5,3.2e-01,1.0e+00,0.9199,1532,24,20,15,10,25,6
GENE-3150,NO,254.3,117.3,137,1.165,0.2,3.2e-01,1.0e+00,0.9199,1533,116,145,91,123,145,143
GENE-8008,NO,51.7,22.7,29,1.269,0.3,3.2e-01,1.0e+00,0.9199,1533,29,18,21,27,40,20
GENE-8698,NO,1245.3,586.7,658.7,1.123,0.2,3.2e-01,1.0e+00,0.9199,1534,597,525,638,585,751,640
GENE-703,NO,564.7,303,261.7,0.866,-0.2,3.2e-01,1.0e+00,0.9199,1535,332,272,305,237,329,219
GENE-13844,NO,320.3,148.3,172,1.158,0.2,3.2e-01,1.0e+00,0.9199,1536,156,152,137,217,141,158
GENE-19229,YES,160,70.3,89.7,1.27,0.3,3.2e-01,1.0e+00,0.9199,1537,63,98,50,114,94,61
GENE-18730,NO,63.3,35.3,28,0.787,-0.3,3.2e-01,1.0e+00,0.9199,1538,48,31,27,29,36,19
GENE-6220,NO,64,29.3,34.7,1.173,0.2,3.2e-01,1.0e+00,0.9199,1539,35,26,27,30,35,39
GENE-18677,NO,71.3,39,32.3,0.824,-0.3,3.2e-01,1.0e+00,0.9199,1540,43,35,39,23,43,31
GENE-4341,NO,736.7,348,388.7,1.117,0.2,3.2e-01,1.0e+00,0.9199,1541,367,315,362,419,340,407
GENE-6453,NO,1776.7,834.7,942,1.129,0.2,3.2e-01,1.0e+00,0.9199,1542,761,735,1008,905,936,985
GENE-19866,NO,567.7,267.7,300,1.123,0.2,3.2e-01,1.0e+00,0.9199,1543,272,243,288,332,310,258
GENE-18767,NO,134.3,71,63.3,0.886,-0.2,3.2e-01,1.0e+00,0.9199,1544,68,65,80,65,64,61
GENE-7011,NO,218,99.3,118.7,1.193,0.3,3.2e-01,1.0e+00,0.9199,1544,91,94,113,159,96,101
GENE-11424,NO,38.7,21.7,17,0.78,-0.4,3.2e-01,1.0e+00,0.9199,1545,19,25,21,24,10,17
GENE-12713,NO,123,57.7,65.3,1.125,0.2,3.2e-01,1.0e+00,0.9199,1546,56,58,59,70,60,66
GENE-4349,NO,15889,8360.3,7528.7,0.901,-0.2,3.3e-01,1.0e+00,0.9199,1547,7239,9037,8805,7053,7856,7677
GENE-6678,NO,1048.3,567.7,480.7,0.847,-0.2,3.3e-01,1.0e+00,0.9199,1548,563,622,518,526,333,583
GENE-2717,NO,24,13.7,10.3,0.753,-0.4,3.3e-01,1.0e+00,0.9208,1551,19,11,11,15,7,9
GENE-1671,NO,23,10,13,1.287,0.4,3.3e-01,1.0e+00,0.9216,1553,13,8,9,11,10,18
GENE-5107,NO,847.7,449.7,398,0.885,-0.2,3.3e-01,1.0e+00,0.9216,1554,390,528,431,397,362,435
GENE-18876,NO,497.3,267.3,230,0.86,-0.2,3.3e-01,1.0e+00,0.9216,1555,210,347,245,230,234,226
GENE-7921,NO,129.7,59.7,70,1.164,0.2,3.3e-01,1.0e+00,0.9216,1556,56,68,55,77,55,78
GENE-11678,NO,30.3,13,17.3,1.32,0.4,3.3e-01,1.0e+00,0.9216,1557,14,17,8,16,24,12
GENE-10367,NO,601,322,279,0.868,-0.2,3.3e-01,1.0e+00,0.9217,1558,355,350,261,262,332,243
GENE-15661,NO,117.7,62.3,55.3,0.881,-0.2,3.3e-01,1.0e+00,0.9219,1559,56,66,65,56,50,60
GENE-1305,NO,567,251.7,315.3,1.255,0.3,3.3e-01,1.0e+00,0.9241,1564,306,143,306,344,351,251
GENE-15157,NO,115.7,62.7,53,0.84,-0.3,3.3e-01,1.0e+00,0.9241,1564,58,63,67,71,42,46
GENE-5842,NO,233.3,106.3,127,1.192,0.3,3.3e-01,1.0e+00,0.9241,1565,120,97,102,97,170,114
GENE-17141,NO,558.7,303,255.7,0.845,-0.2,3.3e-01,1.0e+00,0.9241,1566,305,345,259,184,261,322
GENE-16639,NO,1913,865.7,1047.3,1.21,0.3,3.3e-01,1.0e+00,0.9241,1567,691,993,913,718,1373,1051
GENE-18034,NO,748.3,431.3,317,0.735,-0.4,3.3e-01,1.0e+00,0.9241,1568,396,476,422,267,536,148
GENE-12869,NO,335,157.7,177.3,1.123,0.2,3.3e-01,1.0e+00,0.9241,1569,173,143,157,157,181,194
GENE-18353,NO,169,79.7,89.3,1.118,0.2,3.3e-01,1.0e+00,0.9241,1570,77,80,82,81,93,94
GENE-873,NO,662.7,363.7,299,0.823,-0.3,3.3e-01,1.0e+00,0.9241,1571,393,392,306,256,423,218
GENE-3935,NO,41,18,23,1.266,0.3,3.3e-01,1.0e+00,0.9241,1572,16,19,19,23,32,14
GENE-152,NO,5939.7,2807.7,3132,1.116,0.2,3.3e-01,1.0e+00,0.9241,1573,2449,3121,2853,3141,3407,2848
GENE-11847,NO,1001.7,452.7,549,1.213,0.3,3.3e-01,1.0e+00,0.9241,1574,435,582,341,587,665,395
GENE-8147,NO,676.7,320.7,356,1.111,0.2,3.3e-01,1.0e+00,0.9241,1575,314,311,337,335,404,329
GENE-1269,NO,468.7,246.3,222.3,0.904,-0.1,3.3e-01,1.0e+00,0.9241,1576,265,230,244,227,233,207
GENE-1367,NO,28,12.7,15.3,1.2,0.3,3.3e-01,1.0e+00,0.9241,1577,13,12,13,16,18,12
GENE-9998,NO,495.7,275,220.7,0.802,-0.3,3.3e-01,1.0e+00,0.9241,1577,357,207,261,275,246,141
GENE-5576,NO,74.3,39.7,34.7,0.868,-0.2,3.3e-01,1.0e+00,0.9241,1578,39,42,38,41,32,31
GENE-3044,NO,792.7,372.7,420,1.128,0.2,3.3e-01,1.0e+00,0.9241,1579,394,374,350,492,349,419
GENE-17162,NO,413,217.3,195.7,0.9,-0.2,3.3e-01,1.0e+00,0.9241,1580,224,219,209,217,176,194
GENE-2586,NO,44.7,24.7,20,0.806,-0.3,3.3e-01,1.0e+00,0.9241,1581,20,33,21,24,15,21
GENE-16867,NO,755,395.7,359.3,0.909,-0.1,3.3e-01,1.0e+00,0.9241,1582,367,418,402,343,377,358
GENE-7896,NO,150.7,69.7,81,1.154,0.2,3.3e-01,1.0e+00,0.9241,1583,80,64,65,67,81,95
GENE-13090,NO,311.7,147.3,164.3,1.114,0.2,3.3e-01,1.0e+00,0.9241,1584,146,136,160,176,165,152
GENE-19870,NO,243,114.7,128.3,1.117,0.2,3.3e-01,1.0e+00,0.9241,1585,103,114,127,126,134,125
GENE-9389,NO,67.7,31.3,36.3,1.151,0.2,3.3e-01,1.0e+00,0.9241,1586,30,30,34,38,40,31
GENE-12926,NO,1922.7,912.3,1010.3,1.107,0.1,3.3e-01,1.0e+00,0.9241,1587,811,959,967,972,965,1094
GENE-11096,NO,237,129.3,107.7,0.829,-0.3,3.3e-01,1.0e+00,0.9241,1588,132,95,161,116,81,126
GENE-13498,NO,305,130,175,1.343,0.4,3.3e-01,1.0e+00,0.9241,1589,98,79,213,123,225,177
GENE-19271,NO,1216.7,562.7,654,1.162,0.2,3.3e-01,1.0e+00,0.9241,1589,457,667,564,798,619,545
GENE-15590,NO,36,19.7,16.3,0.826,-0.3,3.3e-01,1.0e+00,0.9241,1590,17,19,23,18,19,12
GENE-19481,NO,568,301,267,0.888,-0.2,3.3e-01,1.0e+00,0.9241,1591,311,317,275,311,262,228
GENE-7346,NO,53,28.7,24.3,0.843,-0.2,3.4e-01,1.0e+00,0.9242,1592,26,30,30,31,22,20
GENE-14045,NO,30,16.7,13.3,0.796,-0.3,3.4e-01,1.0e+00,0.9242,1593,12,21,17,17,10,13
GENE-14743,NO,1016.7,537.7,479,0.891,-0.2,3.4e-01,1.0e+00,0.9242,1594,545,578,490,508,527,402
GENE-13070,NO,47.3,21.7,25.7,1.175,0.2,3.4e-01,1.0e+00,0.9242,1595,21,20,24,24,31,22
GENE-12710,NO,176.3,82.3,94,1.138,0.2,3.4e-01,1.0e+00,0.9242,1596,73,92,82,80,99,103
GENE-373,NO,49.3,27,22.3,0.822,-0.3,3.4e-01,1.0e+00,0.9242,1597,21,30,30,18,20,29
GENE-4400,NO,74.7,40.3,34.3,0.845,-0.2,3.4e-01,1.0e+00,0.9242,1598,41,42,38,42,36,25
GENE-13485,NO,744.3,347,397.3,1.146,0.2,3.4e-01,1.0e+00,0.9242,1599,356,405,280,347,389,456
GENE-7720,NO,697,322.7,374.3,1.161,0.2,3.4e-01,1.0e+00,0.9242,1600,312,276,380,458,366,299
GENE-15248,NO,35,20,15,0.746,-0.4,3.4e-01,1.0e+00,0.9242,1601,20,10,30,12,18,15
GENE-11042,NO,1796,840,956,1.138,0.2,3.4e-01,1.0e+00,0.9242,1602,956,844,720,832,899,1137
GENE-10926,NO,5549.7,2638.7,2911,1.103,0.1,3.4e-01,1.0e+00,0.9242,1603,2332,2756,2828,2761,2934,3038
GENE-14478,NO,596,280.7,315.3,1.124,0.2,3.4e-01,1.0e+00,0.9242,1603,329,244,269,321,290,335
GENE-12253,NO,1504,708,796,1.124,0.2,3.4e-01,1.0e+00,0.9242,1604,665,744,715,824,911,653
GENE-11001,NO,86.7,39.7,47,1.176,0.2,3.4e-01,1.0e+00,0.9242,1605,36,37,46,47,57,37
GENE-1268,NO,90.3,42.3,48,1.125,0.2,3.4e-01,1.0e+00,0.9242,1606,41,42,44,49,45,50
GENE-5705,NO,1527.3,813,714.3,0.879,-0.2,3.4e-01,1.0e+00,0.9242,1607,815,824,800,757,837,549
GENE-4282,NO,1886,900,986,1.096,0.1,3.4e-01,1.0e+00,0.9242,1608,834,918,948,983,953,1022
GENE-4164,NO,1445.3,763.7,681.7,0.892,-0.2,3.4e-01,1.0e+00,0.9242,1609,694,892,705,637,654,754
GENE-1706,NO,3593,1878,1715,0.913,-0.1,3.4e-01,1.0e+00,0.9242,1610,1839,1856,1939,1582,1811,1752
GENE-18193,NO,42.7,23,19.7,0.85,-0.2,3.4e-01,1.0e+00,0.9242,1611,23,21,25,17,24,18
GENE-11487,NO,220.7,117,103.7,0.882,-0.2,3.4e-01,1.0e+00,0.9242,1612,110,132,109,109,88,114
GENE-10722,NO,234.3,126,108.3,0.859,-0.2,3.4e-01,1.0e+00,0.9242,1613,150,119,109,129,110,86
GENE-6761,NO,22.3,9.3,13,1.378,0.5,3.4e-01,1.0e+00,0.9242,1614,10,12,6,7,12,20
GENE-3048,NO,117.7,62.7,55,0.872,-0.2,3.4e-01,1.0e+00,0.9242,1615,64,51,73,54,52,59
GENE-14944,NO,1868.3,1020.3,848,0.831,-0.3,3.4e-01,1.0e+00,0.9242,1615,720,966,1375,1015,729,800
GENE-13052,NO,55,30.3,24.7,0.808,-0.3,3.4e-01,1.0e+00,0.9242,1616,26,24,41,18,29,27
GENE-11413,NO,25.3,14,11.3,0.805,-0.3,3.4e-01,1.0e+00,0.9242,1617,11,18,13,9,11,14
GENE-6467,NO,1680.3,788.3,892,1.132,0.2,3.4e-01,1.0e+00,0.9242,1618,902,830,633,839,852,985
GENE-18707,NO,162,72.3,89.7,1.24,0.3,3.4e-01,1.0e+00,0.9242,1619,74,91,52,59,100,110
GENE-1859,NO,67.7,28.7,39,1.349,0.4,3.4e-01,1.0e+00,0.9242,1620,13,29,44,33,50,34
GENE-4387,NO,1635.7,853.7,782,0.916,-0.1,3.4e-01,1.0e+00,0.9242,1621,862,885,814,802,765,779
GENE-2781,NO,99,53.3,45.7,0.85,-0.2,3.4e-01,1.0e+00,0.9242,1622,48,63,49,45,56,36
GENE-17261,NO,30,13,17,1.296,0.4,3.4e-01,1.0e+00,0.9242,1623,14,9,16,11,16,24
GENE-7735,NO,110,61.3,48.7,0.788,-0.3,3.4e-01,1.0e+00,0.9242,1624,76,65,43,69,32,45
GENE-439,NO,197,93.3,103.7,1.11,0.2,3.4e-01,1.0e+00,0.9242,1625,91,92,97,106,109,96
GENE-14446,NO,58.7,32.3,26.3,0.809,-0.3,3.4e-01,1.0e+00,0.9242,1626,41,32,24,26,34,19
GENE-17543,NO,58,33.3,24.7,0.736,-0.4,3.4e-01,1.0e+00,0.9242,1627,31,42,27,29,10,35
GENE-1024,NO,230,121.3,108.7,0.895,-0.2,3.4e-01,1.0e+00,0.9242,1627,130,105,129,108,112,106
GENE-10709,NO,147.7,80,67.7,0.843,-0.2,3.4e-01,1.0e+00,0.9242,1628,65,107,68,73,58,72
GENE-12556,NO,422.7,226.7,196,0.865,-0.2,3.4e-01,1.0e+00,0.9242,1629,193,296,191,204,194,190
GENE-5305,NO,48.7,21.3,27.3,1.271,0.3,3.4e-01,1.0e+00,0.9242,1630,23,18,23,33,15,34
GENE-3656,NO,91.3,49,42.3,0.858,-0.2,3.5e-01,1.0e+00,0.9242,1631,45,51,51,32,50,45
GENE-11759,NO,217.3,119.3,98,0.818,-0.3,3.5e-01,1.0e+00,0.9242,1632,112,121,125,138,62,94
GENE-16217,NO,2840.7,1348.3,1492.3,1.107,0.1,3.5e-01,1.0e+00,0.9242,1633,1152,1466,1427,1453,1501,1523
GENE-2995,NO,3955.3,2096.7,1858.7,0.886,-0.2,3.5e-01,1.0e+00,0.9242,1634,2343,1648,2299,1940,1857,1779
GENE-1559,NO,169,78.3,90.7,1.154,0.2,3.5e-01,1.0e+00,0.9242,1635,93,83,59,89,91,92
GENE-3187,NO,1276.7,610.3,666.3,1.091,0.1,3.5e-01,1.0e+00,0.9242,1636,603,638,590,679,678,642
GENE-3060,NO,24.3,11,13.3,1.201,0.3,3.5e-01,1.0e+00,0.9242,1637,9,13,11,12,15,13
GENE-16052,NO,127.7,68.7,59,0.853,-0.2,3.5e-01,1.0e+00,0.9242,1638,64,72,70,66,69,42
GENE-10518,NO,21.3,9,12.3,1.355,0.4,3.5e-01,1.0e+00,0.9242,1639,4,14,9,14,13,10
GENE-12123,NO,306,69,237,3.433,1.8,3.5e-01,1.0e+00,0.9242,1639,68,95,44,0,3,708
GENE-18048,NO,1325.7,626.3,699.3,1.116,0.2,3.5e-01,1.0e+00,0.9242,1640,616,711,552,775,639,684
GENE-4041,NO,726.3,333,393.3,1.181,0.2,3.5e-01,1.0e+00,0.9242,1641,378,262,359,416,478,286
GENE-9541,NO,137,60.7,76.3,1.249,0.3,3.5e-01,1.0e+00,0.9242,1642,37,68,77,62,69,98
GENE-9456,NO,42,23.3,18.7,0.795,-0.3,3.5e-01,1.0e+00,0.9242,1643,27,23,20,20,11,25
GENE-5427,NO,292.7,192.7,100,0.519,-0.9,3.5e-01,1.0e+00,0.9242,1644,211,346,21,47,54,199
GENE-17075,NO,69.3,31.3,38,1.203,0.3,3.5e-01,1.0e+00,0.9242,1645,29,41,24,40,31,43
GENE-18291,NO,573.7,299.7,274,0.915,-0.1,3.5e-01,1.0e+00,0.9242,1646,310,291,298,274,281,267
GENE-8436,NO,183,85.3,97.7,1.144,0.2,3.5e-01,1.0e+00,0.9242,1647,69,89,98,106,101,86
GENE-13950,NO,1184.3,626,558.3,0.892,-0.2,3.5e-01,1.0e+00,0.9242,1648,633,571,674,632,465,578
GENE-19340,NO,1227.3,686,541.3,0.789,-0.3,3.5e-01,1.0e+00,0.9242,1649,578,598,882,770,542,312
GENE-7405,NO,230.3,96.3,134,1.385,0.5,3.5e-01,1.0e+00,0.9242,1650,116,56,117,103,74,225
GENE-1607,NO,799.3,422.7,376.7,0.891,-0.2,3.5e-01,1.0e+00,0.9242,1651,401,434,433,418,407,305
GENE-10995,NO,315,139.7,175.3,1.251,0.3,3.5e-01,1.0e+00,0.9242,1652,141,154,124,157,262,107
GENE-18043,NO,254.3,136.3,118,0.864,-0.2,3.5e-01,1.0e+00,0.9242,1652,112,150,147,100,145,109
GENE-8252,NO,400,214,186,0.869,-0.2,3.5e-01,1.0e+00,0.9242,1653,268,186,188,165,213,180
GENE-11872,NO,228,122,106,0.868,-0.2,3.5e-01,1.0e+00,0.9242,1654,114,143,109,85,109,124
GENE-13620,NO,2237.3,1187.7,1049.7,0.884,-0.2,3.5e-01,1.0e+00,0.9242,1655,922,1314,1327,1071,991,1087
GENE-3598,NO,2537.7,1195.3,1342.3,1.123,0.2,3.5e-01,1.0e+00,0.9242,1656,1065,1165,1356,1241,1223,1563
GENE-14307,NO,274,80.3,193.7,2.407,1.3,3.5e-01,1.0e+00,0.9242,1657,118,116,7,5,295,281
GENE-2520,NO,269.7,148.7,121,0.812,-0.3,3.5e-01,1.0e+00,0.9242,1658,190,114,142,131,153,79
GENE-19161,NO,283.3,121,162.3,1.34,0.4,3.5e-01,1.0e+00,0.9242,1659,108,185,70,175,96,216
GENE-4613,NO,117.3,53.3,64,1.191,0.3,3.5e-01,1.0e+00,0.9242,1660,53,55,52,88,54,50
GENE-4098,NO,1848.3,848.3,1000,1.178,0.2,3.5e-01,1.0e+00,0.9242,1661,977,923,645,1279,825,896
GENE-16742,NO,529,287.7,241.3,0.84,-0.3,3.5e-01,1.0e+00,0.9242,1662,307,203,353,192,242,290
GENE-8944,NO,45,20.3,24.7,1.203,0.3,3.5e-01,1.0e+00,0.9242,1663,21,16,24,25,30,19
GENE-6649,NO,61.7,28,33.7,1.193,0.3,3.5e-01,1.0e+00,0.9242,1664,21,28,35,28,35,38
GENE-5964,NO,73,33,40,1.202,0.3,3.5e-01,1.0e+00,0.9242,1664,29,42,28,47,30,43
GENE-2646,NO,1123.3,533.7,589.7,1.105,0.1,3.5e-01,1.0e+00,0.9242,1665,552,554,495,599,646,524
GENE-634,NO,104.3,40.7,63.7,1.553,0.6,3.5e-01,1.0e+00,0.9242,1666,32,49,41,114,14,63
GENE-16272,NO,1039.7,495,544.7,1.101,0.1,3.5e-01,1.0e+00,0.9242,1667,536,507,442,525,540,569
GENE-8955,NO,21.7,12.3,9.3,0.754,-0.4,3.5e-01,1.0e+00,0.9242,1668,13,6,18,9,9,10
GENE-2559,NO,359,161.3,197.7,1.225,0.3,3.5e-01,1.0e+00,0.9242,1669,106,188,190,250,146,197
GENE-9773,NO,345.3,181.7,163.7,0.9,-0.2,3.5e-01,1.0e+00,0.9242,1670,159,190,196,164,154,173
GENE-18150,NO,82.3,44.7,37.7,0.838,-0.3,3.5e-01,1.0e+00,0.9242,1671,36,39,59,31,42,40
GENE-9205,NO,33.7,14.7,19,1.283,0.4,3.5e-01,1.0e+00,0.9242,1672,8,18,18,17,24,16
GENE-17667,NO,899,470,429,0.912,-0.1,3.5e-01,1.0e+00,0.9242,1673,487,482,441,461,404,422
GENE-3802,NO,19.3,8.3,11,1.305,0.4,3.5e-01,1.0e+00,0.9242,1674,5,12,8,8,12,13
GENE-5075,NO,119.7,56,63.7,1.128,0.2,3.5e-01,1.0e+00,0.9242,1675,60,59,49,68,58,65
GENE-14714,NO,540.3,300.7,239.7,0.798,-0.3,3.5e-01,1.0e+00,0.9242,1676,307,408,187,323,196,200
GENE-4881,NO,41,18.3,22.7,1.225,0.3,3.5e-01,1.0e+00,0.9242,1676,18,21,16,24,29,15
GENE-8313,NO,20.7,11.3,9.3,0.82,-0.3,3.5e-01,1.0e+00,0.9242,1677,11,11,12,7,9,12
GENE-12913,NO,24.3,10.3,14,1.341,0.4,3.5e-01,1.0e+00,0.9242,1678,15,11,5,10,18,14
GENE-8803,NO,89.3,41,48.3,1.17,0.2,3.5e-01,1.0e+00,0.9242,1679,35,49,39,59,44,42
GENE-13055,NO,4422,2035.7,2386.3,1.172,0.2,3.5e-01,1.0e+00,0.9242,1680,2681,1709,1717,2491,2725,1943
GENE-15061,NO,1489.3,707.3,782,1.106,0.1,3.5e-01,1.0e+00,0.9242,1681,607,770,745,793,746,807
GENE-7436,NO,4969,2309.3,2659.7,1.152,0.2,3.5e-01,1.0e+00,0.9242,1682,2386,1753,2789,2840,2874,2265
GENE-13039,NO,52.3,22.3,30,1.332,0.4,3.5e-01,1.0e+00,0.9242,1683,14,15,38,24,30,36
GENE-14568,NO,723.7,307.7,416,1.351,0.4,3.6e-01,1.0e+00,0.9242,1684,173,554,196,370,427,451
GENE-5604,NO,5976,2559.7,3416.3,1.335,0.4,3.6e-01,1.0e+00,0.9242,1685,2450,1874,3355,3941,4779,1529
GENE-16907,NO,53,28.7,24.3,0.843,-0.2,3.6e-01,1.0e+00,0.9242,1686,29,35,22,24,28,21
GENE-10951,NO,1704,944.7,759.3,0.804,-0.3,3.6e-01,1.0e+00,0.9242,1687,1380,873,581,919,648,711
GENE-18514,NO,818.3,437,381.3,0.873,-0.2,3.6e-01,1.0e+00,0.9242,1688,497,406,408,291,407,446
GENE-18406,NO,58,32.7,25.3,0.771,-0.4,3.6e-01,1.0e+00,0.9242,1688,32,19,47,34,19,23
GENE-19429,NO,590.3,310.3,280,0.904,-0.1,3.6e-01,1.0e+00,0.9242,1689,297,292,342,255,306,279
GENE-9409,NO,82.7,34,48.7,1.419,0.5,3.6e-01,1.0e+00,0.9242,1690,33,47,22,29,29,88
GENE-4160,NO,2621,349,2272,6.505,2.7,3.6e-01,1.0e+00,0.9242,1691,1013,33,1,0,5,6811
GENE-8378,NO,1138.7,616.7,522,0.846,-0.2,3.6e-01,1.0e+00,0.9242,1692,566,635,649,395,445,726
GENE-6360,NO,563.7,255.3,308.3,1.209,0.3,3.6e-01,1.0e+00,0.9242,1693,240,169,357,272,351,302
GENE-427,NO,16057.3,7620,8437.3,1.107,0.1,3.6e-01,1.0e+00,0.9242,1694,7486,7911,7463,9503,8670,7139
GENE-10770,NO,109.7,50.7,59,1.156,0.2,3.6e-01,1.0e+00,0.9242,1695,62,41,49,61,64,52
GENE-1122,NO,86,47.3,38.7,0.812,-0.3,3.6e-01,1.0e+00,0.9242,1696,44,42,56,33,27,56
GENE-19658,NO,325.7,183.3,142.3,0.774,-0.4,3.6e-01,1.0e+00,0.9242,1697,216,186,148,93,233,101
GENE-269,NO,144,76.3,67.7,0.88,-0.2,3.6e-01,1.0e+00,0.9242,1698,80,70,79,76,72,55
GENE-9847,NO,232.7,122,110.7,0.906,-0.1,3.6e-01,1.0e+00,0.9242,1699,126,117,123,105,118,109
GENE-11650,NO,92.3,50.7,41.7,0.816,-0.3,3.6e-01,1.0e+00,0.9242,1700,38,65,49,32,56,37
GENE-7283,NO,224.3,121,103.3,0.85,-0.2,3.6e-01,1.0e+00,0.9242,1700,111,123,129,140,89,81
GENE-15937,NO,25,14.7,10.3,0.702,-0.5,3.6e-01,1.0e+00,0.9242,1701,7,23,14,16,6,9
GENE-8655,NO,729.7,341,388.7,1.141,0.2,3.6e-01,1.0e+00,0.9242,1702,366,316,341,489,360,317
GENE-17334,NO,1479.7,671.7,808,1.203,0.3,3.6e-01,1.0e+00,0.9242,1703,577,849,589,747,1092,585
GENE-14517,NO,3324,1525.7,1798.3,1.178,0.2,3.6e-01,1.0e+00,0.9242,1704,1996,1362,1219,1961,1395,2039
GENE-6554,NO,1329.7,694.7,635,0.914,-0.1,3.6e-01,1.0e+00,0.9242,1705,699,695,690,694,629,582
GENE-15072,NO,1266,694.3,571.7,0.823,-0.3,3.6e-01,1.0e+00,0.9242,1706,902,451,730,680,438,597
GENE-6701,NO,342.3,194.3,148,0.76,-0.4,3.6e-01,1.0e+00,0.9242,1707,251,205,127,136,226,82
GENE-17120,NO,21.7,9.7,12,1.229,0.3,3.6e-01,1.0e+00,0.9242,1708,7,12,10,14,12,10
GENE-745,NO,1225.3,650.7,574.7,0.884,-0.2,3.6e-01,1.0e+00,0.9242,1709,564,682,706,474,568,682
GENE-13851,NO,1204.7,553,651.7,1.178,0.2,3.6e-01,1.0e+00,0.9242,1710,408,638,613,670,785,500
GENE-6388,NO,723,380.7,342.3,0.9,-0.2,3.6e-01,1.0e+00,0.9242,1711,353,415,374,300,341,386
GENE-15124,NO,63.7,29.3,34.3,1.161,0.2,3.6e-01,1.0e+00,0.9242,1712,33,28,27,34,41,28
GENE-6868,NO,48,18.7,29.3,1.556,0.6,3.6e-01,1.0e+00,0.9242,1713,5,25,26,13,26,49
GENE-7142,NO,63,34.7,28.3,0.812,-0.3,3.6e-01,1.0e+00,0.9242,1713,38,37,29,39,18,28
GENE-9762,NO,3027.7,1591,1436.7,0.903,-0.1,3.6e-01,1.0e+00,0.9242,1714,1563,1632,1578,1216,1626,1468
GENE-15138,NO,157.7,83.3,74.3,0.889,-0.2,3.6e-01,1.0e+00,0.9242,1715,72,87,91,80,76,67
GENE-18942,NO,28,15.3,12.7,0.822,-0.3,3.6e-01,1.0e+00,0.9242,1716,18,14,14,13,16,9
GENE-6012,NO,29.7,16.3,13.3,0.812,-0.3,3.6e-01,1.0e+00,0.9242,1717,21,17,11,11,15,14
GENE-1025,NO,2371.7,1237.3,1134.3,0.917,-0.1,3.6e-01,1.0e+00,0.9242,1718,1203,1319,1190,1199,1118,1086
GENE-3898,NO,29716.3,13471,16245.3,1.206,0.3,3.6e-01,1.0e+00,0.9242,1719,13727,15649,11037,21633,16620,10483
GENE-14899,NO,2363.7,1123.3,1240.3,1.104,0.1,3.6e-01,1.0e+00,0.9242,1720,1156,1208,1006,1206,1139,1376
GENE-8160,NO,105,48.3,56.7,1.164,0.2,3.6e-01,1.0e+00,0.9242,1721,63,40,42,54,60,56
GENE-2546,NO,1017.3,477.7,539.7,1.131,0.2,3.6e-01,1.0e+00,0.9242,1722,375,569,489,545,508,566
GENE-2378,NO,1481.3,693.7,787.7,1.136,0.2,3.6e-01,1.0e+00,0.9242,1723,711,712,658,605,951,807
GENE-10391,NO,2637.3,1199.7,1437.7,1.198,0.3,3.6e-01,1.0e+00,0.9242,1724,954,1698,947,1506,1184,1623
GENE-8728,NO,887,355.3,531.7,1.497,0.6,3.6e-01,1.0e+00,0.9249,1726,453,280,333,682,125,788
GENE-7281,NO,728.3,347.7,380.7,1.095,0.1,3.6e-01,1.0e+00,0.9249,1727,373,320,350,382,397,363
GENE-2278,NO,2470.7,1142,1328.7,1.164,0.2,3.6e-01,1.0e+00,0.9249,1728,1099,1293,1034,1171,1766,1049
GENE-5597,NO,642.3,340,302.3,0.89,-0.2,3.6e-01,1.0e+00,0.9249,1729,383,334,303,343,310,254
GENE-12044,NO,946.3,443.7,502.7,1.134,0.2,3.6e-01,1.0e+00,0.9249,1730,490,388,453,401,525,582
GENE-17785,NO,946,506.7,439.3,0.867,-0.2,3.6e-01,1.0e+00,0.9249,1731,626,405,489,525,401,392
GENE-3980,NO,43,19.7,23.3,1.176,0.2,3.6e-01,1.0e+00,0.925,1732,22,22,15,23,26,21
GENE-3339,NO,127,72,55,0.759,-0.4,3.6e-01,1.0e+00,0.9253,1733,74,60,82,66,76,23
GENE-10000,NO,336,156.7,179.3,1.143,0.2,3.6e-01,1.0e+00,0.9253,1734,132,170,168,197,199,142
GENE-7259,NO,813.7,389.3,424.3,1.09,0.1,3.6e-01,1.0e+00,0.9253,1735,399,405,364,417,436,420
GENE-8466,NO,2263,1058,1205,1.139,0.2,3.6e-01,1.0e+00,0.9253,1736,1052,1155,967,1192,1482,941
GENE-15315,NO,1595.3,834,761.3,0.913,-0.1,3.7e-01,1.0e+00,0.9253,1737,806,871,825,714,726,844
GENE-6832,NO,112.3,51,61.3,1.193,0.3,3.7e-01,1.0e+00,0.9253,1738,44,56,53,41,67,76
GENE-9796,NO,149.3,69,80.3,1.161,0.2,3.7e-01,1.0e+00,0.9253,1739,60,81,66,89,61,91
GENE-4289,NO,468.3,245.7,222.7,0.908,-0.1,3.7e-01,1.0e+00,0.9253,1740,267,236,234,244,212,212
GENE-12533,NO,42.7,19.7,23,1.16,0.2,3.7e-01,1.0e+00,0.9253,1740,23,16,20,23,24,22
GENE-3023,NO,4754.3,2157.7,2596.7,1.204,0.3,3.7e-01,1.0e+00,0.9253,1741,2506,2591,1376,2056,3072,2662
GENE-413,NO,1929.3,1035.3,894,0.864,-0.2,3.7e-01,1.0e+00,0.9254,1743,724,1225,1157,842,863,977
GENE-3024,NO,117.3,52,65.3,1.247,0.3,3.7e-01,1.0e+00,0.9254,1743,72,37,47,43,79,74
GENE-2899,NO,165,89,76,0.851,-0.2,3.7e-01,1.0e+00,0.9254,1744,81,100,86,60,66,102
GENE-13599,NO,1913.3,999.7,913.7,0.914,-0.1,3.7e-01,1.0e+00,0.9254,1745,1096,989,914,957,887,897
GENE-3651,NO,173.3,95.3,78,0.815,-0.3,3.7e-01,1.0e+00,0.9254,1746,69,102,115,50,86,98
GENE-5250,NO,58,34.3,23.7,0.686,-0.5,3.7e-01,1.0e+00,0.9254,1747,56,17,30,18,41,12
GENE-13918,NO,249.7,113.3,136.3,1.2,0.3,3.7e-01,1.0e+00,0.9254,1748,139,124,77,105,164,140
GENE-3966,NO,380,200.7,179.3,0.892,-0.2,3.7e-01,1.0e+00,0.9254,1749,218,177,207,201,184,153
GENE-15853,NO,34.3,19,15.3,0.802,-0.3,3.7e-01,1.0e+00,0.9254,1750,23,20,14,10,20,16
GENE-2132,NO,308,143,165,1.152,0.2,3.7e-01,1.0e+00,0.9254,1751,146,158,125,180,192,123
GENE-9502,NO,29,13,16,1.22,0.3,3.7e-01,1.0e+00,0.9254,1752,14,10,15,13,21,14
GENE-11160,NO,637,296.3,340.7,1.151,0.2,3.7e-01,1.0e+00,0.9254,1753,298,241,350,290,420,312
GENE-2038,NO,1081.3,496.3,585,1.179,0.2,3.7e-01,1.0e+00,0.9254,1754,380,552,557,689,416,650
GENE-19052,NO,75.3,34,41.3,1.206,0.3,3.7e-01,1.0e+00,0.9254,1755,33,46,23,47,39,38
GENE-17528,NO,234.3,124.3,110,0.883,-0.2,3.7e-01,1.0e+00,0.9254,1755,104,149,120,99,116,115
GENE-9080,NO,36,15.7,20.3,1.286,0.4,3.7e-01,1.0e+00,0.9254,1756,11,12,24,16,27,18
GENE-17811,NO,87.3,47.3,40,0.839,-0.3,3.7e-01,1.0e+00,0.9254,1757,48,47,47,31,33,56
GENE-11091,NO,254.7,93.3,161.3,1.727,0.8,3.7e-01,1.0e+00,0.9254,1758,11,167,102,162,74,248
GENE-11064,NO,766,404.7,361.3,0.893,-0.2,3.7e-01,1.0e+00,0.9254,1759,453,391,370,375,408,301
GENE-19284,NO,63.7,34.3,29.3,0.849,-0.2,3.7e-01,1.0e+00,0.9254,1760,36,38,29,30,22,36
GENE-7706,NO,479.7,217,262.7,1.212,0.3,3.7e-01,1.0e+00,0.9254,1761,264,142,245,261,330,197
GENE-484,NO,423.7,190,233.7,1.231,0.3,3.7e-01,1.0e+00,0.9254,1762,119,168,283,207,228,266
GENE-18577,NO,78.7,35,43.7,1.237,0.3,3.7e-01,1.0e+00,0.9254,1763,20,42,43,44,51,36
GENE-14126,NO,584,278,306,1.102,0.1,3.7e-01,1.0e+00,0.9254,1764,252,290,292,338,288,292
GENE-7992,NO,146.7,80,66.7,0.828,-0.3,3.7e-01,1.0e+00,0.9254,1765,107,67,66,74,79,47
GENE-8163,NO,1385.3,655.3,730,1.114,0.2,3.7e-01,1.0e+00,0.9254,1766,695,706,565,628,774,788
GENE-12263,NO,913,487,426,0.874,-0.2,3.7e-01,1.0e+00,0.9254,1767,412,432,617,424,373,481
GENE-15180,NO,141,65.7,75.3,1.139,0.2,3.7e-01,1.0e+00,0.9254,1767,70,58,69,89,75,62
GENE-19387,NO,2077.7,975,1102.7,1.131,0.2,3.7e-01,1.0e+00,0.9254,1768,1204,857,864,1245,995,1068
GENE-12151,NO,2479,1172,1307,1.115,0.2,3.7e-01,1.0e+00,0.9254,1769,1237,1198,1081,1219,1563,1139
GENE-15182,NO,1595.7,717.7,878,1.223,0.3,3.7e-01,1.0e+00,0.9254,1770,1061,537,555,1048,894,692
GENE-15265,NO,4037.3,2144.7,1892.7,0.882,-0.2,3.7e-01,1.0e+00,0.9254,1771,2514,1988,1932,2301,1626,1751
GENE-10145,NO,216,101.7,114.3,1.124,0.2,3.7e-01,1.0e+00,0.9254,1772,115,90,100,111,102,130
GENE-4108,NO,195,103.3,91.7,0.887,-0.2,3.7e-01,1.0e+00,0.9254,1773,109,92,109,77,104,94
GENE-18512,NO,188.3,86.7,101.7,1.172,0.2,3.7e-01,1.0e+00,0.9254,1774,78,104,78,125,106,74
GENE-14193,NO,673,354,319,0.901,-0.2,3.7e-01,1.0e+00,0.9254,1775,337,343,382,300,285,372
GENE-16095,NO,196.3,92,104.3,1.133,0.2,3.7e-01,1.0e+00,0.9254,1776,100,104,72,110,105,98
GENE-3603,NO,356,204.3,151.7,0.742,-0.4,3.7e-01,1.0e+00,0.9254,1777,119,238,256,224,71,160
GENE-17055,NO,242.3,114.3,128,1.117,0.2,3.7e-01,1.0e+00,0.9254,1778,122,120,101,146,122,116
GENE-10570,NO,441.3,206.3,235,1.139,0.2,3.7e-01,1.0e+00,0.9254,1779,177,184,258,225,268,212
GENE-1216,NO,161.7,86.7,75,0.862,-0.2,3.8e-01,1.0e+00,0.9254,1780,89,98,73,63,96,66
GENE-19897,NO,234,107.3,126.7,1.179,0.2,3.8e-01,1.0e+00,0.9254,1780,134,82,106,121,101,158
GENE-175,NO,5688.7,2611.7,3077,1.178,0.2,3.8e-01,1.0e+00,0.9254,1781,3135,2978,1722,2679,3003,3549
GENE-19478,NO,60.7,33,27.7,0.833,-0.3,3.8e-01,1.0e+00,0.9254,1782,45,28,26,25,33,25
GENE-10073,NO,552.7,289.3,263.3,0.911,-0.1,3.8e-01,1.0e+00,0.9254,1783,295,301,272,270,237,283
GENE-3476,NO,3273.3,1460.3,1813,1.242,0.3,3.8e-01,1.0e+00,0.9254,1784,1267,1868,1246,1997,2415,1027
GENE-19170,NO,20,8.3,11.7,1.384,0.5,3.8e-01,1.0e+00,0.9254,1785,4,9,12,10,18,7
GENE-469,NO,124,58,66,1.129,0.2,3.8e-01,1.0e+00,0.9254,1786,52,69,53,68,62,68
GENE-4131,NO,121.7,54.7,67,1.216,0.3,3.8e-01,1.0e+00,0.9254,1787,38,54,72,88,57,56
GENE-7267,NO,1076.7,573.3,503.3,0.877,-0.2,3.8e-01,1.0e+00,0.9254,1788,589,509,622,629,484,397
GENE-1489,NO,74,34.3,39.7,1.146,0.2,3.8e-01,1.0e+00,0.9254,1789,38,32,33,35,48,36
GENE-14807,NO,24,13.7,10.3,0.753,-0.4,3.8e-01,1.0e+00,0.9254,1790,8,13,20,12,13,6
GENE-4375,NO,488.3,256.7,231.7,0.903,-0.1,3.8e-01,1.0e+00,0.9254,1791,268,285,217,224,232,239
GENE-8498,NO,1694.7,801.3,893.3,1.115,0.2,3.8e-01,1.0e+00,0.9254,1792,730,764,910,753,981,946
GENE-1746,NO,471,246.7,224.3,0.911,-0.1,3.8e-01,1.0e+00,0.9254,1792,246,247,247,248,201,224
GENE-11043,NO,1994.3,684,1310.3,1.916,0.9,3.8e-01,1.0e+00,0.9254,1793,212,1407,433,3077,280,574
GENE-4910,NO,271,121.7,149.3,1.224,0.3,3.8e-01,1.0e+00,0.9254,1794,97,127,141,106,220,122
GENE-4537,NO,124,66,58,0.873,-0.2,3.8e-01,1.0e+00,0.9254,1795,67,70,61,44,65,65
GENE-18293,NO,39,15.7,23.3,1.475,0.6,3.8e-01,1.0e+00,0.9254,1796,22,18,7,9,21,40
GENE-5230,NO,305.3,161,144.3,0.894,-0.2,3.8e-01,1.0e+00,0.9254,1797,134,183,166,152,132,149
GENE-15810,NO,1195,634.3,560.7,0.884,-0.2,3.8e-01,1.0e+00,0.9254,1798,631,693,579,454,536,692
GENE-17409,NO,746.3,342,404.3,1.182,0.2,3.8e-01,1.0e+00,0.9267,1801,416,380,230,325,422,466
GENE-8004,NO,64,35,29,0.823,-0.3,3.8e-01,1.0e+00,0.9269,1803,29,40,36,35,18,34
GENE-1704,NO,49.3,27.3,22,0.8,-0.3,3.8e-01,1.0e+00,0.9269,1804,20,29,33,19,32,15
GENE-455,NO,434.3,228,206.3,0.905,-0.1,3.8e-01,1.0e+00,0.9269,1805,205,247,232,222,185,212
GENE-14016,NO,611,284.7,326.3,1.148,0.2,3.8e-01,1.0e+00,0.9271,1806,361,229,264,275,350,354
GENE-9759,NO,2590,1417.7,1172.3,0.827,-0.3,3.8e-01,1.0e+00,0.9271,1807,1338,1054,1861,781,1373,1363
GENE-16471,NO,147,77.3,69.7,0.898,-0.2,3.8e-01,1.0e+00,0.9271,1808,82,81,69,66,76,67
GENE-10782,NO,707.3,337.3,370,1.097,0.1,3.8e-01,1.0e+00,0.9271,1809,299,361,352,393,355,362
GENE-723,NO,139,76,63,0.824,-0.3,3.8e-01,1.0e+00,0.9271,1810,71,63,94,85,41,63
GENE-4399,NO,546.3,330.3,216,0.654,-0.6,3.8e-01,1.0e+00,0.9271,1811,393,126,472,113,116,419
GENE-8465,NO,366.7,193.7,173,0.892,-0.2,3.8e-01,1.0e+00,0.9271,1812,172,179,230,179,186,154
GENE-10248,NO,314,170,144,0.846,-0.2,3.8e-01,1.0e+00,0.9281,1814,124,236,150,133,163,136
GENE-320,NO,87.3,41,46.3,1.122,0.2,3.8e-01,1.0e+00,0.9281,1815,45,41,37,43,47,49
GENE-16825,NO,131.7,57,74.7,1.299,0.4,3.8e-01,1.0e+00,0.9281,1816,35,71,65,117,57,50
GENE-871,NO,113,52.7,60.3,1.137,0.2,3.8e-01,1.0e+00,0.9281,1817,60,55,43,53,64,64
GENE-14161,NO,4538.7,1967.7,2571,1.307,0.4,3.8e-01,1.0e+00,0.9281,1818,1397,1651,2855,1329,2701,3683
GENE-6799,NO,1105,587.7,517.3,0.88,-0.2,3.8e-01,1.0e+00,0.9281,1819,513,621,629,621,532,399
GENE-16939,NO,371,195.7,175.3,0.896,-0.2,3.8e-01,1.0e+00,0.9281,1820,160,226,201,177,169,180
GENE-14384,NO,220,104,116,1.114,0.2,3.8e-01,1.0e+00,0.9281,1821,93,114,105,112,105,131
GENE-3262,NO,50.3,22.7,27.7,1.211,0.3,3.8e-01,1.0e+00,0.9281,1822,30,19,19,22,36,25
GENE-10760,NO,371,194.7,176.3,0.904,-0.1,3.8e-01,1.0e+00,0.9281,1823,210,171,203,163,192,174
GENE-15242,NO,216.7,134,82.7,0.616,-0.7,3.8e-01,1.0e+00,0.9281,1824,259,93,50,144,80,24
GENE-92,NO,246.7,132.7,114,0.855,-0.2,3.8e-01,1.0e+00,0.9281,1825,97,134,167,110,97,135
GENE-19529,NO,819.7,437.3,382.3,0.874,-0.2,3.8e-01,1.0e+00,0.9281,1826,484,389,439,452,281,414
GENE-6583,NO,679,354.3,324.7,0.917,-0.1,3.8e-01,1.0e+00,0.9281,1826,368,336,359,347,299,328
GENE-19018,NO,868.7,460,408.7,0.889,-0.2,3.8e-01,1.0e+00,0.9281,1827,514,466,400,487,343,396
GENE-11952,NO,224.3,102,122.3,1.197,0.3,3.8e-01,1.0e+00,0.9281,1828,71,129,106,147,130,90
GENE-4359,NO,17.7,7.3,10.3,1.393,0.5,3.8e-01,1.0e+00,0.9281,1829,7,3,12,6,13,12
GENE-7088,NO,1222.7,569,653.7,1.149,0.2,3.8e-01,1.0e+00,0.9281,1830,455,520,732,551,709,701
GENE-16971,NO,89,39.7,49.3,1.233,0.3,3.9e-01,1.0e+00,0.9281,1831,41,55,23,51,41,56
GENE-18539,NO,184.7,87,97.7,1.122,0.2,3.9e-01,1.0e+00,0.9281,1832,72,100,89,94,105,94
GENE-5716,NO,1608.7,869,739.7,0.852,-0.2,3.9e-01,1.0e+00,0.9281,1833,803,972,832,839,901,479
GENE-14566,NO,706,326,380,1.166,0.2,3.9e-01,1.0e+00,0.9281,1834,254,285,439,440,331,369
GENE-14109,NO,97.3,36,61.3,1.689,0.8,3.9e-01,1.0e+00,0.9281,1835,14,37,57,137,30,17
GENE-8492,NO,250.7,118.7,132,1.11,0.2,3.9e-01,1.0e+00,0.9281,1836,127,124,105,135,143,118
GENE-8908,NO,48.3,26,22.3,0.853,-0.2,3.9e-01,1.0e+00,0.9281,1837,21,31,26,20,20,27
GENE-6986,NO,299.3,91.3,208,2.265,1.2,3.9e-01,1.0e+00,0.9281,1838,216,55,3,43,89,492
GENE-18225,NO,6492.7,3075.7,3417,1.111,0.2,3.9e-01,1.0e+00,0.9281,1839,2815,2994,3418,3667,3753,2831
GENE-4872,NO,6278,2471,3807,1.541,0.6,3.9e-01,1.0e+00,0.9281,1839,2594,3349,1470,5181,5482,758
GENE-15406,NO,306.3,164.3,142,0.861,-0.2,3.9e-01,1.0e+00,0.9281,1840,119,204,170,152,119,155
GENE-5577,NO,157,83.3,73.7,0.881,-0.2,3.9e-01,1.0e+00,0.9281,1841,73,103,74,72,81,68
GENE-17610,NO,3241.7,1709.3,1532.3,0.896,-0.2,3.9e-01,1.0e+00,0.9281,1842,1798,1605,1725,1226,1597,1774
GENE-10373,NO,181.3,84,97.3,1.159,0.2,3.9e-01,1.0e+00,0.9281,1843,74,83,95,70,112,110
GENE-16243,NO,10338.7,4926.3,5412.3,1.099,0.1,3.9e-01,1.0e+00,0.9281,1844,5410,5192,4177,5649,5404,5184
GENE-14621,NO,542,255.7,286.3,1.123,0.2,3.9e-01,1.0e+00,0.9281,1845,238,255,274,321,314,224
GENE-11239,NO,285.7,156.3,129.3,0.826,-0.3,3.9e-01,1.0e+00,0.9281,1846,148,100,221,149,108,131
GENE-10092,NO,591.3,281.7,309.7,1.1,0.1,3.9e-01,1.0e+00,0.9281,1847,279,307,259,294,289,346
GENE-18602,NO,179.3,100,79.3,0.794,-0.3,3.9e-01,1.0e+00,0.9281,1848,129,80,91,57,124,57
GENE-13843,NO,124,56.7,67.3,1.18,0.2,3.9e-01,1.0e+00,0.9281,1849,63,38,69,75,70,57
GENE-19382,NO,76,33.3,42.7,1.269,0.3,3.9e-01,1.0e+00,0.9281,1850,26,51,23,47,29,52
GENE-6028,NO,182.3,103.3,79,0.762,-0.4,3.9e-01,1.0e+00,0.9281,1851,148,99,63,53,59,125
GENE-1897,NO,68.7,37.3,31.3,0.833,-0.3,3.9e-01,1.0e+00,0.9281,1852,40,47,25,25,35,34
GENE-19413,NO,691.7,328,363.7,1.109,0.1,3.9e-01,1.0e+00,0.9281,1852,313,349,322,427,353,311
GENE-17293,NO,750.7,393,357.7,0.911,-0.1,3.9e-01,1.0e+00,0.9281,1853,403,396,380,410,340,323
GENE-14631,NO,100,44.3,55.7,1.246,0.3,3.9e-01,1.0e+00,0.9281,1854,48,31,54,35,79,53
GENE-5867,NO,301.7,189.3,112.3,0.594,-0.8,3.9e-01,1.0e+00,0.9281,1855,241,241,86,259,27,51
GENE-7229,NO,709,449.7,259.3,0.577,-0.8,3.9e-01,1.0e+00,0.9295,1859,510,302,537,441,318,19
GENE-460,NO,308.7,161.3,147.3,0.911,-0.1,3.9e-01,1.0e+00,0.9295,1860,166,157,161,154,157,131
GENE-11108,NO,742,348.7,393.3,1.129,0.2,3.9e-01,1.0e+00,0.9295,1861,315,427,304,377,453,350
GENE-4190,NO,256.7,117.7,139,1.182,0.2,3.9e-01,1.0e+00,0.9297,1862,109,128,116,115,105,197
GENE-18204,NO,33.7,15.3,18.3,1.185,0.2,3.9e-01,1.0e+00,0.9315,1867,12,15,19,21,19,15
GENE-11810,NO,3644.7,1653.3,1991.3,1.204,0.3,3.9e-01,1.0e+00,0.9315,1868,1781,1449,1730,1577,2981,1416
GENE-11228,NO,321,169,152,0.897,-0.2,3.9e-01,1.0e+00,0.9315,1869,201,144,162,158,152,146
GENE-9788,NO,319.7,174.3,145.3,0.831,-0.3,3.9e-01,1.0e+00,0.9318,1870,199,147,177,92,201,143
GENE-10804,NO,48.7,26.3,22.3,0.843,-0.2,3.9e-01,1.0e+00,0.9319,1871,30,26,23,16,29,22
GENE-13040,NO,640.3,351,289.3,0.825,-0.3,3.9e-01,1.0e+00,0.9319,1872,423,242,388,329,187,352
GENE-10268,NO,108.3,49.7,58.7,1.172,0.2,3.9e-01,1.0e+00,0.9319,1873,60,53,36,47,67,62
GENE-2218,NO,29.3,16.7,12.7,0.756,-0.4,3.9e-01,1.0e+00,0.9319,1874,21,21,8,18,9,11
GENE-1483,NO,562.7,254,308.7,1.216,0.3,3.9e-01,1.0e+00,0.9319,1875,271,269,222,179,309,438
GENE-19614,NO,321.7,170.7,151,0.882,-0.2,3.9e-01,1.0e+00,0.9319,1876,210,146,156,134,146,173
GENE-15644,NO,159.7,74.3,85.3,1.144,0.2,3.9e-01,1.0e+00,0.9319,1877,88,68,67,88,100,68
GENE-11475,NO,25.7,11.7,14,1.189,0.3,3.9e-01,1.0e+00,0.9319,1878,10,10,15,12,15,15
GENE-11417,NO,151.7,70,81.7,1.158,0.2,3.9e-01,1.0e+00,0.9319,1879,86,60,64,64,99,82
GENE-11243,NO,156.3,72.3,84,1.162,0.2,3.9e-01,1.0e+00,0.9319,1880,65,93,59,70,100,82
GENE-16014,NO,67,29.7,37.3,1.249,0.3,4.0e-01,1.0e+00,0.9319,1881,28,25,36,49,20,43
GENE-1188,NO,808,430.7,377.3,0.876,-0.2,4.0e-01,1.0e+00,0.9333,1884,411,442,439,452,412,268
GENE-8513,NO,644.7,294.7,350,1.188,0.2,4.0e-01,1.0e+00,0.9333,1885,323,378,183,408,322,320
GENE-15166,NO,468,177,291,1.644,0.7,4.0e-01,1.0e+00,0.9335,1887,23,166,342,300,170,403
GENE-1333,NO,231,103.7,127.3,1.224,0.3,4.0e-01,1.0e+00,0.9335,1887,129,81,101,144,75,163
GENE-3653,NO,1742,792.3,949.7,1.199,0.3,4.0e-01,1.0e+00,0.9335,1888,793,831,753,950,570,1329
GENE-4932,NO,2218.7,1199.7,1019,0.849,-0.2,4.0e-01,1.0e+00,0.9339,1890,909,1044,1646,1149,807,1101
GENE-17724,NO,1313,629.7,683.3,1.085,0.1,4.0e-01,1.0e+00,0.9339,1891,599,612,678,702,650,698
GENE-19393,NO,382.7,200,182.7,0.912,-0.1,4.0e-01,1.0e+00,0.9339,1892,187,205,208,197,188,163
GENE-12927,NO,201,94.7,106.3,1.122,0.2,4.0e-01,1.0e+00,0.9339,1893,85,104,95,115,117,87
GENE-9593,NO,323,151.7,171.3,1.13,0.2,4.0e-01,1.0e+00,0.9339,1894,122,162,171,164,150,200
GENE-19588,NO,871.7,473,398.7,0.843,-0.2,4.0e-01,1.0e+00,0.9339,1895,411,391,617,519,288,389
GENE-8890,NO,1167.7,616.3,551.3,0.894,-0.2,4.0e-01,1.0e+00,0.9339,1896,688,486,675,603,502,549
GENE-15919,NO,31.3,17.7,13.7,0.77,-0.4,4.0e-01,1.0e+00,0.9339,1897,27,16,10,16,9,16
GENE-6659,NO,748.7,301.7,447,1.482,0.6,4.0e-01,1.0e+00,0.9339,1898,336,174,395,717,108,516
GENE-4092,NO,251,133.3,117.7,0.881,-0.2,4.0e-01,1.0e+00,0.9339,1899,155,118,127,93,125,135
GENE-15966,NO,894.3,421,473.3,1.124,0.2,4.0e-01,1.0e+00,0.9339,1900,319,451,493,463,472,485
GENE-19729,NO,20.7,11.7,9,0.768,-0.4,4.0e-01,1.0e+00,0.9339,1901,16,11,8,9,5,13
GENE-3309,NO,613.3,326.7,286.7,0.879,-0.2,4.0e-01,1.0e+00,0.9339,1901,319,380,281,281,351,228
GENE-10772,NO,99,53,46,0.862,-0.2,4.0e-01,1.0e+00,0.9339,1902,60,40,59,37,48,53
GENE-1635,NO,114,62.3,51.7,0.827,-0.3,4.0e-01,1.0e+00,0.9339,1903,40,89,58,46,49,60
GENE-12258,NO,358.7,168.7,190,1.127,0.2,4.0e-01,1.0e+00,0.9339,1904,181,130,195,180,184,206
GENE-3006,NO,25.3,14,11.3,0.805,-0.3,4.0e-01,1.0e+00,0.9339,1905,17,12,13,11,16,7
GENE-13254,NO,57.7,30.7,27,0.875,-0.2,4.0e-01,1.0e+00,0.9339,1906,35,29,28,25,24,32
GENE-14665,NO,133.7,91,42.7,0.466,-1.1,4.0e-01,1.0e+00,0.9339,1907,10,45,218,3,98,27
GENE-12496,NO,521.3,242,279.3,1.154,0.2,4.0e-01,1.0e+00,0.9339,1908,302,199,225,306,212,320
GENE-5224,NO,2532.3,1195.3,1337,1.118,0.2,4.0e-01,1.0e+00,0.9339,1909,950,1394,1242,1488,1245,1278
GENE-2941,NO,68.7,32,36.7,1.137,0.2,4.0e-01,1.0e+00,0.9339,1910,33,34,29,42,38,30
GENE-10860,NO,62,35.7,26.3,0.734,-0.4,4.0e-01,1.0e+00,0.9339,1911,30,25,52,12,22,45
GENE-2734,NO,32.7,18,14.7,0.81,-0.3,4.0e-01,1.0e+00,0.9339,1912,23,12,19,10,16,18
GENE-13611,NO,298.3,159,139.3,0.874,-0.2,4.0e-01,1.0e+00,0.9339,1913,125,160,192,150,112,156
GENE-15894,NO,6261,3337,2924,0.876,-0.2,4.0e-01,1.0e+00,0.9339,1914,3939,2794,3278,3607,2285,2880
GENE-8848,NO,1976,946.7,1029.3,1.087,0.1,4.0e-01,1.0e+00,0.9339,1915,954,943,943,908,1094,1086
GENE-8532,NO,248,132.7,115.3,0.868,-0.2,4.0e-01,1.0e+00,0.9339,1915,117,116,165,124,133,89
GENE-644,NO,2226,1220.7,1005.3,0.824,-0.3,4.0e-01,1.0e+00,0.9339,1916,932,991,1739,717,990,1309
GENE-9304,NO,74.7,39.3,35.3,0.892,-0.2,4.0e-01,1.0e+00,0.9339,1917,37,39,42,34,40,32
GENE-7171,NO,78,35,43,1.219,0.3,4.0e-01,1.0e+00,0.9339,1918,49,36,20,47,42,40
GENE-9891,NO,19.3,10.7,8.7,0.809,-0.3,4.0e-01,1.0e+00,0.9339,1919,13,12,7,7,11,8
GENE-18239,NO,20,11,9,0.814,-0.3,4.1e-01,1.0e+00,0.9339,1920,13,11,9,9,12,6
GENE-2175,NO,461.7,213.3,248.3,1.164,0.2,4.1e-01,1.0e+00,0.9339,1921,185,232,223,245,173,327
GENE-5948,NO,1492.3,705,787.3,1.117,0.2,4.1e-01,1.0e+00,0.9339,1922,803,574,738,841,846,675
GENE-16079,NO,179,84.7,94.3,1.114,0.2,4.1e-01,1.0e+00,0.9339,1923,75,99,80,97,100,86
GENE-11856,NO,3817,2007,1810,0.902,-0.1,4.1e-01,1.0e+00,0.9339,1924,2314,1611,2096,1797,1729,1904
GENE-336,NO,81.3,35.3,46,1.291,0.4,4.1e-01,1.0e+00,0.9339,1925,15,38,53,52,47,39
GENE-18240,NO,4703.7,2597.3,2106.3,0.811,-0.3,4.1e-01,1.0e+00,0.9339,1926,2492,1401,3899,2038,1961,2320
GENE-8307,NO,21,11.3,9.7,0.849,-0.2,4.1e-01,1.0e+00,0.9339,1927,11,10,13,8,10,11
GENE-6130,NO,387,221.3,165.7,0.749,-0.4,4.1e-01,1.0e+00,0.9339,1928,144,388,132,128,130,239
GENE-12621,NO,161,96.3,64.7,0.667,-0.6,4.1e-01,1.0e+00,0.9339,1929,204,28,57,50,72,72
GENE-12196,NO,251,132.3,118.7,0.895,-0.2,4.1e-01,1.0e+00,0.9339,1929,149,132,116,100,131,125
GENE-11230,NO,611.3,292.3,319,1.093,0.1,4.1e-01,1.0e+00,0.9339,1930,262,319,296,341,317,299
GENE-14247,NO,86.3,49.3,37,0.746,-0.4,4.1e-01,1.0e+00,0.9339,1931,53,31,64,25,21,65
GENE-7880,NO,267.7,110,157.7,1.428,0.5,4.1e-01,1.0e+00,0.9339,1932,33,204,93,123,210,140
GENE-2952,NO,63,34.7,28.3,0.812,-0.3,4.1e-01,1.0e+00,0.9339,1933,20,47,37,26,35,24
GENE-12989,NO,148,79,69,0.868,-0.2,4.1e-01,1.0e+00,0.9339,1934,70,68,99,81,55,71
GENE-15053,NO,98.3,56,42.3,0.755,-0.4,4.1e-01,1.0e+00,0.9339,1935,37,87,44,45,61,21
GENE-6266,NO,132.7,58.3,74.3,1.265,0.3,4.1e-01,1.0e+00,0.9339,1936,37,44,94,77,91,55
GENE-15963,NO,569.7,270,299.7,1.111,0.2,4.1e-01,1.0e+00,0.9339,1937,251,299,260,356,260,283
GENE-16392,NO,1257,592.3,664.7,1.121,0.2,4.1e-01,1.0e+00,0.9339,1938,618,486,673,687,552,755
GENE-14882,NO,589.3,312,277.3,0.89,-0.2,4.1e-01,1.0e+00,0.9339,1939,389,288,259,278,252,302
GENE-2064,NO,44.7,24.3,20.3,0.83,-0.3,4.1e-01,1.0e+00,0.9339,1940,23,27,23,20,13,28
GENE-9834,NO,722,391.7,330.3,0.844,-0.2,4.1e-01,1.0e+00,0.9339,1941,406,451,318,261,473,257
GENE-17126,NO,53.7,28.7,25,0.866,-0.2,4.1e-01,1.0e+00,0.9339,1942,29,28,29,23,20,32
GENE-11821,NO,3816,1776,2040,1.149,0.2,4.1e-01,1.0e+00,0.9339,1943,1998,1431,1899,2487,1498,2135
GENE-9640,NO,61.7,28.3,33.3,1.167,0.2,4.1e-01,1.0e+00,0.9339,1943,26,37,22,34,37,29
GENE-3204,NO,149.3,81,68.3,0.841,-0.2,4.1e-01,1.0e+00,0.9339,1944,65,89,89,97,55,53
GENE-9995,NO,104.3,49,55.3,1.12,0.2,4.1e-01,1.0e+00,0.9339,1945,46,58,43,58,55,53
GENE-13792,NO,2715.7,1449.7,1266,0.873,-0.2,4.1e-01,1.0e+00,0.9339,1946,1139,1893,1317,1450,1093,1255
GENE-9549,NO,2395.3,1133.7,1261.7,1.113,0.2,4.1e-01,1.0e+00,0.9339,1947,1102,944,1355,1129,1277,1379
GENE-14160,NO,136.7,76,60.7,0.793,-0.3,4.1e-01,1.0e+00,0.9339,1948,75,63,90,50,98,34
GENE-4192,NO,37,20,17,0.845,-0.2,4.1e-01,1.0e+00,0.9339,1949,26,20,14,18,17,16
GENE-9033,NO,396.3,207,189.3,0.914,-0.1,4.1e-01,1.0e+00,0.9339,1950,214,190,217,174,208,186
GENE-1062,NO,107.7,41.7,66,1.571,0.7,4.1e-01,1.0e+00,0.9339,1951,39,60,26,128,11,59
GENE-2981,NO,1253.7,501.3,752.3,1.5,0.6,4.1e-01,1.0e+00,0.9339,1952,640,581,283,1558,238,461
GENE-1105,NO,93,58,35,0.6,-0.7,4.1e-01,1.0e+00,0.9339,1953,24,16,134,13,46,46
GENE-11995,NO,97.3,52.7,44.7,0.843,-0.2,4.1e-01,1.0e+00,0.9339,1954,41,44,73,54,37,43
GENE-11636,NO,469,248,221,0.892,-0.2,4.1e-01,1.0e+00,0.9339,1955,285,261,198,243,229,191
GENE-3797,NO,127.7,67.7,60,0.885,-0.2,4.1e-01,1.0e+00,0.9339,1956,53,79,71,56,66,58
GENE-4318,NO,1985.3,954,1031.3,1.081,0.1,4.1e-01,1.0e+00,0.9339,1957,1019,942,901,1025,986,1083
GENE-10134,NO,3007.3,1716,1291.3,0.753,-0.4,4.1e-01,1.0e+00,0.9339,1957,714,1589,2845,1381,916,1577
GENE-6011,NO,160.7,71,89.7,1.254,0.3,4.1e-01,1.0e+00,0.9339,1958,57,53,103,73,63,133
GENE-5474,NO,300.3,159.7,140.7,0.881,-0.2,4.1e-01,1.0e+00,0.9339,1959,175,161,143,172,106,144
GENE-17876,NO,1312.7,687.7,625,0.909,-0.1,4.1e-01,1.0e+00,0.9339,1960,772,605,686,622,557,696
GENE-14749,NO,63.7,36.3,27.3,0.748,-0.4,4.1e-01,1.0e+00,0.9339,1961,16,32,61,19,28,35
GENE-2870,NO,38,21,17,0.805,-0.3,4.1e-01,1.0e+00,0.9339,1962,25,17,21,26,11,14
GENE-5484,NO,149.7,70.3,79.3,1.12,0.2,4.1e-01,1.0e+00,0.9339,1963,72,59,80,78,71,89
GENE-9654,NO,249,133.7,115.3,0.861,-0.2,4.1e-01,1.0e+00,0.9339,1964,114,136,151,100,156,90
GENE-2065,NO,105.3,55.7,49.7,0.886,-0.2,4.1e-01,1.0e+00,0.9339,1965,46,65,56,47,56,46
GENE-15112,NO,77.7,42,35.7,0.844,-0.2,4.1e-01,1.0e+00,0.9339,1966,41,32,53,27,34,46
GENE-6031,NO,2570.7,1347.3,1223.3,0.908,-0.1,4.2e-01,1.0e+00,0.9339,1967,1473,1151,1418,1351,1079,1240
GENE-15463,NO,998.7,565,433.7,0.768,-0.4,4.2e-01,1.0e+00,0.9339,1968,960,389,346,566,285,450
GENE-8921,NO,3031,1450,1581,1.09,0.1,4.2e-01,1.0e+00,0.9339,1969,1528,1252,1570,1652,1513,1578
GENE-3016,NO,1225.7,646.3,579.3,0.896,-0.2,4.2e-01,1.0e+00,0.9339,1970,615,743,581,493,693,552
GENE-587,NO,91.7,51.7,40,0.769,-0.4,4.2e-01,1.0e+00,0.9339,1971,49,46,60,15,54,51
GENE-10922,NO,81.7,43.3,38.3,0.878,-0.2,4.2e-01,1.0e+00,0.9339,1971,45,44,41,38,47,30
GENE-13368,NO,622.7,326,296.7,0.91,-0.1,4.2e-01,1.0e+00,0.9339,1972,321,315,342,343,256,291
GENE-7871,NO,41.3,22.7,18.7,0.819,-0.3,4.2e-01,1.0e+00,0.9339,1973,32,17,19,14,24,18
GENE-10648,NO,55.7,29.7,26,0.871,-0.2,4.2e-01,1.0e+00,0.9339,1974,30,28,31,24,33,21
GENE-2467,NO,703.7,377.7,326,0.864,-0.2,4.2e-01,1.0e+00,0.9339,1975,480,388,265,291,386,301
GENE-10700,NO,483.3,257.3,226,0.88,-0.2,4.2e-01,1.0e+00,0.9339,1976,272,228,272,180,293,205
GENE-7591,NO,2902.3,1575,1327.3,0.843,-0.2,4.2e-01,1.0e+00,0.9339,1977,1386,1367,1972,1877,952,1153
GENE-18985,NO,175,91.7,83.3,0.906,-0.1,4.2e-01,1.0e+00,0.9339,1978,78,97,100,85,83,82
GENE-18064,NO,1073.7,573.3,500.3,0.873,-0.2,4.2e-01,1.0e+00,0.9339,1979,489,568,663,516,621,364
GENE-10652,NO,870.7,452.7,418,0.923,-0.1,4.2e-01,1.0e+00,0.9339,1980,493,438,427,399,419,436
GENE-16266,NO,370.7,176.7,194,1.096,0.1,4.2e-01,1.0e+00,0.9339,1981,200,167,163,197,204,181
GENE-10068,NO,89.3,41.3,48,1.153,0.2,4.2e-01,1.0e+00,0.9339,1982,45,39,40,49,35,60
GENE-16848,NO,38.3,17.7,20.7,1.16,0.2,4.2e-01,1.0e+00,0.9339,1983,20,19,14,22,23,17
GENE-12384,NO,4766,2626.7,2139.3,0.814,-0.3,4.2e-01,1.0e+00,0.9339,1984,1840,4011,2029,2629,2251,1538
GENE-4937,NO,185.7,86,99.7,1.159,0.2,4.2e-01,1.0e+00,0.9339,1985,75,91,92,69,104,126
GENE-19169,NO,760.7,357.3,403.3,1.129,0.2,4.2e-01,1.0e+00,0.9339,1986,366,321,385,487,422,301
GENE-7772,NO,23.3,10.3,13,1.246,0.3,4.2e-01,1.0e+00,0.9339,1986,8,8,15,14,9,16
GENE-19300,NO,297.7,138.3,159.3,1.149,0.2,4.2e-01,1.0e+00,0.9339,1987,161,114,140,123,201,154
GENE-3422,NO,343.7,164,179.7,1.094,0.1,4.2e-01,1.0e+00,0.9339,1988,172,172,148,165,194,180
GENE-1554,NO,143,67.7,75.3,1.105,0.1,4.2e-01,1.0e+00,0.9339,1989,74,60,69,80,69,77
GENE-15629,NO,148.3,79,69.3,0.875,-0.2,4.2e-01,1.0e+00,0.9339,1990,85,89,63,56,84,68
GENE-2059,NO,43.7,17.7,26,1.457,0.5,4.2e-01,1.0e+00,0.9339,1991,19,27,7,46,10,22
GENE-7770,YES,3687,1537.3,2149.7,1.398,0.5,4.2e-01,1.0e+00,0.9339,1992,1417,606,2589,1234,1790,3425
GENE-9369,NO,60.3,34,26.3,0.769,-0.4,4.2e-01,1.0e+00,0.9339,1993,32,41,29,10,35,34
GENE-16009,NO,60,31.7,28.3,0.889,-0.2,4.2e-01,1.0e+00,0.9339,1994,28,34,33,31,29,25
GENE-3293,NO,88.7,41,47.7,1.154,0.2,4.2e-01,1.0e+00,0.9339,1995,36,39,48,55,53,35
GENE-8013,NO,770.3,401.7,368.7,0.918,-0.1,4.2e-01,1.0e+00,0.9339,1996,434,357,414,354,353,399
GENE-164,NO,143,66.7,76.3,1.142,0.2,4.2e-01,1.0e+00,0.9339,1997,70,79,51,78,64,87
GENE-9245,NO,634.3,330,304.3,0.922,-0.1,4.2e-01,1.0e+00,0.9339,1998,312,322,356,292,296,325
GENE-17766,NO,802,429,373,0.869,-0.2,4.2e-01,1.0e+00,0.9339,1999,434,351,502,470,375,274
GENE-12767,NO,3133.3,1677,1456.3,0.868,-0.2,4.2e-01,1.0e+00,0.9339,2000,1917,1443,1671,1614,999,1756
GENE-17023,NO,28.7,16.3,12.3,0.752,-0.4,4.2e-01,1.0e+00,0.9339,2000,25,10,14,8,9,20
GENE-148,NO,91.7,42.7,49,1.14,0.2,4.2e-01,1.0e+00,0.9339,2001,36,42,50,59,46,42
GENE-168,NO,92,42.3,49.7,1.164,0.2,4.2e-01,1.0e+00,0.9344,2003,36,53,38,37,58,54
GENE-15821,NO,196.7,92.3,104.3,1.129,0.2,4.2e-01,1.0e+00,0.9344,2004,78,99,100,98,127,88
GENE-2288,NO,1502.7,782,720.7,0.922,-0.1,4.2e-01,1.0e+00,0.9344,2005,787,716,843,761,663,738
GENE-13592,NO,464.3,244.3,220,0.9,-0.2,4.2e-01,1.0e+00,0.9344,2006,213,298,222,207,238,215
GENE-2426,NO,471,225.3,245.7,1.09,0.1,4.2e-01,1.0e+00,0.9344,2007,225,238,213,239,225,273
GENE-17914,NO,1128.7,589.3,539.3,0.915,-0.1,4.2e-01,1.0e+00,0.9344,2008,499,653,616,542,554,522
GENE-7429,NO,239.3,126.7,112.7,0.886,-0.2,4.2e-01,1.0e+00,0.9344,2009,133,123,124,96,97,145
GENE-563,NO,39.3,18,21.3,1.175,0.2,4.2e-01,1.0e+00,0.9344,2010,19,21,14,24,24,16
GENE-4482,NO,22.3,12.3,10,0.807,-0.3,4.2e-01,1.0e+00,0.9344,2011,7,16,14,9,12,9
GENE-18924,NO,4742.7,2267.7,2475,1.091,0.1,4.2e-01,1.0e+00,0.9346,2012,2273,2559,1971,2482,2617,2326
GENE-13492,NO,230,121.3,108.7,0.894,-0.2,4.2e-01,1.0e+00,0.9346,2013,145,120,99,117,99,110
GENE-19288,NO,84.3,37.3,47,1.25,0.3,4.2e-01,1.0e+00,0.9346,2014,38,19,55,43,40,58
GENE-5052,NO,511.7,242.7,269,1.109,0.1,4.2e-01,1.0e+00,0.9346,2015,204,235,289,291,272,244
GENE-11677,NO,875.3,471.3,404,0.858,-0.2,4.2e-01,1.0e+00,0.9346,2016,535,551,328,487,418,307
GENE-4103,NO,4414.7,2425,1989.7,0.821,-0.3,4.2e-01,1.0e+00,0.9346,2017,3791,1883,1601,1921,2352,1696
GENE-6283,NO,806,382.7,423.3,1.106,0.1,4.2e-01,1.0e+00,0.9353,2019,304,406,438,408,430,432
GENE-5679,NO,710.7,373.3,337.3,0.903,-0.1,4.2e-01,1.0e+00,0.9353,2020,396,355,369,401,276,335
GENE-7810,NO,648.7,349.3,299.3,0.857,-0.2,4.3e-01,1.0e+00,0.9356,2022,309,428,311,408,223,267
GENE-2376,NO,1488.7,777,711.7,0.916,-0.1,4.3e-01,1.0e+00,0.9356,2023,777,748,806,787,743,605
GENE-3360,NO,158.7,89.3,69.3,0.773,-0.4,4.3e-01,1.0e+00,0.9356,2024,37,145,86,74,67,67
GENE-1638,NO,123,66.3,56.7,0.852,-0.2,4.3e-01,1.0e+00,0.9356,2025,42,81,76,53,64,53
GENE-8723,NO,767,327.3,439.7,1.342,0.4,4.3e-01,1.0e+00,0.9356,2026,224,434,324,739,407,173
GENE-18810,NO,456.3,217.3,239,1.1,0.1,4.3e-01,1.0e+00,0.9356,2027,195,225,232,222,219,276
GENE-10963,NO,399.3,191,208.3,1.09,0.1,4.3e-01,1.0e+00,0.9356,2027,169,206,198,199,209,217
GENE-19808,NO,147.3,78.7,68.7,0.87,-0.2,4.3e-01,1.0e+00,0.9356,2028,56,101,79,74,65,67
GENE-10424,NO,589,282.7,306.3,1.084,0.1,4.3e-01,1.0e+00,0.9356,2029,253,295,300,307,297,315
GENE-3384,NO,3017.7,1562.3,1455.3,0.931,-0.1,4.3e-01,1.0e+00,0.9356,2030,1642,1536,1509,1443,1464,1459
GENE-14370,NO,507.7,233.7,274,1.17,0.2,4.3e-01,1.0e+00,0.9356,2031,213,243,245,369,278,175
GENE-7017,NO,41.3,19,22.3,1.166,0.2,4.3e-01,1.0e+00,0.9356,2032,24,17,16,23,18,26
GENE-12939,NO,225.3,117.7,107.7,0.914,-0.1,4.3e-01,1.0e+00,0.9356,2033,116,111,126,97,113,113
GENE-10265,NO,55,29.3,25.7,0.869,-0.2,4.3e-01,1.0e+00,0.9356,2034,28,30,30,20,24,33
GENE-17744,NO,155.7,73.3,82.3,1.119,0.2,4.3e-01,1.0e+00,0.9356,2035,71,87,62,90,85,72
GENE-19017,NO,738,390,348,0.892,-0.2,4.3e-01,1.0e+00,0.9356,2036,362,441,367,434,287,323
GENE-9928,NO,1002.3,449.3,553,1.23,0.3,4.3e-01,1.0e+00,0.9356,2037,542,365,441,757,619,283
GENE-18113,NO,1721.7,820,901.7,1.1,0.1,4.3e-01,1.0e+00,0.9356,2038,921,833,706,788,990,927
GENE-15311,NO,129,60.7,68.3,1.118,0.2,4.3e-01,1.0e+00,0.9356,2039,68,62,52,64,62,79
GENE-1215,NO,36.3,20,16.3,0.812,-0.3,4.3e-01,1.0e+00,0.9356,2040,22,26,12,21,12,16
GENE-6294,YES,67.7,30,37.7,1.245,0.3,4.3e-01,1.0e+00,0.9356,2041,23,34,33,31,59,23
GENE-17976,NO,164.7,76.7,88,1.14,0.2,4.3e-01,1.0e+00,0.9356,2042,100,61,69,81,86,97
GENE-10861,NO,72,34,38,1.109,0.1,4.3e-01,1.0e+00,0.9356,2042,34,35,33,42,36,36
GENE-9140,NO,102,55.7,46.3,0.826,-0.3,4.3e-01,1.0e+00,0.9356,2043,31,70,66,54,46,39
GENE-18718,NO,22,12.3,9.7,0.78,-0.4,4.3e-01,1.0e+00,0.9356,2044,14,17,6,10,7,12
GENE-13107,NO,332.7,158.3,174.3,1.1,0.1,4.3e-01,1.0e+00,0.9356,2045,169,147,159,186,189,148
GENE-5098,NO,88.7,41.7,47,1.12,0.2,4.3e-01,1.0e+00,0.9356,2046,45,42,38,45,41,55
GENE-16013,NO,81.3,43.7,37.7,0.857,-0.2,4.3e-01,1.0e+00,0.9356,2047,44,33,54,48,33,32
GENE-8787,NO,170.7,89.3,81.3,0.907,-0.1,4.3e-01,1.0e+00,0.9356,2048,83,98,87,71,88,85
GENE-19194,NO,22.7,12.7,10,0.786,-0.3,4.3e-01,1.0e+00,0.9356,2049,8,9,21,10,10,10
GENE-18384,NO,381,179.7,201.3,1.118,0.2,4.3e-01,1.0e+00,0.9356,2050,151,198,190,180,243,181
GENE-14060,NO,131.7,69.3,62.3,0.893,-0.2,4.3e-01,1.0e+00,0.9356,2051,72,60,76,52,63,72
GENE-16917,NO,21.3,9.3,12,1.273,0.3,4.3e-01,1.0e+00,0.9356,2052,13,4,11,11,14,11
GENE-6458,NO,29.7,16.7,13,0.776,-0.4,4.3e-01,1.0e+00,0.9356,2053,24,9,17,18,8,13
GENE-14393,NO,58.7,31.7,27,0.847,-0.2,4.3e-01,1.0e+00,0.9356,2054,25,34,36,23,37,21
GENE-17494,NO,1164.7,540,624.7,1.157,0.2,4.3e-01,1.0e+00,0.9356,2055,594,381,645,592,775,507
GENE-7583,NO,49.7,27.3,22.3,0.812,-0.3,4.3e-01,1.0e+00,0.9356,2056,18,40,24,23,16,28
GENE-1748,NO,30.7,13.3,17.3,1.288,0.4,4.3e-01,1.0e+00,0.9356,2057,18,16,6,12,17,23
GENE-8943,NO,740,389.7,350.3,0.9,-0.2,4.3e-01,1.0e+00,0.9356,2057,437,372,360,281,361,409
GENE-1514,NO,498.3,264,234.3,0.888,-0.2,4.3e-01,1.0e+00,0.9356,2058,199,264,329,217,248,238
GENE-18832,NO,50.3,27,23.3,0.859,-0.2,4.3e-01,1.0e+00,0.9356,2059,32,19,30,21,22,27
GENE-8105,NO,157.3,84.7,72.7,0.856,-0.2,4.3e-01,1.0e+00,0.9356,2060,106,81,67,87,51,80
GENE-19920,NO,1032,555.7,476.3,0.858,-0.2,4.3e-01,1.0e+00,0.9356,2061,604,373,690,515,546,368
GENE-6206,NO,19,8.3,10.7,1.266,0.3,4.3e-01,1.0e+00,0.9356,2062,10,11,4,8,12,12
GENE-532,NO,129.7,76.7,53,0.691,-0.5,4.3e-01,1.0e+00,0.9356,2063,119,54,57,37,105,17
GENE-350,NO,3184.3,1662,1522.3,0.916,-0.1,4.3e-01,1.0e+00,0.9356,2064,1675,1546,1765,1420,1380,1767
GENE-3354,NO,1435,689,746,1.083,0.1,4.3e-01,1.0e+00,0.9356,2065,765,645,657,725,720,793
GENE-3098,NO,456.7,216.7,240,1.108,0.1,4.3e-01,1.0e+00,0.9356,2066,211,189,250,273,206,241
GENE-10615,NO,31.3,19,12.3,0.646,-0.6,4.3e-01,1.0e+00,0.9356,2067,22,20,15,9,27,1
GENE-18705,NO,75.3,34.7,40.7,1.165,0.2,4.3e-01,1.0e+00,0.9356,2068,40,24,40,36,37,49
GENE-14942,NO,229.3,106,123.3,1.159,0.2,4.3e-01,1.0e+00,0.9359,2069,109,103,106,158,80,132
GENE-10384,NO,172.3,79,93.3,1.177,0.2,4.3e-01,1.0e+00,0.936,2070,80,55,102,100,111,69
GENE-6404,NO,2739.7,1424.7,1315,0.923,-0.1,4.4e-01,1.0e+00,0.9362,2072,1421,1306,1547,1288,1435,1222
GENE-5579,NO,20,8.7,11.3,1.295,0.4,4.4e-01,1.0e+00,0.9362,2073,11,4,11,13,7,14
GENE-15877,NO,4003,2110.3,1892.7,0.897,-0.2,4.4e-01,1.0e+00,0.9362,2074,2223,1727,2381,2039,2097,1542
GENE-9286,NO,782.7,368.7,414,1.123,0.2,4.4e-01,1.0e+00,0.9368,2076,273,436,397,397,455,390
GENE-11615,NO,270,146.3,123.7,0.843,-0.2,4.4e-01,1.0e+00,0.9373,2078,99,210,130,104,119,148
GENE-15299,NO,1329,709.7,619.3,0.872,-0.2,4.4e-01,1.0e+00,0.9373,2079,584,652,893,694,457,707
GENE-18959,NO,230.3,109.7,120.7,1.098,0.1,4.4e-01,1.0e+00,0.9373,2080,111,122,96,128,109,125
GENE-9903,NO,444.3,245.7,198.7,0.808,-0.3,4.4e-01,1.0e+00,0.9373,2081,319,176,242,270,221,105
GENE-2779,NO,511.3,245.7,265.7,1.084,0.1,4.4e-01,1.0e+00,0.9373,2082,256,231,250,286,242,269
GENE-12180,NO,39.7,17,22.7,1.322,0.4,4.4e-01,1.0e+00,0.9373,2083,23,16,12,40,14,14
GENE-15576,NO,29,13.3,15.7,1.165,0.2,4.4e-01,1.0e+00,0.9373,2084,10,13,17,16,15,16
GENE-11527,NO,856.3,444,412.3,0.928,-0.1,4.4e-01,1.0e+00,0.9375,2085,436,430,466,395,441,401
GENE-11111,NO,24,11,13,1.171,0.2,4.4e-01,1.0e+00,0.9375,2086,13,10,10,10,15,14
GENE-11033,NO,680,362.3,317.7,0.877,-0.2,4.4e-01,1.0e+00,0.9375,2087,272,454,361,358,257,338
GENE-17661,NO,96.7,45.3,51.3,1.124,0.2,4.4e-01,1.0e+00,0.938,2089,40,41,55,55,54,45
GENE-11116,NO,126.3,58.7,67.7,1.144,0.2,4.4e-01,1.0e+00,0.9382,2090,44,70,62,56,79,68
GENE-13723,NO,23.7,10.3,13.3,1.278,0.4,4.4e-01,1.0e+00,0.9387,2092,15,8,8,20,12,8
GENE-18422,NO,48.3,20.7,27.7,1.328,0.4,4.4e-01,1.0e+00,0.9387,2093,31,6,25,27,31,25
GENE-18938,NO,143.7,67.7,76,1.12,0.2,4.4e-01,1.0e+00,0.939,2095,56,75,72,83,82,63
GENE-8111,NO,273,143.3,129.7,0.903,-0.1,4.4e-01,1.0e+00,0.939,2096,135,131,164,140,108,141
GENE-18688,NO,241.7,126.3,115.3,0.911,-0.1,4.4e-01,1.0e+00,0.939,2097,139,122,118,101,125,120
GENE-10720,NO,82.7,43.7,39,0.887,-0.2,4.4e-01,1.0e+00,0.939,2098,40,54,37,40,41,36
GENE-12088,NO,37.3,20,17.3,0.861,-0.2,4.4e-01,1.0e+00,0.939,2099,18,25,17,20,14,18
GENE-16469,NO,171.3,89.7,81.7,0.908,-0.1,4.4e-01,1.0e+00,0.939,2100,88,95,86,70,82,93
GENE-17487,NO,5727.7,3388.7,2339,0.69,-0.5,4.4e-01,1.0e+00,0.939,2100,4509,2229,3428,805,4927,1285
GENE-17616,NO,701.3,337,364.3,1.081,0.1,4.4e-01,1.0e+00,0.939,2102,370,328,313,344,382,367
GENE-11049,NO,1064.3,488.7,575.7,1.177,0.2,4.4e-01,1.0e+00,0.9392,2103,624,355,487,721,391,615
GENE-8295,NO,3375,1824.7,1550.3,0.849,-0.2,4.4e-01,1.0e+00,0.9398,2105,1360,1588,2526,1339,1281,2031
GENE-831,NO,1797.3,1023.3,774,0.756,-0.4,4.4e-01,1.0e+00,0.9399,2106,1585,361,1124,591,1006,725
GENE-6020,NO,549,180,369,2.053,1,4.4e-01,1.0e+00,0.9399,2107,18,238,284,12,368,727
GENE-12689,NO,1393.7,727,666.7,0.917,-0.1,4.4e-01,1.0e+00,0.9399,2108,790,658,733,754,588,658
GENE-1639,NO,236,164,72,0.438,-1.2,4.4e-01,1.0e+00,0.9404,2110,0,255,237,3,73,140
GENE-8650,NO,87.7,46,41.7,0.899,-0.2,4.4e-01,1.0e+00,0.9404,2111,43,51,44,36,46,43
GENE-1841,NO,293.3,159.7,133.7,0.837,-0.3,4.4e-01,1.0e+00,0.9404,2112,168,158,153,206,106,89
GENE-5401,NO,541,282,259,0.92,-0.1,4.4e-01,1.0e+00,0.9404,2113,266,284,296,227,288,262
GENE-9287,NO,182.7,85.7,97,1.128,0.2,4.4e-01,1.0e+00,0.9404,2114,70,84,103,84,91,116
GENE-2912,NO,579.3,301.7,277.7,0.922,-0.1,4.4e-01,1.0e+00,0.9404,2115,294,319,292,258,312,263
GENE-7133,NO,81.3,37,44.3,1.188,0.2,4.5e-01,1.0e+00,0.9404,2116,40,40,31,29,63,41
GENE-1931,NO,426.3,204.7,221.7,1.082,0.1,4.5e-01,1.0e+00,0.9404,2117,218,186,210,232,218,215
GENE-11083,NO,412.7,196.7,216,1.097,0.1,4.5e-01,1.0e+00,0.9404,2118,185,210,195,179,237,232
GENE-1810,NO,263.3,121.7,141.7,1.162,0.2,4.5e-01,1.0e+00,0.9404,2119,109,96,160,149,171,105
GENE-10851,NO,42,23,19,0.821,-0.3,4.5e-01,1.0e+00,0.9404,2120,16,30,23,12,25,20
GENE-10204,NO,90.7,42.3,48.3,1.133,0.2,4.5e-01,1.0e+00,0.9404,2120,52,43,32,51,49,45
GENE-12200,NO,37.3,16.7,20.7,1.229,0.3,4.5e-01,1.0e+00,0.9404,2121,23,17,10,25,23,14
GENE-967,NO,533.7,255,278.7,1.093,0.1,4.5e-01,1.0e+00,0.9404,2122,226,274,265,241,296,299
GENE-13641,NO,136.3,71.3,65,0.909,-0.1,4.5e-01,1.0e+00,0.9404,2123,71,81,62,67,66,62
GENE-6523,NO,2359.3,1139.7,1219.7,1.07,0.1,4.5e-01,1.0e+00,0.9404,2124,1129,1184,1106,1240,1208,1211
GENE-7137,NO,2472.7,1298.7,1174,0.904,-0.1,4.5e-01,1.0e+00,0.9404,2125,1141,1253,1502,1341,964,1217
GENE-13264,NO,2734,1453.3,1280.7,0.881,-0.2,4.5e-01,1.0e+00,0.9404,2126,1194,1674,1492,1625,1244,973
GENE-13238,NO,178.7,75.7,103,1.352,0.4,4.5e-01,1.0e+00,0.9404,2127,54,53,120,154,38,117
GENE-8694,NO,126.3,59.3,67,1.121,0.2,4.5e-01,1.0e+00,0.9404,2128,73,47,58,69,69,63
GENE-19200,NO,43.3,25.3,18,0.707,-0.5,4.5e-01,1.0e+00,0.9404,2129,41,26,9,19,28,7
GENE-7979,NO,470.7,221,249.7,1.129,0.2,4.5e-01,1.0e+00,0.9404,2130,251,196,216,180,289,280
GENE-3277,NO,479,227.7,251.3,1.105,0.1,4.5e-01,1.0e+00,0.9404,2131,271,229,183,249,268,237
GENE-14923,NO,763.3,356.3,407,1.143,0.2,4.5e-01,1.0e+00,0.9404,2132,301,368,400,531,396,294
GENE-16497,NO,37,17.3,19.7,1.125,0.2,4.5e-01,1.0e+00,0.9404,2133,18,18,16,22,18,19
GENE-17305,NO,61,32.3,28.7,0.88,-0.2,4.5e-01,1.0e+00,0.9404,2134,36,37,24,29,29,28
GENE-1263,NO,226.7,119,107.7,0.904,-0.1,4.5e-01,1.0e+00,0.9404,2135,113,101,143,113,109,101
GENE-4766,NO,71,33.3,37.7,1.121,0.2,4.5e-01,1.0e+00,0.9404,2136,29,33,38,41,32,40
GENE-15561,NO,35,19,16,0.837,-0.3,4.5e-01,1.0e+00,0.9404,2136,23,17,17,21,17,10
GENE-2476,NO,518.7,278,240.7,0.867,-0.2,4.5e-01,1.0e+00,0.9404,2137,260,231,343,170,247,305
GENE-6536,NO,1480.3,786.7,693.7,0.882,-0.2,4.5e-01,1.0e+00,0.9404,2138,956,784,620,804,747,530
GENE-17164,NO,24.3,13.3,11,0.821,-0.3,4.5e-01,1.0e+00,0.9404,2139,9,15,16,13,13,7
GENE-16124,NO,18.3,10,8.3,0.829,-0.3,4.5e-01,1.0e+00,0.9404,2140,11,10,9,5,10,10
GENE-8305,NO,34,15,19,1.256,0.3,4.5e-01,1.0e+00,0.9404,2141,21,15,9,27,12,18
GENE-11540,NO,96.3,42,54.3,1.282,0.4,4.5e-01,1.0e+00,0.9404,2142,49,57,20,46,81,36
GENE-12065,NO,36.3,20,16.3,0.812,-0.3,4.5e-01,1.0e+00,0.9404,2143,11,30,19,18,14,17
GENE-7951,NO,97.7,41.3,56.3,1.353,0.4,4.5e-01,1.0e+00,0.9404,2144,48,12,64,52,77,40
GENE-1330,NO,70,37.3,32.7,0.869,-0.2,4.5e-01,1.0e+00,0.9404,2145,30,39,43,24,38,36
GENE-7793,NO,1133.3,538.3,595,1.105,0.1,4.5e-01,1.0e+00,0.9404,2146,606,490,519,536,724,525
GENE-3850,NO,61,34.3,26.7,0.772,-0.4,4.5e-01,1.0e+00,0.9404,2147,52,35,16,25,17,38
GENE-8348,NO,655.7,342.3,313.3,0.915,-0.1,4.5e-01,1.0e+00,0.9404,2148,360,328,339,288,281,371
GENE-19994,NO,111.7,59,52.7,0.886,-0.2,4.5e-01,1.0e+00,0.9404,2149,50,57,70,44,63,51
GENE-9446,NO,963,446.7,516.3,1.156,0.2,4.5e-01,1.0e+00,0.9404,2150,386,613,341,450,633,466
GENE-16977,NO,1583.3,836,747.3,0.894,-0.2,4.5e-01,1.0e+00,0.9404,2151,674,764,1070,798,778,666
GENE-18863,NO,23,10.3,12.7,1.214,0.3,4.5e-01,1.0e+00,0.9404,2152,7,14,10,15,14,9
GENE-10864,NO,143,76,67,0.879,-0.2,4.5e-01,1.0e+00,0.9404,2152,65,80,83,77,76,48
GENE-14682,NO,34.3,18.7,15.7,0.835,-0.3,4.5e-01,1.0e+00,0.9404,2153,24,15,17,19,10,18
GENE-12092,NO,30,13.3,16.7,1.238,0.3,4.5e-01,1.0e+00,0.9404,2154,7,16,17,17,21,12
GENE-4055,NO,176.3,83,93.3,1.12,0.2,4.5e-01,1.0e+00,0.9404,2155,84,72,93,96,110,74
GENE-13673,NO,945,453.7,491.3,1.082,0.1,4.5e-01,1.0e+00,0.9404,2156,415,457,489,450,486,538
GENE-6092,NO,3099.3,1477.3,1622,1.098,0.1,4.5e-01,1.0e+00,0.9404,2157,1430,1436,1566,1286,1781,1799
GENE-10845,NO,19.7,8.3,11.3,1.345,0.4,4.5e-01,1.0e+00,0.9404,2158,9,11,5,17,4,13
GENE-15345,NO,1377.3,634,743.3,1.173,0.2,4.5e-01,1.0e+00,0.9404,2159,552,824,526,803,942,485
GENE-6550,NO,29.7,16.3,13.3,0.811,-0.3,4.5e-01,1.0e+00,0.9404,2160,9,24,16,14,15,11
GENE-2366,NO,1043.7,499,544.7,1.092,0.1,4.5e-01,1.0e+00,0.9404,2161,463,538,496,556,618,460
GENE-1361,NO,97,44,53,1.195,0.3,4.5e-01,1.0e+00,0.9404,2162,28,42,62,40,56,63
GENE-13531,NO,284,126.3,157.7,1.249,0.3,4.6e-01,1.0e+00,0.9404,2163,147,174,58,161,115,197
GENE-14861,NO,259.3,137.7,121.7,0.882,-0.2,4.6e-01,1.0e+00,0.9404,2164,118,181,114,110,114,141
GENE-15584,NO,23.3,10,13.3,1.32,0.4,4.6e-01,1.0e+00,0.9404,2165,7,6,17,12,8,20
GENE-18182,NO,138.3,62,76.3,1.221,0.3,4.6e-01,1.0e+00,0.9404,2166,82,73,31,61,91,77
GENE-1242,NO,2217,1171.3,1045.7,0.893,-0.2,4.6e-01,1.0e+00,0.9404,2167,1065,1446,1003,1226,1060,851
GENE-6385,NO,3362.3,1926.3,1436,0.745,-0.4,4.6e-01,1.0e+00,0.9404,2168,2554,1281,1944,897,682,2729
GENE-14203,NO,2744,1466,1278,0.872,-0.2,4.6e-01,1.0e+00,0.9404,2168,1821,1114,1463,1138,1656,1040
GENE-5777,NO,1498,777.3,720.7,0.927,-0.1,4.6e-01,1.0e+00,0.9404,2169,727,806,799,659,793,710
GENE-10817,NO,1741.7,957.7,784,0.819,-0.3,4.6e-01,1.0e+00,0.9404,2170,676,1268,929,582,556,1214
GENE-18333,NO,192,90.3,101.7,1.125,0.2,4.6e-01,1.0e+00,0.9404,2171,77,93,101,99,125,81
GENE-9649,NO,3977.3,1873,2104.3,1.124,0.2,4.6e-01,1.0e+00,0.9404,2172,2117,1428,2074,1703,2165,2445
GENE-4837,NO,34,15.3,18.7,1.207,0.3,4.6e-01,1.0e+00,0.9404,2173,15,16,15,11,18,27
GENE-6758,NO,493.3,212,281.3,1.326,0.4,4.6e-01,1.0e+00,0.9404,2174,335,217,84,215,196,433
GENE-15565,NO,1390,749.7,640.3,0.854,-0.2,4.6e-01,1.0e+00,0.9404,2175,572,999,678,657,819,445
GENE-7653,NO,28.7,17,11.7,0.684,-0.5,4.6e-01,1.0e+00,0.9404,2176,34,9,8,20,5,10
GENE-4391,NO,33.7,15,18.7,1.234,0.3,4.6e-01,1.0e+00,0.9404,2177,21,12,12,12,17,27
GENE-19015,NO,2591.7,2075.3,516.3,0.249,-2,4.6e-01,1.0e+00,0.9404,2178,6217,5,4,3,64,1482
GENE-18766,NO,438.7,232,206.7,0.892,-0.2,4.6e-01,1.0e+00,0.9404,2179,246,278,172,216,183,221
GENE-5603,NO,130.7,60.7,70,1.145,0.2,4.6e-01,1.0e+00,0.9404,2180,72,54,56,92,64,54
GENE-17995,NO,526,251.3,274.7,1.095,0.1,4.6e-01,1.0e+00,0.9404,2181,252,249,253,307,222,295
GENE-16221,NO,34,18.7,15.3,0.817,-0.3,4.6e-01,1.0e+00,0.9404,2182,25,15,16,23,11,12
GENE-15465,NO,119,63.3,55.7,0.877,-0.2,4.6e-01,1.0e+00,0.9404,2183,51,76,63,43,68,56
GENE-3982,NO,4470.7,2158.3,2312.3,1.071,0.1,4.6e-01,1.0e+00,0.9404,2183,2264,2189,2022,2183,2368,2386
GENE-15196,NO,764.3,438.7,325.7,0.743,-0.4,4.6e-01,1.0e+00,0.9404,2184,843,234,239,413,363,201
GENE-17873,NO,66.7,35.3,31.3,0.881,-0.2,4.6e-01,1.0e+00,0.9404,2185,33,28,45,31,34,29
GENE-5220,NO,372.7,177.7,195,1.095,0.1,4.6e-01,1.0e+00,0.9404,2186,170,154,209,191,209,185
GENE-6324,NO,202,95.7,106.3,1.107,0.1,4.6e-01,1.0e+00,0.9404,2187,100,83,104,94,99,126
GENE-8322,NO,38.3,17.3,21,1.202,0.3,4.6e-01,1.0e+00,0.9404,2188,21,11,20,28,16,19
GENE-6356,NO,31.3,17.7,13.7,0.769,-0.4,4.6e-01,1.0e+00,0.9404,2189,13,16,24,6,23,12
GENE-14604,NO,27.3,14.7,12.7,0.859,-0.2,4.6e-01,1.0e+00,0.9404,2190,19,11,14,12,14,12
GENE-10872,NO,130.3,70.7,59.7,0.839,-0.3,4.6e-01,1.0e+00,0.9404,2191,63,48,101,58,76,45
GENE-16277,NO,89.3,41,48.3,1.17,0.2,4.6e-01,1.0e+00,0.9404,2192,46,36,41,49,31,65
GENE-1411,NO,2318,1501,817,0.544,-0.9,4.6e-01,1.0e+00,0.9404,2193,241,1627,2635,2051,244,156
GENE-281,NO,3472.3,1832,1640.3,0.896,-0.2,4.6e-01,1.0e+00,0.9404,2194,1721,1921,1854,1303,1487,2131
GENE-15473,NO,68.3,31,37.3,1.195,0.3,4.6e-01,1.0e+00,0.9404,2195,42,28,23,52,30,30
GENE-7881,NO,518,288.3,229.7,0.798,-0.3,4.6e-01,1.0e+00,0.9404,2196,205,179,481,159,298,232
GENE-5072,NO,190.7,104.3,86.3,0.822,-0.3,4.6e-01,1.0e+00,0.9404,2197,133,66,114,119,53,87
GENE-8464,NO,295.7,155.7,140,0.897,-0.2,4.6e-01,1.0e+00,0.9404,2198,151,172,144,145,107,168
GENE-60,NO,50,26.7,23.3,0.869,-0.2,4.6e-01,1.0e+00,0.9404,2199,21,32,27,26,18,26
GENE-13418,NO,252.7,133.7,119,0.889,-0.2,4.6e-01,1.0e+00,0.9404,2199,107,120,174,115,111,131
GENE-11072,NO,36.7,16.3,20.3,1.234,0.3,4.6e-01,1.0e+00,0.9404,2200,12,20,17,29,11,21
GENE-15509,NO,1017,544,473,0.87,-0.2,4.6e-01,1.0e+00,0.9404,2201,527,667,438,642,384,393
GENE-17606,NO,36.7,21.3,15.3,0.716,-0.5,4.6e-01,1.0e+00,0.9404,2202,32,8,24,5,19,22
GENE-3412,NO,23,10.3,12.7,1.214,0.3,4.6e-01,1.0e+00,0.9404,2203,14,11,6,10,13,15
GENE-10039,NO,68.3,29.7,38.7,1.293,0.4,4.6e-01,1.0e+00,0.9404,2204,35,21,33,60,41,15
GENE-7987,NO,89,40,49,1.216,0.3,4.6e-01,1.0e+00,0.9404,2205,28,35,57,60,30,57
GENE-2590,NO,582.7,307.7,275,0.895,-0.2,4.6e-01,1.0e+00,0.9404,2206,333,288,302,228,239,358
GENE-5786,NO,664,318.7,345.3,1.084,0.1,4.6e-01,1.0e+00,0.9404,2207,325,358,273,350,340,346
GENE-18534,NO,49,26,23,0.879,-0.2,4.6e-01,1.0e+00,0.9404,2208,23,26,29,19,29,21
GENE-5200,NO,1648.3,910.7,737.7,0.81,-0.3,4.6e-01,1.0e+00,0.9404,2209,688,1349,695,425,741,1047
GENE-17645,NO,744.7,387.3,357.3,0.923,-0.1,4.6e-01,1.0e+00,0.9404,2210,437,347,378,368,377,327
GENE-4352,NO,1819.7,952.7,867,0.91,-0.1,4.7e-01,1.0e+00,0.9404,2211,1040,796,1022,731,908,962
GENE-11588,NO,32.7,15,17.7,1.168,0.2,4.7e-01,1.0e+00,0.9404,2212,10,19,16,18,16,19
GENE-10852,NO,101,47.3,53.7,1.126,0.2,4.7e-01,1.0e+00,0.9404,2213,46,37,59,49,53,59
GENE-13207,NO,1618,865.7,752.3,0.869,-0.2,4.7e-01,1.0e+00,0.9404,2214,979,1084,534,741,716,800
GENE-12418,NO,84.3,45,39.3,0.868,-0.2,4.7e-01,1.0e+00,0.9404,2215,31,54,50,35,47,36
GENE-11513,NO,24,13.3,10.7,0.796,-0.3,4.7e-01,1.0e+00,0.9404,2215,16,10,14,11,5,16
GENE-7976,NO,3192,1519,1673,1.102,0.1,4.7e-01,1.0e+00,0.9404,2216,1373,1708,1476,1451,1523,2045
GENE-4460,NO,40,22,18,0.814,-0.3,4.7e-01,1.0e+00,0.9404,2217,25,14,27,22,22,10
GENE-18298,NO,279.7,146.7,133,0.905,-0.1,4.7e-01,1.0e+00,0.9404,2218,127,159,154,135,109,155
GENE-3367,NO,247.7,135.3,112.3,0.828,-0.3,4.7e-01,1.0e+00,0.9404,2219,155,156,95,62,147,128
GENE-2957,NO,24,13,11,0.842,-0.2,4.7e-01,1.0e+00,0.9404,2220,18,10,11,13,11,9
GENE-19740,NO,183.7,96.7,87,0.896,-0.2,4.7e-01,1.0e+00,0.9404,2221,75,120,95,83,88,90
GENE-16587,NO,239.3,126.3,113,0.891,-0.2,4.7e-01,1.0e+00,0.9404,2222,109,119,151,119,88,132
GENE-13486,NO,25,10.7,14.3,1.33,0.4,4.7e-01,1.0e+00,0.9404,2223,11,7,14,23,15,5
GENE-4559,NO,1642,849,793,0.934,-0.1,4.7e-01,1.0e+00,0.9404,2224,814,918,815,788,775,816
GENE-19264,NO,1139.7,606.3,533.3,0.88,-0.2,4.7e-01,1.0e+00,0.9404,2225,479,841,499,537,496,567
GENE-2267,NO,1099,604.3,494.7,0.818,-0.3,4.7e-01,1.0e+00,0.9404,2226,387,769,657,727,464,293
GENE-8951,NO,496.3,258.3,238,0.922,-0.1,4.7e-01,1.0e+00,0.9404,2227,276,263,236,227,218,269
GENE-2030,NO,600.3,325.3,275,0.845,-0.2,4.7e-01,1.0e+00,0.9404,2228,297,480,199,301,295,229
GENE-19624,NO,22.3,13,9.3,0.716,-0.5,4.7e-01,1.0e+00,0.9404,2229,13,4,22,4,12,12
GENE-9722,NO,216,112.3,103.7,0.922,-0.1,4.7e-01,1.0e+00,0.9404,2230,115,100,122,103,103,105
GENE-9482,NO,111,58.7,52.3,0.886,-0.2,4.7e-01,1.0e+00,0.9404,2231,59,68,49,49,43,65
GENE-9872,NO,463,240.7,222.3,0.927,-0.1,4.7e-01,1.0e+00,0.9404,2231,245,228,249,241,199,227
GENE-19746,NO,34.7,18.3,16.3,0.885,-0.2,4.7e-01,1.0e+00,0.9404,2232,21,17,17,18,14,17
GENE-10856,NO,49.3,21.7,27.7,1.266,0.3,4.7e-01,1.0e+00,0.9404,2233,23,25,17,34,38,11
GENE-16759,NO,284.3,136,148.3,1.088,0.1,4.7e-01,1.0e+00,0.9404,2234,149,130,129,131,162,152
GENE-8035,NO,41,18.7,22.3,1.187,0.2,4.7e-01,1.0e+00,0.9404,2235,15,14,27,18,27,22
GENE-10712,NO,130.3,60.7,69.7,1.14,0.2,4.7e-01,1.0e+00,0.9404,2236,48,53,81,59,78,72
GENE-4272,NO,1714.3,824,890.3,1.081,0.1,4.7e-01,1.0e+00,0.9404,2237,751,906,815,991,830,850
GENE-2663,NO,32,14.3,17.7,1.222,0.3,4.7e-01,1.0e+00,0.9404,2238,17,14,12,9,21,23
GENE-3496,NO,5730.7,3225.3,2505.3,0.777,-0.4,4.7e-01,1.0e+00,0.9404,2239,1433,2903,5340,1896,2020,3600
GENE-18148,NO,2166,946.3,1219.7,1.289,0.4,4.7e-01,1.0e+00,0.9404,2240,1070,501,1268,1396,544,1719
GENE-4215,NO,220.7,116.3,104.3,0.893,-0.2,4.7e-01,1.0e+00,0.9404,2241,112,135,102,131,96,86
GENE-12790,NO,154,82,72,0.875,-0.2,4.7e-01,1.0e+00,0.9404,2242,68,84,94,53,69,94
GENE-11315,NO,74.3,40,34.3,0.853,-0.2,4.7e-01,1.0e+00,0.9404,2243,46,30,44,32,47,24
GENE-17351,NO,61.3,27.7,33.7,1.207,0.3,4.7e-01,1.0e+00,0.9404,2244,16,33,34,33,44,24
GENE-18114,NO,382.3,202.3,180,0.888,-0.2,4.7e-01,1.0e+00,0.9404,2245,194,173,240,228,142,170
GENE-10881,NO,39.7,18.3,21.3,1.154,0.2,4.7e-01,1.0e+00,0.9404,2246,24,18,13,21,20,23
GENE-8237,NO,22.7,10.3,12.3,1.183,0.2,4.7e-01,1.0e+00,0.9404,2246,9,8,14,15,10,12
GENE-4515,NO,169,89.3,79.7,0.889,-0.2,4.7e-01,1.0e+00,0.9404,2247,98,90,80,103,63,73
GENE-5883,NO,2133,1019.7,1113.3,1.092,0.1,4.7e-01,1.0e+00,0.9404,2248,814,1134,1111,1169,1069,1102
GENE-650,NO,30,16.3,13.7,0.832,-0.3,4.7e-01,1.0e+00,0.9404,2249,17,15,17,21,9,11
GENE-13392,NO,385.7,184,201.7,1.095,0.1,4.7e-01,1.0e+00,0.9404,2250,195,207,150,187,217,201
GENE-2221,NO,22.3,10.3,12,1.151,0.2,4.7e-01,1.0e+00,0.9404,2251,8,11,12,12,11,13
GENE-17928,NO,224.3,120.7,103.7,0.855,-0.2,4.7e-01,1.0e+00,0.9404,2252,114,172,76,98,95,118
GENE-15407,NO,969.7,451.7,518,1.147,0.2,4.7e-01,1.0e+00,0.9404,2253,549,354,452,638,559,357
GENE-13577,NO,365.7,195,170.7,0.874,-0.2,4.8e-01,1.0e+00,0.9404,2254,243,138,204,132,198,182
GENE-17300,NO,832,395.7,436.3,1.102,0.1,4.8e-01,1.0e+00,0.9404,2255,339,487,361,394,486,429
GENE-16138,NO,79,41.3,37.7,0.905,-0.1,4.8e-01,1.0e+00,0.9404,2256,39,39,46,34,43,36
GENE-6572,NO,43.3,20,23.3,1.157,0.2,4.8e-01,1.0e+00,0.9404,2257,15,18,27,24,26,20
GENE-11902,NO,683,396,287,0.725,-0.5,4.8e-01,1.0e+00,0.9404,2258,522,546,120,127,396,338
GENE-9711,NO,85.7,46,39.7,0.856,-0.2,4.8e-01,1.0e+00,0.9404,2259,36,45,57,26,44,49
GENE-11162,NO,45.7,20.3,25.3,1.235,0.3,4.8e-01,1.0e+00,0.9404,2260,21,21,19,39,25,12
GENE-15342,NO,2022,1045,977,0.935,-0.1,4.8e-01,1.0e+00,0.9404,2261,1094,974,1067,994,1017,920
GENE-7982,NO,234.3,121.7,112.7,0.925,-0.1,4.8e-01,1.0e+00,0.9404,2262,118,129,118,124,105,109
GENE-12073,NO,21.7,10,11.7,1.156,0.2,4.8e-01,1.0e+00,0.9404,2262,9,10,11,12,9,14
GENE-6726,NO,249.3,130.3,119,0.912,-0.1,4.8e-01,1.0e+00,0.9404,2263,121,114,156,121,125,111
GENE-75,NO,678.3,327,351.3,1.075,0.1,4.8e-01,1.0e+00,0.9404,2264,334,312,335,314,367,373
GENE-4617,NO,3585.7,1884.7,1701,0.903,-0.1,4.8e-01,1.0e+00,0.9404,2265,1847,1807,2000,2189,1524,1390
GENE-17647,NO,381.7,180.7,201,1.112,0.2,4.8e-01,1.0e+00,0.9404,2266,225,150,167,171,215,217
GENE-19660,NO,5189.7,2506.7,2683,1.07,0.1,4.8e-01,1.0e+00,0.9404,2267,2486,2545,2489,2582,2506,2961
GENE-9072,NO,534.3,252,282.3,1.121,0.2,4.8e-01,1.0e+00,0.9404,2268,269,194,293,224,295,328
GENE-18988,NO,3156.7,1477.3,1679.3,1.137,0.2,4.8e-01,1.0e+00,0.9404,2269,1334,1253,1845,1888,1189,1961
GENE-3162,NO,171.3,80.7,90.7,1.12,0.2,4.8e-01,1.0e+00,0.9404,2270,93,90,59,99,82,91
GENE-18589,NO,23.7,11,12.7,1.142,0.2,4.8e-01,1.0e+00,0.9404,2271,10,11,12,12,11,15
GENE-3341,NO,20.3,11,9.3,0.844,-0.2,4.8e-01,1.0e+00,0.9404,2272,14,8,11,11,7,10
GENE-12536,NO,205,108.7,96.3,0.883,-0.2,4.8e-01,1.0e+00,0.9404,2273,117,119,90,127,77,85
GENE-5,NO,5725.7,3117,2608.7,0.837,-0.3,4.8e-01,1.0e+00,0.9404,2274,2845,1958,4548,1820,3200,2806
GENE-8059,NO,31.3,14.3,17,1.176,0.2,4.8e-01,1.0e+00,0.9404,2275,15,13,15,17,23,11
GENE-19375,NO,626,434.3,191.7,0.442,-1.2,4.8e-01,1.0e+00,0.9404,2276,1264,17,22,337,30,208
GENE-5585,NO,75,35,40,1.134,0.2,4.8e-01,1.0e+00,0.9404,2277,41,33,31,31,39,50
GENE-4818,NO,66,29.7,36.3,1.215,0.3,4.8e-01,1.0e+00,0.9404,2278,42,27,20,28,28,53
GENE-13091,NO,12100,5853,6247,1.067,0.1,4.8e-01,1.0e+00,0.9404,2278,6240,5428,5891,6455,6112,6174
GENE-2683,NO,56.3,30,26.3,0.872,-0.2,4.8e-01,1.0e+00,0.9404,2279,28,28,34,18,32,29
GENE-13805,NO,28,15.7,12.3,0.783,-0.4,4.8e-01,1.0e+00,0.9404,2280,24,12,11,20,8,9
GENE-5809,NO,73,34.3,38.7,1.117,0.2,4.8e-01,1.0e+00,0.9404,2281,36,37,30,34,47,35
GENE-2861,NO,387.7,204,183.7,0.902,-0.1,4.8e-01,1.0e+00,0.9404,2282,239,186,187,212,145,194
GENE-16235,NO,897,410.3,486.7,1.187,0.2,4.8e-01,1.0e+00,0.9404,2283,458,482,291,281,600,579
GENE-12743,NO,987.7,515,472.7,0.918,-0.1,4.8e-01,1.0e+00,0.9404,2284,498,544,503,409,442,567
GENE-15308,NO,474.7,247,227.7,0.922,-0.1,4.8e-01,1.0e+00,0.9404,2285,284,218,239,212,228,243
GENE-12709,NO,107.3,47.3,60,1.259,0.3,4.8e-01,1.0e+00,0.9404,2286,59,30,53,31,52,97
GENE-14029,NO,137,61,76,1.236,0.3,4.8e-01,1.0e+00,0.9404,2287,74,66,43,100,93,35
GENE-19451,NO,391.3,187,204.3,1.092,0.1,4.8e-01,1.0e+00,0.9404,2288,172,195,194,199,174,240
GENE-18723,NO,1862.7,967.3,895.3,0.926,-0.1,4.8e-01,1.0e+00,0.9404,2289,857,1115,930,888,939,859
GENE-17236,NO,98.3,46.3,52,1.114,0.2,4.8e-01,1.0e+00,0.9404,2290,56,38,45,46,53,57
GENE-16026,NO,1784,928,856,0.923,-0.1,4.8e-01,1.0e+00,0.9404,2291,898,861,1025,864,964,740
GENE-9723,NO,50,26.3,23.7,0.893,-0.2,4.8e-01,1.0e+00,0.9404,2292,28,26,25,29,21,21
GENE-10228,NO,26,11.7,14.3,1.217,0.3,4.8e-01,1.0e+00,0.9404,2293,7,18,10,12,14,17
GENE-4621,NO,2180,1134.3,1045.7,0.922,-0.1,4.8e-01,1.0e+00,0.9404,2294,1153,1174,1076,1137,859,1141
GENE-6227,NO,19.3,10.3,9,0.866,-0.2,4.8e-01,1.0e+00,0.9404,2294,11,9,11,10,10,7
GENE-474,NO,1027,492.7,534.3,1.085,0.1,4.8e-01,1.0e+00,0.9404,2295,564,497,417,514,515,574
GENE-19403,NO,95.3,50,45.3,0.9,-0.2,4.8e-01,1.0e+00,0.9404,2296,54,55,41,52,43,41
GENE-15301,NO,22.7,10.3,12.3,1.183,0.2,4.8e-01,1.0e+00,0.9404,2297,12,10,9,8,16,13
GENE-6987,NO,39,20.7,18.3,0.881,-0.2,4.8e-01,1.0e+00,0.9404,2298,22,22,18,20,21,14
GENE-10664,NO,2882.7,1385,1497.7,1.081,0.1,4.8e-01,1.0e+00,0.9404,2299,1405,1167,1583,1479,1505,1509
GENE-1227,NO,301.3,156.7,144.7,0.921,-0.1,4.8e-01,1.0e+00,0.9404,2300,161,144,165,146,126,162
GENE-7487,NO,291.7,152.3,139.3,0.912,-0.1,4.8e-01,1.0e+00,0.9404,2301,138,170,149,130,165,123
GENE-10582,NO,653.3,279.3,374,1.34,0.4,4.8e-01,1.0e+00,0.9404,2302,132,239,467,167,608,347
GENE-14776,NO,453.3,238,215.3,0.905,-0.1,4.8e-01,1.0e+00,0.9404,2303,226,216,272,168,231,247
GENE-19541,NO,158.7,74,84.7,1.136,0.2,4.8e-01,1.0e+00,0.9404,2304,95,51,76,92,75,87
GENE-2103,NO,853.7,404.3,449.3,1.112,0.2,4.8e-01,1.0e+00,0.9404,2305,418,336,459,483,520,345
GENE-686,NO,64.7,26.3,38.3,1.443,0.5,4.9e-01,1.0e+00,0.9412,2308,44,11,24,9,67,39
GENE-3906,NO,435,205,230,1.122,0.2,4.9e-01,1.0e+00,0.9412,2309,145,207,263,231,220,239
GENE-16719,NO,6033,2911.7,3121.3,1.072,0.1,4.9e-01,1.0e+00,0.9412,2310,2577,3147,3011,3247,3101,3016
GENE-17630,NO,685.3,324.7,360.7,1.112,0.2,4.9e-01,1.0e+00,0.9412,2311,388,286,300,447,299,336
GENE-19991,NO,322,149.3,172.7,1.155,0.2,4.9e-01,1.0e+00,0.9412,2312,137,153,158,254,133,131
GENE-19560,NO,1213.7,307.7,906,2.944,1.6,4.9e-01,1.0e+00,0.9412,2313,33,1,889,2631,12,75
GENE-19493,NO,6123,2949,3174,1.076,0.1,4.9e-01,1.0e+00,0.9412,2314,2691,3166,2990,2979,3573,2970
GENE-8579,NO,382.3,198,184.3,0.929,-0.1,4.9e-01,1.0e+00,0.9412,2314,178,208,208,195,180,178
GENE-8227,NO,4162,2269.7,1892.3,0.834,-0.3,4.9e-01,1.0e+00,0.9412,2315,2299,1159,3351,2061,1602,2014
GENE-3226,NO,29.3,15.7,13.7,0.867,-0.2,4.9e-01,1.0e+00,0.9412,2316,14,18,15,18,11,12
GENE-17291,NO,1850.3,875,975.3,1.115,0.2,4.9e-01,1.0e+00,0.9412,2317,744,1015,866,1242,792,892
GENE-7572,NO,515.3,285.7,229.7,0.805,-0.3,4.9e-01,1.0e+00,0.9412,2318,348,177,332,116,352,221
GENE-2435,NO,3540.7,1838.3,1702.3,0.926,-0.1,4.9e-01,1.0e+00,0.9412,2319,1793,1692,2030,1733,1884,1490
GENE-271,NO,1185.7,624.3,561.3,0.899,-0.2,4.9e-01,1.0e+00,0.9412,2320,689,728,456,530,521,633
GENE-7522,NO,90.7,47.7,43,0.896,-0.2,4.9e-01,1.0e+00,0.9412,2321,41,45,57,51,38,40
GENE-7842,NO,58,27,31,1.139,0.2,4.9e-01,1.0e+00,0.9412,2322,20,33,28,28,28,37
GENE-18771,NO,86,37.3,48.7,1.292,0.4,4.9e-01,1.0e+00,0.9412,2323,34,39,39,32,92,22
GENE-7450,NO,380.3,180.3,200,1.108,0.1,4.9e-01,1.0e+00,0.9412,2324,204,199,138,216,171,213
GENE-11699,NO,689,367.7,321.3,0.874,-0.2,4.9e-01,1.0e+00,0.9412,2325,439,356,308,299,227,438
GENE-4768,NO,3568.7,1722.3,1846.3,1.072,0.1,4.9e-01,1.0e+00,0.9412,2326,1768,1790,1609,1917,1650,1972
GENE-5390,NO,2152,1030.7,1121.3,1.088,0.1,4.9e-01,1.0e+00,0.9412,2327,834,1175,1083,1170,1151,1043
GENE-6222,NO,34.7,16,18.7,1.157,0.2,4.9e-01,1.0e+00,0.9412,2328,14,22,12,19,17,20
GENE-6895,NO,1047,485.3,561.7,1.157,0.2,4.9e-01,1.0e+00,0.9412,2329,440,572,444,785,543,357
GENE-5151,NO,929,449.3,479.7,1.067,0.1,4.9e-01,1.0e+00,0.9412,2330,478,426,444,464,489,486
GENE-15555,NO,3770.3,1978.3,1792,0.906,-0.1,4.9e-01,1.0e+00,0.9412,2330,2448,1627,1860,1567,2044,1765
GENE-17936,NO,210.3,96,114.3,1.189,0.2,4.9e-01,1.0e+00,0.9412,2331,68,128,92,68,140,135
GENE-7498,NO,859.3,447,412.3,0.922,-0.1,4.9e-01,1.0e+00,0.9412,2332,458,514,369,408,410,419
GENE-1090,NO,51.7,23.7,28,1.174,0.2,4.9e-01,1.0e+00,0.9412,2333,22,16,33,35,26,23
GENE-4057,NO,1406.7,655.7,751,1.146,0.2,4.9e-01,1.0e+00,0.9412,2334,613,830,524,682,1011,560
GENE-17896,NO,931.7,387.3,544.3,1.406,0.5,4.9e-01,1.0e+00,0.9412,2335,242,724,196,991,436,206
GENE-5060,NO,173.7,73,100.7,1.369,0.5,4.9e-01,1.0e+00,0.9412,2336,20,63,136,108,60,134
GENE-12576,NO,50.3,26.7,23.7,0.882,-0.2,4.9e-01,1.0e+00,0.9412,2337,24,31,25,29,18,24
GENE-9069,NO,100.7,47,53.7,1.133,0.2,4.9e-01,1.0e+00,0.9412,2338,39,58,44,67,43,51
GENE-5845,NO,337.7,160,177.7,1.107,0.1,4.9e-01,1.0e+00,0.9412,2339,152,158,170,138,221,174
GENE-7213,NO,2595,1336.7,1258.3,0.941,-0.1,4.9e-01,1.0e+00,0.9412,2340,1299,1360,1351,1279,1273,1223
GENE-18978,NO,1243,677,566,0.836,-0.3,4.9e-01,1.0e+00,0.9412,2341,385,698,948,628,389,681
GENE-472,NO,378,181.3,196.7,1.082,0.1,4.9e-01,1.0e+00,0.9412,2342,197,185,162,218,193,179
GENE-13390,NO,40.3,18.7,21.7,1.151,0.2,4.9e-01,1.0e+00,0.9412,2343,22,18,16,25,15,25
GENE-17161,NO,894,465.3,428.7,0.921,-0.1,4.9e-01,1.0e+00,0.9412,2344,487,392,517,381,442,463
GENE-12248,NO,61.3,28,33.3,1.182,0.2,4.9e-01,1.0e+00,0.9412,2345,27,16,41,35,32,33
GENE-12524,NO,838,433.7,404.3,0.932,-0.1,4.9e-01,1.0e+00,0.9412,2346,450,382,469,399,410,404
GENE-16914,NO,425,223.7,201.3,0.902,-0.1,4.9e-01,1.0e+00,0.9412,2346,238,250,183,160,239,205
GENE-16529,NO,71.7,33,38.7,1.162,0.2,4.9e-01,1.0e+00,0.9412,2347,37,42,20,33,42,41
GENE-11371,NO,50,27,23,0.846,-0.2,4.9e-01,1.0e+00,0.9412,2348,26,29,26,35,19,15
GENE-6980,NO,22,10,12,1.189,0.2,4.9e-01,1.0e+00,0.9412,2349,7,13,10,10,10,16
GENE-6075,NO,395.7,218,177.7,0.814,-0.3,4.9e-01,1.0e+00,0.9412,2350,305,118,231,110,252,171
GENE-15340,NO,733.7,379,354.7,0.936,-0.1,4.9e-01,1.0e+00,0.9412,2351,406,353,378,370,354,340
GENE-16604,NO,150.7,70.3,80.3,1.139,0.2,5.0e-01,1.0e+00,0.9412,2352,62,77,72,101,53,87
GENE-18057,NO,369,192.7,176.3,0.914,-0.1,5.0e-01,1.0e+00,0.9412,2353,219,175,184,147,181,201
GENE-11863,NO,41.7,19.3,22.3,1.146,0.2,5.0e-01,1.0e+00,0.9412,2354,15,20,23,18,21,28
GENE-13697,NO,1124.7,532.7,592,1.111,0.2,5.0e-01,1.0e+00,0.9412,2355,615,486,497,486,761,529
GENE-942,NO,36.7,19.3,17.3,0.891,-0.2,5.0e-01,1.0e+00,0.9412,2356,23,16,19,18,16,18
GENE-2011,NO,310.7,128,182.7,1.427,0.5,5.0e-01,1.0e+00,0.9412,2357,33,279,72,260,137,151
GENE-10315,NO,26.7,15,11.7,0.774,-0.4,5.0e-01,1.0e+00,0.9412,2358,21,14,10,8,21,6
GENE-6043,NO,1941.3,1023.7,917.7,0.897,-0.2,5.0e-01,1.0e+00,0.9412,2359,754,1341,976,913,963,877
GENE-4566,NO,23.3,10.7,12.7,1.177,0.2,5.0e-01,1.0e+00,0.9412,2360,7,10,15,12,14,12
GENE-15127,NO,365.3,192.7,172.7,0.896,-0.2,5.0e-01,1.0e+00,0.9412,2361,139,234,205,190,154,174
GENE-14667,NO,1004.7,481.3,523.3,1.087,0.1,5.0e-01,1.0e+00,0.9412,2362,514,506,424,489,616,465
GENE-19635,NO,580.3,305.7,274.7,0.9,-0.2,5.0e-01,1.0e+00,0.9412,2362,337,237,343,302,219,303
GENE-21,NO,27.7,14.7,13,0.881,-0.2,5.0e-01,1.0e+00,0.9412,2363,14,14,16,10,15,14
GENE-1709,NO,327.3,203.3,124,0.611,-0.7,5.0e-01,1.0e+00,0.9412,2364,9,333,268,179,137,56
GENE-2137,NO,97,50.7,46.3,0.908,-0.1,5.0e-01,1.0e+00,0.9412,2365,49,53,50,41,42,56
GENE-13585,NO,355,189.7,165.3,0.872,-0.2,5.0e-01,1.0e+00,0.9412,2366,173,135,261,199,136,161
GENE-15666,NO,139.7,73.3,66.3,0.898,-0.2,5.0e-01,1.0e+00,0.9412,2367,82,68,70,52,83,64
GENE-18197,NO,775,400,375,0.938,-0.1,5.0e-01,1.0e+00,0.9412,2368,415,383,402,397,372,356
GENE-19557,NO,294.3,141.7,152.7,1.075,0.1,5.0e-01,1.0e+00,0.9412,2369,135,140,150,154,140,164
GENE-16020,NO,158,74.7,83.3,1.112,0.2,5.0e-01,1.0e+00,0.9412,2370,81,88,55,76,85,89
GENE-17102,NO,462.3,174.7,287.7,1.646,0.7,5.0e-01,1.0e+00,0.9412,2371,320,18,186,630,108,125
GENE-4015,NO,1391,716.7,674.3,0.941,-0.1,5.0e-01,1.0e+00,0.9412,2372,737,691,722,690,650,683
GENE-15188,NO,33,15.3,17.7,1.143,0.2,5.0e-01,1.0e+00,0.9412,2373,15,18,13,14,17,22
GENE-1979,NO,9969.3,5201.7,4767.7,0.917,-0.1,5.0e-01,1.0e+00,0.9412,2374,4320,5071,6214,4214,5161,4928
GENE-11976,NO,501.3,264.3,237,0.897,-0.2,5.0e-01,1.0e+00,0.9412,2375,306,255,232,176,245,290
GENE-11392,NO,120,55.7,64.3,1.147,0.2,5.0e-01,1.0e+00,0.9412,2376,47,55,65,53,50,90
GENE-6533,NO,750.7,356.3,394.3,1.107,0.1,5.0e-01,1.0e+00,0.9412,2377,403,384,282,389,324,470
GENE-1137,NO,190.7,101,89.7,0.888,-0.2,5.0e-01,1.0e+00,0.9412,2378,103,101,99,60,109,100
GENE-7411,NO,71.7,30,41.7,1.378,0.5,5.0e-01,1.0e+00,0.9412,2378,57,15,18,16,67,42
GENE-19610,NO,2371.3,1240,1131.3,0.912,-0.1,5.0e-01,1.0e+00,0.9412,2379,1141,1213,1366,1011,971,1412
GENE-2245,NO,19,10.7,8.3,0.778,-0.4,5.0e-01,1.0e+00,0.9412,2380,11,7,14,15,5,5
GENE-17721,NO,111,50.3,60.7,1.196,0.3,5.0e-01,1.0e+00,0.9412,2381,61,52,38,43,95,44
GENE-9375,NO,136.7,73.3,63.3,0.858,-0.2,5.0e-01,1.0e+00,0.9412,2382,79,58,83,44,93,53
GENE-17855,NO,405,248.7,156.3,0.628,-0.7,5.0e-01,1.0e+00,0.9412,2383,310,423,13,114,235,120
GENE-9668,NO,964,459.3,504.7,1.099,0.1,5.0e-01,1.0e+00,0.9412,2384,480,500,398,608,501,405
GENE-19835,NO,30,13.7,16.3,1.185,0.2,5.0e-01,1.0e+00,0.9412,2385,12,12,17,17,10,22
GENE-3449,NO,66.7,35.3,31.3,0.881,-0.2,5.0e-01,1.0e+00,0.9412,2386,33,40,33,23,30,41
GENE-16276,YES,11719.3,5393.3,6326,1.173,0.2,5.0e-01,1.0e+00,0.9412,2387,7799,3481,4900,5106,5616,8256
GENE-4823,NO,394.7,188.3,206.3,1.095,0.1,5.0e-01,1.0e+00,0.9412,2388,160,184,221,216,176,227
GENE-19362,NO,589.3,310,279.3,0.902,-0.1,5.0e-01,1.0e+00,0.9412,2389,298,279,353,312,206,320
GENE-4648,NO,112.3,52.3,60,1.138,0.2,5.0e-01,1.0e+00,0.9412,2390,71,36,50,56,65,59
GENE-6289,NO,28.7,13.3,15.3,1.14,0.2,5.0e-01,1.0e+00,0.9412,2391,12,16,12,17,17,12
GENE-3251,NO,144.3,76.7,67.7,0.877,-0.2,5.0e-01,1.0e+00,0.9412,2392,79,56,95,83,51,69
GENE-284,NO,381.3,152.3,229,1.499,0.6,5.0e-01,1.0e+00,0.9412,2393,51,307,99,471,78,138
GENE-10222,NO,190.3,77.7,112.7,1.445,0.5,5.0e-01,1.0e+00,0.9416,2395,127,47,59,25,81,232
GENE-3699,NO,178.3,78.7,99.7,1.262,0.3,5.0e-01,1.0e+00,0.9416,2395,64,130,42,112,55,132
GENE-9721,NO,25,11,14,1.261,0.3,5.0e-01,1.0e+00,0.9416,2396,16,8,9,13,7,22
GENE-13334,NO,321,175.3,145.7,0.83,-0.3,5.0e-01,1.0e+00,0.9416,2397,135,190,201,164,203,70
GENE-11498,NO,300.7,157.3,143.3,0.908,-0.1,5.0e-01,1.0e+00,0.9416,2398,165,178,129,118,159,153
GENE-5616,NO,71.7,46,25.7,0.556,-0.8,5.0e-01,1.0e+00,0.9418,2400,112,2,24,52,22,3
GENE-1561,NO,152,81.7,70.3,0.856,-0.2,5.0e-01,1.0e+00,0.9418,2401,92,62,91,51,56,104
GENE-5580,NO,57.3,31,26.3,0.844,-0.2,5.0e-01,1.0e+00,0.9418,2402,40,26,27,30,15,34
GENE-561,NO,1380.3,716.7,663.7,0.926,-0.1,5.0e-01,1.0e+00,0.9418,2403,819,600,731,689,676,626
GENE-5340,NO,22.3,12.3,10,0.807,-0.3,5.0e-01,1.0e+00,0.9418,2404,11,10,16,16,5,9
GENE-2654,NO,379.7,182,197.7,1.084,0.1,5.1e-01,1.0e+00,0.9418,2405,175,169,202,186,228,179
GENE-9605,NO,3209.7,1710,1499.7,0.877,-0.2,5.1e-01,1.0e+00,0.9423,2407,1607,1323,2200,1862,1054,1583
GENE-9554,NO,40.3,21.7,18.7,0.857,-0.2,5.1e-01,1.0e+00,0.9423,2407,22,14,29,22,15,19
GENE-4585,NO,170,81.7,88.3,1.078,0.1,5.1e-01,1.0e+00,0.9425,2409,80,84,81,80,96,89
GENE-15386,NO,769,369.3,399.7,1.082,0.1,5.1e-01,1.0e+00,0.9425,2410,338,438,332,426,371,402
GENE-11826,NO,29,13,16,1.22,0.3,5.1e-01,1.0e+00,0.9425,2411,19,7,13,22,13,13
GENE-791,NO,888.3,417.7,470.7,1.127,0.2,5.1e-01,1.0e+00,0.9425,2412,354,496,403,594,488,330
GENE-14906,NO,1400,729.7,670.3,0.919,-0.1,5.1e-01,1.0e+00,0.9425,2413,646,712,831,555,745,711
GENE-10475,NO,2989.3,1642.7,1346.7,0.82,-0.3,5.1e-01,1.0e+00,0.9425,2414,1080,1333,2515,1635,747,1658
GENE-711,NO,30.7,16.7,14,0.835,-0.3,5.1e-01,1.0e+00,0.9425,2415,15,23,12,9,14,19
GENE-16524,NO,169,90,79,0.878,-0.2,5.1e-01,1.0e+00,0.9425,2416,67,106,97,79,100,58
GENE-18488,YES,276.3,144.7,131.7,0.908,-0.1,5.1e-01,1.0e+00,0.9441,2421,152,167,115,112,147,136
GENE-11575,NO,72,38,34,0.889,-0.2,5.1e-01,1.0e+00,0.9451,2424,38,30,46,28,41,33
GENE-5161,NO,29.7,16,13.7,0.849,-0.2,5.1e-01,1.0e+00,0.9451,2425,21,15,12,17,9,15
GENE-13080,NO,19.7,10.7,9,0.839,-0.3,5.1e-01,1.0e+00,0.9451,2426,9,12,11,10,12,5
GENE-4896,NO,327,153.3,173.7,1.131,0.2,5.1e-01,1.0e+00,0.9451,2427,171,161,128,117,216,188
GENE-2631,NO,346,181.7,164.3,0.901,-0.1,5.1e-01,1.0e+00,0.9451,2428,172,172,201,149,213,131
GENE-219,NO,524,249,275,1.105,0.1,5.1e-01,1.0e+00,0.9451,2429,194,240,313,310,253,262
GENE-15659,NO,130,59.7,70.3,1.171,0.2,5.1e-01,1.0e+00,0.9452,2430,68,37,74,73,49,89
GENE-13029,NO,740.7,352.3,388.3,1.102,0.1,5.1e-01,1.0e+00,0.9452,2431,313,296,448,376,349,440
GENE-10968,NO,1022.7,488,534.7,1.096,0.1,5.1e-01,1.0e+00,0.9452,2432,498,526,440,514,429,661
GENE-8850,NO,326.7,169.7,157,0.922,-0.1,5.1e-01,1.0e+00,0.9452,2433,167,187,155,157,135,179
GENE-6762,NO,363.3,188.3,175,0.928,-0.1,5.1e-01,1.0e+00,0.9452,2434,210,193,162,179,180,166
GENE-9184,NO,846.7,444.7,402,0.904,-0.1,5.1e-01,1.0e+00,0.9452,2435,566,371,397,338,448,420
GENE-805,NO,41.3,19.3,22,1.129,0.2,5.1e-01,1.0e+00,0.9452,2436,18,19,21,17,21,28
GENE-1226,NO,168.7,87.7,81,0.921,-0.1,5.1e-01,1.0e+00,0.9452,2437,97,88,78,80,73,90
GENE-18313,YES,1216,581,635,1.093,0.1,5.1e-01,1.0e+00,0.9452,2438,720,498,525,701,631,573
GENE-6751,NO,32,17,15,0.877,-0.2,5.1e-01,1.0e+00,0.9452,2439,19,14,18,16,18,11
GENE-4028,NO,169.7,81.3,88.3,1.083,0.1,5.1e-01,1.0e+00,0.9452,2440,81,81,82,102,83,80
GENE-3999,NO,694.7,361.7,333,0.921,-0.1,5.1e-01,1.0e+00,0.9452,2441,353,403,329,390,283,326
GENE-2531,NO,4386.3,2278.3,2108,0.925,-0.1,5.1e-01,1.0e+00,0.9452,2442,2640,2159,2036,2105,2345,1874
GENE-10036,NO,72,33.3,38.7,1.152,0.2,5.1e-01,1.0e+00,0.9454,2443,36,24,40,41,27,48
GENE-3632,NO,350,168,182,1.083,0.1,5.1e-01,1.0e+00,0.9454,2444,151,189,164,196,157,193
GENE-5122,NO,33281,17343.3,15937.7,0.919,-0.1,5.1e-01,1.0e+00,0.9454,2445,17143,18091,16796,12419,16539,18855
GENE-8255,NO,1465.3,757.7,707.7,0.934,-0.1,5.1e-01,1.0e+00,0.9457,2446,849,696,728,732,737,654
GENE-18992,NO,2690,1440.3,1249.7,0.868,-0.2,5.1e-01,1.0e+00,0.9457,2447,1213,1562,1546,1469,1560,720
GENE-6281,NO,861.3,462,399.3,0.864,-0.2,5.1e-01,1.0e+00,0.9457,2448,398,416,572,311,296,591
GENE-6606,NO,1610.7,764.3,846.3,1.107,0.1,5.1e-01,1.0e+00,0.9457,2449,851,640,802,706,744,1089
GENE-9942,NO,488.3,258,230.3,0.893,-0.2,5.1e-01,1.0e+00,0.9457,2450,237,342,195,217,207,267
GENE-14883,NO,862.7,445,417.7,0.938,-0.1,5.2e-01,1.0e+00,0.9457,2451,460,432,443,453,383,417
GENE-8972,NO,909.7,427.3,482.3,1.129,0.2,5.2e-01,1.0e+00,0.9457,2452,520,489,273,489,528,430
GENE-12851,NO,248.3,129,119.3,0.923,-0.1,5.2e-01,1.0e+00,0.9457,2453,122,142,123,132,124,102
GENE-10707,NO,615.7,296.3,319.3,1.079,0.1,5.2e-01,1.0e+00,0.9457,2454,328,243,318,328,313,317
GENE-14441,NO,217.7,112.7,105,0.928,-0.1,5.2e-01,1.0e+00,0.9457,2455,119,116,103,116,97,102
GENE-10443,NO,803,429,374,0.873,-0.2,5.2e-01,1.0e+00,0.9457,2456,373,523,391,479,411,232
GENE-4694,NO,245.3,127.3,118,0.925,-0.1,5.2e-01,1.0e+00,0.9457,2457,114,134,134,112,108,134
GENE-19099,NO,78.7,33.3,45.3,1.349,0.4,5.2e-01,1.0e+00,0.9462,2459,6,37,57,35,52,49
GENE-18714,NO,64.3,30.7,33.7,1.09,0.1,5.2e-01,1.0e+00,0.9462,2460,33,30,29,33,32,36
GENE-1261,NO,228.3,110.3,118,1.068,0.1,5.2e-01,1.0e+00,0.9462,2461,108,114,109,116,119,119
GENE-6882,NO,115.3,54.3,61,1.115,0.2,5.2e-01,1.0e+00,0.9472,2465,68,46,49,72,51,60
GENE-14031,NO,126.3,59.3,67,1.121,0.2,5.2e-01,1.0e+00,0.9472,2466,48,65,65,49,75,77
GENE-4678,NO,501,233.3,267.7,1.146,0.2,5.2e-01,1.0e+00,0.9472,2467,268,223,209,348,295,160
GENE-14603,NO,17,9.3,7.7,0.818,-0.3,5.2e-01,1.0e+00,0.9472,2468,11,12,5,10,8,5
GENE-3861,NO,159.7,73,86.7,1.188,0.2,5.2e-01,1.0e+00,0.9472,2468,82,88,49,48,112,100
GENE-17315,NO,672.3,313.7,358.7,1.143,0.2,5.2e-01,1.0e+00,0.9472,2469,434,260,247,261,390,425
GENE-10006,NO,133,63.7,69.3,1.081,0.1,5.2e-01,1.0e+00,0.9474,2471,63,68,60,73,73,62
GENE-16171,NO,240.3,125.7,114.7,0.911,-0.1,5.2e-01,1.0e+00,0.9474,2472,132,116,129,96,104,144
GENE-907,NO,19,8.7,10.3,1.181,0.2,5.2e-01,1.0e+00,0.9474,2473,8,7,11,14,10,7
GENE-7637,NO,24.3,13,11.3,0.867,-0.2,5.2e-01,1.0e+00,0.9474,2474,13,9,17,12,12,10
GENE-10422,NO,111.7,53.3,58.3,1.086,0.1,5.2e-01,1.0e+00,0.9474,2475,59,46,55,59,61,55
GENE-5689,NO,5191.3,2677.3,2514,0.939,-0.1,5.2e-01,1.0e+00,0.9474,2476,2806,2530,2696,2521,2734,2287
GENE-5145,NO,79.7,37,42.7,1.145,0.2,5.2e-01,1.0e+00,0.9474,2476,43,29,39,57,41,30
GENE-11306,NO,325,153,172,1.125,0.2,5.2e-01,1.0e+00,0.9474,2477,147,190,122,181,126,209
GENE-14471,NO,41.7,22,19.7,0.888,-0.2,5.2e-01,1.0e+00,0.9474,2478,24,25,17,16,21,22
GENE-16501,NO,1291,672.7,618.3,0.919,-0.1,5.2e-01,1.0e+00,0.9474,2479,620,676,722,742,618,495
GENE-1863,NO,48,25.3,22.7,0.889,-0.2,5.2e-01,1.0e+00,0.9474,2480,20,33,23,23,21,24
GENE-15896,NO,360.3,174,186.3,1.071,0.1,5.2e-01,1.0e+00,0.9474,2481,160,177,185,187,172,200
GENE-19650,NO,93.3,48.3,45,0.924,-0.1,5.2e-01,1.0e+00,0.9474,2482,45,49,51,48,43,44
GENE-14945,NO,35,16.3,18.7,1.134,0.2,5.2e-01,1.0e+00,0.9474,2483,19,12,18,22,16,18
GENE-17074,NO,224,120.3,103.7,0.858,-0.2,5.2e-01,1.0e+00,0.9474,2484,91,97,173,112,71,128
GENE-15653,NO,5195.7,2686.7,2509,0.934,-0.1,5.2e-01,1.0e+00,0.9474,2485,2570,2551,2939,2283,2844,2400
GENE-9100,NO,75.3,34.3,41,1.186,0.2,5.2e-01,1.0e+00,0.9474,2486,40,21,42,47,25,51
GENE-7592,NO,129.3,61.3,68,1.101,0.1,5.2e-01,1.0e+00,0.9474,2487,60,58,66,77,52,75
GENE-9906,NO,1061,512.7,548.3,1.07,0.1,5.2e-01,1.0e+00,0.9474,2488,541,533,464,572,583,490
GENE-668,NO,1209.7,579.3,630.3,1.088,0.1,5.2e-01,1.0e+00,0.9474,2489,610,642,486,530,728,633
GENE-19669,NO,68,32.3,35.7,1.095,0.1,5.2e-01,1.0e+00,0.9474,2490,32,34,31,41,31,35
GENE-5424,NO,234,123.7,110.3,0.888,-0.2,5.2e-01,1.0e+00,0.9474,2491,88,124,159,133,99,99
GENE-8547,NO,92,43,49,1.131,0.2,5.2e-01,1.0e+00,0.9474,2492,36,34,59,57,46,44
GENE-3117,NO,60.3,28.3,32,1.121,0.2,5.2e-01,1.0e+00,0.9474,2493,33,20,32,30,31,35
GENE-12688,NO,53.3,28,25.3,0.899,-0.2,5.2e-01,1.0e+00,0.9474,2494,29,23,32,24,30,22
GENE-18711,NO,68.7,36.3,32.3,0.884,-0.2,5.2e-01,1.0e+00,0.9474,2494,26,38,45,35,26,36
GENE-11756,NO,1458,699,759,1.086,0.1,5.3e-01,1.0e+00,0.9474,2495,629,605,863,706,774,797
GENE-6790,NO,1691,808.3,882.7,1.093,0.1,5.3e-01,1.0e+00,0.9474,2496,780,678,967,951,731,966
GENE-1022,NO,38.7,18,20.7,1.139,0.2,5.3e-01,1.0e+00,0.9474,2497,23,12,19,21,22,19
GENE-8567,NO,753,351.7,401.3,1.142,0.2,5.3e-01,1.0e+00,0.9474,2498,387,258,410,474,261,469
GENE-12915,NO,54,29.3,24.7,0.836,-0.3,5.3e-01,1.0e+00,0.9474,2499,42,25,21,29,31,14
GENE-15988,NO,42,19.3,22.7,1.163,0.2,5.3e-01,1.0e+00,0.9474,2500,18,25,15,29,15,24
GENE-6800,NO,31,14,17,1.203,0.3,5.3e-01,1.0e+00,0.9474,2501,14,20,8,20,20,11
GENE-295,NO,42.7,24.7,18,0.726,-0.5,5.3e-01,1.0e+00,0.9474,2502,7,19,48,26,8,20
GENE-311,NO,962.3,459,503.3,1.097,0.1,5.3e-01,1.0e+00,0.9474,2503,366,434,577,478,469,563
GENE-1849,NO,225.3,119.3,106,0.885,-0.2,5.3e-01,1.0e+00,0.9474,2504,84,121,153,128,85,105
GENE-856,NO,1118,590.3,527.7,0.894,-0.2,5.3e-01,1.0e+00,0.9474,2505,718,551,502,663,539,381
GENE-17552,NO,362.7,169,193.7,1.144,0.2,5.3e-01,1.0e+00,0.9474,2506,143,126,238,167,247,167
GENE-7760,NO,43.3,20,23.3,1.157,0.2,5.3e-01,1.0e+00,0.9474,2507,25,17,18,16,32,22
GENE-16236,NO,203.3,97.3,106,1.085,0.1,5.3e-01,1.0e+00,0.9474,2508,98,102,92,122,88,108
GENE-3920,NO,111.7,53,58.7,1.099,0.1,5.3e-01,1.0e+00,0.9474,2509,50,50,59,47,69,60
GENE-19759,NO,306.3,161.7,144.7,0.894,-0.2,5.3e-01,1.0e+00,0.9474,2510,211,160,114,161,140,133
GENE-18551,NO,20.3,9.3,11,1.168,0.2,5.3e-01,1.0e+00,0.9474,2511,8,9,11,14,7,12
GENE-2092,NO,160.7,75,85.7,1.138,0.2,5.3e-01,1.0e+00,0.9474,2512,70,105,50,86,76,95
GENE-17681,NO,1618.7,841,777.7,0.925,-0.1,5.3e-01,1.0e+00,0.9474,2512,764,865,894,630,825,878
GENE-9486,NO,3535.3,1835.3,1700,0.926,-0.1,5.3e-01,1.0e+00,0.9474,2513,1797,2014,1695,1816,1892,1392
GENE-17492,NO,59.3,27.3,32,1.161,0.2,5.3e-01,1.0e+00,0.9474,2514,38,25,19,31,41,24
GENE-2391,NO,1057.7,547.7,510,0.931,-0.1,5.3e-01,1.0e+00,0.9474,2515,532,551,560,456,472,602
GENE-8283,NO,184,86.7,97.3,1.123,0.2,5.3e-01,1.0e+00,0.9474,2516,74,101,85,67,107,118
GENE-9551,NO,520.7,272,248.7,0.916,-0.1,5.3e-01,1.0e+00,0.9474,2517,311,224,281,208,287,251
GENE-719,NO,388,185.7,202.3,1.089,0.1,5.3e-01,1.0e+00,0.9474,2518,164,163,230,211,185,211
GENE-7381,NO,40.7,19,21.7,1.131,0.2,5.3e-01,1.0e+00,0.9474,2519,15,17,25,19,25,21
GENE-8499,NO,47,25.7,21.3,0.826,-0.3,5.3e-01,1.0e+00,0.9474,2520,40,13,24,22,26,16
GENE-14810,NO,459.3,238.3,221,0.927,-0.1,5.3e-01,1.0e+00,0.9474,2521,263,216,236,229,246,188
GENE-12839,NO,416.7,199.7,217,1.086,0.1,5.3e-01,1.0e+00,0.9474,2522,167,210,222,247,189,215
GENE-15284,NO,590.7,280.3,310.3,1.107,0.1,5.3e-01,1.0e+00,0.9474,2523,226,272,343,272,273,386
GENE-4552,NO,531,247.3,283.7,1.146,0.2,5.3e-01,1.0e+00,0.9474,2524,275,220,247,370,317,164
GENE-11980,NO,1463.3,701,762.3,1.088,0.1,5.3e-01,1.0e+00,0.9474,2525,825,735,543,821,747,719
GENE-6531,NO,74.7,40,34.7,0.861,-0.2,5.3e-01,1.0e+00,0.9474,2526,33,30,57,30,28,46
GENE-19537,NO,31,14.3,16.7,1.154,0.2,5.3e-01,1.0e+00,0.9474,2527,18,9,16,17,14,19
GENE-7326,NO,1492.7,709.7,783,1.103,0.1,5.3e-01,1.0e+00,0.9474,2528,517,905,707,743,822,784
GENE-18112,NO,199,94.3,104.7,1.105,0.1,5.3e-01,1.0e+00,0.9474,2529,117,92,74,94,98,122
GENE-16923,NO,18.7,8,10.7,1.32,0.4,5.3e-01,1.0e+00,0.9474,2530,13,3,8,14,4,14
GENE-17727,NO,88,46,42,0.907,-0.1,5.3e-01,1.0e+00,0.9474,2530,35,50,53,41,45,40
GENE-16834,NO,65,37.7,27.3,0.721,-0.5,5.3e-01,1.0e+00,0.9474,2531,50,47,16,48,5,29
GENE-876,NO,233,124,109,0.878,-0.2,5.3e-01,1.0e+00,0.9474,2532,108,129,135,158,91,78
GENE-3395,NO,1002,539,463,0.859,-0.2,5.3e-01,1.0e+00,0.9474,2533,370,402,845,542,438,409
GENE-19181,NO,124.3,64.7,59.7,0.916,-0.1,5.3e-01,1.0e+00,0.9474,2534,69,52,73,63,61,55
GENE-11396,NO,2426.3,1179.7,1246.7,1.057,0.1,5.3e-01,1.0e+00,0.9474,2535,1177,1174,1188,1193,1285,1262
GENE-4734,NO,655.7,340.3,315.3,0.928,-0.1,5.3e-01,1.0e+00,0.9474,2536,336,371,314,370,299,277
GENE-9947,NO,94.7,42,52.7,1.244,0.3,5.3e-01,1.0e+00,0.9474,2537,16,55,55,41,42,75
GENE-3455,NO,269.7,144.7,125,0.86,-0.2,5.3e-01,1.0e+00,0.9474,2538,117,173,144,154,68,153
GENE-12487,NO,126.3,59.7,66.7,1.109,0.1,5.3e-01,1.0e+00,0.9474,2539,76,56,47,76,64,60
GENE-11459,NO,73.7,33.7,40,1.179,0.2,5.3e-01,1.0e+00,0.9474,2540,41,32,28,60,23,37
GENE-9899,NO,2488.3,1329.3,1159,0.872,-0.2,5.3e-01,1.0e+00,0.9474,2541,1282,920,1786,826,1163,1488
GENE-470,NO,66.3,31.3,35,1.108,0.1,5.3e-01,1.0e+00,0.9474,2542,26,39,29,34,32,39
GENE-6654,NO,199,92,107,1.158,0.2,5.3e-01,1.0e+00,0.9474,2543,83,120,73,111,66,144
GENE-17369,NO,2226.7,1184.3,1042.3,0.88,-0.2,5.3e-01,1.0e+00,0.9474,2544,1377,710,1466,938,987,1202
GENE-16422,NO,463.3,208.7,254.7,1.22,0.3,5.3e-01,1.0e+00,0.9474,2545,126,365,135,185,312,267
GENE-11178,NO,363.7,176,187.7,1.064,0.1,5.3e-01,1.0e+00,0.9474,2546,173,166,189,193,186,184
GENE-1844,NO,97,50.3,46.7,0.921,-0.1,5.3e-01,1.0e+00,0.9474,2547,57,45,49,51,46,43
GENE-13879,NO,12062.3,5775.7,6286.7,1.089,0.1,5.4e-01,1.0e+00,0.9474,2548,5968,5166,6193,7629,4966,6265
GENE-2895,NO,176.7,106,70.7,0.663,-0.6,5.4e-01,1.0e+00,0.9474,2548,114,5,199,86,59,67
GENE-1379,NO,206.3,99.3,107,1.073,0.1,5.4e-01,1.0e+00,0.9474,2549,103,99,96,109,95,117
GENE-768,NO,243.3,127.3,116,0.909,-0.1,5.4e-01,1.0e+00,0.9474,2550,106,131,145,106,143,99
GENE-9579,NO,37.7,20.3,17.3,0.848,-0.2,5.4e-01,1.0e+00,0.9474,2551,25,11,25,19,13,20
GENE-2992,NO,64,33.7,30.3,0.895,-0.2,5.4e-01,1.0e+00,0.9475,2552,34,29,38,38,30,23
GENE-3112,NO,60.3,38.3,22,0.572,-0.8,5.4e-01,1.0e+00,0.9475,2553,53,3,59,55,11,0
GENE-11472,NO,492,255,237,0.93,-0.1,5.4e-01,1.0e+00,0.9475,2554,287,264,214,226,233,252
GENE-17613,NO,1038.7,563.7,475,0.842,-0.2,5.4e-01,1.0e+00,0.9475,2555,766,349,576,471,671,283
GENE-10545,NO,2774,1458,1316,0.903,-0.1,5.4e-01,1.0e+00,0.9475,2556,1531,1251,1592,1178,1023,1747
GENE-4946,NO,45.7,21.3,24.3,1.132,0.2,5.4e-01,1.0e+00,0.9475,2557,28,21,15,22,24,27
GENE-12593,NO,161,74,87,1.176,0.2,5.4e-01,1.0e+00,0.9476,2558,77,103,42,83,114,64
GENE-126,NO,249.3,130.3,119,0.911,-0.1,5.4e-01,1.0e+00,0.9476,2559,132,137,122,88,139,130
GENE-9345,NO,35.3,18.7,16.7,0.887,-0.2,5.4e-01,1.0e+00,0.9476,2560,18,23,15,14,16,20
GENE-16752,NO,85,39.7,45.3,1.134,0.2,5.4e-01,1.0e+00,0.9476,2561,29,44,46,42,35,59
GENE-11565,NO,4230.3,2233.7,1996.7,0.894,-0.2,5.4e-01,1.0e+00,0.9476,2562,2082,1733,2886,2475,1548,1967
GENE-19664,NO,2412.7,1166,1246.7,1.07,0.1,5.4e-01,1.0e+00,0.9478,2564,1237,1125,1136,1190,1110,1440
GENE-4183,NO,71.3,33.7,37.7,1.111,0.2,5.4e-01,1.0e+00,0.948,2565,38,32,31,42,28,43
GENE-3275,NO,41.7,22,19.7,0.888,-0.2,5.4e-01,1.0e+00,0.948,2566,22,18,26,20,24,15
GENE-17761,NO,333,154.7,178.3,1.154,0.2,5.4e-01,1.0e+00,0.9483,2568,161,111,192,188,111,236
GENE-12683,NO,470.7,248,222.7,0.899,-0.2,5.4e-01,1.0e+00,0.9486,2570,246,320,178,197,259,212
GENE-2879,NO,19,8.3,10.7,1.266,0.3,5.4e-01,1.0e+00,0.9486,2571,8,14,3,14,11,7
GENE-5936,NO,1882.7,983.3,899.3,0.914,-0.1,5.4e-01,1.0e+00,0.9486,2572,829,905,1216,1007,944,747
GENE-2892,NO,33.7,15.3,18.3,1.185,0.2,5.4e-01,1.0e+00,0.9486,2573,14,15,17,17,28,10
GENE-14488,NO,210.3,99,111.3,1.117,0.2,5.4e-01,1.0e+00,0.9486,2574,131,73,93,108,97,129
GENE-2302,NO,5449,2595,2854,1.1,0.1,5.4e-01,1.0e+00,0.9486,2575,2200,3345,2240,2621,2585,3356
GENE-5202,NO,294.7,141.3,153.3,1.082,0.1,5.4e-01,1.0e+00,0.9486,2576,136,168,120,142,160,158
GENE-18892,NO,62.3,34,28.3,0.828,-0.3,5.4e-01,1.0e+00,0.9495,2579,32,40,30,30,12,43
GENE-4926,NO,25.7,11.7,14,1.189,0.3,5.4e-01,1.0e+00,0.9495,2580,8,10,17,18,15,9
GENE-13284,NO,25.7,12,13.7,1.129,0.2,5.4e-01,1.0e+00,0.9495,2581,11,12,13,10,16,15
GENE-18468,NO,633,331,302,0.914,-0.1,5.4e-01,1.0e+00,0.9495,2582,367,295,331,373,300,233
GENE-2902,NO,38.3,20.7,17.7,0.85,-0.2,5.4e-01,1.0e+00,0.9495,2583,27,15,20,26,12,15
GENE-11430,NO,150,80,70,0.869,-0.2,5.4e-01,1.0e+00,0.9499,2585,82,60,98,98,66,46
GENE-17583,NO,166.3,89,77.3,0.866,-0.2,5.4e-01,1.0e+00,0.95,2586,72,96,99,106,82,44
GENE-1071,NO,11791.3,5594.7,6196.7,1.108,0.1,5.4e-01,1.0e+00,0.9504,2588,3953,5733,7098,6789,5349,6452
GENE-1774,NO,1567.3,808.3,759,0.939,-0.1,5.4e-01,1.0e+00,0.9504,2589,853,792,780,788,823,666
GENE-16556,NO,52.7,28,24.7,0.875,-0.2,5.4e-01,1.0e+00,0.9504,2590,31,20,33,29,28,17
GENE-17910,NO,383.7,198.7,185,0.931,-0.1,5.4e-01,1.0e+00,0.9504,2591,195,197,204,162,176,217
GENE-14564,NO,120,57,63,1.097,0.1,5.4e-01,1.0e+00,0.951,2593,56,65,50,71,68,50
GENE-44,NO,18,8,10,1.237,0.3,5.5e-01,1.0e+00,0.951,2594,3,13,8,11,11,8
GENE-15839,NO,310.3,147.7,162.7,1.101,0.1,5.5e-01,1.0e+00,0.951,2595,181,145,117,194,151,143
GENE-7339,NO,1633.7,841.3,792.3,0.942,-0.1,5.5e-01,1.0e+00,0.951,2596,772,853,899,833,736,808
GENE-19677,NO,65.7,35.7,30,0.836,-0.3,5.5e-01,1.0e+00,0.951,2597,56,32,19,32,22,36
GENE-12261,NO,199.7,103,96.7,0.935,-0.1,5.5e-01,1.0e+00,0.951,2598,100,98,111,101,89,100
GENE-2049,NO,49,25.7,23.3,0.903,-0.1,5.5e-01,1.0e+00,0.951,2599,23,22,32,21,25,24
GENE-13636,NO,41,18.7,22.3,1.187,0.2,5.5e-01,1.0e+00,0.951,2600,9,19,28,25,21,21
GENE-14428,NO,101.3,48.3,53,1.088,0.1,5.5e-01,1.0e+00,0.951,2601,39,52,54,55,51,53
GENE-12244,NO,2782.3,1345,1437.3,1.069,0.1,5.5e-01,1.0e+00,0.951,2602,1423,1166,1446,1415,1319,1578
GENE-6776,NO,5935.7,2885.7,3050,1.057,0.1,5.5e-01,1.0e+00,0.951,2603,2903,2816,2938,2817,3235,3098
GENE-7892,NO,44.7,21,23.7,1.118,0.2,5.5e-01,1.0e+00,0.951,2604,27,19,17,21,23,27
GENE-15393,NO,65.7,31.3,34.3,1.088,0.1,5.5e-01,1.0e+00,0.9511,2605,29,30,35,33,32,38
GENE-8849,NO,312.7,164.3,148.3,0.902,-0.1,5.5e-01,1.0e+00,0.9511,2606,200,164,129,186,123,136
GENE-11969,NO,75,39.7,35.3,0.885,-0.2,5.5e-01,1.0e+00,0.9511,2607,34,31,54,30,33,43
GENE-12294,NO,6211,3021,3190,1.056,0.1,5.5e-01,1.0e+00,0.9511,2608,3096,2951,3016,3062,3081,3427
GENE-2730,NO,142.7,68.3,74.3,1.08,0.1,5.5e-01,1.0e+00,0.9511,2609,79,60,66,72,71,80
GENE-13638,NO,353.3,184.3,169,0.916,-0.1,5.5e-01,1.0e+00,0.9511,2610,227,141,185,177,169,161
GENE-16931,NO,432,225.7,206.3,0.916,-0.1,5.5e-01,1.0e+00,0.9511,2611,255,245,177,177,203,239
GENE-3678,NO,72,32.7,39.3,1.195,0.3,5.5e-01,1.0e+00,0.9511,2612,26,26,46,20,45,53
GENE-19739,NO,33.7,18,15.7,0.865,-0.2,5.5e-01,1.0e+00,0.9511,2613,16,15,23,14,22,11
GENE-5957,NO,98,46.3,51.7,1.107,0.1,5.5e-01,1.0e+00,0.9511,2614,43,39,57,55,59,41
GENE-12747,NO,7847,3810,4037,1.06,0.1,5.5e-01,1.0e+00,0.9514,2615,3719,3866,3845,4060,3632,4419
GENE-8476,NO,3212.7,1537.7,1675,1.089,0.1,5.5e-01,1.0e+00,0.9514,2616,1813,1149,1651,1696,1532,1797
GENE-17376,NO,2116.3,1016.7,1099.7,1.081,0.1,5.5e-01,1.0e+00,0.9514,2617,1173,1036,841,990,1038,1271
GENE-1056,NO,1736.7,839,897.7,1.07,0.1,5.5e-01,1.0e+00,0.9514,2618,899,799,819,1002,754,937
GENE-7595,NO,1166.7,563.3,603.3,1.071,0.1,5.5e-01,1.0e+00,0.9514,2619,592,538,560,559,713,538
GENE-7393,NO,983.7,518.7,465,0.896,-0.2,5.5e-01,1.0e+00,0.9514,2620,690,492,374,383,538,474
GENE-14145,NO,47.7,25,22.7,0.9,-0.2,5.5e-01,1.0e+00,0.9514,2621,21,29,25,18,26,24
GENE-18472,NO,784,412.3,371.7,0.902,-0.1,5.5e-01,1.0e+00,0.9514,2622,299,451,487,459,342,314
GENE-1677,NO,246.7,127.7,119,0.931,-0.1,5.5e-01,1.0e+00,0.9514,2623,145,119,119,108,118,131
GENE-2792,NO,21.3,10,11.3,1.124,0.2,5.5e-01,1.0e+00,0.9514,2624,12,9,9,11,10,13
GENE-2536,NO,4302.3,2082.7,2219.7,1.066,0.1,5.5e-01,1.0e+00,0.9514,2625,2256,1958,2034,2012,2523,2124
GENE-6335,NO,2620,1376,1244,0.904,-0.1,5.5e-01,1.0e+00,0.9514,2626,1460,1447,1221,1048,1696,988
GENE-11309,NO,3261.3,1586.3,1675,1.056,0.1,5.5e-01,1.0e+00,0.9514,2627,1500,1569,1690,1735,1644,1646
GENE-2827,NO,34472.7,16779.7,17693,1.054,0.1,5.5e-01,1.0e+00,0.9514,2628,17293,15999,17047,18000,16619,18460
GENE-18464,NO,111,58.3,52.7,0.896,-0.2,5.5e-01,1.0e+00,0.9514,2629,45,73,57,65,50,43
GENE-19338,NO,26,14,12,0.852,-0.2,5.5e-01,1.0e+00,0.9514,2630,19,12,11,17,8,11
GENE-4235,NO,116,53.7,62.3,1.152,0.2,5.5e-01,1.0e+00,0.9514,2631,57,61,43,59,90,38
GENE-18670,NO,857.7,441.3,416.3,0.943,-0.1,5.5e-01,1.0e+00,0.9514,2632,426,453,445,375,450,424
GENE-1878,NO,122.7,58.3,64.3,1.095,0.1,5.5e-01,1.0e+00,0.9514,2633,59,48,68,53,68,72
GENE-9034,NO,200,105.3,94.7,0.895,-0.2,5.5e-01,1.0e+00,0.9514,2634,100,116,100,64,94,126
GENE-11337,NO,106.3,56,50.3,0.892,-0.2,5.6e-01,1.0e+00,0.9514,2634,66,65,37,54,54,43
GENE-19690,NO,471.7,225.3,246.3,1.093,0.1,5.6e-01,1.0e+00,0.9514,2635,279,211,186,291,216,232
GENE-10060,NO,2312,1248,1064,0.853,-0.2,5.6e-01,1.0e+00,0.9514,2636,1342,1172,1230,1770,638,784
GENE-543,NO,19.7,10.7,9,0.839,-0.3,5.6e-01,1.0e+00,0.9514,2637,13,14,5,8,10,9
GENE-9323,NO,175.7,82,93.7,1.134,0.2,5.6e-01,1.0e+00,0.9514,2638,102,52,92,78,85,118
GENE-10759,NO,1036.7,495.7,541,1.092,0.1,5.6e-01,1.0e+00,0.9514,2639,409,646,432,498,556,569
GENE-1102,NO,35.7,16.3,19.3,1.174,0.2,5.6e-01,1.0e+00,0.9514,2640,10,13,26,22,18,18
GENE-17037,NO,143,75.7,67.3,0.887,-0.2,5.6e-01,1.0e+00,0.9514,2641,70,96,61,52,59,91
GENE-18429,NO,124.3,65.3,59,0.901,-0.2,5.6e-01,1.0e+00,0.9514,2642,48,76,72,72,53,52
GENE-14578,NO,110.7,58.3,52.3,0.891,-0.2,5.6e-01,1.0e+00,0.9514,2643,69,63,43,40,67,50
GENE-12069,NO,1929,914.7,1014.3,1.109,0.1,5.6e-01,1.0e+00,0.9514,2644,627,1008,1109,960,890,1193
GENE-2614,NO,37.3,20,17.3,0.861,-0.2,5.6e-01,1.0e+00,0.9514,2645,24,20,16,14,12,26
GENE-11318,NO,79.3,37.7,41.7,1.098,0.1,5.6e-01,1.0e+00,0.9514,2646,38,37,38,35,37,53
GENE-6514,NO,1134,552.3,581.7,1.053,0.1,5.6e-01,1.0e+00,0.9514,2647,546,566,545,588,592,565
GENE-12826,NO,323,167,156,0.933,-0.1,5.6e-01,1.0e+00,0.9514,2648,163,181,157,180,143,145
GENE-12211,NO,73,40.7,32.3,0.789,-0.3,5.6e-01,1.0e+00,0.9514,2649,37,52,33,10,59,28
GENE-19121,NO,359.3,185.3,174,0.937,-0.1,5.6e-01,1.0e+00,0.9514,2650,170,183,203,177,187,158
GENE-9052,NO,107.7,56.3,51.3,0.905,-0.1,5.6e-01,1.0e+00,0.9514,2651,53,58,58,62,56,36
GENE-6861,NO,68,36,32,0.883,-0.2,5.6e-01,1.0e+00,0.9514,2652,34,25,49,26,33,37
GENE-5058,NO,70,37.3,32.7,0.869,-0.2,5.6e-01,1.0e+00,0.9514,2653,31,34,47,48,27,23
GENE-17284,NO,127.3,58.3,69,1.174,0.2,5.6e-01,1.0e+00,0.9514,2653,50,35,90,48,82,77
GENE-15611,NO,500.7,263,237.7,0.905,-0.1,5.6e-01,1.0e+00,0.9514,2654,284,183,322,266,243,204
GENE-19112,NO,153,71.7,81.3,1.136,0.2,5.6e-01,1.0e+00,0.9514,2655,58,78,79,83,110,51
GENE-8645,NO,25.7,11.3,14.3,1.253,0.3,5.6e-01,1.0e+00,0.9514,2656,18,11,5,16,20,7
GENE-1011,NO,46.7,24.3,22.3,0.912,-0.1,5.6e-01,1.0e+00,0.9514,2657,22,23,28,24,24,19
GENE-8503,NO,154,74.3,79.7,1.064,0.1,5.6e-01,1.0e+00,0.9514,2658,76,73,74,80,81,78
GENE-11862,NO,59.3,27.7,31.7,1.136,0.2,5.6e-01,1.0e+00,0.9514,2659,30,22,31,20,38,37
GENE-1129,NO,2219.7,1143.3,1076.3,0.942,-0.1,5.6e-01,1.0e+00,0.9514,2660,1052,1116,1262,1178,1018,1033
GENE-7468,NO,801.7,383.3,418.3,1.091,0.1,5.6e-01,1.0e+00,0.9514,2661,332,358,460,335,422,498
GENE-14828,NO,189.7,99.3,90.3,0.906,-0.1,5.6e-01,1.0e+00,0.9514,2662,78,126,94,73,96,102
GENE-7301,YES,406.7,211.7,195,0.922,-0.1,5.6e-01,1.0e+00,0.9514,2663,224,238,173,162,220,203
GENE-11488,NO,29,15.7,13.3,0.846,-0.2,5.6e-01,1.0e+00,0.9514,2664,9,18,20,11,19,10
GENE-11912,NO,1826.7,943.3,883.3,0.937,-0.1,5.6e-01,1.0e+00,0.9514,2665,1023,815,992,826,838,986
GENE-18729,NO,4819.7,2322.3,2497.3,1.075,0.1,5.6e-01,1.0e+00,0.9514,2666,1941,2322,2704,2691,2183,2618
GENE-17435,NO,105.7,47.3,58.3,1.222,0.3,5.6e-01,1.0e+00,0.9514,2667,23,59,60,88,56,31
GENE-8854,NO,447,235,212,0.904,-0.1,5.6e-01,1.0e+00,0.9514,2668,308,224,173,205,185,246
GENE-13682,NO,417,200.7,216.3,1.077,0.1,5.6e-01,1.0e+00,0.9514,2669,205,198,199,227,172,250
GENE-7663,NO,435.3,211.3,224,1.06,0.1,5.6e-01,1.0e+00,0.9514,2670,202,229,203,228,233,211
GENE-367,NO,248.7,120,128.7,1.07,0.1,5.6e-01,1.0e+00,0.9514,2671,108,121,131,115,138,133
GENE-9743,NO,972,462.3,509.7,1.102,0.1,5.6e-01,1.0e+00,0.9514,2672,441,359,587,560,567,402
GENE-15369,NO,997,473.3,523.7,1.106,0.1,5.6e-01,1.0e+00,0.9514,2673,596,325,499,586,462,523
GENE-18836,NO,357.7,173,184.7,1.067,0.1,5.6e-01,1.0e+00,0.9514,2673,173,192,154,174,179,201
GENE-434,NO,31.7,14.3,17.3,1.2,0.3,5.6e-01,1.0e+00,0.9514,2674,17,6,20,14,16,22
GENE-8588,NO,1519,729.7,789.3,1.081,0.1,5.6e-01,1.0e+00,0.9514,2675,629,822,738,725,683,960
GENE-18595,NO,2050.7,992,1058.7,1.067,0.1,5.6e-01,1.0e+00,0.9514,2676,1168,902,906,1007,1069,1100
GENE-5149,NO,2724,1315.7,1408.3,1.07,0.1,5.7e-01,1.0e+00,0.9514,2677,1315,1429,1203,1555,1166,1504
GENE-18852,NO,70.3,33.7,36.7,1.081,0.1,5.7e-01,1.0e+00,0.9514,2678,30,33,38,38,35,37
GENE-8236,NO,156,81.3,74.7,0.912,-0.1,5.7e-01,1.0e+00,0.9514,2679,104,61,79,76,74,74
GENE-15408,NO,330.7,159.7,171,1.069,0.1,5.7e-01,1.0e+00,0.9514,2680,157,173,149,193,169,151
GENE-12547,NO,582.7,306.7,276,0.9,-0.2,5.7e-01,1.0e+00,0.9514,2681,350,220,350,229,247,352
GENE-19982,NO,1102.7,572.7,530,0.925,-0.1,5.7e-01,1.0e+00,0.9514,2682,558,545,615,459,668,463
GENE-14948,NO,279.3,134,145.3,1.082,0.1,5.7e-01,1.0e+00,0.9514,2683,111,134,157,126,157,153
GENE-14439,NO,1623.3,770,853.3,1.109,0.1,5.7e-01,1.0e+00,0.9514,2684,911,522,877,890,970,700
GENE-17687,NO,556.3,288.3,268,0.932,-0.1,5.7e-01,1.0e+00,0.9514,2685,275,264,326,235,311,258
GENE-4810,NO,100,52.7,47.3,0.892,-0.2,5.7e-01,1.0e+00,0.9514,2686,35,56,67,45,42,55
GENE-9775,NO,377,233.3,143.7,0.615,-0.7,5.7e-01,1.0e+00,0.9514,2687,94,11,595,272,81,78
GENE-12550,NO,318.3,168,150.3,0.892,-0.2,5.7e-01,1.0e+00,0.9514,2688,157,140,207,126,208,117
GENE-13816,NO,1482,766.3,715.7,0.934,-0.1,5.7e-01,1.0e+00,0.9514,2689,747,723,829,590,805,752
GENE-6420,NO,3559.7,1730.3,1829.3,1.057,0.1,5.7e-01,1.0e+00,0.9514,2690,1629,1682,1880,1922,1864,1702
GENE-11355,NO,143,64.7,78.3,1.203,0.3,5.7e-01,1.0e+00,0.9514,2691,49,54,91,74,38,123
GENE-6284,NO,30.3,16.7,13.7,0.816,-0.3,5.7e-01,1.0e+00,0.9514,2692,13,17,20,25,7,9
GENE-2111,NO,582.7,258.7,324,1.255,0.3,5.7e-01,1.0e+00,0.9514,2692,275,104,397,529,254,189
GENE-18681,NO,293,138,155,1.122,0.2,5.7e-01,1.0e+00,0.9514,2693,100,153,161,191,166,108
GENE-12898,NO,628,300,328,1.095,0.1,5.7e-01,1.0e+00,0.9514,2694,343,280,277,281,429,274
GENE-4719,NO,211,101,110,1.088,0.1,5.7e-01,1.0e+00,0.9514,2695,110,112,81,125,113,92
GENE-13679,NO,22.7,12.3,10.3,0.833,-0.3,5.7e-01,1.0e+00,0.9514,2696,11,19,7,10,7,14
GENE-2299,NO,87.7,51,36.7,0.719,-0.5,5.7e-01,1.0e+00,0.9514,2697,64,84,5,32,23,55
GENE-2988,NO,762,363.3,398.7,1.097,0.1,5.7e-01,1.0e+00,0.9514,2698,445,283,362,315,417,464
GENE-2727,NO,81.3,43.3,38,0.871,-0.2,5.7e-01,1.0e+00,0.9514,2699,43,29,58,52,29,33
GENE-2161,NO,17.3,7.7,9.7,1.247,0.3,5.7e-01,1.0e+00,0.9514,2700,4,15,4,9,10,10
GENE-5572,NO,239.3,116,123.3,1.061,0.1,5.7e-01,1.0e+00,0.9514,2701,118,120,110,118,131,121
GENE-17908,NO,101,46.3,54.7,1.171,0.2,5.7e-01,1.0e+00,0.9514,2702,53,42,44,79,59,26
GENE-12600,NO,457,216.7,240.3,1.11,0.2,5.7e-01,1.0e+00,0.9514,2703,190,269,191,188,321,212
GENE-19081,NO,24.3,13.3,11,0.821,-0.3,5.7e-01,1.0e+00,0.9514,2704,11,6,23,13,10,10
GENE-15294,NO,838.3,436,402.3,0.923,-0.1,5.7e-01,1.0e+00,0.9514,2705,410,549,349,415,422,370
GENE-19055,NO,294.3,152.3,142,0.93,-0.1,5.7e-01,1.0e+00,0.9514,2706,129,157,171,127,138,161
GENE-11858,NO,591.3,305.7,285.7,0.935,-0.1,5.7e-01,1.0e+00,0.9514,2707,341,309,267,255,281,321
GENE-13801,NO,67.7,31.3,36.3,1.15,0.2,5.7e-01,1.0e+00,0.9514,2708,32,42,20,28,32,49
GENE-18039,NO,967,470.3,496.7,1.056,0.1,5.7e-01,1.0e+00,0.9514,2709,430,497,484,481,521,488
GENE-19093,NO,216,103.3,112.7,1.089,0.1,5.7e-01,1.0e+00,0.9514,2710,122,79,109,125,100,113
GENE-3161,NO,31.3,14,17.3,1.227,0.3,5.7e-01,1.0e+00,0.9514,2711,20,18,4,18,16,18
GENE-3034,NO,199.7,94.3,105.3,1.116,0.2,5.7e-01,1.0e+00,0.9514,2712,130,83,70,87,110,119
GENE-13371,NO,296.7,152.7,144,0.941,-0.1,5.7e-01,1.0e+00,0.9514,2712,157,162,139,132,149,151
GENE-923,NO,46,22,24,1.083,0.1,5.7e-01,1.0e+00,0.9514,2713,23,22,21,26,23,23
GENE-1229,NO,865,421.3,443.7,1.053,0.1,5.7e-01,1.0e+00,0.9514,2714,420,428,416,453,458,420
GENE-15252,NO,519.3,249.7,269.7,1.08,0.1,5.7e-01,1.0e+00,0.9514,2715,293,265,191,282,252,275
GENE-10113,NO,359.3,188.3,171,0.906,-0.1,5.7e-01,1.0e+00,0.9514,2716,230,209,126,168,185,160
GENE-17372,NO,403.7,191.7,212,1.105,0.1,5.7e-01,1.0e+00,0.9514,2717,207,200,168,159,289,188
GENE-9616,NO,254.7,132.3,122.3,0.923,-0.1,5.7e-01,1.0e+00,0.9514,2718,106,145,146,142,118,107
GENE-15910,NO,3496.7,1696.3,1800.3,1.061,0.1,5.7e-01,1.0e+00,0.9514,2719,1587,1876,1626,1848,1950,1603
GENE-12287,NO,855.3,415.7,439.7,1.057,0.1,5.8e-01,1.0e+00,0.9514,2720,443,428,376,463,438,418
GENE-17348,NO,2566.3,1338.3,1228,0.918,-0.1,5.8e-01,1.0e+00,0.9514,2721,1160,1263,1592,1404,929,1351
GENE-6198,NO,314.3,149.7,164.7,1.099,0.1,5.8e-01,1.0e+00,0.9514,2722,118,166,165,209,133,152
GENE-14900,NO,1283,608.3,674.7,1.108,0.1,5.8e-01,1.0e+00,0.9514,2723,641,704,480,684,477,863
GENE-2710,NO,721.3,445,276.3,0.621,-0.7,5.8e-01,1.0e+00,0.9514,2724,85,134,1116,575,37,217
GENE-8886,NO,50,26,24,0.917,-0.1,5.8e-01,1.0e+00,0.9514,2725,26,30,22,26,22,24
GENE-7593,NO,584,283.7,300.3,1.06,0.1,5.8e-01,1.0e+00,0.9514,2726,271,277,303,329,273,299
GENE-9413,NO,49,22.7,26.3,1.152,0.2,5.8e-01,1.0e+00,0.9514,2727,15,33,20,33,26,20
GENE-3728,NO,299,154.3,144.7,0.935,-0.1,5.8e-01,1.0e+00,0.9514,2728,170,130,163,137,154,143
GENE-3308,NO,549.7,287.7,262,0.912,-0.1,5.8e-01,1.0e+00,0.9514,2729,245,283,335,319,276,191
GENE-1521,NO,38,20.7,17.3,0.834,-0.3,5.8e-01,1.0e+00,0.9514,2730,12,25,25,28,11,13
GENE-8051,NO,1791,943.7,847.3,0.897,-0.2,5.8e-01,1.0e+00,0.9514,2731,616,1028,1187,948,680,914
GENE-12194,NO,743,355.7,387.3,1.089,0.1,5.8e-01,1.0e+00,0.9514,2732,407,351,309,471,396,295
GENE-9698,NO,58,25.7,32.3,1.249,0.3,5.8e-01,1.0e+00,0.9514,2732,36,32,9,38,43,16
GENE-24,NO,102,53.3,48.7,0.907,-0.1,5.8e-01,1.0e+00,0.9514,2733,60,40,60,50,39,57
GENE-16807,NO,740,359.7,380.3,1.057,0.1,5.8e-01,1.0e+00,0.9514,2734,373,346,360,404,397,340
GENE-8122,NO,179,92.7,86.3,0.928,-0.1,5.8e-01,1.0e+00,0.9514,2735,100,94,84,101,73,85
GENE-7439,NO,52,24.7,27.3,1.099,0.1,5.8e-01,1.0e+00,0.9514,2736,23,27,24,22,34,26
GENE-16226,NO,3765.7,1939.3,1826.3,0.942,-0.1,5.8e-01,1.0e+00,0.9514,2737,1811,1746,2261,1854,1826,1799
GENE-5337,NO,3242,1666,1576,0.946,-0.1,5.8e-01,1.0e+00,0.9514,2738,1763,1769,1466,1598,1520,1610
GENE-18340,NO,1323.3,617.7,705.7,1.142,0.2,5.8e-01,1.0e+00,0.9514,2739,743,610,500,489,1085,543
GENE-6254,NO,365,175.3,189.7,1.082,0.1,5.8e-01,1.0e+00,0.9514,2740,151,189,186,184,156,229
GENE-4645,NO,497,256,241,0.943,-0.1,5.8e-01,1.0e+00,0.9514,2741,242,247,279,224,237,262
GENE-6841,NO,1178,605.7,572.3,0.945,-0.1,5.8e-01,1.0e+00,0.9514,2742,581,589,647,596,614,507
GENE-5660,NO,63.7,30.3,33.3,1.09,0.1,5.8e-01,1.0e+00,0.9514,2743,30,34,27,39,28,33
GENE-4569,NO,475.3,245,230.3,0.941,-0.1,5.8e-01,1.0e+00,0.9514,2744,272,230,233,243,208,240
GENE-19029,NO,30.7,16.3,14.3,0.872,-0.2,5.8e-01,1.0e+00,0.9514,2745,20,15,14,9,20,14
GENE-12835,NO,112.3,53.7,58.7,1.085,0.1,5.8e-01,1.0e+00,0.9514,2746,52,55,54,73,50,53
GENE-15378,NO,310.7,159.3,151.3,0.947,-0.1,5.8e-01,1.0e+00,0.9514,2747,155,157,166,154,152,148
GENE-18525,NO,306.7,163,143.7,0.881,-0.2,5.8e-01,1.0e+00,0.9514,2748,109,142,238,177,119,135
GENE-5934,NO,105,50,55,1.092,0.1,5.8e-01,1.0e+00,0.9514,2749,42,51,57,64,57,44
GENE-14293,NO,2862,1560,1302,0.835,-0.3,5.8e-01,1.0e+00,0.9514,2750,858,2698,1124,970,1761,1175
GENE-577,NO,58.3,30.3,28,0.917,-0.1,5.8e-01,1.0e+00,0.9514,2751,27,30,34,27,24,33
GENE-11188,NO,893.7,473,420.7,0.89,-0.2,5.8e-01,1.0e+00,0.9514,2751,464,556,399,573,426,263
GENE-19107,NO,1866.3,903,963.3,1.067,0.1,5.8e-01,1.0e+00,0.9514,2752,792,1011,906,857,938,1095
GENE-17029,NO,574.3,297.3,277,0.933,-0.1,5.8e-01,1.0e+00,0.9514,2753,339,253,300,266,249,316
GENE-12223,NO,85.7,44.3,41.3,0.926,-0.1,5.8e-01,1.0e+00,0.9514,2754,48,37,48,44,38,42
GENE-3795,NO,27,14.7,12.3,0.836,-0.3,5.8e-01,1.0e+00,0.9514,2755,17,21,6,14,13,10
GENE-15846,NO,1523,734,789,1.075,0.1,5.8e-01,1.0e+00,0.9514,2756,591,740,871,712,812,843
GENE-3712,NO,32.3,15,17.3,1.146,0.2,5.8e-01,1.0e+00,0.9514,2757,14,10,21,21,18,13
GENE-3813,NO,18.7,10,8.7,0.862,-0.2,5.8e-01,1.0e+00,0.9514,2758,11,11,8,5,12,9
GENE-16620,NO,204,98.3,105.7,1.074,0.1,5.8e-01,1.0e+00,0.9514,2759,101,103,91,91,124,102
GENE-7383,NO,6622,3162.7,3459.3,1.094,0.1,5.8e-01,1.0e+00,0.9514,2760,3270,3304,2914,2541,4564,3273
GENE-19915,NO,2364.7,1227.3,1137.3,0.926,-0.1,5.8e-01,1.0e+00,0.9514,2761,1497,1056,1129,971,1141,1300
GENE-9212,NO,529,250.3,278.7,1.111,0.2,5.8e-01,1.0e+00,0.9514,2762,203,343,205,325,294,217
GENE-5889,NO,25.3,11.7,13.7,1.161,0.2,5.8e-01,1.0e+00,0.9514,2763,15,10,10,8,14,19
GENE-18139,NO,1555.7,755,800.7,1.06,0.1,5.8e-01,1.0e+00,0.9514,2764,788,799,678,715,828,859
GENE-11814,NO,3017.7,1568.7,1449,0.924,-0.1,5.8e-01,1.0e+00,0.9514,2765,1263,1832,1611,1718,1222,1407
GENE-525,NO,357,184,173,0.941,-0.1,5.8e-01,1.0e+00,0.9514,2766,205,170,177,174,159,186
GENE-14065,NO,1991.3,1049.7,941.7,0.897,-0.2,5.8e-01,1.0e+00,0.9514,2767,1099,908,1142,1364,725,736
GENE-4607,NO,340.7,162,178.7,1.101,0.1,5.8e-01,1.0e+00,0.9514,2768,146,213,127,210,149,177
GENE-10932,NO,90,42,48,1.134,0.2,5.8e-01,1.0e+00,0.9514,2769,33,39,54,58,56,30
GENE-16470,NO,1263.3,608.3,655,1.077,0.1,5.8e-01,1.0e+00,0.9514,2770,715,622,488,572,731,662
GENE-16362,NO,1587.7,768.7,819,1.065,0.1,5.8e-01,1.0e+00,0.9514,2771,667,742,897,884,768,805
GENE-3415,NO,494.7,264,230.7,0.873,-0.2,5.8e-01,1.0e+00,0.9514,2771,393,161,238,233,283,176
GENE-19353,NO,20,9,11,1.211,0.3,5.8e-01,1.0e+00,0.9514,2772,5,6,16,12,8,13
GENE-9758,NO,1391,675,716,1.061,0.1,5.8e-01,1.0e+00,0.9514,2773,744,640,641,806,683,659
GENE-10263,YES,713.3,369.7,343.7,0.93,-0.1,5.8e-01,1.0e+00,0.9514,2774,393,312,404,285,395,351
GENE-17220,NO,1077,521.3,555.7,1.066,0.1,5.8e-01,1.0e+00,0.9514,2775,518,445,601,597,508,562
GENE-17356,NO,35.7,16.3,19.3,1.174,0.2,5.8e-01,1.0e+00,0.9514,2776,13,12,24,11,23,24
GENE-5244,NO,373.3,174.7,198.7,1.137,0.2,5.9e-01,1.0e+00,0.9514,2777,245,136,143,161,279,156
GENE-19335,NO,139.3,73,66.3,0.906,-0.1,5.9e-01,1.0e+00,0.9514,2778,57,80,82,54,86,59
GENE-12154,NO,870.3,402,468.3,1.165,0.2,5.9e-01,1.0e+00,0.9514,2779,511,239,456,270,492,643
GENE-18492,NO,4560.3,2358,2202.3,0.934,-0.1,5.9e-01,1.0e+00,0.9514,2780,2581,2578,1915,2283,1937,2387
GENE-8757,NO,44.3,23.3,21,0.894,-0.2,5.9e-01,1.0e+00,0.9514,2781,28,16,26,17,23,23
GENE-17484,NO,113.7,59.3,54.3,0.909,-0.1,5.9e-01,1.0e+00,0.9514,2782,47,52,79,51,60,52
GENE-10835,NO,215.3,113,102.3,0.905,-0.1,5.9e-01,1.0e+00,0.9514,2783,142,110,87,78,123,106
GENE-18053,NO,1992.7,937.3,1055.3,1.126,0.2,5.9e-01,1.0e+00,0.9514,2784,654,873,1285,1402,893,871
GENE-6804,NO,59.3,32.7,26.7,0.811,-0.3,5.9e-01,1.0e+00,0.9514,2785,37,50,11,22,20,38
GENE-16195,NO,28.7,15,13.7,0.905,-0.1,5.9e-01,1.0e+00,0.9514,2786,14,16,15,17,12,12
GENE-9021,NO,3884.3,1989,1895.3,0.953,-0.1,5.9e-01,1.0e+00,0.9514,2787,2013,1969,1985,1848,2005,1833
GENE-13173,NO,90,46.7,43.3,0.922,-0.1,5.9e-01,1.0e+00,0.9514,2788,51,37,52,45,46,39
GENE-11277,NO,28,13,15,1.144,0.2,5.9e-01,1.0e+00,0.9514,2789,9,15,15,10,16,19
GENE-1545,NO,37.7,20,17.7,0.878,-0.2,5.9e-01,1.0e+00,0.9514,2790,26,17,17,25,14,14
GENE-6617,NO,213.7,114.3,99.3,0.866,-0.2,5.9e-01,1.0e+00,0.9514,2790,130,62,151,119,111,68
GENE-5746,NO,144,75.3,68.7,0.909,-0.1,5.9e-01,1.0e+00,0.9514,2791,77,95,54,65,62,79
GENE-9386,NO,939.7,485.7,454,0.934,-0.1,5.9e-01,1.0e+00,0.9514,2792,503,564,390,438,484,440
GENE-19433,NO,3920,1845.3,2074.7,1.124,0.2,5.9e-01,1.0e+00,0.9514,2793,1125,1784,2627,2209,2200,1815
GENE-2090,NO,627.7,305.7,322,1.055,0.1,5.9e-01,1.0e+00,0.9514,2794,301,327,289,342,320,304
GENE-6249,NO,1137.7,661,476.7,0.722,-0.5,5.9e-01,1.0e+00,0.9514,2795,422,1166,395,1088,121,221
GENE-2201,NO,368.7,193,175.7,0.908,-0.1,5.9e-01,1.0e+00,0.9514,2796,212,234,133,149,203,175
GENE-2044,NO,56,25.7,30.3,1.173,0.2,5.9e-01,1.0e+00,0.9514,2797,36,26,15,33,18,40
GENE-8333,NO,20,8.7,11.3,1.294,0.4,5.9e-01,1.0e+00,0.9514,2798,12,6,8,2,18,14
GENE-8272,NO,798.3,386.7,411.7,1.065,0.1,5.9e-01,1.0e+00,0.9514,2799,440,374,346,441,433,361
GENE-6681,NO,108.7,57,51.7,0.9,-0.2,5.9e-01,1.0e+00,0.9514,2800,57,66,48,44,71,40
GENE-11668,NO,885.7,456.3,429.3,0.941,-0.1,5.9e-01,1.0e+00,0.9514,2801,495,450,424,491,381,416
GENE-17028,NO,394,191.7,202.3,1.055,0.1,5.9e-01,1.0e+00,0.9514,2802,200,190,185,189,211,207
GENE-16296,NO,1375.3,667,708.3,1.061,0.1,5.9e-01,1.0e+00,0.9514,2803,694,736,571,672,690,763
GENE-8791,NO,97.3,50.7,46.7,0.914,-0.1,5.9e-01,1.0e+00,0.9514,2804,41,53,58,44,57,39
GENE-11152,NO,26.7,14.7,12,0.814,-0.3,5.9e-01,1.0e+00,0.9514,2805,15,16,13,23,5,8
GENE-15289,NO,53.7,28,25.7,0.911,-0.1,5.9e-01,1.0e+00,0.9514,2806,29,22,33,25,30,22
GENE-11123,NO,33,15.7,17.3,1.097,0.1,5.9e-01,1.0e+00,0.9514,2807,15,18,14,17,15,20
GENE-11899,NO,850.3,436,414.3,0.95,-0.1,5.9e-01,1.0e+00,0.9514,2808,427,408,473,411,412,420
GENE-5209,NO,1376.3,707,669.3,0.947,-0.1,5.9e-01,1.0e+00,0.9514,2809,729,687,705,715,585,708
GENE-7856,NO,987.7,508.3,479.3,0.943,-0.1,5.9e-01,1.0e+00,0.9514,2810,492,553,480,417,529,492
GENE-10643,NO,690,356,334,0.939,-0.1,5.9e-01,1.0e+00,0.9514,2810,365,307,396,353,356,293
GENE-9340,NO,237.7,115,122.7,1.065,0.1,5.9e-01,1.0e+00,0.9514,2811,129,111,105,118,115,135
GENE-13947,NO,33.3,15.3,18,1.164,0.2,5.9e-01,1.0e+00,0.9514,2812,22,16,8,15,23,16
GENE-18769,NO,406.7,213.3,193.3,0.907,-0.1,5.9e-01,1.0e+00,0.9514,2813,232,267,141,169,210,201
GENE-659,NO,4358,2240,2118,0.945,-0.1,5.9e-01,1.0e+00,0.9514,2814,2223,2286,2211,2179,1819,2356
GENE-2303,NO,1924.3,1014.7,909.7,0.897,-0.2,5.9e-01,1.0e+00,0.9514,2815,784,1466,794,822,1088,819
GENE-6065,NO,36.3,19,17.3,0.906,-0.1,5.9e-01,1.0e+00,0.9514,2816,21,18,18,22,14,16
GENE-4406,NO,22,10,12,1.19,0.3,5.9e-01,1.0e+00,0.9514,2817,13,4,13,14,9,13
GENE-3195,NO,133,63,70,1.103,0.1,5.9e-01,1.0e+00,0.9514,2818,71,62,56,75,48,87
GENE-10159,NO,40,21,19,0.899,-0.2,5.9e-01,1.0e+00,0.9514,2819,22,22,19,24,20,13
GENE-2527,NO,57.3,30.3,27,0.885,-0.2,5.9e-01,1.0e+00,0.9514,2820,29,20,42,30,21,30
GENE-1627,NO,460.7,238.7,222,0.929,-0.1,5.9e-01,1.0e+00,0.9514,2821,261,220,235,273,211,182
GENE-2419,NO,26775,13923,12852,0.923,-0.1,5.9e-01,1.0e+00,0.9514,2822,13012,12574,16183,10487,16340,11729
GENE-18984,NO,578.3,316,262.3,0.829,-0.3,5.9e-01,1.0e+00,0.9514,2823,307,198,443,155,462,170
GENE-19190,NO,2457.7,1189.3,1268.3,1.067,0.1,5.9e-01,1.0e+00,0.9514,2824,1292,1262,1014,1296,1091,1418
GENE-15028,NO,97.3,50.7,46.7,0.915,-0.1,5.9e-01,1.0e+00,0.9514,2825,57,38,57,47,40,53
GENE-19115,NO,1165.3,601.3,564,0.938,-0.1,5.9e-01,1.0e+00,0.9514,2826,682,627,495,593,518,581
GENE-9841,NO,92.7,44.3,48.3,1.082,0.1,5.9e-01,1.0e+00,0.9514,2827,37,47,49,53,51,41
GENE-5594,NO,275.3,132.3,143,1.081,0.1,5.9e-01,1.0e+00,0.9514,2828,131,118,148,175,137,117
GENE-2578,NO,514.7,272,242.7,0.892,-0.2,5.9e-01,1.0e+00,0.9514,2829,331,320,165,202,229,297
GENE-13167,NO,77,36.7,40.3,1.092,0.1,5.9e-01,1.0e+00,0.9514,2829,37,30,43,33,47,41
GENE-9752,NO,2670.3,1371,1299.3,0.948,-0.1,5.9e-01,1.0e+00,0.9514,2830,1389,1230,1494,1228,1391,1279
GENE-1612,NO,76.3,36.3,40,1.093,0.1,5.9e-01,1.0e+00,0.9514,2831,44,28,37,35,40,45
GENE-3799,NO,4908.3,2360.7,2547.7,1.079,0.1,5.9e-01,1.0e+00,0.9514,2832,1995,2685,2402,1990,2943,2710
GENE-17015,NO,1131.3,584,547.3,0.937,-0.1,6.0e-01,1.0e+00,0.9523,2836,519,619,614,630,555,457
GENE-11057,NO,69.3,36,33.3,0.92,-0.1,6.0e-01,1.0e+00,0.9523,2837,42,28,38,31,36,33
GENE-2844,NO,164,85,79,0.927,-0.1,6.0e-01,1.0e+00,0.9524,2838,99,78,78,89,65,83
GENE-8286,NO,27.3,12.7,14.7,1.148,0.2,6.0e-01,1.0e+00,0.9524,2839,12,16,10,15,20,9
GENE-5653,NO,328.7,152.7,176,1.152,0.2,6.0e-01,1.0e+00,0.9525,2840,221,104,133,257,135,136
GENE-12273,NO,560,269.3,290.7,1.082,0.1,6.0e-01,1.0e+00,0.9525,2841,241,235,332,266,348,258
GENE-8870,NO,46.7,25,21.7,0.86,-0.2,6.0e-01,1.0e+00,0.9525,2842,17,40,18,21,27,17
GENE-15202,NO,74.3,39,35.3,0.9,-0.2,6.0e-01,1.0e+00,0.9525,2843,47,30,40,35,45,26
GENE-6439,NO,1054.7,543.7,511,0.94,-0.1,6.0e-01,1.0e+00,0.9525,2844,635,482,514,474,564,495
GENE-19611,NO,4542,2328,2214,0.951,-0.1,6.0e-01,1.0e+00,0.953,2847,2396,2098,2490,2278,2175,2189
GENE-18536,NO,1250.3,646.7,603.7,0.934,-0.1,6.0e-01,1.0e+00,0.9532,2848,509,656,775,589,597,625
GENE-10830,NO,1476.7,706.7,770,1.089,0.1,6.0e-01,1.0e+00,0.9532,2849,926,515,679,764,819,727
GENE-9484,NO,491.7,239,252.7,1.058,0.1,6.0e-01,1.0e+00,0.9532,2850,257,238,222,225,273,260
GENE-4771,NO,277.3,133.7,143.7,1.072,0.1,6.0e-01,1.0e+00,0.9532,2851,119,162,120,143,132,156
GENE-10503,NO,27,14.3,12.7,0.878,-0.2,6.0e-01,1.0e+00,0.9532,2852,11,17,15,18,11,9
GENE-5599,NO,84.3,44,40.3,0.911,-0.1,6.0e-01,1.0e+00,0.9532,2853,46,36,50,34,35,52
GENE-4612,NO,626,325.3,300.7,0.925,-0.1,6.0e-01,1.0e+00,0.9532,2854,397,271,308,278,263,361
GENE-14503,NO,301.3,166.7,134.7,0.806,-0.3,6.0e-01,1.0e+00,0.9533,2855,127,311,62,84,169,151
GENE-11708,NO,154.3,73.7,80.7,1.092,0.1,6.0e-01,1.0e+00,0.9533,2856,65,76,80,105,63,74
GENE-3884,NO,531,257.7,273.3,1.061,0.1,6.0e-01,1.0e+00,0.9533,2857,297,246,230,294,260,266
GENE-13190,NO,93.7,48.3,45.3,0.931,-0.1,6.0e-01,1.0e+00,0.9533,2858,45,45,55,48,40,48
GENE-18517,NO,583.3,268.3,315,1.175,0.2,6.0e-01,1.0e+00,0.9535,2859,136,394,275,307,438,200
GENE-16015,NO,107.3,55.7,51.7,0.921,-0.1,6.0e-01,1.0e+00,0.9535,2860,53,61,53,39,56,60
GENE-7471,NO,51.3,28,23.3,0.828,-0.3,6.0e-01,1.0e+00,0.9535,2861,24,13,47,25,31,14
GENE-15881,NO,422.3,172,250.3,1.454,0.5,6.0e-01,1.0e+00,0.9535,2862,86,50,380,116,64,571
GENE-3280,NO,71,37.3,33.7,0.896,-0.2,6.0e-01,1.0e+00,0.9535,2863,29,34,49,40,37,24
GENE-9607,NO,300.3,155.3,145,0.931,-0.1,6.0e-01,1.0e+00,0.9535,2864,140,177,149,157,116,162
GENE-2032,NO,238,101.3,136.7,1.345,0.4,6.0e-01,1.0e+00,0.9535,2865,43,121,140,25,271,114
GENE-15117,NO,1043.7,538,505.7,0.94,-0.1,6.0e-01,1.0e+00,0.9535,2866,557,463,594,446,504,567
GENE-2296,NO,229,118,111,0.939,-0.1,6.0e-01,1.0e+00,0.9535,2867,120,134,100,112,107,114
GENE-5510,NO,346,193.3,152.7,0.789,-0.3,6.0e-01,1.0e+00,0.9535,2868,190,247,143,106,307,45
GENE-14887,NO,895.3,461.7,433.7,0.939,-0.1,6.0e-01,1.0e+00,0.9535,2869,394,534,457,421,481,399
GENE-3320,NO,1597.7,818.7,779,0.952,-0.1,6.0e-01,1.0e+00,0.9535,2870,799,865,792,787,830,720
GENE-9761,NO,259.3,134.3,125,0.928,-0.1,6.0e-01,1.0e+00,0.9535,2871,138,154,111,106,145,124
GENE-7303,NO,117.3,61.3,56,0.911,-0.1,6.0e-01,1.0e+00,0.9535,2872,49,75,60,47,50,71
GENE-8610,NO,524.7,270,254.7,0.944,-0.1,6.0e-01,1.0e+00,0.9535,2873,308,270,232,260,247,257
GENE-9379,NO,61.3,29,32.3,1.107,0.1,6.0e-01,1.0e+00,0.9535,2874,24,23,40,30,31,36
GENE-701,NO,130,67.3,62.7,0.924,-0.1,6.0e-01,1.0e+00,0.9535,2875,82,54,66,70,57,61
GENE-1652,NO,258.7,134.7,124,0.919,-0.1,6.0e-01,1.0e+00,0.9535,2876,178,104,122,123,128,121
GENE-6725,NO,110.3,46,64.3,1.387,0.5,6.0e-01,1.0e+00,0.9535,2877,13,72,53,146,29,18
GENE-225,NO,488,230,258,1.12,0.2,6.1e-01,1.0e+00,0.9535,2878,221,215,254,367,252,155
GENE-14288,NO,104.7,50.3,54.3,1.071,0.1,6.1e-01,1.0e+00,0.9535,2879,45,54,52,49,62,52
GENE-9402,NO,1268.7,614.7,654,1.063,0.1,6.1e-01,1.0e+00,0.9535,2879,695,511,638,698,595,669
GENE-289,NO,741.3,418.7,322.7,0.771,-0.4,6.1e-01,1.0e+00,0.9535,2880,159,630,467,93,300,575
GENE-8469,NO,418,218.3,199.7,0.913,-0.1,6.1e-01,1.0e+00,0.9535,2881,158,262,235,234,207,158
GENE-4497,NO,157.7,81.3,76.3,0.932,-0.1,6.1e-01,1.0e+00,0.9535,2882,88,64,92,76,78,75
GENE-5430,NO,253.3,123,130.3,1.057,0.1,6.1e-01,1.0e+00,0.9535,2883,117,136,116,125,129,137
GENE-12119,NO,66.7,31.7,35,1.097,0.1,6.1e-01,1.0e+00,0.9535,2884,32,25,38,29,43,33
GENE-18796,NO,3411.7,1659.3,1752.3,1.056,0.1,6.1e-01,1.0e+00,0.9535,2885,1663,1515,1800,1902,1810,1545
GENE-12416,NO,119,61.7,57.3,0.923,-0.1,6.1e-01,1.0e+00,0.9535,2886,68,58,59,69,44,59
GENE-9767,NO,849,442,407,0.921,-0.1,6.1e-01,1.0e+00,0.9535,2887,415,559,352,330,466,425
GENE-1520,NO,59.7,31.3,28.3,0.898,-0.2,6.1e-01,1.0e+00,0.9535,2888,42,22,30,24,34,27
GENE-3409,NO,3124,1641.3,1482.7,0.904,-0.1,6.1e-01,1.0e+00,0.9535,2889,1342,1307,2275,1828,1164,1456
GENE-17658,NO,693,319.7,373.3,1.168,0.2,6.1e-01,1.0e+00,0.9535,2890,230,466,263,241,278,601
GENE-6323,NO,1331.7,648,683.7,1.055,0.1,6.1e-01,1.0e+00,0.9535,2891,697,573,674,661,741,649
GENE-15529,NO,794,408.3,385.7,0.944,-0.1,6.1e-01,1.0e+00,0.9535,2892,412,356,457,385,352,420
GENE-4286,NO,99.3,45.3,54,1.183,0.2,6.1e-01,1.0e+00,0.9535,2893,33,34,69,49,29,84
GENE-9976,NO,124.7,64.3,60.3,0.931,-0.1,6.1e-01,1.0e+00,0.9535,2894,70,58,65,49,66,66
GENE-19072,NO,85.7,44.7,41,0.911,-0.1,6.1e-01,1.0e+00,0.9535,2895,52,45,37,40,52,31
GENE-811,NO,3833.3,1863,1970.3,1.058,0.1,6.1e-01,1.0e+00,0.9535,2896,2131,1854,1604,2102,1932,1877
GENE-1246,NO,717.7,369.7,348,0.942,-0.1,6.1e-01,1.0e+00,0.9535,2897,381,391,337,291,380,373
GENE-6577,NO,1436,739.3,696.7,0.943,-0.1,6.1e-01,1.0e+00,0.9535,2898,801,677,740,793,592,705
GENE-9934,NO,119,61.3,57.7,0.934,-0.1,6.1e-01,1.0e+00,0.9535,2899,67,60,57,62,48,63
GENE-14997,NO,23.7,12.7,11,0.863,-0.2,6.1e-01,1.0e+00,0.9535,2899,17,12,9,13,14,6
GENE-12056,NO,23.3,12.7,10.7,0.838,-0.3,6.1e-01,1.0e+00,0.9535,2900,22,10,6,9,13,10
GENE-7888,NO,1731,893,838,0.939,-0.1,6.1e-01,1.0e+00,0.9535,2901,939,758,982,804,739,971
GENE-7453,NO,298.3,144,154.3,1.069,0.1,6.1e-01,1.0e+00,0.9535,2902,164,114,154,154,148,161
GENE-2014,NO,165.7,86.3,79.3,0.916,-0.1,6.1e-01,1.0e+00,0.9535,2903,65,89,105,75,67,96
GENE-216,NO,38.3,18,20.3,1.121,0.2,6.1e-01,1.0e+00,0.9535,2904,18,15,21,28,14,19
GENE-16572,NO,86.3,45,41.3,0.912,-0.1,6.1e-01,1.0e+00,0.9535,2905,42,41,52,36,55,33
GENE-8606,NO,595,308.7,286.3,0.93,-0.1,6.1e-01,1.0e+00,0.9535,2906,250,390,286,297,303,259
GENE-14843,NO,24.7,13,11.7,0.892,-0.2,6.1e-01,1.0e+00,0.9535,2907,12,16,11,14,8,13
GENE-8187,NO,395,202.7,192.3,0.947,-0.1,6.1e-01,1.0e+00,0.9535,2908,219,199,190,192,210,175
GENE-13861,NO,2342.3,1143.7,1198.7,1.048,0.1,6.1e-01,1.0e+00,0.9535,2909,1188,1052,1191,1165,1234,1197
GENE-13468,NO,41.3,19.7,21.7,1.093,0.1,6.1e-01,1.0e+00,0.9535,2910,16,23,20,24,23,18
GENE-7089,NO,1567.3,801.7,765.7,0.955,-0.1,6.1e-01,1.0e+00,0.9535,2911,791,764,850,766,747,784
GENE-15861,NO,809.3,425.7,383.7,0.902,-0.1,6.1e-01,1.0e+00,0.9535,2912,320,366,591,491,335,325
GENE-9462,NO,21579.7,10377,11202.7,1.08,0.1,6.1e-01,1.0e+00,0.9535,2913,10867,10356,9908,7938,13406,12264
GENE-3643,NO,78.3,40.7,37.7,0.919,-0.1,6.1e-01,1.0e+00,0.9535,2914,38,52,32,39,38,36
GENE-2130,NO,30.7,14.3,16.3,1.13,0.2,6.1e-01,1.0e+00,0.9535,2915,11,19,13,11,20,18
GENE-18888,YES,42.3,22,20.3,0.918,-0.1,6.1e-01,1.0e+00,0.9535,2916,21,24,21,24,16,21
GENE-13382,NO,43,22.7,20.3,0.891,-0.2,6.1e-01,1.0e+00,0.9535,2917,25,27,16,19,15,27
GENE-15022,NO,262.7,127,135.7,1.066,0.1,6.1e-01,1.0e+00,0.9535,2918,149,124,108,137,144,126
GENE-5803,NO,697.7,340,357.7,1.052,0.1,6.2e-01,1.0e+00,0.9535,2919,305,352,363,380,345,348
GENE-4673,NO,2673,1265.3,1407.7,1.112,0.2,6.2e-01,1.0e+00,0.9535,2920,1379,904,1513,917,1728,1578
GENE-15789,NO,89,35.7,53.3,1.481,0.6,6.2e-01,1.0e+00,0.9535,2920,29,59,19,0,94,66
GENE-12865,NO,1185.3,610.7,574.7,0.941,-0.1,6.2e-01,1.0e+00,0.9535,2921,571,526,735,556,566,602
GENE-5912,NO,22.3,11.7,10.7,0.908,-0.1,6.2e-01,1.0e+00,0.9535,2922,11,14,10,10,12,10
GENE-1522,NO,491.3,252.3,239,0.949,-0.1,6.2e-01,1.0e+00,0.9535,2923,253,249,255,269,223,225
GENE-12988,NO,465.7,239,226.7,0.95,-0.1,6.2e-01,1.0e+00,0.9535,2924,247,214,256,234,230,216
GENE-12592,NO,38.3,20.7,17.7,0.849,-0.2,6.2e-01,1.0e+00,0.9535,2925,25,22,15,22,24,7
GENE-15011,NO,315.3,179,136.3,0.762,-0.4,6.2e-01,1.0e+00,0.9535,2926,317,37,183,185,172,52
GENE-14989,NO,60.7,31.7,29,0.909,-0.1,6.2e-01,1.0e+00,0.9535,2927,22,35,38,32,30,25
GENE-7679,NO,35.3,16.3,19,1.153,0.2,6.2e-01,1.0e+00,0.9535,2928,11,23,15,15,14,28
GENE-16496,NO,235.3,114.3,121,1.057,0.1,6.2e-01,1.0e+00,0.9535,2929,118,102,123,117,120,126
GENE-7107,NO,1846,837.3,1008.7,1.205,0.3,6.2e-01,1.0e+00,0.9535,2930,881,1348,283,743,1295,988
GENE-16895,NO,60.7,28.7,32,1.107,0.1,6.2e-01,1.0e+00,0.9535,2931,22,35,29,34,39,23
GENE-14648,NO,1403.3,724,679.3,0.938,-0.1,6.2e-01,1.0e+00,0.9535,2932,612,670,890,645,676,717
GENE-8530,NO,134.7,65,69.7,1.064,0.1,6.2e-01,1.0e+00,0.9535,2933,62,58,75,67,71,71
GENE-6796,NO,40.7,18.7,22,1.169,0.2,6.2e-01,1.0e+00,0.9535,2934,29,19,8,21,19,26
GENE-6464,NO,510.7,264.7,246,0.93,-0.1,6.2e-01,1.0e+00,0.9535,2935,298,216,280,264,278,196
GENE-16132,NO,10221.7,4940.7,5281,1.069,0.1,6.2e-01,1.0e+00,0.9535,2936,4007,5206,5609,5090,6132,4621
GENE-19960,NO,1943,1010.3,932.7,0.923,-0.1,6.2e-01,1.0e+00,0.9535,2937,1050,895,1086,693,1212,893
GENE-11970,NO,178.3,93.7,84.7,0.901,-0.2,6.2e-01,1.0e+00,0.9535,2938,92,67,122,75,111,68
GENE-6975,NO,6998,3654.3,3343.7,0.915,-0.1,6.2e-01,1.0e+00,0.9535,2939,3498,3528,3937,4032,3853,2146
GENE-12215,NO,5972.3,2903.3,3069,1.057,0.1,6.2e-01,1.0e+00,0.9535,2940,2784,3416,2510,3087,3034,3086
GENE-9713,NO,30,14,16,1.133,0.2,6.2e-01,1.0e+00,0.9535,2940,13,14,15,17,22,9
GENE-9046,NO,30,15.7,14.3,0.909,-0.1,6.2e-01,1.0e+00,0.9535,2941,12,18,17,12,16,15
GENE-7226,NO,26,14,12,0.853,-0.2,6.2e-01,1.0e+00,0.9535,2942,17,8,17,6,15,15
GENE-8621,NO,3463.7,1646,1817.7,1.104,0.1,6.2e-01,1.0e+00,0.9535,2943,1654,1425,1859,1276,2605,1572
GENE-4470,NO,149,81.3,67.7,0.826,-0.3,6.2e-01,1.0e+00,0.9535,2944,144,63,37,39,95,69
GENE-16890,NO,130.3,67.3,63,0.929,-0.1,6.2e-01,1.0e+00,0.9535,2945,72,60,70,78,55,56
GENE-14281,NO,294,155.7,138.3,0.887,-0.2,6.2e-01,1.0e+00,0.9535,2946,146,104,217,185,99,131
GENE-18246,NO,142,73.7,68.3,0.925,-0.1,6.2e-01,1.0e+00,0.9535,2947,62,77,82,57,85,63
GENE-16708,NO,549,288.3,260.7,0.906,-0.1,6.2e-01,1.0e+00,0.9535,2948,261,286,318,189,378,215
GENE-7771,NO,342.7,177.3,165.3,0.931,-0.1,6.2e-01,1.0e+00,0.9535,2949,222,144,166,177,166,153
GENE-8591,NO,554,287,267,0.932,-0.1,6.2e-01,1.0e+00,0.9535,2950,274,231,356,252,250,299
GENE-8885,NO,641,334.3,306.7,0.919,-0.1,6.2e-01,1.0e+00,0.9535,2951,272,270,461,287,308,325
GENE-4706,NO,849.3,413,436.3,1.056,0.1,6.2e-01,1.0e+00,0.9535,2952,395,380,464,425,398,486
GENE-6680,NO,33750.3,17404,16346.3,0.939,-0.1,6.2e-01,1.0e+00,0.9535,2953,17077,15140,19995,17171,18312,13556
GENE-2249,NO,417,202.3,214.7,1.062,0.1,6.2e-01,1.0e+00,0.9535,2954,236,193,178,195,234,215
GENE-10066,NO,188.3,90.3,98,1.084,0.1,6.2e-01,1.0e+00,0.9535,2955,67,97,107,106,106,82
GENE-19981,NO,75.7,36.3,39.3,1.075,0.1,6.2e-01,1.0e+00,0.9535,2956,39,36,34,46,33,39
GENE-19675,NO,34.3,16,18.3,1.136,0.2,6.2e-01,1.0e+00,0.9535,2957,12,16,20,15,27,13
GENE-12565,NO,4202,1959,2243,1.145,0.2,6.2e-01,1.0e+00,0.9535,2958,3167,1077,1633,2558,1861,2310
GENE-3495,NO,212.3,113.3,99,0.873,-0.2,6.2e-01,1.0e+00,0.9535,2959,159,77,104,58,102,137
GENE-14556,NO,31.3,16.3,15,0.913,-0.1,6.2e-01,1.0e+00,0.9535,2960,16,13,20,14,17,14
GENE-1942,NO,949.3,488.7,460.7,0.942,-0.1,6.2e-01,1.0e+00,0.9535,2961,504,483,479,372,476,534
GENE-5661,NO,544,279,265,0.951,-0.1,6.2e-01,1.0e+00,0.9535,2961,279,297,261,284,269,242
GENE-12842,NO,196.7,95,101.7,1.066,0.1,6.2e-01,1.0e+00,0.9535,2962,89,94,102,121,95,89
GENE-3650,NO,3751.7,1992,1759.7,0.883,-0.2,6.2e-01,1.0e+00,0.9535,2963,1340,2264,2372,998,2088,2193
GENE-599,NO,2582,1341.7,1240.3,0.924,-0.1,6.2e-01,1.0e+00,0.9535,2964,1361,1107,1557,1042,1599,1080
GENE-10076,NO,306.3,113.3,193,1.701,0.8,6.2e-01,1.0e+00,0.9535,2965,322,4,14,468,31,80
GENE-11735,NO,32.3,15.3,17,1.1,0.1,6.2e-01,1.0e+00,0.9535,2966,19,12,15,14,18,19
GENE-13321,NO,71.3,38.3,33,0.855,-0.2,6.2e-01,1.0e+00,0.9535,2967,29,55,31,42,15,42
GENE-19741,NO,28.3,13,15.3,1.169,0.2,6.2e-01,1.0e+00,0.9535,2968,5,17,17,13,17,16
GENE-13624,NO,122,63.3,58.7,0.92,-0.1,6.2e-01,1.0e+00,0.9535,2969,70,62,58,74,43,59
GENE-11208,NO,28,15,13,0.861,-0.2,6.2e-01,1.0e+00,0.9536,2971,11,19,15,17,16,6
GENE-14128,NO,1807,869.7,937.3,1.078,0.1,6.2e-01,1.0e+00,0.9536,2971,690,971,948,866,1160,786
GENE-8012,NO,113,60,53,0.877,-0.2,6.2e-01,1.0e+00,0.9536,2972,89,55,36,71,42,46
GENE-3836,NO,377,193.3,183.7,0.95,-0.1,6.2e-01,1.0e+00,0.9536,2973,206,183,191,194,167,190
GENE-17694,NO,70.7,36.7,34,0.921,-0.1,6.2e-01,1.0e+00,0.9536,2974,38,34,38,44,30,28
GENE-1781,NO,71.3,34,37.3,1.09,0.1,6.3e-01,1.0e+00,0.9547,2979,38,25,39,40,41,31
GENE-756,NO,1266.3,600,666.3,1.11,0.2,6.3e-01,1.0e+00,0.9547,2980,653,624,523,592,432,975
GENE-11189,NO,1535.3,730.3,805,1.102,0.1,6.3e-01,1.0e+00,0.9547,2981,463,986,742,701,889,825
GENE-1387,NO,23,12.7,10.3,0.812,-0.3,6.3e-01,1.0e+00,0.9547,2982,21,11,6,8,5,18
GENE-17184,NO,335.7,162.7,173,1.062,0.1,6.3e-01,1.0e+00,0.9547,2982,141,152,195,169,180,170
GENE-7638,NO,258.3,123.7,134.7,1.086,0.1,6.3e-01,1.0e+00,0.9547,2983,111,146,114,151,157,96
GENE-15614,NO,476.7,247,229.7,0.93,-0.1,6.3e-01,1.0e+00,0.9547,2984,212,215,314,247,196,246
GENE-6828,NO,21.3,11.3,10,0.877,-0.2,6.3e-01,1.0e+00,0.9547,2985,8,15,11,7,9,14
GENE-5394,NO,525.7,270,255.7,0.948,-0.1,6.3e-01,1.0e+00,0.9547,2986,247,295,268,262,228,277
GENE-1497,NO,49.7,26,23.7,0.904,-0.1,6.3e-01,1.0e+00,0.9547,2987,31,23,24,22,32,17
GENE-15507,NO,102.3,49.3,53,1.066,0.1,6.3e-01,1.0e+00,0.9547,2988,46,52,50,59,55,45
GENE-19098,NO,41.3,19.7,21.7,1.093,0.1,6.3e-01,1.0e+00,0.9547,2989,18,24,17,26,21,18
GENE-6716,NO,129.3,61.7,67.7,1.09,0.1,6.3e-01,1.0e+00,0.9547,2990,82,44,59,66,67,70
GENE-1095,NO,8288.3,4013,4275.3,1.065,0.1,6.3e-01,1.0e+00,0.9547,2991,4944,3887,3208,4432,4221,4173
GENE-19838,NO,21.7,12,9.7,0.802,-0.3,6.3e-01,1.0e+00,0.9547,2992,11,10,15,2,8,19
GENE-3312,NO,21.3,9.7,11.7,1.196,0.3,6.3e-01,1.0e+00,0.9547,2993,13,8,8,17,4,14
GENE-1664,NO,48,25.3,22.7,0.889,-0.2,6.3e-01,1.0e+00,0.9547,2994,33,27,16,18,20,30
GENE-9961,NO,376.3,183.7,192.7,1.049,0.1,6.3e-01,1.0e+00,0.9547,2995,171,187,193,188,197,193
GENE-7672,NO,820.7,461.3,359.3,0.778,-0.4,6.3e-01,1.0e+00,0.9547,2996,87,649,648,167,419,492
GENE-14321,NO,19.7,10.3,9.3,0.898,-0.2,6.3e-01,1.0e+00,0.9547,2997,12,11,8,8,12,8
GENE-6642,NO,2536,1306,1230,0.942,-0.1,6.3e-01,1.0e+00,0.9547,2998,1285,1452,1181,1092,1122,1476
GENE-19091,NO,4065,1830.3,2234.7,1.221,0.3,6.3e-01,1.0e+00,0.9547,2999,2611,525,2355,1311,2572,2821
GENE-7063,NO,37.3,17.7,19.7,1.104,0.1,6.3e-01,1.0e+00,0.9547,3000,21,15,17,20,25,14
GENE-1272,NO,448,232.7,215.3,0.927,-0.1,6.3e-01,1.0e+00,0.9547,3001,290,235,173,186,232,228
GENE-98,NO,70.3,36.3,34,0.929,-0.1,6.3e-01,1.0e+00,0.9547,3002,32,44,33,32,38,32
GENE-14707,NO,3525.7,1709,1816.7,1.063,0.1,6.3e-01,1.0e+00,0.9547,3003,1912,1419,1796,2064,1826,1560
GENE-19946,NO,297.7,158.3,139.3,0.88,-0.2,6.3e-01,1.0e+00,0.9547,3003,219,159,97,201,100,117
GENE-363,NO,33.3,17.7,15.7,0.881,-0.2,6.3e-01,1.0e+00,0.9547,3004,16,19,18,17,22,8
GENE-10106,NO,311,159.3,151.7,0.949,-0.1,6.3e-01,1.0e+00,0.9547,3005,141,166,171,150,144,161
GENE-4358,NO,523,272.7,250.3,0.918,-0.1,6.3e-01,1.0e+00,0.9547,3006,233,365,220,212,304,235
GENE-11221,NO,870.3,446,424.3,0.951,-0.1,6.3e-01,1.0e+00,0.9547,3007,487,419,432,471,411,391
GENE-12819,NO,735.3,355,380.3,1.072,0.1,6.3e-01,1.0e+00,0.9547,3008,308,425,332,323,355,463
GENE-13681,NO,13351.3,6895,6456.3,0.936,-0.1,6.3e-01,1.0e+00,0.9547,3009,6544,6100,8041,5831,7919,5619
GENE-12129,NO,907.7,465,442.7,0.952,-0.1,6.3e-01,1.0e+00,0.9547,3010,519,439,437,475,429,424
GENE-1541,NO,295.3,143,152.3,1.062,0.1,6.3e-01,1.0e+00,0.9547,3011,151,143,135,130,145,182
GENE-16539,NO,309,159,150,0.943,-0.1,6.3e-01,1.0e+00,0.9547,3012,142,182,153,161,130,159
GENE-13850,NO,8179,3907.7,4271.3,1.093,0.1,6.3e-01,1.0e+00,0.9547,3013,5146,3544,3033,3203,5179,4432
GENE-5050,NO,130,61,69,1.123,0.2,6.3e-01,1.0e+00,0.9547,3014,41,47,95,79,68,60
GENE-6454,NO,126.3,60.7,65.7,1.074,0.1,6.3e-01,1.0e+00,0.9547,3015,69,58,55,77,68,52
GENE-2868,NO,628.3,321.3,307,0.957,-0.1,6.3e-01,1.0e+00,0.9547,3016,331,332,301,312,310,299
GENE-5226,NO,9000.7,4390,4610.7,1.05,0.1,6.3e-01,1.0e+00,0.9547,3017,4064,4404,4702,4065,4757,5010
GENE-18045,NO,33.3,15.7,17.7,1.118,0.2,6.4e-01,1.0e+00,0.9547,3018,13,19,15,22,20,11
GENE-8144,NO,316,152.3,163.7,1.071,0.1,6.4e-01,1.0e+00,0.9547,3019,124,191,142,150,174,167
GENE-15746,NO,301,145.7,155.3,1.063,0.1,6.4e-01,1.0e+00,0.9547,3020,134,148,155,139,187,140
GENE-8858,NO,63.7,33.3,30.3,0.904,-0.1,6.4e-01,1.0e+00,0.9547,3021,27,32,41,34,20,37
GENE-13824,NO,645,340.7,304.3,0.894,-0.2,6.4e-01,1.0e+00,0.9547,3022,286,522,214,282,353,278
GENE-17016,NO,63,30,33,1.092,0.1,6.4e-01,1.0e+00,0.9547,3023,34,31,25,40,24,35
GENE-4441,NO,21.3,10,11.3,1.124,0.2,6.4e-01,1.0e+00,0.9547,3024,9,12,9,14,7,13
GENE-13612,NO,3925,2017.7,1907.3,0.945,-0.1,6.4e-01,1.0e+00,0.9547,3024,1984,1980,2089,2316,1700,1706
GENE-14956,NO,546.7,283.3,263.3,0.931,-0.1,6.4e-01,1.0e+00,0.9547,3025,332,251,267,314,202,274
GENE-17843,NO,909,465.7,443.3,0.951,-0.1,6.4e-01,1.0e+00,0.9547,3026,444,474,479,454,491,385
GENE-14236,NO,55.7,25.3,30.3,1.188,0.2,6.4e-01,1.0e+00,0.9547,3027,15,31,30,32,12,47
GENE-14430,NO,419,215,204,0.948,-0.1,6.4e-01,1.0e+00,0.9547,3028,234,202,209,199,183,230
GENE-2916,NO,250.7,130,120.7,0.926,-0.1,6.4e-01,1.0e+00,0.9547,3029,101,172,117,128,121,113
GENE-9305,NO,39.3,21,18.3,0.867,-0.2,6.4e-01,1.0e+00,0.9547,3030,19,25,19,31,13,11
GENE-19986,NO,764.7,391,373.7,0.956,-0.1,6.4e-01,1.0e+00,0.9547,3031,396,389,388,367,405,349
GENE-18669,NO,154,73,81,1.107,0.1,6.4e-01,1.0e+00,0.9547,3032,85,78,56,105,52,86
GENE-4437,NO,72.7,37.3,35.3,0.94,-0.1,6.4e-01,1.0e+00,0.9547,3033,36,37,39,31,38,37
GENE-10632,NO,48.3,25,23.3,0.927,-0.1,6.4e-01,1.0e+00,0.9547,3034,30,23,22,23,26,21
GENE-18349,NO,66.7,32,34.7,1.075,0.1,6.4e-01,1.0e+00,0.9547,3035,32,33,31,38,39,27
GENE-16237,NO,22.7,12,10.7,0.884,-0.2,6.4e-01,1.0e+00,0.9547,3036,10,8,18,12,11,9
GENE-7282,NO,716,345,371,1.076,0.1,6.4e-01,1.0e+00,0.9547,3037,342,441,252,368,388,357
GENE-14520,NO,642,345.3,296.7,0.859,-0.2,6.4e-01,1.0e+00,0.9547,3038,184,468,384,188,473,229
GENE-10150,NO,53.3,28.3,25,0.877,-0.2,6.4e-01,1.0e+00,0.9547,3039,41,28,16,31,17,27
GENE-2053,NO,290,140,150,1.069,0.1,6.4e-01,1.0e+00,0.9547,3040,170,119,131,132,147,171
GENE-436,NO,3125.3,1518.7,1606.7,1.058,0.1,6.4e-01,1.0e+00,0.9547,3041,1229,1571,1756,1519,1615,1686
GENE-8200,NO,2316,1188.3,1127.7,0.949,-0.1,6.4e-01,1.0e+00,0.9547,3042,1256,1189,1120,1198,944,1241
GENE-14802,NO,1030.3,526.3,504,0.957,-0.1,6.4e-01,1.0e+00,0.9547,3043,526,510,543,468,539,505
GENE-16486,NO,1787,1024.7,762.3,0.744,-0.4,6.4e-01,1.0e+00,0.9547,3044,1828,160,1086,249,1382,656
GENE-5030,NO,27.7,13,14.7,1.119,0.2,6.4e-01,1.0e+00,0.9547,3045,12,15,12,10,13,21
GENE-11730,NO,58,27.3,30.7,1.113,0.2,6.4e-01,1.0e+00,0.9547,3045,21,36,25,41,22,29
GENE-17123,NO,333.7,176.7,157,0.888,-0.2,6.4e-01,1.0e+00,0.9547,3046,126,176,228,89,174,208
GENE-10859,NO,244,118,126,1.066,0.1,6.4e-01,1.0e+00,0.9547,3047,100,116,138,108,138,132
GENE-3157,NO,100.3,48.3,52,1.068,0.1,6.4e-01,1.0e+00,0.9547,3048,57,46,42,52,57,47
GENE-1667,NO,814,417.3,396.7,0.95,-0.1,6.4e-01,1.0e+00,0.9547,3049,369,477,406,408,410,372
GENE-13643,NO,1302.3,668,634.3,0.949,-0.1,6.4e-01,1.0e+00,0.9547,3050,627,720,657,613,560,730
GENE-4048,NO,60.3,31,29.3,0.94,-0.1,6.4e-01,1.0e+00,0.9547,3051,32,33,28,30,28,30
GENE-176,NO,21.7,11.3,10.3,0.906,-0.1,6.4e-01,1.0e+00,0.9547,3052,12,9,13,9,13,9
GENE-1310,NO,188.7,91.3,97.3,1.066,0.1,6.4e-01,1.0e+00,0.9547,3053,100,81,93,80,102,110
GENE-12475,NO,1195,577.7,617.3,1.068,0.1,6.4e-01,1.0e+00,0.9547,3054,469,703,561,687,640,525
GENE-5617,NO,483.3,249,234.3,0.943,-0.1,6.4e-01,1.0e+00,0.9547,3055,239,226,282,273,225,205
GENE-9422,NO,23,12.3,10.7,0.86,-0.2,6.4e-01,1.0e+00,0.9547,3056,13,15,9,5,17,10
GENE-4453,NO,2995,1462,1533,1.048,0.1,6.4e-01,1.0e+00,0.9547,3057,1290,1475,1621,1578,1468,1553
GENE-14780,NO,46.3,21.3,25,1.163,0.2,6.4e-01,1.0e+00,0.9547,3058,35,9,20,22,30,23
GENE-2453,NO,59.7,30.7,29,0.939,-0.1,6.4e-01,1.0e+00,0.9547,3059,31,29,32,31,26,30
GENE-9040,NO,54.3,28.7,25.7,0.889,-0.2,6.4e-01,1.0e+00,0.9547,3060,31,33,22,31,32,14
GENE-8545,NO,388.7,184,204.7,1.112,0.2,6.4e-01,1.0e+00,0.9547,3061,139,153,260,140,254,220
GENE-12138,NO,53.7,28,25.7,0.911,-0.1,6.4e-01,1.0e+00,0.9547,3062,29,22,33,25,19,33
GENE-4291,NO,841.3,432.3,409,0.946,-0.1,6.4e-01,1.0e+00,0.9547,3063,453,379,465,348,421,458
GENE-5106,NO,142.7,66,76.7,1.154,0.2,6.4e-01,1.0e+00,0.9547,3064,84,35,79,76,44,110
GENE-5940,NO,71,37.3,33.7,0.895,-0.2,6.4e-01,1.0e+00,0.9547,3065,36,40,36,18,44,39
GENE-4322,NO,105.7,54.3,51.3,0.938,-0.1,6.4e-01,1.0e+00,0.9547,3066,47,54,62,56,53,45
GENE-11185,NO,17.3,9.3,8,0.853,-0.2,6.4e-01,1.0e+00,0.9547,3067,10,5,13,4,10,10
GENE-2112,NO,93,49,44,0.892,-0.2,6.4e-01,1.0e+00,0.9547,3067,59,29,59,58,33,41
GENE-5882,NO,59.7,30.7,29,0.939,-0.1,6.5e-01,1.0e+00,0.9547,3068,33,32,27,29,30,28
GENE-18131,NO,112.3,58,54.3,0.93,-0.1,6.5e-01,1.0e+00,0.9547,3069,69,56,49,59,44,60
GENE-17179,NO,288.7,138.3,150.3,1.087,0.1,6.5e-01,1.0e+00,0.9547,3070,151,93,171,166,131,154
GENE-11296,NO,370.3,172.3,198,1.146,0.2,6.5e-01,1.0e+00,0.9547,3071,150,221,146,317,177,100
GENE-582,NO,49.7,22.3,27.3,1.214,0.3,6.5e-01,1.0e+00,0.9547,3072,28,14,25,7,35,40
GENE-3081,NO,2163.7,1043.3,1120.3,1.074,0.1,6.5e-01,1.0e+00,0.9547,3073,1061,910,1159,824,1167,1370
GENE-6242,NO,30,16,14,0.87,-0.2,6.5e-01,1.0e+00,0.9547,3074,20,10,18,8,21,13
GENE-14133,NO,1678.7,818.3,860.3,1.051,0.1,6.5e-01,1.0e+00,0.9547,3075,772,873,810,753,980,848
GENE-7349,NO,1003,489,514,1.052,0.1,6.5e-01,1.0e+00,0.9547,3076,456,543,468,500,577,465
GENE-10104,NO,147.3,70.7,76.7,1.082,0.1,6.5e-01,1.0e+00,0.9547,3077,60,89,63,73,63,94
GENE-4263,NO,495.3,265,230.3,0.87,-0.2,6.5e-01,1.0e+00,0.9547,3078,400,143,252,150,324,217
GENE-17636,NO,4007.7,1937.3,2070.3,1.069,0.1,6.5e-01,1.0e+00,0.9547,3079,1989,2383,1440,1946,2168,2097
GENE-12018,NO,246.3,138.7,107.7,0.776,-0.4,6.5e-01,1.0e+00,0.9547,3080,50,297,69,194,50,79
GENE-13734,NO,53,27.7,25.3,0.909,-0.1,6.5e-01,1.0e+00,0.9547,3081,26,38,19,26,23,27
GENE-19285,NO,73,34.7,38.3,1.097,0.1,6.5e-01,1.0e+00,0.9547,3082,26,49,29,42,37,36
GENE-18943,NO,49,23.3,25.7,1.091,0.1,6.5e-01,1.0e+00,0.9547,3083,26,27,17,21,30,26
GENE-18280,NO,1577.7,750,827.7,1.104,0.1,6.5e-01,1.0e+00,0.9547,3084,1003,448,799,973,817,693
GENE-6937,NO,517.7,270,247.7,0.917,-0.1,6.5e-01,1.0e+00,0.9547,3085,231,195,384,227,269,247
GENE-15478,NO,5671,2903.7,2767.3,0.953,-0.1,6.5e-01,1.0e+00,0.9547,3086,2578,3101,3032,3079,2570,2653
GENE-11260,NO,902.7,538.7,364,0.676,-0.6,6.5e-01,1.0e+00,0.9547,3087,1343,13,260,562,290,240
GENE-8697,NO,37.3,19.7,17.7,0.893,-0.2,6.5e-01,1.0e+00,0.9547,3088,18,13,28,13,21,19
GENE-14958,NO,1484,781,703,0.9,-0.2,6.5e-01,1.0e+00,0.9547,3088,487,809,1047,499,729,881
GENE-273,NO,261,136.3,124.7,0.912,-0.1,6.5e-01,1.0e+00,0.9547,3089,105,190,114,97,148,129
GENE-17344,NO,3104.3,1589.3,1515,0.953,-0.1,6.5e-01,1.0e+00,0.9547,3090,1735,1579,1454,1590,1615,1340
GENE-14825,NO,24144.7,11795.3,12349.3,1.047,0.1,6.5e-01,1.0e+00,0.9547,3091,12491,11993,10902,12158,11139,13751
GENE-11358,NO,127.7,61.7,66,1.063,0.1,6.5e-01,1.0e+00,0.9547,3092,63,55,67,59,62,77
GENE-18979,NO,132,63.7,68.3,1.065,0.1,6.5e-01,1.0e+00,0.9547,3093,63,72,56,74,57,74
GENE-2762,NO,130.3,63,67.3,1.061,0.1,6.5e-01,1.0e+00,0.9547,3094,72,53,64,72,67,63
GENE-14865,NO,35.3,19,16.3,0.854,-0.2,6.5e-01,1.0e+00,0.9547,3095,29,16,12,8,25,16
GENE-12077,NO,531.7,256.7,275,1.073,0.1,6.5e-01,1.0e+00,0.9547,3096,336,223,211,277,304,244
GENE-13534,NO,184.3,95,89.3,0.937,-0.1,6.5e-01,1.0e+00,0.9547,3097,97,78,110,101,77,90
GENE-18791,NO,447,215,232,1.078,0.1,6.5e-01,1.0e+00,0.9547,3098,204,208,233,178,206,312
GENE-14163,NO,109.3,56.3,53,0.934,-0.1,6.5e-01,1.0e+00,0.9547,3099,65,49,55,43,61,55
GENE-13631,NO,80.3,41.7,38.7,0.921,-0.1,6.5e-01,1.0e+00,0.9547,3100,50,45,30,43,41,32
GENE-5454,NO,1219.3,626,593.3,0.948,-0.1,6.5e-01,1.0e+00,0.9547,3101,683,604,591,554,521,705
GENE-4040,NO,316,149.3,166.7,1.112,0.2,6.5e-01,1.0e+00,0.9547,3102,104,146,198,114,231,155
GENE-173,NO,688.7,332.7,356,1.071,0.1,6.5e-01,1.0e+00,0.9547,3103,315,308,375,409,400,259
GENE-22,NO,455,232.7,222.3,0.956,-0.1,6.6e-01,1.0e+00,0.9547,3104,258,217,223,223,219,225
GENE-12197,NO,8664,4222.3,4441.7,1.052,0.1,6.6e-01,1.0e+00,0.9547,3105,4850,4292,3525,4221,4502,4602
GENE-3841,NO,38,19.7,18.3,0.926,-0.1,6.6e-01,1.0e+00,0.9547,3106,18,22,19,22,18,15
GENE-14695,NO,36,17,19,1.109,0.1,6.6e-01,1.0e+00,0.9547,3107,21,12,18,21,13,23
GENE-4258,NO,144,69.3,74.7,1.069,0.1,6.6e-01,1.0e+00,0.9547,3108,59,73,76,72,90,62
GENE-1265,NO,43,22.3,20.7,0.919,-0.1,6.6e-01,1.0e+00,0.9547,3109,20,25,22,16,27,19
GENE-2959,NO,597,290.7,306.3,1.056,0.1,6.6e-01,1.0e+00,0.9547,3109,258,275,339,270,314,335
GENE-19446,NO,481.3,234.7,246.7,1.052,0.1,6.6e-01,1.0e+00,0.9547,3110,202,243,259,225,266,249
GENE-18503,NO,204.3,97.3,107,1.095,0.1,6.6e-01,1.0e+00,0.9547,3111,118,64,110,83,107,131
GENE-19788,YES,21,11.3,9.7,0.849,-0.2,6.6e-01,1.0e+00,0.9547,3112,15,5,14,10,5,14
GENE-11308,NO,207.7,106.7,101,0.946,-0.1,6.6e-01,1.0e+00,0.9547,3113,94,100,126,105,100,98
GENE-13846,NO,142,68,74,1.08,0.1,6.6e-01,1.0e+00,0.9547,3114,83,64,57,74,57,91
GENE-18664,NO,631.3,323,308.3,0.955,-0.1,6.6e-01,1.0e+00,0.9547,3115,308,346,315,287,293,345
GENE-3043,NO,588.3,301.7,286.7,0.952,-0.1,6.6e-01,1.0e+00,0.9547,3116,293,341,271,288,310,262
GENE-14257,NO,137.3,71.7,65.7,0.91,-0.1,6.6e-01,1.0e+00,0.9547,3117,91,58,66,43,71,83
GENE-3353,NO,2907.7,1514.3,1393.3,0.92,-0.1,6.6e-01,1.0e+00,0.9547,3118,1375,1798,1370,1490,918,1772
GENE-7440,NO,104,50,54,1.072,0.1,6.6e-01,1.0e+00,0.9547,3119,56,48,46,41,61,60
GENE-4422,NO,69.3,32.7,36.7,1.114,0.2,6.6e-01,1.0e+00,0.9547,3120,45,27,26,33,51,26
GENE-17691,NO,73.3,38.3,35,0.907,-0.1,6.6e-01,1.0e+00,0.9547,3121,23,43,49,35,40,30
GENE-11888,NO,258.3,132.3,126,0.95,-0.1,6.6e-01,1.0e+00,0.9547,3122,152,126,119,124,131,123
GENE-16438,NO,183.7,87,96.7,1.107,0.1,6.6e-01,1.0e+00,0.9547,3123,47,103,111,94,90,106
GENE-6532,NO,26.7,14,12.7,0.899,-0.2,6.6e-01,1.0e+00,0.9547,3124,12,13,17,13,17,8
GENE-7387,NO,20.3,9.3,11,1.168,0.2,6.6e-01,1.0e+00,0.9547,3125,6,7,15,6,16,11
GENE-12785,NO,1140,477.3,662.7,1.389,0.5,6.6e-01,1.0e+00,0.9547,3126,107,529,796,1282,58,648
GENE-4890,NO,195.7,101,94.7,0.937,-0.1,6.6e-01,1.0e+00,0.9547,3127,93,87,123,99,105,80
GENE-13377,NO,90,43.7,46.3,1.053,0.1,6.6e-01,1.0e+00,0.9547,3128,43,43,45,47,44,48
GENE-15858,YES,649.3,309.7,339.7,1.097,0.1,6.6e-01,1.0e+00,0.9547,3129,199,380,350,339,425,255
GENE-10686,NO,398.3,205.7,192.7,0.936,-0.1,6.6e-01,1.0e+00,0.9547,3130,234,208,175,160,178,240
GENE-8639,NO,1197,584,613,1.05,0.1,6.6e-01,1.0e+00,0.9547,3130,583,644,525,603,552,684
GENE-1331,NO,59.3,30.7,28.7,0.928,-0.1,6.6e-01,1.0e+00,0.9547,3131,38,27,27,24,30,32
GENE-7222,NO,29,15.3,13.7,0.886,-0.2,6.6e-01,1.0e+00,0.9547,3132,8,18,20,17,11,13
GENE-12791,NO,238.7,113,125.7,1.11,0.2,6.6e-01,1.0e+00,0.9547,3133,146,132,61,115,149,113
GENE-5811,NO,59,27.3,31.7,1.149,0.2,6.6e-01,1.0e+00,0.9547,3134,41,28,13,20,38,37
GENE-3332,NO,1066.7,569.7,497,0.873,-0.2,6.6e-01,1.0e+00,0.9547,3135,815,526,368,510,252,729
GENE-19162,NO,250.7,130,120.7,0.927,-0.1,6.6e-01,1.0e+00,0.9547,3136,162,92,136,137,120,105
GENE-1869,NO,5373.7,2564.7,2809,1.095,0.1,6.6e-01,1.0e+00,0.9547,3137,2157,1806,3731,3269,2363,2795
GENE-11824,NO,753.7,385.7,368,0.954,-0.1,6.6e-01,1.0e+00,0.9547,3138,359,363,435,342,401,361
GENE-9361,NO,958,467.7,490.3,1.048,0.1,6.6e-01,1.0e+00,0.9547,3139,463,436,504,551,435,485
GENE-9310,NO,80,41.7,38.3,0.914,-0.1,6.6e-01,1.0e+00,0.9547,3140,56,41,28,32,40,43
GENE-10561,NO,1339.7,651,688.7,1.057,0.1,6.6e-01,1.0e+00,0.9547,3141,653,728,572,663,586,817
GENE-19696,NO,142.7,75,67.7,0.896,-0.2,6.6e-01,1.0e+00,0.9547,3142,81,71,73,57,40,106
GENE-3299,NO,361,186,175,0.939,-0.1,6.6e-01,1.0e+00,0.9547,3143,180,166,212,138,183,204
GENE-12542,NO,577,313.7,263.3,0.84,-0.3,6.6e-01,1.0e+00,0.9547,3144,215,610,116,262,310,218
GENE-195,NO,88,47,41,0.866,-0.2,6.6e-01,1.0e+00,0.9547,3145,60,43,38,24,73,26
GENE-7348,NO,913.7,443.3,470.3,1.062,0.1,6.6e-01,1.0e+00,0.9547,3146,469,518,343,498,420,493
GENE-13588,NO,25,13,12,0.917,-0.1,6.6e-01,1.0e+00,0.9547,3147,15,12,12,9,14,13
GENE-16185,NO,50.7,24,26.7,1.102,0.1,6.6e-01,1.0e+00,0.9547,3148,25,28,19,17,34,29
GENE-17355,NO,1055.7,600,455.7,0.759,-0.4,6.6e-01,1.0e+00,0.9547,3149,195,316,1289,428,106,833
GENE-13812,NO,903.7,442,461.7,1.045,0.1,6.6e-01,1.0e+00,0.9547,3150,441,449,436,517,421,447
GENE-3334,NO,13992.3,6783.7,7208.7,1.063,0.1,6.6e-01,1.0e+00,0.9547,3151,5919,6640,7792,8001,5588,8037
GENE-12893,NO,692.7,335.3,357.3,1.066,0.1,6.6e-01,1.0e+00,0.9547,3151,412,308,286,339,306,427
GENE-3474,NO,768.3,429,339.3,0.792,-0.3,6.7e-01,1.0e+00,0.9547,3152,262,887,138,196,201,621
GENE-5629,NO,25,13,12,0.917,-0.1,6.7e-01,1.0e+00,0.9547,3153,15,13,11,15,11,10
GENE-15206,NO,379.3,195,184.3,0.947,-0.1,6.7e-01,1.0e+00,0.9547,3154,162,224,199,164,199,190
GENE-10456,NO,117.7,52.7,65,1.225,0.3,6.7e-01,1.0e+00,0.9547,3155,85,52,21,116,55,24
GENE-10863,NO,1837.7,873.7,964,1.103,0.1,6.7e-01,1.0e+00,0.9547,3156,536,999,1086,834,774,1284
GENE-5656,NO,450.7,234,216.7,0.926,-0.1,6.7e-01,1.0e+00,0.9547,3157,316,181,205,254,205,191
GENE-1405,NO,184.7,88.7,96,1.079,0.1,6.7e-01,1.0e+00,0.9547,3158,71,90,105,79,85,124
GENE-7159,NO,2281.3,1106.3,1175,1.062,0.1,6.7e-01,1.0e+00,0.9547,3159,1131,1088,1100,1274,873,1378
GENE-4123,NO,397,191.7,205.3,1.071,0.1,6.7e-01,1.0e+00,0.9547,3160,142,199,234,181,202,233
GENE-9256,NO,3703,1903.3,1799.7,0.945,-0.1,6.7e-01,1.0e+00,0.9547,3161,2040,2041,1629,1580,2169,1650
GENE-9635,YES,56.3,26.7,29.7,1.104,0.1,6.7e-01,1.0e+00,0.9547,3162,17,29,34,35,22,32
GENE-14226,NO,332.3,170,162.3,0.952,-0.1,6.7e-01,1.0e+00,0.9547,3163,149,186,175,148,163,176
GENE-8441,NO,30,15.7,14.3,0.909,-0.1,6.7e-01,1.0e+00,0.9547,3164,13,20,14,12,12,19
GENE-10953,NO,17592.3,9571.7,8020.7,0.838,-0.3,6.7e-01,1.0e+00,0.9547,3165,13355,4404,10956,2860,9972,11230
GENE-8699,NO,1215,621,594,0.956,-0.1,6.7e-01,1.0e+00,0.9547,3166,576,588,699,554,601,627
GENE-17901,NO,210.7,109,101.7,0.929,-0.1,6.7e-01,1.0e+00,0.9547,3167,81,115,131,122,84,99
GENE-13539,NO,74.3,38.7,35.7,0.916,-0.1,6.7e-01,1.0e+00,0.9547,3168,43,49,24,37,34,36
GENE-1290,NO,369.3,189.3,180,0.949,-0.1,6.7e-01,1.0e+00,0.9547,3169,206,167,195,163,208,169
GENE-5994,NO,959.3,461.3,498,1.08,0.1,6.7e-01,1.0e+00,0.9547,3170,298,561,525,538,467,489
GENE-5925,NO,137,71,66,0.923,-0.1,6.7e-01,1.0e+00,0.9547,3171,68,72,73,91,60,47
GENE-2139,NO,428.7,221,207.7,0.94,-0.1,6.7e-01,1.0e+00,0.9547,3172,270,204,189,172,227,224
GENE-16264,NO,80.7,38.3,42.3,1.096,0.1,6.7e-01,1.0e+00,0.9547,3173,55,34,26,38,42,47
GENE-399,NO,351,180,171,0.948,-0.1,6.7e-01,1.0e+00,0.9547,3173,201,190,149,180,177,156
GENE-1063,NO,229.7,118,111.7,0.945,-0.1,6.7e-01,1.0e+00,0.9547,3174,104,136,114,100,105,130
GENE-13152,NO,705,340.7,364.3,1.07,0.1,6.7e-01,1.0e+00,0.9547,3175,358,259,405,316,441,336
GENE-16920,NO,968,493,475,0.962,-0.1,6.7e-01,1.0e+00,0.9547,3176,508,498,473,464,488,473
GENE-241,NO,65.7,34.3,31.3,0.906,-0.1,6.7e-01,1.0e+00,0.9547,3177,38,34,31,46,28,20
GENE-13859,NO,55.7,26.3,29.3,1.105,0.1,6.7e-01,1.0e+00,0.9547,3178,18,36,25,38,27,23
GENE-15256,NO,1261.3,610.3,651,1.066,0.1,6.7e-01,1.0e+00,0.9547,3179,540,590,701,830,588,535
GENE-14778,NO,3262.3,1671.7,1590.7,0.951,-0.1,6.7e-01,1.0e+00,0.9547,3180,1444,1941,1630,1421,1681,1670
GENE-8353,NO,28.3,15.3,13,0.843,-0.2,6.7e-01,1.0e+00,0.9547,3181,20,21,5,9,10,20
GENE-5178,NO,111.3,57.3,54,0.935,-0.1,6.7e-01,1.0e+00,0.9547,3182,73,50,49,49,59,54
GENE-12963,NO,237,121.7,115.3,0.946,-0.1,6.7e-01,1.0e+00,0.9547,3183,107,147,111,109,113,124
GENE-7944,NO,182.7,94,88.7,0.94,-0.1,6.7e-01,1.0e+00,0.9547,3184,79,86,117,85,98,83
GENE-13137,NO,33,17.7,15.3,0.862,-0.2,6.7e-01,1.0e+00,0.9547,3185,22,20,11,6,22,18
GENE-4462,NO,183.3,95.3,88,0.919,-0.1,6.7e-01,1.0e+00,0.9547,3186,80,105,101,110,98,56
GENE-5015,NO,60,28,32,1.135,0.2,6.7e-01,1.0e+00,0.9547,3187,35,20,29,18,27,51
GENE-18704,NO,662,321.7,340.3,1.059,0.1,6.7e-01,1.0e+00,0.9547,3188,325,332,308,308,428,285
GENE-12264,NO,225,109.3,115.7,1.057,0.1,6.7e-01,1.0e+00,0.9547,3189,127,105,96,131,104,112
GENE-8112,NO,2054,1047.7,1006.3,0.961,-0.1,6.7e-01,1.0e+00,0.9547,3190,1079,1003,1061,1056,913,1050
GENE-5881,NO,225.3,132.7,92.7,0.698,-0.5,6.7e-01,1.0e+00,0.9547,3191,51,52,295,38,234,6
GENE-6173,NO,311.7,151.3,160.3,1.058,0.1,6.7e-01,1.0e+00,0.9547,3192,154,172,128,187,142,152
GENE-4586,NO,2864.7,1476,1388.7,0.941,-0.1,6.7e-01,1.0e+00,0.9547,3193,1153,1496,1779,1387,1195,1584
GENE-1499,NO,71,33.7,37.3,1.1,0.1,6.7e-01,1.0e+00,0.9547,3194,25,30,46,28,49,35
GENE-18495,NO,1343.7,658,685.7,1.041,0.1,6.7e-01,1.0e+00,0.9547,3194,649,635,690,740,630,687
GENE-19045,NO,183.3,94,89.3,0.947,-0.1,6.7e-01,1.0e+00,0.9547,3195,80,107,95,79,97,92
GENE-15733,NO,31602,15463,16139,1.044,0.1,6.7e-01,1.0e+00,0.9547,3196,14650,14426,17313,16227,14834,17356
GENE-343,NO,681,314,367,1.169,0.2,6.7e-01,1.0e+00,0.9547,3197,467,148,327,395,535,171
GENE-13082,NO,48.7,23.3,25.3,1.078,0.1,6.7e-01,1.0e+00,0.9547,3198,27,18,25,24,30,22
GENE-11713,NO,31.3,14.7,16.7,1.127,0.2,6.7e-01,1.0e+00,0.9547,3199,15,10,19,9,20,21
GENE-14526,NO,454.7,220.3,234.3,1.064,0.1,6.7e-01,1.0e+00,0.9547,3200,287,184,190,227,235,241
GENE-6897,NO,3051.7,1576.3,1475.3,0.936,-0.1,6.7e-01,1.0e+00,0.9547,3201,2095,1251,1383,1378,1631,1417
GENE-3682,NO,88.3,42,46.3,1.095,0.1,6.8e-01,1.0e+00,0.9547,3202,48,31,47,45,32,62
GENE-14248,NO,410.3,198.7,211.7,1.065,0.1,6.8e-01,1.0e+00,0.9547,3203,204,158,234,174,219,242
GENE-5770,NO,61.7,32.3,29.3,0.901,-0.2,6.8e-01,1.0e+00,0.9547,3204,41,28,28,24,44,20
GENE-6746,NO,730.7,374,356.7,0.954,-0.1,6.8e-01,1.0e+00,0.9547,3205,406,314,402,337,357,376
GENE-5124,NO,21,11,10,0.903,-0.1,6.8e-01,1.0e+00,0.9547,3206,10,12,11,13,11,6
GENE-2565,NO,94.3,42,52.3,1.237,0.3,6.8e-01,1.0e+00,0.9547,3207,93,22,11,36,60,61
GENE-15492,NO,376,193.7,182.3,0.942,-0.1,6.8e-01,1.0e+00,0.9547,3208,171,191,219,213,142,192
GENE-6968,NO,776,380.7,395.3,1.039,0.1,6.8e-01,1.0e+00,0.9547,3209,372,380,390,407,406,373
GENE-12631,NO,680.3,331,349.3,1.056,0.1,6.8e-01,1.0e+00,0.9547,3210,361,306,326,406,365,277
GENE-12166,NO,2844,1453,1391,0.958,-0.1,6.8e-01,1.0e+00,0.9547,3211,1493,1262,1604,1428,1427,1318
GENE-13338,NO,495.3,230.3,265,1.151,0.2,6.8e-01,1.0e+00,0.9547,3212,412,149,130,215,361,219
GENE-16877,NO,516,252.7,263.3,1.044,0.1,6.8e-01,1.0e+00,0.9547,3213,252,237,269,270,237,283
GENE-9790,NO,7476,4272,3204,0.75,-0.4,6.8e-01,1.0e+00,0.9547,3214,1331,2351,9134,984,7340,1288
GENE-7601,NO,34.7,18.3,16.3,0.885,-0.2,6.8e-01,1.0e+00,0.9547,3215,14,14,27,24,14,11
GENE-3833,NO,973.7,495.7,478,0.963,-0.1,6.8e-01,1.0e+00,0.9547,3215,502,486,499,471,463,500
GENE-7808,NO,722.3,378.3,344,0.91,-0.1,6.8e-01,1.0e+00,0.9547,3216,285,524,326,227,392,413
GENE-13751,NO,863.3,398.7,464.7,1.166,0.2,6.8e-01,1.0e+00,0.9547,3217,753,211,232,514,556,324
GENE-12058,NO,86,44.7,41.3,0.919,-0.1,6.8e-01,1.0e+00,0.9547,3218,37,53,44,47,50,27
GENE-7262,NO,2695,1375.7,1319.3,0.959,-0.1,6.8e-01,1.0e+00,0.9547,3219,1302,1452,1373,1303,1463,1192
GENE-1915,NO,576,282,294,1.045,0.1,6.8e-01,1.0e+00,0.9547,3220,300,261,285,272,327,283
GENE-18663,NO,55.7,26.3,29.3,1.105,0.1,6.8e-01,1.0e+00,0.9547,3221,17,35,27,28,38,22
GENE-16100,NO,62.7,29.3,33.3,1.128,0.2,6.8e-01,1.0e+00,0.9547,3222,45,21,22,20,40,40
GENE-5255,NO,20.7,11,9.7,0.874,-0.2,6.8e-01,1.0e+00,0.9547,3223,16,9,8,10,5,14
GENE-1547,NO,48.7,26.3,22.3,0.843,-0.2,6.8e-01,1.0e+00,0.9547,3224,16,12,51,28,25,14
GENE-16837,NO,47,22.3,24.7,1.096,0.1,6.8e-01,1.0e+00,0.9547,3225,25,22,20,28,31,15
GENE-10608,NO,87,41.3,45.7,1.096,0.1,6.8e-01,1.0e+00,0.9547,3226,27,42,55,36,57,44
GENE-11387,NO,23.7,12.7,11,0.863,-0.2,6.8e-01,1.0e+00,0.9547,3227,13,16,9,9,5,19
GENE-11833,NO,147.3,70,77.3,1.101,0.1,6.8e-01,1.0e+00,0.9547,3228,39,98,73,86,72,74
GENE-17926,NO,20,9.3,10.7,1.133,0.2,6.8e-01,1.0e+00,0.9547,3229,5,10,13,13,7,12
GENE-18621,NO,53,27.7,25.3,0.909,-0.1,6.8e-01,1.0e+00,0.9547,3230,33,27,23,19,37,20
GENE-12878,NO,851.7,409.7,442,1.08,0.1,6.8e-01,1.0e+00,0.9547,3231,298,569,362,399,504,423
GENE-8816,NO,20.3,9.3,11,1.167,0.2,6.8e-01,1.0e+00,0.9547,3232,9,13,6,14,15,4
GENE-3630,NO,269,131,138,1.051,0.1,6.8e-01,1.0e+00,0.9547,3233,144,116,133,155,135,124
GENE-13489,NO,23.3,11,12.3,1.112,0.2,6.8e-01,1.0e+00,0.9547,3234,11,10,12,13,7,17
GENE-2205,NO,6581,3225.3,3355.7,1.041,0.1,6.8e-01,1.0e+00,0.9547,3235,2879,3512,3285,3382,3295,3390
GENE-5886,NO,437,209.3,227.7,1.09,0.1,6.8e-01,1.0e+00,0.9547,3236,240,139,249,166,230,287
GENE-4342,NO,3139.7,1541.3,1598.3,1.037,0.1,6.8e-01,1.0e+00,0.9547,3236,1576,1494,1554,1573,1658,1564
GENE-12182,NO,158.7,76.3,82.3,1.076,0.1,6.8e-01,1.0e+00,0.9547,3237,80,76,73,87,56,104
GENE-19447,NO,46,21,25,1.18,0.2,6.8e-01,1.0e+00,0.9547,3238,23,27,13,10,46,19
GENE-5911,NO,114.7,59,55.7,0.937,-0.1,6.8e-01,1.0e+00,0.9547,3239,54,57,66,47,71,49
GENE-17191,NO,775,351,424,1.209,0.3,6.8e-01,1.0e+00,0.9547,3240,317,361,375,830,99,343
GENE-65,NO,11217.7,5809,5408.7,0.931,-0.1,6.8e-01,1.0e+00,0.9547,3241,4701,6136,6590,5174,7053,3999
GENE-16202,NO,289,141.3,147.7,1.042,0.1,6.8e-01,1.0e+00,0.9547,3242,141,149,134,149,143,151
GENE-15251,NO,21.7,10,11.7,1.156,0.2,6.8e-01,1.0e+00,0.9547,3243,11,13,6,17,5,13
GENE-2069,NO,54,25.7,28.3,1.095,0.1,6.8e-01,1.0e+00,0.9547,3244,22,37,18,27,32,26
GENE-18954,NO,229.3,111,118.3,1.062,0.1,6.8e-01,1.0e+00,0.9547,3245,126,98,109,139,94,122
GENE-501,NO,178,91.3,86.7,0.946,-0.1,6.8e-01,1.0e+00,0.9547,3246,110,83,81,91,78,91
GENE-2937,NO,46,23.7,22.3,0.937,-0.1,6.8e-01,1.0e+00,0.9554,3249,25,25,21,19,22,26
GENE-8696,NO,210.7,102,108.7,1.061,0.1,6.8e-01,1.0e+00,0.9554,3250,119,79,108,119,99,108
GENE-19527,NO,62.3,32.3,30,0.922,-0.1,6.8e-01,1.0e+00,0.9554,3251,32,30,35,28,21,41
GENE-5164,NO,320.3,163.7,156.7,0.956,-0.1,6.8e-01,1.0e+00,0.9554,3252,160,158,173,160,171,139
GENE-18812,NO,2422,1163.7,1258.3,1.082,0.1,6.8e-01,1.0e+00,0.9554,3253,1325,1141,1025,1160,866,1749
GENE-13727,NO,321.7,166.3,155.3,0.931,-0.1,6.8e-01,1.0e+00,0.9554,3254,158,140,201,111,176,179
GENE-10383,NO,37.7,19.7,18,0.909,-0.1,6.8e-01,1.0e+00,0.9554,3255,12,24,23,16,16,22
GENE-11923,NO,1332,650.7,681.3,1.047,0.1,6.8e-01,1.0e+00,0.9554,3256,607,748,597,664,629,751
GENE-5329,NO,384.7,197.7,187,0.944,-0.1,6.8e-01,1.0e+00,0.9554,3257,231,161,201,172,219,170
GENE-11539,NO,686.3,328.3,358,1.091,0.1,6.8e-01,1.0e+00,0.9554,3258,413,217,355,480,302,292
GENE-15890,NO,563,275.3,287.7,1.046,0.1,6.8e-01,1.0e+00,0.9554,3259,298,269,259,290,252,321
GENE-10714,NO,937.3,481,456.3,0.948,-0.1,6.9e-01,1.0e+00,0.9554,3260,465,419,559,376,490,503
GENE-251,NO,886.7,433.3,453.3,1.046,0.1,6.9e-01,1.0e+00,0.9554,3261,381,469,450,422,508,430
GENE-2314,NO,43.3,22.7,20.7,0.906,-0.1,6.9e-01,1.0e+00,0.9554,3262,20,28,20,23,12,27
GENE-16188,NO,567.3,277.3,290,1.047,0.1,6.9e-01,1.0e+00,0.9554,3263,261,285,286,338,265,267
GENE-14649,NO,163,83.3,79.7,0.953,-0.1,6.9e-01,1.0e+00,0.9554,3264,90,78,82,73,89,77
GENE-17266,NO,965,497.7,467.3,0.938,-0.1,6.9e-01,1.0e+00,0.9554,3265,605,359,529,438,530,434
GENE-17185,NO,7049.3,3853.7,3195.7,0.829,-0.3,6.9e-01,1.0e+00,0.9554,3266,2331,5008,4222,5947,2812,828
GENE-14404,NO,2073,1010,1063,1.052,0.1,6.9e-01,1.0e+00,0.9554,3267,1122,1033,875,1034,907,1248
GENE-18449,NO,1065.3,522.3,543,1.04,0.1,6.9e-01,1.0e+00,0.9554,3267,472,536,559,530,560,539
GENE-5943,NO,2081,1011,1070,1.058,0.1,6.9e-01,1.0e+00,0.9554,3268,1192,1049,792,1039,943,1228
GENE-16416,NO,78.7,41,37.7,0.912,-0.1,6.9e-01,1.0e+00,0.9554,3269,60,37,26,39,40,34
GENE-1777,NO,148.3,76,72.3,0.945,-0.1,6.9e-01,1.0e+00,0.9554,3270,79,64,85,61,75,81
GENE-8023,NO,312.3,152.3,160,1.047,0.1,6.9e-01,1.0e+00,0.9554,3271,135,152,170,155,174,151
GENE-9801,NO,1219.3,578.3,641,1.108,0.1,6.9e-01,1.0e+00,0.9554,3272,548,613,574,311,888,724
GENE-16102,NO,1466.7,717.7,749,1.044,0.1,6.9e-01,1.0e+00,0.9554,3273,707,666,780,849,678,720
GENE-8843,NO,22.3,12,10.3,0.856,-0.2,6.9e-01,1.0e+00,0.9554,3274,8,13,15,3,13,15
GENE-17989,NO,305.3,163,142.3,0.873,-0.2,6.9e-01,1.0e+00,0.9554,3275,297,88,104,131,177,119
GENE-3015,NO,127,60.7,66.3,1.085,0.1,6.9e-01,1.0e+00,0.9554,3276,74,59,49,86,68,45
GENE-301,NO,666.3,322.3,344,1.067,0.1,6.9e-01,1.0e+00,0.9554,3277,333,314,320,396,234,402
GENE-5748,NO,75.7,39,36.7,0.933,-0.1,6.9e-01,1.0e+00,0.9554,3278,30,48,39,36,32,42
GENE-19144,NO,209,107.3,101.7,0.946,-0.1,6.9e-01,1.0e+00,0.9554,3279,126,97,99,106,113,86
GENE-3056,NO,734,358.7,375.3,1.047,0.1,6.9e-01,1.0e+00,0.9554,3280,378,385,313,415,383,328
GENE-16904,NO,170.3,82,88.3,1.074,0.1,6.9e-01,1.0e+00,0.9554,3281,86,75,85,69,75,121
GENE-9598,NO,115.7,55,60.7,1.094,0.1,6.9e-01,1.0e+00,0.9554,3282,60,73,32,71,56,55
GENE-2209,NO,40,19,21,1.096,0.1,6.9e-01,1.0e+00,0.9554,3283,13,26,18,17,26,20
GENE-14013,NO,259,126.7,132.3,1.042,0.1,6.9e-01,1.0e+00,0.9554,3284,124,134,122,139,122,136
GENE-19238,YES,198.7,103,95.7,0.925,-0.1,6.9e-01,1.0e+00,0.9554,3285,116,97,96,104,61,122
GENE-3616,NO,87.3,45,42.3,0.934,-0.1,6.9e-01,1.0e+00,0.9554,3286,43,40,52,48,48,31
GENE-11177,NO,723.7,347.7,376,1.082,0.1,6.9e-01,1.0e+00,0.9554,3287,370,412,261,278,338,512
GENE-15154,NO,456,238,218,0.915,-0.1,6.9e-01,1.0e+00,0.9554,3288,343,216,155,241,245,168
GENE-12322,NO,3383,1659.3,1723.7,1.039,0.1,6.9e-01,1.0e+00,0.9554,3288,1618,1564,1796,1617,1713,1841
GENE-10004,NO,574.3,279.7,294.7,1.054,0.1,6.9e-01,1.0e+00,0.9554,3289,267,345,227,305,298,281
GENE-16453,NO,469,245.3,223.7,0.911,-0.1,6.9e-01,1.0e+00,0.9554,3290,146,355,235,209,190,272
GENE-18054,NO,315.3,152.7,162.7,1.062,0.1,6.9e-01,1.0e+00,0.9554,3291,153,191,114,155,165,168
GENE-7025,NO,2137.7,1118.7,1019,0.911,-0.1,6.9e-01,1.0e+00,0.9554,3292,1004,1311,1041,874,1553,630
GENE-10680,NO,466.3,241,225.3,0.935,-0.1,6.9e-01,1.0e+00,0.9554,3293,247,244,232,150,252,274
GENE-2440,NO,47.3,24.3,23,0.939,-0.1,6.9e-01,1.0e+00,0.9554,3294,27,26,20,24,25,20
GENE-13935,NO,32.3,17,15.3,0.896,-0.2,6.9e-01,1.0e+00,0.9554,3295,10,14,27,17,15,14
GENE-6162,NO,4085,1927.7,2157.3,1.119,0.2,6.9e-01,1.0e+00,0.9554,3296,1313,2799,1671,3349,1572,1551
GENE-11269,NO,137,71.3,65.7,0.914,-0.1,6.9e-01,1.0e+00,0.9554,3297,88,46,80,78,74,45
GENE-11866,NO,805,385.7,419.3,1.088,0.1,6.9e-01,1.0e+00,0.9554,3298,514,392,251,323,526,409
GENE-9384,NO,306,150,156,1.039,0.1,6.9e-01,1.0e+00,0.9554,3299,155,151,144,159,152,157
GENE-2224,NO,33.7,16,17.7,1.095,0.1,6.9e-01,1.0e+00,0.9554,3300,18,20,10,19,20,14
GENE-1169,NO,27.3,14.7,12.7,0.859,-0.2,6.9e-01,1.0e+00,0.9554,3301,15,14,15,25,7,6
GENE-2528,NO,4294.3,2218,2076.3,0.936,-0.1,7.0e-01,1.0e+00,0.9554,3302,1803,2771,2080,2031,1621,2577
GENE-5692,NO,697.7,340.7,357,1.049,0.1,7.0e-01,1.0e+00,0.9554,3303,344,278,400,354,355,362
GENE-18980,NO,1044,509.3,534.7,1.05,0.1,7.0e-01,1.0e+00,0.9554,3304,476,617,435,488,558,558
GENE-7501,NO,99.3,46.7,52.7,1.12,0.2,7.0e-01,1.0e+00,0.9554,3305,66,42,32,34,81,43
GENE-8411,NO,150,76.7,73.3,0.954,-0.1,7.0e-01,1.0e+00,0.9554,3306,75,76,79,76,81,63
GENE-13308,NO,465,228,237,1.039,0.1,7.0e-01,1.0e+00,0.9554,3307,246,210,228,233,233,245
GENE-10365,NO,90.7,47,43.7,0.923,-0.1,7.0e-01,1.0e+00,0.9554,3308,51,33,57,53,46,32
GENE-18387,NO,259.3,142.3,117,0.823,-0.3,7.0e-01,1.0e+00,0.9554,3309,71,85,271,39,202,110
GENE-740,NO,438.3,214.7,223.7,1.041,0.1,7.0e-01,1.0e+00,0.9554,3310,220,193,231,231,223,217
GENE-5115,NO,706.3,360,346.3,0.963,-0.1,7.0e-01,1.0e+00,0.9554,3310,366,372,342,367,352,320
GENE-6417,NO,170,87.3,82.7,0.943,-0.1,7.0e-01,1.0e+00,0.9554,3311,71,85,106,75,95,78
GENE-11163,NO,54,25.7,28.3,1.095,0.1,7.0e-01,1.0e+00,0.9554,3312,17,35,25,21,31,33
GENE-12165,NO,12820.7,6296.3,6524.3,1.036,0.1,7.0e-01,1.0e+00,0.9554,3313,6051,6300,6538,6196,7056,6321
GENE-4516,NO,24.3,11.3,13,1.138,0.2,7.0e-01,1.0e+00,0.9554,3314,12,6,16,9,10,20
GENE-12404,NO,274.7,141.7,133,0.937,-0.1,7.0e-01,1.0e+00,0.9554,3315,124,146,155,165,95,139
GENE-17740,NO,66.7,32,34.7,1.075,0.1,7.0e-01,1.0e+00,0.9554,3316,22,33,41,36,33,35
GENE-9406,NO,25.3,12,13.3,1.102,0.1,7.0e-01,1.0e+00,0.9554,3317,14,10,12,14,18,8
GENE-1578,NO,91,44,47,1.06,0.1,7.0e-01,1.0e+00,0.9554,3318,44,43,45,51,36,54
GENE-17025,NO,368.3,180,188.3,1.045,0.1,7.0e-01,1.0e+00,0.9554,3319,201,156,183,198,183,184
GENE-9006,NO,175.3,90.3,85,0.938,-0.1,7.0e-01,1.0e+00,0.9554,3320,109,94,68,97,88,70
GENE-9962,NO,3688,1878.3,1809.7,0.964,-0.1,7.0e-01,1.0e+00,0.9554,3321,1991,1754,1890,1786,1689,1954
GENE-4824,NO,235.3,124.3,111,0.891,-0.2,7.0e-01,1.0e+00,0.9554,3322,174,132,67,118,149,66
GENE-19145,NO,597.7,293,304.7,1.04,0.1,7.0e-01,1.0e+00,0.9554,3323,284,311,284,321,272,321
GENE-477,NO,792.7,404,388.7,0.962,-0.1,7.0e-01,1.0e+00,0.9554,3324,436,391,385,389,360,417
GENE-4831,NO,1967.3,962,1005.3,1.045,0.1,7.0e-01,1.0e+00,0.9554,3325,903,1081,902,935,1154,927
GENE-480,NO,22.3,10.7,11.7,1.085,0.1,7.0e-01,1.0e+00,0.9554,3326,13,9,10,12,14,9
GENE-16066,NO,212.3,109,103.3,0.944,-0.1,7.0e-01,1.0e+00,0.9554,3327,126,119,82,107,93,110
GENE-11963,NO,1251.3,614.7,636.7,1.035,0.1,7.0e-01,1.0e+00,0.9554,3328,624,629,591,621,621,668
GENE-2480,NO,411.3,209.7,201.7,0.96,-0.1,7.0e-01,1.0e+00,0.9554,3329,199,208,222,194,226,185
GENE-17893,NO,21.7,11.3,10.3,0.906,-0.1,7.0e-01,1.0e+00,0.9554,3330,15,8,11,14,8,9
GENE-13032,NO,37.3,16.7,20.7,1.229,0.3,7.0e-01,1.0e+00,0.9554,3331,2,17,31,32,12,18
GENE-6363,NO,81,39.3,41.7,1.051,0.1,7.0e-01,1.0e+00,0.9554,3331,34,42,42,43,41,41
GENE-9346,NO,467.3,238.3,229,0.962,-0.1,7.0e-01,1.0e+00,0.9554,3332,224,238,253,210,236,241
GENE-5887,NO,2199,1050.3,1148.7,1.093,0.1,7.0e-01,1.0e+00,0.9554,3333,1525,953,673,1373,1215,858
GENE-2533,NO,196.7,102,94.7,0.925,-0.1,7.0e-01,1.0e+00,0.9554,3334,78,105,123,131,80,73
GENE-1233,NO,86.7,44.7,42,0.934,-0.1,7.0e-01,1.0e+00,0.9554,3335,43,45,46,57,33,36
GENE-14748,NO,108,52.3,55.7,1.056,0.1,7.0e-01,1.0e+00,0.9554,3336,53,46,58,63,58,46
GENE-6368,NO,23,11,12,1.082,0.1,7.0e-01,1.0e+00,0.9554,3337,11,9,13,15,11,10
GENE-4420,NO,30,14.3,15.7,1.084,0.1,7.0e-01,1.0e+00,0.9554,3338,12,15,16,20,11,16
GENE-13645,NO,662.7,314.7,348,1.104,0.1,7.0e-01,1.0e+00,0.9554,3339,228,487,229,362,244,438
GENE-6413,NO,35.3,17,18.3,1.07,0.1,7.0e-01,1.0e+00,0.9554,3340,18,16,17,23,15,17
GENE-10337,NO,101,52,49,0.936,-0.1,7.0e-01,1.0e+00,0.9554,3341,51,55,50,60,34,53
GENE-11884,NO,434.3,212.3,222,1.044,0.1,7.0e-01,1.0e+00,0.9554,3342,215,202,220,259,206,201
GENE-12677,NO,65.7,31.3,34.3,1.087,0.1,7.0e-01,1.0e+00,0.9554,3343,35,40,19,29,38,36
GENE-11134,NO,40.3,20.7,19.7,0.945,-0.1,7.0e-01,1.0e+00,0.9554,3344,23,19,20,21,19,19
GENE-17981,NO,714.3,388,326.3,0.842,-0.2,7.0e-01,1.0e+00,0.9554,3345,318,568,278,176,673,130
GENE-505,NO,136,69.3,66.7,0.955,-0.1,7.0e-01,1.0e+00,0.9554,3346,67,73,68,74,68,58
GENE-980,NO,511,247.3,263.7,1.066,0.1,7.0e-01,1.0e+00,0.9554,3347,223,204,315,261,211,319
GENE-11362,NO,113.3,54.7,58.7,1.065,0.1,7.0e-01,1.0e+00,0.9554,3348,43,50,71,57,65,54
GENE-10301,NO,63,30.3,32.7,1.069,0.1,7.1e-01,1.0e+00,0.9554,3349,30,28,33,31,42,25
GENE-6268,NO,21.3,11.3,10,0.878,-0.2,7.1e-01,1.0e+00,0.9554,3350,10,6,18,6,14,10
GENE-5838,NO,139.7,71.3,68.3,0.955,-0.1,7.1e-01,1.0e+00,0.9554,3351,68,80,66,74,64,67
GENE-18419,NO,211,110.7,100.3,0.906,-0.1,7.1e-01,1.0e+00,0.9554,3352,63,115,154,69,106,126
GENE-9325,NO,457.7,224.3,233.3,1.04,0.1,7.1e-01,1.0e+00,0.9554,3352,221,229,223,259,232,209
GENE-1078,NO,198.7,96.7,102,1.055,0.1,7.1e-01,1.0e+00,0.9554,3353,105,76,109,110,104,92
GENE-14205,NO,91,44,47,1.06,0.1,7.1e-01,1.0e+00,0.9554,3354,37,39,56,46,46,49
GENE-16351,NO,6960.7,2730.7,4230,1.549,0.6,7.1e-01,1.0e+00,0.9554,3355,14,4061,4117,1379,539,10772
GENE-18970,NO,268,131,137,1.043,0.1,7.1e-01,1.0e+00,0.9554,3356,126,144,123,135,150,126
GENE-14663,NO,56.3,27,29.3,1.078,0.1,7.1e-01,1.0e+00,0.9554,3357,23,30,28,28,39,21
GENE-3511,NO,1648.7,807.7,841,1.041,0.1,7.1e-01,1.0e+00,0.9554,3358,901,801,721,895,764,864
GENE-7389,NO,928.7,482.3,446.3,0.926,-0.1,7.1e-01,1.0e+00,0.9554,3359,556,384,507,275,532,532
GENE-32,NO,139.7,68,71.7,1.046,0.1,7.1e-01,1.0e+00,0.9554,3360,72,63,69,80,70,65
GENE-18005,NO,2614.7,1336.7,1278,0.956,-0.1,7.1e-01,1.0e+00,0.9554,3361,1520,1245,1245,1471,1257,1106
GENE-16281,NO,825.7,422.7,403,0.953,-0.1,7.1e-01,1.0e+00,0.9554,3362,357,451,460,449,423,337
GENE-11439,NO,41,19,22,1.148,0.2,7.1e-01,1.0e+00,0.9554,3363,24,23,10,11,37,18
GENE-1113,NO,266,137,129,0.94,-0.1,7.1e-01,1.0e+00,0.9554,3364,120,111,180,115,124,148
GENE-4807,NO,241.7,130,111.7,0.861,-0.2,7.1e-01,1.0e+00,0.9554,3365,81,230,79,166,118,51
GENE-16546,NO,155,71.7,83.3,1.162,0.2,7.1e-01,1.0e+00,0.9554,3366,48,139,28,76,109,65
GENE-13405,NO,5637,2766.7,2870.3,1.037,0.1,7.1e-01,1.0e+00,0.9554,3367,2506,2949,2845,2649,3037,2925
GENE-6685,NO,30.7,16,14.7,0.911,-0.1,7.1e-01,1.0e+00,0.9554,3368,20,12,16,19,16,9
GENE-19150,NO,36.7,17.7,19,1.067,0.1,7.1e-01,1.0e+00,0.9554,3369,16,17,20,15,21,21
GENE-9254,NO,160.7,83.3,77.3,0.922,-0.1,7.1e-01,1.0e+00,0.9554,3370,96,51,103,62,95,75
GENE-824,NO,319,150.3,168.7,1.121,0.2,7.1e-01,1.0e+00,0.9554,3371,174,119,158,71,188,247
GENE-5053,NO,3035.7,1477.7,1558,1.054,0.1,7.1e-01,1.0e+00,0.9554,3372,1301,1494,1638,1729,1764,1181
GENE-8045,NO,6379,2922.3,3456.7,1.183,0.2,7.1e-01,1.0e+00,0.9554,3373,922,5794,2051,3820,4376,2174
GENE-2739,NO,91.3,44,47.3,1.068,0.1,7.1e-01,1.0e+00,0.9554,3374,51,30,51,51,45,46
GENE-19751,NO,22.7,11.7,11,0.937,-0.1,7.1e-01,1.0e+00,0.9554,3374,13,12,10,11,11,11
GENE-1275,NO,86.3,41.7,44.7,1.064,0.1,7.1e-01,1.0e+00,0.9554,3375,38,51,36,44,53,37
GENE-15218,NO,300,147,153,1.038,0.1,7.1e-01,1.0e+00,0.9554,3376,152,145,144,154,143,162
GENE-19534,NO,205.3,104.7,100.7,0.958,-0.1,7.1e-01,1.0e+00,0.9554,3377,108,109,97,93,95,114
GENE-11724,NO,524.3,272,252.3,0.929,-0.1,7.1e-01,1.0e+00,0.9554,3378,285,177,354,243,209,305
GENE-14497,NO,17,9,8,0.884,-0.2,7.1e-01,1.0e+00,0.9554,3379,4,11,12,7,6,11
GENE-1951,NO,7088.7,3706,3382.7,0.913,-0.1,7.1e-01,1.0e+00,0.9554,3380,5795,2351,2972,4045,3318,2785
GENE-8269,NO,67.7,34.7,33,0.945,-0.1,7.1e-01,1.0e+00,0.9554,3381,38,27,39,34,32,33
GENE-3992,NO,27,12.7,14.3,1.122,0.2,7.1e-01,1.0e+00,0.9554,3382,11,15,12,17,6,20
GENE-13360,NO,17766,9191,8575,0.933,-0.1,7.1e-01,1.0e+00,0.9554,3383,9248,7767,10558,5776,8463,11486
GENE-4546,NO,4778,2291,2487,1.086,0.1,7.1e-01,1.0e+00,0.9554,3384,1934,2613,2326,3747,1657,2057
GENE-3433,NO,6304.3,2975,3329.3,1.119,0.2,7.1e-01,1.0e+00,0.9554,3385,1512,4079,3334,3701,4375,1912
GENE-2656,NO,483.7,253,230.7,0.912,-0.1,7.1e-01,1.0e+00,0.9554,3386,185,237,337,208,336,148
GENE-8705,NO,1537.3,753.7,783.7,1.04,0.1,7.1e-01,1.0e+00,0.9554,3387,648,771,842,803,745,803
GENE-10791,NO,438.3,227.3,211,0.93,-0.1,7.2e-01,1.0e+00,0.9554,3388,237,294,151,169,207,257
GENE-8277,NO,431.7,221.7,210,0.949,-0.1,7.2e-01,1.0e+00,0.9554,3389,253,246,166,229,204,197
GENE-4072,NO,25.3,13.3,12,0.894,-0.2,7.2e-01,1.0e+00,0.9554,3390,16,11,13,7,20,9
GENE-9421,NO,494.7,241,253.7,1.053,0.1,7.2e-01,1.0e+00,0.9554,3391,292,199,232,230,298,233
GENE-1606,NO,1412.7,692.3,720.3,1.04,0.1,7.2e-01,1.0e+00,0.9554,3392,673,626,778,797,667,697
GENE-10671,NO,41.3,19.7,21.7,1.093,0.1,7.2e-01,1.0e+00,0.9554,3393,17,20,22,21,31,13
GENE-3357,NO,27,14,13,0.923,-0.1,7.2e-01,1.0e+00,0.9554,3394,16,11,15,14,9,16
GENE-17532,NO,22,11.7,10.3,0.881,-0.2,7.2e-01,1.0e+00,0.9554,3395,15,4,16,10,9,12
GENE-2125,NO,1236,634.3,601.7,0.948,-0.1,7.2e-01,1.0e+00,0.9554,3395,561,751,591,635,700,470
GENE-18310,NO,52.3,25,27.3,1.085,0.1,7.2e-01,1.0e+00,0.9554,3396,15,32,28,27,31,24
GENE-8838,NO,224,114.3,109.7,0.958,-0.1,7.2e-01,1.0e+00,0.9554,3397,125,120,98,103,116,110
GENE-16125,NO,567,277,290,1.047,0.1,7.2e-01,1.0e+00,0.9554,3398,305,281,245,345,259,266
GENE-12144,NO,62,30,32,1.059,0.1,7.2e-01,1.0e+00,0.9554,3399,29,35,26,28,31,37
GENE-11159,NO,430.7,211.3,219.3,1.037,0.1,7.2e-01,1.0e+00,0.9554,3400,216,197,221,206,231,221
GENE-19525,NO,324,158.7,165.3,1.039,0.1,7.2e-01,1.0e+00,0.9554,3401,159,149,168,151,171,174
GENE-11915,NO,40.7,19.7,21,1.06,0.1,7.2e-01,1.0e+00,0.9554,3402,21,22,16,20,21,22
GENE-13026,NO,261.3,133.3,128,0.958,-0.1,7.2e-01,1.0e+00,0.9554,3403,134,125,141,113,147,124
GENE-10174,NO,1269.7,655.7,614,0.937,-0.1,7.2e-01,1.0e+00,0.9554,3404,767,736,464,500,763,579
GENE-13213,NO,379.3,185.7,193.7,1.041,0.1,7.2e-01,1.0e+00,0.9554,3405,179,193,185,221,186,174
GENE-6745,NO,435.7,223.3,212.3,0.95,-0.1,7.2e-01,1.0e+00,0.9554,3406,195,221,254,220,250,167
GENE-9526,NO,102.3,49.3,53,1.067,0.1,7.2e-01,1.0e+00,0.9554,3407,64,38,46,55,60,44
GENE-8633,NO,513.3,248.7,264.7,1.066,0.1,7.2e-01,1.0e+00,0.9554,3408,275,193,278,201,344,249
GENE-4557,NO,2429.3,1168,1261.3,1.08,0.1,7.2e-01,1.0e+00,0.9554,3409,846,1013,1645,961,1583,1240
GENE-17710,NO,563,272.3,290.7,1.069,0.1,7.2e-01,1.0e+00,0.9554,3410,258,259,300,377,189,306
GENE-16722,NO,245.7,119.7,126,1.051,0.1,7.2e-01,1.0e+00,0.9554,3411,125,133,101,147,106,125
GENE-10723,NO,191.7,86.7,105,1.207,0.3,7.2e-01,1.0e+00,0.9554,3412,41,54,165,211,51,53
GENE-16097,NO,142,72.3,69.7,0.956,-0.1,7.2e-01,1.0e+00,0.9554,3413,81,70,66,76,63,70
GENE-2166,NO,56.3,26.7,29.7,1.104,0.1,7.2e-01,1.0e+00,0.9554,3414,16,37,27,24,23,42
GENE-7338,NO,39704,20244,19460,0.961,-0.1,7.2e-01,1.0e+00,0.9554,3415,17662,19717,23353,18014,20852,19514
GENE-865,NO,95,48.3,46.7,0.959,-0.1,7.2e-01,1.0e+00,0.9554,3416,47,48,50,44,49,47
GENE-3123,NO,25.7,13.7,12,0.872,-0.2,7.2e-01,1.0e+00,0.9554,3417,10,18,13,12,20,4
GENE-2098,NO,52.3,25.3,27,1.058,0.1,7.2e-01,1.0e+00,0.9554,3417,30,25,21,25,29,27
GENE-1787,NO,184,86,98,1.135,0.2,7.2e-01,1.0e+00,0.9554,3418,37,109,112,61,81,152
GENE-9703,NO,187,89.7,97.3,1.081,0.1,7.2e-01,1.0e+00,0.9554,3419,71,134,64,108,88,96
GENE-15152,NO,23.7,12.3,11.3,0.913,-0.1,7.2e-01,1.0e+00,0.9554,3420,17,12,8,14,9,11
GENE-17902,NO,25.3,13.3,12,0.895,-0.2,7.2e-01,1.0e+00,0.9554,3421,17,14,9,10,7,19
GENE-1289,NO,322,156.3,165.7,1.059,0.1,7.2e-01,1.0e+00,0.9554,3422,188,124,157,133,172,192
GENE-3819,NO,9022.3,4389,4633.3,1.056,0.1,7.2e-01,1.0e+00,0.9554,3423,5030,3375,4762,3811,4644,5445
GENE-15286,NO,27.3,14.3,13,0.901,-0.2,7.2e-01,1.0e+00,0.9554,3424,20,16,7,11,16,12
GENE-9951,NO,94.7,45.3,49.3,1.08,0.1,7.2e-01,1.0e+00,0.9554,3425,48,43,45,64,55,29
GENE-9571,NO,74.3,39,35.3,0.9,-0.2,7.2e-01,1.0e+00,0.9554,3426,47,20,50,41,22,43
GENE-18773,NO,654.3,335.3,319,0.953,-0.1,7.2e-01,1.0e+00,0.9554,3427,314,390,302,334,365,258
GENE-10198,NO,98.7,47.3,51.3,1.076,0.1,7.2e-01,1.0e+00,0.9554,3428,35,61,46,48,40,66
GENE-19141,NO,880,429,451,1.051,0.1,7.2e-01,1.0e+00,0.9554,3429,362,469,456,545,440,368
GENE-506,NO,1335,655.7,679.3,1.036,0.1,7.2e-01,1.0e+00,0.9554,3430,594,676,697,666,645,727
GENE-12298,NO,207.3,106,101.3,0.955,-0.1,7.2e-01,1.0e+00,0.9554,3431,97,128,93,104,104,96
GENE-1374,NO,52.7,27,25.7,0.944,-0.1,7.2e-01,1.0e+00,0.9554,3432,30,28,23,29,27,21
GENE-13711,NO,27,14.3,12.7,0.878,-0.2,7.2e-01,1.0e+00,0.9554,3433,12,12,19,9,23,6
GENE-12863,NO,3129.7,1601.3,1528.3,0.955,-0.1,7.2e-01,1.0e+00,0.9554,3434,1656,1588,1560,1447,1895,1243
GENE-18930,NO,2389.3,1172.3,1217,1.038,0.1,7.2e-01,1.0e+00,0.9554,3435,1046,1175,1296,1110,1223,1318
GENE-12483,NO,596.3,287,309.3,1.079,0.1,7.2e-01,1.0e+00,0.9554,3436,328,234,299,275,207,446
GENE-14158,NO,555.3,283,272.3,0.963,-0.1,7.2e-01,1.0e+00,0.9554,3437,261,322,266,264,275,278
GENE-16589,NO,59.3,30.7,28.7,0.928,-0.1,7.2e-01,1.0e+00,0.9554,3438,34,29,29,24,41,21
GENE-1110,NO,1096,537.7,558.3,1.038,0.1,7.2e-01,1.0e+00,0.9554,3438,509,514,590,603,573,499
GENE-11580,NO,5951.7,3117.3,2834.3,0.909,-0.1,7.2e-01,1.0e+00,0.9554,3439,2769,3651,2932,1437,4347,2719
GENE-4812,NO,1314.7,644,670.7,1.042,0.1,7.2e-01,1.0e+00,0.9554,3440,746,590,596,593,723,696
GENE-15451,NO,537,279.3,257.7,0.923,-0.1,7.2e-01,1.0e+00,0.9554,3441,372,196,270,273,171,329
GENE-1582,NO,35084,16968.7,18115.3,1.068,0.1,7.2e-01,1.0e+00,0.9554,3442,18786,16398,15722,24309,11922,18115
GENE-7344,NO,187,95.3,91.7,0.958,-0.1,7.2e-01,1.0e+00,0.9554,3443,100,81,105,95,92,88
GENE-4671,NO,939,479.7,459.3,0.958,-0.1,7.2e-01,1.0e+00,0.9554,3444,422,567,450,411,506,461
GENE-14180,NO,1383.3,673.7,709.7,1.053,0.1,7.2e-01,1.0e+00,0.9554,3445,626,824,571,620,651,858
GENE-8350,NO,1130,578.3,551.7,0.953,-0.1,7.3e-01,1.0e+00,0.9554,3446,581,468,686,516,635,504
GENE-5082,NO,80.3,38.3,42,1.088,0.1,7.3e-01,1.0e+00,0.9554,3447,35,28,52,59,34,33
GENE-1609,NO,661.3,355.3,306,0.861,-0.2,7.3e-01,1.0e+00,0.9554,3448,521,123,422,132,393,393
GENE-14038,NO,245.3,126,119.3,0.945,-0.1,7.3e-01,1.0e+00,0.9554,3449,139,114,125,145,126,87
GENE-10093,NO,135.7,69.3,66.3,0.95,-0.1,7.3e-01,1.0e+00,0.9554,3450,70,68,70,81,66,52
GENE-14928,NO,147.7,70.3,77.3,1.096,0.1,7.3e-01,1.0e+00,0.9554,3451,83,70,58,64,121,47
GENE-6867,NO,123.3,57.3,66,1.143,0.2,7.3e-01,1.0e+00,0.9554,3452,107,22,43,50,69,79
GENE-14513,NO,27,13,14,1.069,0.1,7.3e-01,1.0e+00,0.9554,3453,14,11,14,16,15,11
GENE-18793,NO,65,33.3,31.7,0.943,-0.1,7.3e-01,1.0e+00,0.9554,3454,27,38,35,32,37,26
GENE-19613,NO,281.3,143,138.3,0.965,-0.1,7.3e-01,1.0e+00,0.9554,3455,153,135,141,139,141,135
GENE-617,NO,2578,1338.3,1239.7,0.926,-0.1,7.3e-01,1.0e+00,0.9554,3456,848,1437,1730,1561,926,1232
GENE-7830,NO,965.3,473,492.3,1.041,0.1,7.3e-01,1.0e+00,0.9554,3457,427,544,448,438,528,511
GENE-10731,NO,88,41.3,46.7,1.12,0.2,7.3e-01,1.0e+00,0.9554,3458,20,53,51,47,27,66
GENE-14877,NO,207,105.7,101.3,0.955,-0.1,7.3e-01,1.0e+00,0.9554,3459,103,93,121,95,93,116
GENE-12514,NO,772.3,394,378.3,0.961,-0.1,7.3e-01,1.0e+00,0.9567,3464,400,394,388,447,363,325
GENE-17347,NO,5976.7,3040,2936.7,0.966,0,7.3e-01,1.0e+00,0.9568,3466,3218,2973,2929,2637,3250,2923
GENE-3373,NO,316,153,163,1.064,0.1,7.3e-01,1.0e+00,0.9568,3467,148,152,159,225,145,119
GENE-4184,NO,39055.7,19206,19849.7,1.034,0,7.3e-01,1.0e+00,0.9568,3468,18160,20120,19338,17998,21428,20123
GENE-13296,NO,139,66.7,72.3,1.082,0.1,7.3e-01,1.0e+00,0.9568,3469,47,79,74,92,79,46
GENE-12663,NO,3121,1522.3,1598.7,1.05,0.1,7.3e-01,1.0e+00,0.9572,3471,1777,1413,1377,1391,1420,1985
GENE-19965,NO,923.7,446.7,477,1.068,0.1,7.3e-01,1.0e+00,0.9572,3472,320,477,543,370,451,610
GENE-1236,NO,94.3,45.3,49,1.072,0.1,7.3e-01,1.0e+00,0.9572,3473,52,55,29,41,54,52
GENE-15619,NO,304,157.3,146.7,0.93,-0.1,7.3e-01,1.0e+00,0.9572,3474,157,134,181,199,92,149
GENE-8565,NO,19.3,10.3,9,0.866,-0.2,7.3e-01,1.0e+00,0.9572,3474,3,15,13,12,10,5
GENE-19013,NO,1108,563.3,544.7,0.967,0,7.3e-01,1.0e+00,0.9572,3475,605,541,544,521,530,583
GENE-4808,NO,2369.7,1131,1238.7,1.095,0.1,7.3e-01,1.0e+00,0.9572,3477,1544,726,1123,802,1124,1790
GENE-14419,NO,156.3,81.3,75,0.919,-0.1,7.3e-01,1.0e+00,0.9572,3478,116,84,44,76,83,66
GENE-19905,NO,374.7,181.3,193.3,1.068,0.1,7.3e-01,1.0e+00,0.9572,3479,169,232,143,176,151,253
GENE-18925,NO,277.3,136,141.3,1.037,0.1,7.3e-01,1.0e+00,0.9574,3480,147,135,126,144,134,146
GENE-800,NO,1270,645.7,624.3,0.967,0,7.3e-01,1.0e+00,0.9574,3481,699,609,629,644,572,657
GENE-1213,NO,479,245,234,0.955,-0.1,7.3e-01,1.0e+00,0.9574,3482,224,213,298,245,204,253
GENE-4600,NO,285.3,150.7,134.7,0.894,-0.2,7.3e-01,1.0e+00,0.9575,3483,83,110,259,184,99,121
GENE-9727,NO,629.3,332.7,296.7,0.892,-0.2,7.3e-01,1.0e+00,0.9575,3484,430,201,367,292,135,463
GENE-15570,NO,2155.3,1098.3,1057,0.962,-0.1,7.3e-01,1.0e+00,0.9575,3485,985,1247,1063,1096,1141,934
GENE-16120,NO,1744.3,888,856.3,0.965,-0.1,7.3e-01,1.0e+00,0.9575,3486,918,863,883,734,904,931
GENE-13061,NO,846,432.3,413.7,0.957,-0.1,7.3e-01,1.0e+00,0.958,3489,498,373,426,394,485,362
GENE-2750,NO,115,59,56,0.943,-0.1,7.3e-01,1.0e+00,0.958,3490,78,49,50,53,51,64
GENE-6738,NO,25.7,12,13.7,1.129,0.2,7.3e-01,1.0e+00,0.958,3491,10,8,18,10,23,8
GENE-9261,NO,125.7,61.3,64.3,1.041,0.1,7.3e-01,1.0e+00,0.958,3492,62,60,62,66,57,70
GENE-18815,NO,1886.7,959,927.7,0.968,0,7.3e-01,1.0e+00,0.9595,3498,918,1056,903,911,894,978
GENE-15676,NO,351.3,171.7,179.7,1.045,0.1,7.3e-01,1.0e+00,0.9595,3499,163,153,199,152,195,192
GENE-10629,NO,506,258.7,247.3,0.958,-0.1,7.4e-01,1.0e+00,0.9598,3501,263,233,280,297,226,219
GENE-5788,NO,63,29.3,33.7,1.139,0.2,7.4e-01,1.0e+00,0.9599,3503,27,30,31,12,26,63
GENE-15724,NO,762,374.3,387.7,1.036,0.1,7.4e-01,1.0e+00,0.9599,3504,327,411,385,397,399,367
GENE-9940,NO,1046.7,537,509.7,0.949,-0.1,7.4e-01,1.0e+00,0.9603,3506,654,527,430,595,523,411
GENE-6021,NO,127.3,62,65.3,1.046,0.1,7.4e-01,1.0e+00,0.9603,3507,66,67,53,70,69,57
GENE-4862,NO,120.7,61.7,59,0.95,-0.1,7.4e-01,1.0e+00,0.9603,3508,59,50,76,52,63,62
GENE-14074,NO,66,34,32,0.935,-0.1,7.4e-01,1.0e+00,0.9603,3509,41,29,32,29,24,43
GENE-9154,NO,97.7,47.3,50.3,1.056,0.1,7.4e-01,1.0e+00,0.9603,3510,55,45,42,61,50,40
GENE-579,NO,998,487.3,510.7,1.048,0.1,7.4e-01,1.0e+00,0.9603,3511,540,393,529,482,608,442
GENE-17275,NO,3506.7,1788.3,1718.3,0.961,-0.1,7.4e-01,1.0e+00,0.9603,3512,2167,1562,1636,1680,1783,1692
GENE-10229,NO,338,165.3,172.7,1.041,0.1,7.4e-01,1.0e+00,0.9603,3513,166,146,184,151,186,181
GENE-18645,NO,156.7,67.7,89,1.311,0.4,7.4e-01,1.0e+00,0.9605,3514,50,58,95,46,1,220
GENE-5674,NO,403.3,196.7,206.7,1.051,0.1,7.4e-01,1.0e+00,0.9605,3515,146,226,218,194,235,191
GENE-4922,NO,432.7,220.7,212,0.961,-0.1,7.4e-01,1.0e+00,0.9605,3516,192,253,217,228,219,189
GENE-12204,NO,402.3,215,187.3,0.871,-0.2,7.4e-01,1.0e+00,0.9605,3517,354,137,154,348,102,112
GENE-4373,NO,474.3,244.3,230,0.943,-0.1,7.4e-01,1.0e+00,0.9605,3518,262,207,264,166,218,306
GENE-12613,NO,389.7,199.7,190,0.949,-0.1,7.4e-01,1.0e+00,0.9608,3520,168,197,234,164,240,166
GENE-17526,NO,7131.7,3486.3,3645.3,1.046,0.1,7.4e-01,1.0e+00,0.9614,3524,3333,3153,3973,4494,3187,3255
GENE-3752,NO,722.7,377.7,345,0.914,-0.1,7.4e-01,1.0e+00,0.9614,3525,324,547,262,439,397,199
GENE-12312,NO,722.3,350.3,372,1.062,0.1,7.4e-01,1.0e+00,0.9614,3525,408,296,347,461,405,250
GENE-5068,NO,81.7,39.3,42.3,1.068,0.1,7.4e-01,1.0e+00,0.9614,3526,35,52,31,33,51,43
GENE-7703,NO,754.7,362.3,392.3,1.084,0.1,7.4e-01,1.0e+00,0.9615,3528,310,252,525,520,384,273
GENE-14054,NO,170,82.7,87.3,1.053,0.1,7.4e-01,1.0e+00,0.9615,3529,61,99,88,81,86,95
GENE-7121,NO,91.3,44,47.3,1.068,0.1,7.4e-01,1.0e+00,0.9615,3530,40,43,49,31,49,62
GENE-9879,NO,3235.7,1591,1644.7,1.034,0,7.4e-01,1.0e+00,0.9615,3531,1699,1553,1521,1594,1500,1840
GENE-13735,NO,1145.3,559.3,586,1.048,0.1,7.4e-01,1.0e+00,0.9615,3531,571,561,546,474,528,756
GENE-793,NO,23.7,11.3,12.3,1.079,0.1,7.4e-01,1.0e+00,0.9615,3532,8,13,13,11,10,16
GENE-3832,NO,140.3,67.7,72.7,1.066,0.1,7.4e-01,1.0e+00,0.9618,3534,89,60,54,92,57,69
GENE-9799,NO,592.7,288,304.7,1.059,0.1,7.4e-01,1.0e+00,0.9618,3535,341,207,316,356,319,239
GENE-53,NO,2188,1038,1150,1.108,0.1,7.4e-01,1.0e+00,0.9619,3537,1187,1271,656,1792,1097,561
GENE-14444,NO,1134.7,586,548.7,0.936,-0.1,7.4e-01,1.0e+00,0.9621,3539,811,498,449,706,487,453
GENE-7092,NO,2301.3,1213,1088.3,0.897,-0.2,7.4e-01,1.0e+00,0.9621,3540,1388,1601,650,1791,701,773
GENE-18386,NO,2259.3,1158.7,1100.7,0.95,-0.1,7.4e-01,1.0e+00,0.9626,3542,1247,1404,825,1209,1005,1088
GENE-7561,NO,62.7,32,30.7,0.952,-0.1,7.4e-01,1.0e+00,0.9626,3543,26,33,37,28,32,32
GENE-7223,NO,1365.7,694.7,671,0.966,-0.1,7.4e-01,1.0e+00,0.9626,3544,688,705,691,767,579,667
GENE-3330,NO,36,17.3,18.7,1.068,0.1,7.4e-01,1.0e+00,0.9628,3546,21,18,13,18,23,15
GENE-2118,NO,522,265.7,256.3,0.966,0,7.5e-01,1.0e+00,0.9628,3547,259,267,271,246,291,232
GENE-4478,NO,11205.3,5688,5517.3,0.97,0,7.5e-01,1.0e+00,0.9628,3548,5948,5867,5249,5131,5637,5784
GENE-15889,NO,366.3,186.7,179.7,0.961,-0.1,7.5e-01,1.0e+00,0.9628,3549,191,204,165,166,210,163
GENE-2929,NO,379,199.3,179.7,0.9,-0.2,7.5e-01,1.0e+00,0.9628,3550,149,334,115,262,135,142
GENE-4091,NO,638,332,306,0.923,-0.1,7.5e-01,1.0e+00,0.9628,3551,290,376,330,292,167,459
GENE-11953,NO,1693,862.3,830.7,0.964,-0.1,7.5e-01,1.0e+00,0.9628,3552,937,815,835,790,970,732
GENE-2268,NO,430.7,220,210.7,0.958,-0.1,7.5e-01,1.0e+00,0.9628,3553,234,225,201,167,248,217
GENE-14168,NO,34,18,16,0.884,-0.2,7.5e-01,1.0e+00,0.9628,3554,31,9,14,20,20,8
GENE-19807,NO,610.3,311,299.3,0.963,-0.1,7.5e-01,1.0e+00,0.9628,3554,340,305,288,270,278,350
GENE-1475,NO,25,10.7,14.3,1.329,0.4,7.5e-01,1.0e+00,0.9628,3555,9,23,0,29,14,0
GENE-15430,NO,109.7,53,56.7,1.062,0.1,7.5e-01,1.0e+00,0.9628,3556,64,47,48,61,40,69
GENE-230,NO,156,75.7,80.3,1.058,0.1,7.5e-01,1.0e+00,0.9628,3557,74,95,58,71,71,99
GENE-3800,NO,2705.3,1320,1385.3,1.049,0.1,7.5e-01,1.0e+00,0.9628,3558,1614,1164,1182,1571,1498,1087
GENE-12818,NO,2643,1347,1296,0.962,-0.1,7.5e-01,1.0e+00,0.9628,3559,1307,1417,1317,1559,1110,1219
GENE-12763,NO,968.3,491,477.3,0.972,0,7.5e-01,1.0e+00,0.9628,3560,511,474,488,475,475,482
GENE-7486,NO,243,118.3,124.7,1.052,0.1,7.5e-01,1.0e+00,0.9628,3561,138,85,132,120,118,136
GENE-6377,NO,2783,1363,1420,1.042,0.1,7.5e-01,1.0e+00,0.9628,3562,1188,1218,1683,1345,1537,1378
GENE-6040,NO,27,13,14,1.068,0.1,7.5e-01,1.0e+00,0.9628,3563,15,14,10,14,17,11
GENE-9963,NO,113.7,58.3,55.3,0.942,-0.1,7.5e-01,1.0e+00,0.9628,3564,42,57,76,46,57,63
GENE-16311,NO,2751,1356.3,1394.7,1.028,0,7.5e-01,1.0e+00,0.9628,3565,1413,1309,1347,1372,1397,1415
GENE-5800,NO,31.7,15.3,16.3,1.057,0.1,7.5e-01,1.0e+00,0.9628,3566,14,14,18,19,15,15
GENE-4970,NO,114,58,56,0.958,-0.1,7.5e-01,1.0e+00,0.9628,3567,54,68,52,60,56,52
GENE-4568,NO,375.7,184.7,191,1.034,0,7.5e-01,1.0e+00,0.9628,3568,172,184,198,177,207,189
GENE-11098,NO,1324.3,651.7,672.7,1.032,0,7.5e-01,1.0e+00,0.9628,3569,629,697,629,707,606,705
GENE-16537,NO,2934,1417,1517,1.071,0.1,7.5e-01,1.0e+00,0.9628,3570,1602,1586,1063,1271,1099,2181
GENE-3071,NO,62,29,33,1.129,0.2,7.5e-01,1.0e+00,0.9628,3571,14,47,26,28,18,53
GENE-9784,NO,910.7,446.7,464,1.039,0.1,7.5e-01,1.0e+00,0.9628,3572,462,401,477,388,532,472
GENE-2430,NO,29,13.7,15.3,1.113,0.2,7.5e-01,1.0e+00,0.9628,3573,22,14,5,16,14,16
GENE-12582,NO,63.3,28.7,34.7,1.201,0.3,7.5e-01,1.0e+00,0.9628,3574,14,7,65,60,24,20
GENE-2075,NO,246.3,125.7,120.7,0.958,-0.1,7.5e-01,1.0e+00,0.9628,3575,121,153,103,127,114,121
GENE-18558,NO,22.3,10.7,11.7,1.085,0.1,7.5e-01,1.0e+00,0.9628,3576,9,7,16,12,10,13
GENE-2256,NO,634,329.3,304.7,0.925,-0.1,7.5e-01,1.0e+00,0.9628,3577,379,329,280,156,368,390
GENE-8826,NO,1818,888.7,929.3,1.046,0.1,7.5e-01,1.0e+00,0.9628,3578,678,992,996,823,905,1060
GENE-7138,NO,3201.3,1632.3,1569,0.961,-0.1,7.5e-01,1.0e+00,0.9628,3579,1882,1450,1565,1695,1705,1307
GENE-5451,NO,256,130.7,125.3,0.957,-0.1,7.5e-01,1.0e+00,0.9628,3580,145,146,101,127,115,134
GENE-12746,NO,65.7,34,31.7,0.925,-0.1,7.5e-01,1.0e+00,0.9628,3580,51,24,27,29,40,26
GENE-1978,NO,422.3,204,218.3,1.069,0.1,7.5e-01,1.0e+00,0.9628,3581,212,235,165,316,184,155
GENE-14130,NO,198,95,103,1.079,0.1,7.5e-01,1.0e+00,0.9628,3582,74,145,66,128,84,97
GENE-1069,NO,32.3,15,17.3,1.145,0.2,7.5e-01,1.0e+00,0.9628,3583,22,17,6,16,29,7
GENE-16113,NO,212.3,108.7,103.7,0.953,-0.1,7.5e-01,1.0e+00,0.9628,3584,87,105,134,89,107,115
GENE-5481,NO,1068,505.3,562.7,1.113,0.2,7.5e-01,1.0e+00,0.9628,3585,784,255,477,319,840,529
GENE-18190,NO,19,9,10,1.102,0.1,7.5e-01,1.0e+00,0.9628,3586,8,7,12,5,11,14
GENE-872,NO,23,11,12,1.082,0.1,7.5e-01,1.0e+00,0.9628,3587,10,13,10,14,15,7
GENE-13642,NO,12269,6294,5975,0.949,-0.1,7.5e-01,1.0e+00,0.9628,3588,7249,6909,4724,6819,6554,4552
GENE-19662,NO,47.7,24.3,23.3,0.952,-0.1,7.5e-01,1.0e+00,0.9628,3589,25,27,21,20,26,24
GENE-3561,NO,503.3,261,242.3,0.928,-0.1,7.6e-01,1.0e+00,0.9628,3590,230,363,190,312,153,262
GENE-6856,NO,797.3,409.7,387.7,0.946,-0.1,7.6e-01,1.0e+00,0.9628,3591,343,443,443,265,488,410
GENE-9324,NO,291.7,143.3,148.3,1.032,0,7.6e-01,1.0e+00,0.9628,3592,133,149,148,146,145,154
GENE-4927,NO,24,13.7,10.3,0.754,-0.4,7.6e-01,1.0e+00,0.9628,3593,30,0,11,24,0,7
GENE-12341,NO,44.3,22.7,21.7,0.949,-0.1,7.6e-01,1.0e+00,0.9628,3594,25,25,18,24,22,19
GENE-6155,YES,2513.7,1238.3,1275.3,1.03,0,7.6e-01,1.0e+00,0.9628,3595,1343,1224,1148,1258,1330,1238
GENE-7299,NO,1597.3,815.3,782,0.959,-0.1,7.6e-01,1.0e+00,0.9628,3596,858,799,789,886,868,592
GENE-7232,NO,35,18,17,0.938,-0.1,7.6e-01,1.0e+00,0.9628,3597,16,14,24,15,16,20
GENE-3267,NO,134.7,65,69.7,1.064,0.1,7.6e-01,1.0e+00,0.9628,3598,61,66,68,43,88,78
GENE-10312,NO,545.7,265,280.7,1.061,0.1,7.6e-01,1.0e+00,0.9628,3599,288,207,300,291,359,192
GENE-16723,NO,3411.7,1730.7,1681,0.971,0,7.6e-01,1.0e+00,0.9628,3600,1733,1678,1781,1825,1671,1547
GENE-18923,NO,1475.3,724,751.3,1.038,0.1,7.6e-01,1.0e+00,0.9628,3601,835,753,584,750,757,747
GENE-14704,NO,169.3,77.7,91.7,1.176,0.2,7.6e-01,1.0e+00,0.9628,3602,158,53,22,59,160,56
GENE-5909,NO,114,55.7,58.3,1.04,0.1,7.6e-01,1.0e+00,0.9628,3603,63,48,56,55,61,59
GENE-8988,NO,1487,729,758,1.04,0.1,7.6e-01,1.0e+00,0.9628,3604,642,824,721,652,734,888
GENE-9412,NO,105.7,51.3,54.3,1.05,0.1,7.6e-01,1.0e+00,0.9628,3605,45,66,43,56,51,56
GENE-6500,NO,1610.3,780.3,830,1.064,0.1,7.6e-01,1.0e+00,0.963,3607,809,743,789,878,1112,500
GENE-13155,NO,164,83.3,80.7,0.965,-0.1,7.6e-01,1.0e+00,0.9633,3609,81,86,83,91,74,77
GENE-1239,NO,410.3,201.7,208.7,1.034,0,7.6e-01,1.0e+00,0.9638,3612,215,177,213,200,224,202
GENE-14829,NO,253.3,129.3,124,0.957,-0.1,7.6e-01,1.0e+00,0.964,3613,136,128,124,103,157,112
GENE-9198,NO,361,184,177,0.962,-0.1,7.6e-01,1.0e+00,0.964,3614,155,177,220,175,170,186
GENE-17911,NO,43.3,22.3,21,0.934,-0.1,7.6e-01,1.0e+00,0.964,3615,24,17,26,27,14,22
GENE-2127,NO,303.3,155,148.3,0.955,-0.1,7.6e-01,1.0e+00,0.964,3616,185,117,163,156,129,160
GENE-3283,NO,95,46.3,48.7,1.043,0.1,7.6e-01,1.0e+00,0.964,3617,53,38,48,51,47,48
GENE-16360,NO,329.7,169.3,160.3,0.944,-0.1,7.6e-01,1.0e+00,0.964,3618,208,164,136,133,217,131
GENE-10289,NO,270.7,137.7,133,0.964,-0.1,7.6e-01,1.0e+00,0.964,3619,121,160,132,144,123,132
GENE-1792,NO,26.7,14,12.7,0.9,-0.2,7.6e-01,1.0e+00,0.964,3620,11,8,23,16,7,15
GENE-15349,NO,154.7,78.7,76,0.963,-0.1,7.6e-01,1.0e+00,0.964,3621,87,80,69,82,77,69
GENE-11797,NO,40.7,19.7,21,1.059,0.1,7.6e-01,1.0e+00,0.964,3622,16,26,17,19,23,21
GENE-13266,NO,4946,2429.3,2516.7,1.036,0.1,7.6e-01,1.0e+00,0.964,3623,2226,2541,2521,2324,2238,2988
GENE-1325,NO,24.3,12.7,11.7,0.915,-0.1,7.6e-01,1.0e+00,0.964,3624,17,11,10,15,6,14
GENE-12627,NO,45,23,22,0.95,-0.1,7.6e-01,1.0e+00,0.964,3624,28,19,22,21,25,20
GENE-7962,NO,1877.7,907.3,970.3,1.07,0.1,7.6e-01,1.0e+00,0.964,3625,1035,913,774,741,697,1473
GENE-16493,NO,326,165.7,160.3,0.967,0,7.6e-01,1.0e+00,0.964,3626,147,185,165,167,148,166
GENE-2375,NO,206,81,125,1.545,0.6,7.6e-01,1.0e+00,0.964,3627,0,243,0,40,0,335
GENE-14811,NO,51.3,24.7,26.7,1.073,0.1,7.6e-01,1.0e+00,0.964,3628,33,15,26,33,23,24
GENE-2839,NO,505,248.3,256.7,1.034,0,7.6e-01,1.0e+00,0.964,3629,230,251,264,245,231,294
GENE-9307,NO,35.7,18.3,17.3,0.939,-0.1,7.6e-01,1.0e+00,0.964,3630,20,16,19,14,24,14
GENE-3435,NO,223.7,108.7,115,1.054,0.1,7.6e-01,1.0e+00,0.964,3631,128,92,106,120,83,142
GENE-10868,NO,159.7,78.3,81.3,1.035,0,7.6e-01,1.0e+00,0.964,3632,80,76,79,77,76,91
GENE-4531,NO,231.3,109,122.3,1.12,0.2,7.6e-01,1.0e+00,0.964,3633,121,160,46,182,62,123
GENE-18652,NO,228.3,118,110.3,0.933,-0.1,7.6e-01,1.0e+00,0.964,3634,112,125,117,67,165,99
GENE-5450,NO,258,126,132,1.045,0.1,7.6e-01,1.0e+00,0.964,3635,105,122,151,125,156,115
GENE-9813,NO,259.7,125.7,134,1.063,0.1,7.6e-01,1.0e+00,0.964,3636,90,173,114,139,159,104
GENE-5269,NO,287,145.7,141.3,0.968,0,7.6e-01,1.0e+00,0.964,3637,130,158,149,147,131,146
GENE-5214,NO,277.3,136.3,141,1.032,0,7.6e-01,1.0e+00,0.964,3638,133,132,144,130,146,147
GENE-13570,NO,7028,3441,3587,1.042,0.1,7.6e-01,1.0e+00,0.964,3639,2589,3834,3900,3692,3232,3837
GENE-5274,NO,102.3,52.3,50,0.949,-0.1,7.6e-01,1.0e+00,0.964,3640,47,49,61,54,36,60
GENE-9211,NO,102.7,50,52.7,1.046,0.1,7.7e-01,1.0e+00,0.964,3641,54,46,50,44,49,65
GENE-7352,NO,410.7,211.7,199,0.941,-0.1,7.7e-01,1.0e+00,0.964,3642,145,181,309,201,187,209
GENE-18744,NO,52.3,25.3,27,1.058,0.1,7.7e-01,1.0e+00,0.964,3643,22,21,33,22,31,28
GENE-9173,NO,705.3,345,360.3,1.045,0.1,7.7e-01,1.0e+00,0.964,3644,260,341,434,346,355,380
GENE-19131,NO,1151,567.3,583.7,1.028,0,7.7e-01,1.0e+00,0.964,3645,579,553,570,571,635,545
GENE-14406,NO,1298,634.3,663.7,1.047,0.1,7.7e-01,1.0e+00,0.964,3646,516,626,761,523,782,686
GENE-11007,NO,3489,1772.7,1716.3,0.968,0,7.7e-01,1.0e+00,0.964,3647,1575,1801,1942,1825,1818,1506
GENE-14585,NO,2839.7,1396,1443.7,1.034,0,7.7e-01,1.0e+00,0.964,3648,1178,1641,1369,1423,1455,1453
GENE-18691,NO,81,41.3,39.7,0.953,-0.1,7.7e-01,1.0e+00,0.964,3649,48,43,33,40,46,33
GENE-61,NO,2779.7,1364,1415.7,1.038,0.1,7.7e-01,1.0e+00,0.964,3650,1064,1541,1487,1424,1456,1367
GENE-17696,NO,438.7,224.7,214,0.951,-0.1,7.7e-01,1.0e+00,0.964,3651,226,195,253,249,244,149
GENE-17871,NO,1212.3,617,595.3,0.965,-0.1,7.7e-01,1.0e+00,0.964,3651,558,719,574,665,524,597
GENE-3976,NO,5063,2489.7,2573.3,1.033,0,7.7e-01,1.0e+00,0.964,3652,2507,2412,2550,2337,3049,2334
GENE-351,NO,773,380.7,392.3,1.031,0,7.7e-01,1.0e+00,0.964,3653,360,394,388,362,371,444
GENE-8188,NO,35,16.7,18.3,1.091,0.1,7.7e-01,1.0e+00,0.964,3654,15,23,12,19,26,10
GENE-9578,NO,130,63.7,66.3,1.034,0,7.7e-01,1.0e+00,0.964,3655,69,60,62,64,65,70
GENE-12830,NO,325.7,160,165.7,1.034,0,7.7e-01,1.0e+00,0.964,3656,158,175,147,161,150,186
GENE-4587,NO,935.3,475.7,459.7,0.966,0,7.7e-01,1.0e+00,0.964,3657,522,461,444,391,527,461
GENE-16690,NO,26.3,13.7,12.7,0.921,-0.1,7.7e-01,1.0e+00,0.964,3658,20,10,11,16,14,8
GENE-15237,NO,55.3,28.7,26.7,0.924,-0.1,7.7e-01,1.0e+00,0.964,3659,39,21,26,32,15,33
GENE-13013,NO,2102.7,1072.7,1030,0.96,-0.1,7.7e-01,1.0e+00,0.964,3660,812,1264,1142,1073,945,1072
GENE-4527,NO,1050.7,535.3,515.3,0.962,-0.1,7.7e-01,1.0e+00,0.964,3661,573,461,572,626,464,456
GENE-6837,NO,55.3,28.3,27,0.947,-0.1,7.7e-01,1.0e+00,0.964,3662,26,24,35,25,22,34
GENE-15892,NO,3545.7,1809.3,1736.3,0.96,-0.1,7.7e-01,1.0e+00,0.964,3663,1390,2188,1850,1691,1925,1593
GENE-18356,NO,757.3,388.3,369,0.95,-0.1,7.7e-01,1.0e+00,0.964,3664,280,454,431,344,456,307
GENE-12882,NO,38.3,18.3,20,1.082,0.1,7.7e-01,1.0e+00,0.964,3665,22,23,10,26,15,19
GENE-10266,NO,849,418.7,430.3,1.028,0,7.7e-01,1.0e+00,0.964,3666,400,426,430,446,401,444
GENE-12299,NO,6605.3,3239,3366.3,1.039,0.1,7.7e-01,1.0e+00,0.964,3667,2745,3325,3647,3007,4053,3039
GENE-19875,NO,92,47,45,0.951,-0.1,7.7e-01,1.0e+00,0.9641,3668,55,50,36,40,40,55
GENE-4069,NO,1817,896.7,920.3,1.026,0,7.7e-01,1.0e+00,0.9643,3670,893,912,885,923,967,871
GENE-18116,NO,74.7,38,36.7,0.958,-0.1,7.7e-01,1.0e+00,0.9643,3671,32,43,39,38,32,40
GENE-19102,NO,328.7,158.7,170,1.07,0.1,7.7e-01,1.0e+00,0.9643,3672,137,159,180,92,209,209
GENE-15804,NO,858.3,423.3,435,1.027,0,7.7e-01,1.0e+00,0.9643,3673,456,408,406,438,427,440
GENE-244,NO,153.3,73.3,80,1.088,0.1,7.7e-01,1.0e+00,0.9643,3674,39,94,87,71,54,115
GENE-8947,NO,233,112.7,120.3,1.066,0.1,7.7e-01,1.0e+00,0.9643,3675,150,103,85,96,167,98
GENE-891,NO,1123.3,569.3,554,0.973,0,7.7e-01,1.0e+00,0.9643,3676,523,594,591,558,545,559
GENE-5893,NO,87.3,42.3,45,1.055,0.1,7.7e-01,1.0e+00,0.9649,3679,43,51,33,34,47,54
GENE-930,NO,2680,1299,1381,1.063,0.1,7.7e-01,1.0e+00,0.9649,3680,1380,1399,1118,1980,1286,877
GENE-7183,NO,840.7,404.3,436.3,1.079,0.1,7.7e-01,1.0e+00,0.9649,3681,231,407,575,335,372,602
GENE-16701,NO,24.3,11.3,13,1.137,0.2,7.7e-01,1.0e+00,0.9654,3684,6,7,21,5,19,15
GENE-15488,NO,278.3,145,133.3,0.917,-0.1,7.7e-01,1.0e+00,0.9654,3685,141,180,114,64,215,121
GENE-11464,NO,116.7,56.7,60,1.051,0.1,7.8e-01,1.0e+00,0.9654,3686,74,47,49,69,61,50
GENE-7943,NO,712,351,361,1.029,0,7.8e-01,1.0e+00,0.9654,3687,334,333,386,339,371,373
GENE-8987,NO,1211,592.7,618.3,1.043,0.1,7.8e-01,1.0e+00,0.9654,3688,563,679,536,761,477,617
GENE-19462,NO,1974.3,971,1003.3,1.033,0,7.8e-01,1.0e+00,0.9654,3689,890,1003,1020,982,864,1164
GENE-14630,NO,452,222.3,229.7,1.033,0,7.8e-01,1.0e+00,0.9654,3690,221,226,220,262,194,233
GENE-3145,NO,4302,2253.3,2048.7,0.909,-0.1,7.8e-01,1.0e+00,0.9654,3691,1053,2957,2750,1311,1657,3178
GENE-7712,NO,186.7,95,91.7,0.965,-0.1,7.8e-01,1.0e+00,0.9654,3692,90,102,93,83,108,84
GENE-533,NO,70.3,34.3,36,1.041,0.1,7.8e-01,1.0e+00,0.9654,3693,32,33,38,31,37,40
GENE-8232,NO,42,20,22,1.092,0.1,7.8e-01,1.0e+00,0.9654,3693,14,18,28,11,24,31
GENE-16922,NO,41,21,20,0.946,-0.1,7.8e-01,1.0e+00,0.9654,3694,28,18,17,23,19,18
GENE-1447,NO,55.3,28.7,26.7,0.924,-0.1,7.8e-01,1.0e+00,0.9654,3695,41,29,16,36,20,24
GENE-5678,NO,901,442.7,458.3,1.036,0.1,7.8e-01,1.0e+00,0.9654,3696,414,414,500,384,524,467
GENE-10240,NO,14.3,6.7,7.7,1.138,0.2,7.8e-01,1.0e+00,0.9654,3697,2,11,7,10,10,3
GENE-12470,NO,110.3,53.3,57,1.061,0.1,7.8e-01,1.0e+00,0.9654,3698,72,34,54,50,67,54
GENE-14740,NO,190.3,97.7,92.7,0.945,-0.1,7.8e-01,1.0e+00,0.9654,3699,71,143,79,95,93,90
GENE-7613,NO,763.7,376.3,387.3,1.03,0,7.8e-01,1.0e+00,0.9654,3700,385,392,352,353,373,436
GENE-15569,NO,222.7,113,109.7,0.969,0,7.8e-01,1.0e+00,0.9654,3701,107,109,123,107,119,103
GENE-7370,NO,34,17.3,16.7,0.955,-0.1,7.8e-01,1.0e+00,0.9654,3702,18,16,18,19,14,17
GENE-568,NO,48.7,23.3,25.3,1.078,0.1,7.8e-01,1.0e+00,0.9654,3703,21,13,36,22,25,29
GENE-15287,NO,757.3,389,368.3,0.947,-0.1,7.8e-01,1.0e+00,0.9654,3704,496,312,359,252,453,400
GENE-8113,NO,24.3,12.7,11.7,0.915,-0.1,7.8e-01,1.0e+00,0.9654,3705,13,12,13,6,9,20
GENE-16191,NO,1218,630.7,587.3,0.931,-0.1,7.8e-01,1.0e+00,0.9654,3706,450,906,536,575,810,377
GENE-16766,NO,4128,2089,2039,0.976,0,7.8e-01,1.0e+00,0.9654,3707,2058,2146,2063,1970,2089,2058
GENE-13511,NO,87.3,44.7,42.7,0.948,-0.1,7.8e-01,1.0e+00,0.9654,3708,42,42,50,28,49,51
GENE-12922,NO,97.3,47.3,50,1.049,0.1,7.8e-01,1.0e+00,0.9654,3709,56,36,50,40,56,54
GENE-9444,NO,627,317.7,309.3,0.975,0,7.8e-01,1.0e+00,0.9654,3710,302,331,320,308,306,314
GENE-11052,NO,69.3,33.7,35.7,1.052,0.1,7.8e-01,1.0e+00,0.9654,3711,35,26,40,44,34,29
GENE-11929,NO,687,371.3,315.7,0.85,-0.2,7.8e-01,1.0e+00,0.9654,3712,351,359,404,27,399,521
GENE-3821,NO,547.7,269,278.7,1.037,0.1,7.8e-01,1.0e+00,0.9654,3713,273,287,247,303,315,218
GENE-7700,NO,2936.7,1429,1507.7,1.055,0.1,7.8e-01,1.0e+00,0.9654,3714,1563,1182,1542,1467,2048,1008
GENE-7127,NO,190.3,93.3,97,1.039,0.1,7.8e-01,1.0e+00,0.9654,3715,81,108,91,82,99,110
GENE-839,NO,25,13,12,0.918,-0.1,7.8e-01,1.0e+00,0.9654,3716,12,6,21,12,12,12
GENE-4826,NO,87.3,46,41.3,0.892,-0.2,7.8e-01,1.0e+00,0.9654,3717,26,39,73,71,37,16
GENE-1936,NO,4594.7,2260.3,2334.3,1.033,0,7.8e-01,1.0e+00,0.9654,3718,1902,2226,2653,2482,2214,2307
GENE-6542,NO,332,169.3,162.7,0.959,-0.1,7.8e-01,1.0e+00,0.9654,3719,197,185,126,177,144,167
GENE-5658,NO,2335,1153,1182,1.025,0,7.8e-01,1.0e+00,0.9654,3720,1149,1100,1210,1163,1158,1225
GENE-12748,NO,608,297,311,1.048,0.1,7.8e-01,1.0e+00,0.9654,3721,382,226,283,333,248,352
GENE-10614,NO,718.7,338,380.7,1.126,0.2,7.8e-01,1.0e+00,0.9654,3721,444,451,119,482,149,511
GENE-3928,NO,114.3,56,58.3,1.034,0,7.8e-01,1.0e+00,0.9654,3722,57,54,57,53,56,66
GENE-16340,NO,110.7,53.3,57.3,1.067,0.1,7.8e-01,1.0e+00,0.9654,3723,77,36,47,66,65,41
GENE-16317,NO,304.7,156.7,148,0.944,-0.1,7.8e-01,1.0e+00,0.9654,3724,126,181,163,91,165,188
GENE-18911,NO,3853.3,1952.7,1900.7,0.973,0,7.8e-01,1.0e+00,0.9654,3725,1968,2065,1825,2019,1702,1981
GENE-464,NO,699,340,359,1.057,0.1,7.8e-01,1.0e+00,0.9654,3726,342,327,351,336,512,229
GENE-10701,NO,529,260.7,268.3,1.03,0,7.8e-01,1.0e+00,0.9654,3727,286,266,230,250,270,285
GENE-6590,NO,1274.3,646.3,628,0.971,0,7.8e-01,1.0e+00,0.9654,3728,640,610,689,543,651,690
GENE-15257,NO,319.7,162,157.7,0.972,0,7.9e-01,1.0e+00,0.9654,3729,173,164,149,163,160,150
GENE-13598,NO,23,12,11,0.911,-0.1,7.9e-01,1.0e+00,0.9654,3730,16,6,14,6,16,11
GENE-13722,NO,727.3,350,377.3,1.079,0.1,7.9e-01,1.0e+00,0.9654,3731,356,236,458,218,576,338
GENE-5148,NO,1424,724,700,0.967,0,7.9e-01,1.0e+00,0.9654,3732,726,790,656,818,695,587
GENE-3830,NO,276.3,142.3,134,0.94,-0.1,7.9e-01,1.0e+00,0.9654,3733,156,89,182,112,112,178
GENE-16031,NO,115,60,55,0.911,-0.1,7.9e-01,1.0e+00,0.9654,3734,37,62,81,60,23,82
GENE-17549,NO,94.3,48,46.3,0.958,-0.1,7.9e-01,1.0e+00,0.9654,3735,57,49,38,48,51,40
GENE-16059,NO,919.3,470.7,448.7,0.953,-0.1,7.9e-01,1.0e+00,0.9654,3736,454,358,600,479,342,525
GENE-5632,NO,212,102.7,109.3,1.06,0.1,7.9e-01,1.0e+00,0.9654,3737,85,142,81,144,99,85
GENE-12164,NO,46.7,24,22.7,0.937,-0.1,7.9e-01,1.0e+00,0.9654,3738,16,32,24,16,27,25
GENE-958,NO,7409.7,3800.7,3609,0.95,-0.1,7.9e-01,1.0e+00,0.9654,3739,3897,2527,4978,3226,4355,3246
GENE-10568,NO,1721,827,894,1.081,0.1,7.9e-01,1.0e+00,0.9654,3740,1159,500,822,875,524,1283
GENE-1091,NO,45.7,23.7,22,0.924,-0.1,7.9e-01,1.0e+00,0.9654,3741,34,15,22,20,14,32
GENE-1337,NO,1354.7,689.3,665.3,0.965,-0.1,7.9e-01,1.0e+00,0.9654,3742,807,534,727,693,680,623
GENE-16901,NO,762.7,387.7,375,0.968,0,7.9e-01,1.0e+00,0.9654,3743,443,373,347,403,403,319
GENE-4608,NO,188.3,96.3,92,0.955,-0.1,7.9e-01,1.0e+00,0.9654,3744,122,78,89,79,112,85
GENE-17319,NO,95.7,46.3,49.3,1.057,0.1,7.9e-01,1.0e+00,0.9654,3745,44,34,61,39,63,46
GENE-17651,NO,1118.3,551,567.3,1.03,0,7.9e-01,1.0e+00,0.9654,3746,580,555,518,516,525,661
GENE-10554,NO,5266,2673.3,2592.7,0.97,0,7.9e-01,1.0e+00,0.9654,3747,2537,3118,2365,2401,2547,2830
GENE-12148,NO,32.7,15.7,17,1.077,0.1,7.9e-01,1.0e+00,0.9654,3748,22,15,10,11,22,18
GENE-7820,NO,43,22,21,0.948,-0.1,7.9e-01,1.0e+00,0.9654,3749,15,24,27,19,24,20
GENE-13733,NO,187.7,91.7,96,1.044,0.1,7.9e-01,1.0e+00,0.9654,3749,101,67,107,96,107,85
GENE-7096,NO,171,88,83,0.937,-0.1,7.9e-01,1.0e+00,0.9654,3750,106,45,113,85,90,74
GENE-8948,NO,252.3,122,130.3,1.066,0.1,7.9e-01,1.0e+00,0.9654,3751,89,125,152,112,88,191
GENE-9391,NO,381.7,179.7,202,1.125,0.2,7.9e-01,1.0e+00,0.9654,3752,285,48,206,183,119,304
GENE-9853,NO,3124,1625.3,1498.7,0.922,-0.1,7.9e-01,1.0e+00,0.9654,3753,2416,1495,965,1375,2235,886
GENE-13961,NO,26,13.3,12.7,0.944,-0.1,7.9e-01,1.0e+00,0.9654,3754,17,12,11,12,10,16
GENE-8453,NO,1040,508,532,1.047,0.1,7.9e-01,1.0e+00,0.9654,3755,397,581,546,462,699,435
GENE-12015,NO,771,378,393,1.041,0.1,7.9e-01,1.0e+00,0.9654,3756,367,412,355,502,297,380
GENE-16223,NO,25,13,12,0.917,-0.1,7.9e-01,1.0e+00,0.9654,3757,10,13,16,18,5,13
GENE-829,NO,777,393.7,383.3,0.974,0,7.9e-01,1.0e+00,0.9654,3758,404,397,380,342,404,404
GENE-10984,NO,1223.3,635.7,587.7,0.925,-0.1,7.9e-01,1.0e+00,0.9654,3759,387,988,532,371,562,830
GENE-897,NO,64,30.7,33.3,1.078,0.1,7.9e-01,1.0e+00,0.9654,3760,17,49,26,26,38,36
GENE-6200,NO,19,9,10,1.102,0.1,7.9e-01,1.0e+00,0.9654,3761,12,11,4,14,5,11
GENE-14204,NO,3284.7,1618,1666.7,1.03,0,7.9e-01,1.0e+00,0.9654,3762,1549,1781,1524,1918,1613,1469
GENE-5087,NO,1522.3,751,771.3,1.027,0,7.9e-01,1.0e+00,0.9654,3763,684,759,810,727,839,748
GENE-10999,NO,644,317.3,326.7,1.029,0,7.9e-01,1.0e+00,0.9654,3764,300,322,330,310,292,378
GENE-17730,NO,94,47.7,46.3,0.965,-0.1,7.9e-01,1.0e+00,0.9654,3765,41,56,46,45,46,48
GENE-15898,NO,53.3,25.3,28,1.097,0.1,7.9e-01,1.0e+00,0.9654,3766,11,34,31,38,15,31
GENE-16306,NO,2898,1421.7,1476.3,1.039,0.1,7.9e-01,1.0e+00,0.9654,3767,1136,1822,1307,1530,1548,1351
GENE-12539,NO,506.3,258,248.3,0.962,-0.1,7.9e-01,1.0e+00,0.9654,3768,223,219,332,274,227,244
GENE-9204,NO,32.3,16.7,15.7,0.934,-0.1,7.9e-01,1.0e+00,0.9654,3769,22,17,11,10,17,20
GENE-8028,NO,4929.7,2501,2428.7,0.971,0,7.9e-01,1.0e+00,0.9654,3770,2207,2624,2672,2117,2699,2470
GENE-992,NO,63.7,30.7,33,1.068,0.1,7.9e-01,1.0e+00,0.9654,3771,16,35,41,31,38,30
GENE-10311,NO,259.3,131.3,128,0.973,0,7.9e-01,1.0e+00,0.9654,3772,125,132,137,116,132,136
GENE-5608,NO,1705.7,838.3,867.3,1.034,0,7.9e-01,1.0e+00,0.9654,3773,922,738,855,694,985,923
GENE-14378,NO,20,9.7,10.3,1.061,0.1,7.9e-01,1.0e+00,0.9654,3774,11,7,11,9,13,9
GENE-7630,NO,165,80.3,84.7,1.051,0.1,7.9e-01,1.0e+00,0.9654,3775,108,78,55,94,84,76
GENE-15135,NO,19.7,9.3,10.3,1.098,0.1,7.9e-01,1.0e+00,0.9654,3776,9,14,5,12,5,14
GENE-14039,NO,50.7,24.7,26,1.046,0.1,7.9e-01,1.0e+00,0.9654,3777,25,21,28,25,21,32
GENE-14251,NO,82.3,40.3,42,1.034,0,8.0e-01,1.0e+00,0.9654,3777,40,41,40,47,38,41
GENE-1956,NO,604.3,298.3,306,1.027,0,8.0e-01,1.0e+00,0.9654,3778,285,299,311,322,327,269
GENE-10843,NO,893.7,453.3,440.3,0.971,0,8.0e-01,1.0e+00,0.9654,3779,459,388,513,409,437,475
GENE-9026,NO,1429.3,738.7,690.7,0.935,-0.1,8.0e-01,1.0e+00,0.9654,3780,538,719,959,670,1006,396
GENE-5937,NO,20.7,10.7,10,0.931,-0.1,8.0e-01,1.0e+00,0.9654,3781,10,15,7,7,10,13
GENE-15886,NO,1614.3,790.3,824,1.042,0.1,8.0e-01,1.0e+00,0.9654,3782,883,873,615,651,1018,803
GENE-12551,NO,53,27.3,25.7,0.932,-0.1,8.0e-01,1.0e+00,0.9654,3783,22,34,26,35,29,13
GENE-11078,NO,1206.7,592.7,614,1.036,0.1,8.0e-01,1.0e+00,0.9654,3784,541,725,512,648,516,678
GENE-6983,NO,37.3,18,19.3,1.066,0.1,8.0e-01,1.0e+00,0.9654,3785,10,21,23,22,20,16
GENE-5504,NO,990.7,508,482.7,0.95,-0.1,8.0e-01,1.0e+00,0.9654,3786,347,672,505,607,427,414
GENE-17331,NO,550.7,270,280.7,1.04,0.1,8.0e-01,1.0e+00,0.9654,3787,281,200,329,299,245,298
GENE-19221,NO,75,36.7,38.3,1.038,0.1,8.0e-01,1.0e+00,0.9654,3788,34,36,40,32,44,39
GENE-12387,NO,304.3,154.3,150,0.969,0,8.0e-01,1.0e+00,0.9654,3789,178,129,156,145,150,155
GENE-10997,NO,913.7,441,472.7,1.071,0.1,8.0e-01,1.0e+00,0.9654,3790,219,501,603,588,459,371
GENE-14531,NO,326,167,159,0.952,-0.1,8.0e-01,1.0e+00,0.9654,3791,121,236,144,162,142,173
GENE-393,NO,1086,534,552,1.033,0,8.0e-01,1.0e+00,0.9654,3792,500,503,599,541,458,657
GENE-9522,NO,316,155.3,160.7,1.031,0,8.0e-01,1.0e+00,0.9654,3793,147,151,168,158,138,186
GENE-12589,NO,2135.3,1051.7,1083.7,1.031,0,8.0e-01,1.0e+00,0.9654,3794,1233,1021,901,1187,1001,1063
GENE-12260,NO,33.3,17,16.3,0.954,-0.1,8.0e-01,1.0e+00,0.9654,3795,14,18,19,14,20,15
GENE-14933,NO,201.3,98.7,102.7,1.037,0.1,8.0e-01,1.0e+00,0.9654,3796,86,91,119,118,93,97
GENE-8488,NO,3841.3,1993.7,1847.7,0.927,-0.1,8.0e-01,1.0e+00,0.9654,3797,2021,3033,927,1455,1701,2387
GENE-10523,NO,50,27.3,22.7,0.824,-0.3,8.0e-01,1.0e+00,0.9654,3798,55,4,23,11,54,3
GENE-5170,NO,673,341.3,331.7,0.971,0,8.0e-01,1.0e+00,0.9654,3799,309,352,363,352,282,361
GENE-14577,NO,501.7,247.3,254.3,1.029,0,8.0e-01,1.0e+00,0.9654,3800,270,220,252,246,286,231
GENE-19466,NO,55.3,28.7,26.7,0.924,-0.1,8.0e-01,1.0e+00,0.9654,3801,39,17,30,38,28,14
GENE-11148,NO,740,393,347,0.884,-0.2,8.0e-01,1.0e+00,0.9654,3802,189,690,300,230,136,675
GENE-3125,NO,43.7,22.3,21.3,0.948,-0.1,8.0e-01,1.0e+00,0.9654,3803,17,30,20,18,26,20
GENE-12280,NO,154,78.7,75.3,0.954,-0.1,8.0e-01,1.0e+00,0.9654,3804,63,105,68,88,61,77
GENE-16445,NO,43.3,22.3,21,0.934,-0.1,8.0e-01,1.0e+00,0.9654,3805,31,18,18,25,12,26
GENE-6347,NO,275,134.3,140.7,1.047,0.1,8.0e-01,1.0e+00,0.9654,3805,178,124,101,170,119,133
GENE-6321,NO,38.7,18.3,20.3,1.101,0.1,8.0e-01,1.0e+00,0.9654,3806,31,15,9,10,24,27
GENE-7220,NO,89.3,45.3,44,0.964,-0.1,8.0e-01,1.0e+00,0.9654,3807,45,47,44,37,41,54
GENE-14252,NO,215,109,106,0.971,0,8.0e-01,1.0e+00,0.9654,3808,104,110,113,116,110,92
GENE-8376,NO,160,81.7,78.3,0.953,-0.1,8.0e-01,1.0e+00,0.9654,3809,94,63,88,99,55,81
GENE-17358,NO,214,101.3,112.7,1.109,0.1,8.0e-01,1.0e+00,0.9654,3810,73,184,47,110,171,57
GENE-9151,NO,207.3,105.3,102,0.967,0,8.0e-01,1.0e+00,0.9654,3811,95,116,105,86,119,101
GENE-7227,NO,25,12,13,1.075,0.1,8.0e-01,1.0e+00,0.9654,3812,9,9,18,9,12,18
GENE-8098,NO,294.7,149.3,145.3,0.973,0,8.0e-01,1.0e+00,0.9654,3813,143,158,147,164,137,135
GENE-6112,NO,199,101.7,97.3,0.954,-0.1,8.0e-01,1.0e+00,0.9654,3814,117,102,86,84,74,134
GENE-11819,NO,260.3,131.7,128.7,0.975,0,8.0e-01,1.0e+00,0.9654,3815,129,133,133,124,137,125
GENE-13578,NO,47.3,24,23.3,0.965,-0.1,8.0e-01,1.0e+00,0.9654,3816,24,24,24,23,26,21
GENE-18220,NO,531.3,284,247.3,0.87,-0.2,8.0e-01,1.0e+00,0.9654,3817,450,69,333,228,75,439
GENE-11299,NO,2903,1421.3,1481.7,1.042,0.1,8.0e-01,1.0e+00,0.9654,3818,1343,1327,1594,1019,1594,1832
GENE-19092,NO,63.3,30.7,32.7,1.057,0.1,8.0e-01,1.0e+00,0.9654,3819,35,30,27,25,48,25
GENE-5103,NO,316.7,155.3,161.3,1.038,0.1,8.0e-01,1.0e+00,0.9654,3820,151,134,181,197,154,133
GENE-5207,NO,543,268.3,274.7,1.025,0,8.0e-01,1.0e+00,0.9654,3821,281,250,274,253,280,291
GENE-481,NO,140.7,71.7,69,0.96,-0.1,8.0e-01,1.0e+00,0.9654,3822,51,84,80,65,67,75
GENE-1588,NO,207,105,102,0.967,0,8.0e-01,1.0e+00,0.9654,3823,97,108,110,122,99,85
GENE-15884,NO,27,14,13,0.923,-0.1,8.0e-01,1.0e+00,0.9654,3824,19,8,15,7,13,19
GENE-4239,NO,494.7,242.3,252.3,1.043,0.1,8.0e-01,1.0e+00,0.9654,3825,229,249,249,198,348,211
GENE-16570,NO,3581,1810.7,1770.3,0.978,0,8.0e-01,1.0e+00,0.9654,3826,1857,1873,1702,1826,1668,1817
GENE-2869,NO,26.7,13.7,13,0.945,-0.1,8.0e-01,1.0e+00,0.9654,3827,14,11,16,10,11,18
GENE-7445,NO,2739.7,1390,1349.7,0.971,0,8.1e-01,1.0e+00,0.9654,3828,1457,1576,1137,1418,1408,1223
GENE-3232,NO,35.7,17,18.7,1.089,0.1,8.1e-01,1.0e+00,0.9654,3829,12,17,22,12,33,11
GENE-15571,NO,957.7,486,471.7,0.97,0,8.1e-01,1.0e+00,0.9654,3830,582,408,468,447,454,514
GENE-6301,NO,4721,2397.7,2323.3,0.969,0,8.1e-01,1.0e+00,0.9654,3831,2523,2809,1861,2234,2395,2341
GENE-16488,YES,339.3,171.7,167.7,0.975,0,8.1e-01,1.0e+00,0.9654,3832,156,180,179,171,164,168
GENE-16329,NO,4461.3,2281.3,2180,0.956,-0.1,8.1e-01,1.0e+00,0.9654,3832,1993,2372,2479,2784,1405,2351
GENE-5005,NO,440.3,215.7,224.7,1.043,0.1,8.1e-01,1.0e+00,0.9654,3833,255,194,198,182,302,190
GENE-7179,NO,971,492.3,478.7,0.972,0,8.1e-01,1.0e+00,0.9654,3834,533,482,462,512,522,402
GENE-7676,NO,3276.3,1588,1688.3,1.063,0.1,8.1e-01,1.0e+00,0.9654,3835,1452,2448,864,1699,1791,1575
GENE-14467,NO,7989.7,3951.7,4038,1.022,0,8.1e-01,1.0e+00,0.9654,3836,3777,4111,3967,4121,3853,4140
GENE-2808,NO,143.3,69.7,73.7,1.05,0.1,8.1e-01,1.0e+00,0.9654,3837,70,46,93,85,63,73
GENE-5411,NO,73.7,36,37.7,1.039,0.1,8.1e-01,1.0e+00,0.9654,3838,37,29,42,42,38,33
GENE-940,NO,545.3,276.7,268.7,0.972,0,8.1e-01,1.0e+00,0.9654,3839,307,236,287,267,290,249
GENE-10018,NO,35,18,17,0.938,-0.1,8.1e-01,1.0e+00,0.9654,3840,21,20,13,25,15,11
GENE-4133,NO,70.7,36.3,34.3,0.938,-0.1,8.1e-01,1.0e+00,0.9654,3841,29,38,42,21,29,53
GENE-16269,NO,192.3,94.7,97.7,1.028,0,8.1e-01,1.0e+00,0.9654,3842,92,86,106,99,97,97
GENE-14328,NO,569,278,291,1.047,0.1,8.1e-01,1.0e+00,0.9654,3843,227,295,312,396,211,266
GENE-5410,NO,392,206,186,0.9,-0.2,8.1e-01,1.0e+00,0.9654,3844,172,70,376,124,291,143
GENE-17151,NO,89,45,44,0.971,0,8.1e-01,1.0e+00,0.9664,3849,45,42,48,46,45,41
GENE-16405,NO,889,453.3,435.7,0.961,-0.1,8.1e-01,1.0e+00,0.9665,3851,407,476,477,320,416,571
GENE-17808,NO,96.7,49.7,47,0.939,-0.1,8.1e-01,1.0e+00,0.9665,3851,38,48,63,26,65,50
GENE-11066,NO,7725,3915.7,3809.3,0.973,0,8.1e-01,1.0e+00,0.9665,3852,3736,3661,4350,4431,3603,3394
GENE-16801,NO,6900,3491.3,3408.7,0.976,0,8.1e-01,1.0e+00,0.9665,3853,3743,3473,3258,3068,3511,3647
GENE-8362,NO,244.7,120.7,124,1.026,0,8.1e-01,1.0e+00,0.9665,3854,127,117,118,135,117,120
GENE-12459,NO,118.3,60,58.3,0.965,-0.1,8.1e-01,1.0e+00,0.9665,3855,55,69,56,48,69,58
GENE-6706,NO,21,11,10,0.903,-0.1,8.1e-01,1.0e+00,0.9665,3856,10,17,6,15,12,3
GENE-12654,NO,311.7,153.7,158,1.028,0,8.1e-01,1.0e+00,0.9665,3857,157,135,169,164,145,165
GENE-10007,NO,144,73.3,70.7,0.957,-0.1,8.1e-01,1.0e+00,0.9665,3858,93,52,75,79,58,75
GENE-11820,NO,4097.7,2075.7,2022,0.974,0,8.1e-01,1.0e+00,0.9665,3859,2269,2188,1770,1857,2072,2137
GENE-11479,NO,1184,577.7,606.3,1.05,0.1,8.1e-01,1.0e+00,0.9665,3860,675,669,389,789,474,556
GENE-15843,NO,1346.7,644.3,702.3,1.09,0.1,8.1e-01,1.0e+00,0.9665,3861,327,735,871,298,819,990
GENE-19324,NO,366,180.3,185.7,1.03,0,8.1e-01,1.0e+00,0.9665,3862,211,174,156,171,200,186
GENE-19643,NO,69.3,33.3,36,1.072,0.1,8.1e-01,1.0e+00,0.9665,3863,40,37,23,27,23,58
GENE-14540,NO,1414.7,699,715.7,1.023,0,8.1e-01,1.0e+00,0.9667,3865,633,771,693,704,719,724
GENE-1437,NO,143,70.3,72.7,1.03,0,8.1e-01,1.0e+00,0.9667,3866,69,80,62,79,72,67
GENE-10833,NO,223,113,110,0.972,0,8.1e-01,1.0e+00,0.9667,3867,124,104,111,97,119,114
GENE-1523,NO,64.7,31.7,33,1.035,0,8.1e-01,1.0e+00,0.9674,3871,37,29,29,36,31,32
GENE-10362,NO,1273.7,645.3,628.3,0.973,0,8.1e-01,1.0e+00,0.9674,3872,632,601,703,731,615,539
GENE-2500,NO,2388.7,1209.3,1179.3,0.975,0,8.1e-01,1.0e+00,0.9674,3873,1362,1164,1102,1060,1212,1266
GENE-11767,NO,202.3,98,104.3,1.063,0.1,8.1e-01,1.0e+00,0.9677,3875,79,158,57,109,100,104
GENE-12206,NO,2476,1223,1253,1.024,0,8.1e-01,1.0e+00,0.968,3877,1150,1341,1178,1333,1304,1122
GENE-14312,NO,5116.3,2346.3,2770,1.18,0.2,8.1e-01,1.0e+00,0.968,3878,2294,1042,3703,2975,181,5154
GENE-19771,NO,2175,1102.3,1072.7,0.973,0,8.1e-01,1.0e+00,0.9682,3880,1185,1196,926,1189,1030,999
GENE-14119,NO,166,85,81,0.95,-0.1,8.2e-01,1.0e+00,0.9682,3880,69,111,75,66,62,115
GENE-16271,NO,99.7,50.7,49,0.96,-0.1,8.2e-01,1.0e+00,0.9682,3881,59,44,49,51,60,36
GENE-3707,NO,117,59.7,57.3,0.954,-0.1,8.2e-01,1.0e+00,0.9682,3882,52,51,76,47,78,47
GENE-19316,NO,181.7,92,89.7,0.971,0,8.2e-01,1.0e+00,0.9682,3883,91,80,105,82,92,95
GENE-19051,NO,2055,991,1064,1.073,0.1,8.2e-01,1.0e+00,0.9682,3884,1530,941,502,1499,787,906
GENE-7662,NO,2704.3,1330.7,1373.7,1.032,0,8.2e-01,1.0e+00,0.9682,3885,1686,1161,1145,1437,1246,1438
GENE-17285,NO,20.7,10.7,10,0.932,-0.1,8.2e-01,1.0e+00,0.9682,3886,12,7,13,13,12,5
GENE-14680,NO,28.7,14.7,14,0.948,-0.1,8.2e-01,1.0e+00,0.9682,3887,17,12,15,18,15,9
GENE-11144,NO,1364.7,694.3,670.3,0.965,-0.1,8.2e-01,1.0e+00,0.9686,3890,616,777,690,726,483,802
GENE-11139,NO,357.3,175.7,181.7,1.032,0,8.2e-01,1.0e+00,0.9686,3891,152,171,204,217,158,170
GENE-18130,NO,25.7,12.3,13.3,1.073,0.1,8.2e-01,1.0e+00,0.9686,3892,17,8,12,7,17,16
GENE-6135,NO,2710.3,1338,1372.3,1.025,0,8.2e-01,1.0e+00,0.9686,3893,1281,1231,1502,1416,1211,1490
GENE-19505,NO,157.3,81,76.3,0.94,-0.1,8.2e-01,1.0e+00,0.9686,3894,57,87,99,48,62,119
GENE-776,NO,534,263,271,1.032,0,8.2e-01,1.0e+00,0.9686,3895,260,253,276,259,216,338
GENE-2841,NO,319.3,157.3,162,1.029,0,8.2e-01,1.0e+00,0.9686,3896,145,162,165,168,134,184
GENE-11015,NO,38,20,18,0.894,-0.2,8.2e-01,1.0e+00,0.9686,3897,16,35,9,31,5,18
GENE-12049,NO,22.7,11.7,11,0.936,-0.1,8.2e-01,1.0e+00,0.9686,3898,7,16,12,14,12,7
GENE-4075,NO,2364.7,1159.3,1205.3,1.04,0.1,8.2e-01,1.0e+00,0.9686,3899,1090,1024,1364,1181,877,1558
GENE-11209,NO,3157,1598.7,1558.3,0.975,0,8.2e-01,1.0e+00,0.9686,3900,1454,1496,1846,1685,1397,1593
GENE-7707,NO,90,46,44,0.949,-0.1,8.2e-01,1.0e+00,0.9686,3900,53,50,35,41,62,29
GENE-9296,NO,260,128,132,1.029,0,8.2e-01,1.0e+00,0.9686,3901,127,120,137,158,120,118
GENE-10133,NO,406.7,206,200.7,0.974,0,8.2e-01,1.0e+00,0.9686,3902,206,208,204,238,175,189
GENE-16822,NO,24492.3,12069.3,12423,1.029,0,8.2e-01,1.0e+00,0.9686,3903,10963,14769,10476,11855,13817,11597
GENE-10526,NO,711.3,359.7,351.7,0.979,0,8.2e-01,1.0e+00,0.9686,3904,373,370,336,367,352,336
GENE-1241,NO,291,158.7,132.3,0.833,-0.3,8.2e-01,1.0e+00,0.9686,3905,57,9,410,140,204,53
GENE-7390,NO,480.7,237.7,243,1.024,0,8.2e-01,1.0e+00,0.9686,3906,254,223,236,247,221,261
GENE-4106,NO,350.3,181,169.3,0.933,-0.1,8.2e-01,1.0e+00,0.9686,3907,121,234,188,83,257,168
GENE-9547,NO,222,112.7,109.3,0.97,0,8.2e-01,1.0e+00,0.9686,3908,127,92,119,103,100,125
GENE-160,NO,1172.7,592.3,580.3,0.98,0,8.2e-01,1.0e+00,0.9686,3909,601,570,606,602,556,583
GENE-16108,NO,207,104.7,102.3,0.974,0,8.2e-01,1.0e+00,0.9686,3910,99,117,98,112,92,103
GENE-880,NO,168,82.7,85.3,1.029,0,8.2e-01,1.0e+00,0.9686,3911,70,93,85,80,84,92
GENE-3654,NO,519.3,255.3,264,1.036,0.1,8.2e-01,1.0e+00,0.9687,3913,295,229,242,296,303,193
GENE-970,NO,197.3,100.3,97,0.963,-0.1,8.2e-01,1.0e+00,0.9692,3915,116,102,83,125,80,86
GENE-5915,NO,89,43.3,45.7,1.046,0.1,8.2e-01,1.0e+00,0.9694,3917,44,33,53,36,61,40
GENE-11749,NO,2322,1144.7,1177.3,1.029,0,8.2e-01,1.0e+00,0.9694,3918,1416,968,1050,1204,1192,1136
GENE-12400,NO,259.7,131.7,128,0.97,0,8.2e-01,1.0e+00,0.9694,3919,121,149,125,122,108,154
GENE-9401,NO,49.3,25,24.3,0.966,0,8.2e-01,1.0e+00,0.9694,3920,25,26,24,20,25,28
GENE-11290,NO,31,16,15,0.931,-0.1,8.2e-01,1.0e+00,0.9694,3921,14,19,15,11,26,8
GENE-19308,NO,141.7,72.3,69.3,0.956,-0.1,8.2e-01,1.0e+00,0.9696,3923,67,77,73,83,42,83
GENE-323,NO,611,302.3,308.7,1.022,0,8.2e-01,1.0e+00,0.9696,3924,303,287,317,321,327,278
GENE-5722,NO,318,162,156,0.962,-0.1,8.2e-01,1.0e+00,0.9696,3925,110,180,196,175,138,155
GENE-12665,NO,8069.3,3955,4114.3,1.04,0.1,8.2e-01,1.0e+00,0.9696,3926,2681,4055,5129,4522,4287,3534
GENE-11120,NO,165.7,84,81.7,0.965,-0.1,8.3e-01,1.0e+00,0.9697,3927,107,73,72,75,75,95
GENE-7560,NO,30.3,14.7,15.7,1.06,0.1,8.3e-01,1.0e+00,0.9697,3928,14,11,19,18,9,20
GENE-868,NO,54,27.7,26.3,0.945,-0.1,8.3e-01,1.0e+00,0.9697,3929,27,25,31,16,41,22
GENE-17778,NO,195,99.7,95.3,0.95,-0.1,8.3e-01,1.0e+00,0.9697,3930,146,57,96,99,95,92
GENE-10515,NO,2089.7,1055,1034.7,0.981,0,8.3e-01,1.0e+00,0.9698,3932,1106,1001,1058,1021,1066,1017
GENE-10257,NO,546.3,298.7,247.7,0.831,-0.3,8.3e-01,1.0e+00,0.9702,3934,624,2,270,221,308,214
GENE-7030,NO,138,67.7,70.3,1.037,0.1,8.3e-01,1.0e+00,0.9702,3935,48,75,80,68,66,77
GENE-3723,NO,142,69.3,72.7,1.04,0.1,8.3e-01,1.0e+00,0.9702,3936,72,68,68,94,75,49
GENE-2358,NO,77.3,37.7,39.7,1.045,0.1,8.3e-01,1.0e+00,0.9702,3937,36,50,27,32,46,41
GENE-832,NO,4535.3,2298.3,2237,0.973,0,8.3e-01,1.0e+00,0.9702,3938,2170,2335,2390,2308,2618,1785
GENE-11972,NO,1159.3,586,573.3,0.978,0,8.3e-01,1.0e+00,0.9702,3939,551,642,565,586,617,517
GENE-15331,NO,1575.7,795.3,780.3,0.981,0,8.3e-01,1.0e+00,0.9702,3940,807,784,795,751,786,804
GENE-8566,NO,197.3,96.7,100.7,1.041,0.1,8.3e-01,1.0e+00,0.9704,3942,85,94,111,75,136,91
GENE-3405,NO,1114.3,605.7,508.7,0.84,-0.3,8.3e-01,1.0e+00,0.9704,3943,1542,251,24,399,501,626
GENE-10430,NO,426,216,210,0.972,0,8.3e-01,1.0e+00,0.9704,3944,206,261,181,195,210,225
GENE-3500,NO,26.7,13.7,13,0.945,-0.1,8.3e-01,1.0e+00,0.9704,3944,17,12,12,8,19,12
GENE-15885,NO,106.3,54,52.3,0.962,-0.1,8.3e-01,1.0e+00,0.9713,3949,65,51,46,66,40,51
GENE-13347,NO,286.7,145,141.7,0.975,0,8.3e-01,1.0e+00,0.9717,3952,165,131,139,158,137,130
GENE-8117,NO,1215.7,620,595.7,0.961,-0.1,8.3e-01,1.0e+00,0.9718,3953,539,683,638,842,445,500
GENE-360,NO,20,10.3,9.7,0.93,-0.1,8.3e-01,1.0e+00,0.9718,3954,11,4,16,11,8,10
GENE-12160,NO,1300,658,642,0.975,0,8.3e-01,1.0e+00,0.9719,3956,614,743,617,665,713,548
GENE-999,NO,619,306,313,1.023,0,8.3e-01,1.0e+00,0.972,3957,319,321,278,345,280,314
GENE-12190,NO,478,241.7,236.3,0.979,0,8.3e-01,1.0e+00,0.972,3958,218,253,254,244,238,227
GENE-15293,NO,80,38,42,1.098,0.1,8.3e-01,1.0e+00,0.972,3959,59,15,40,69,16,41
GENE-3445,NO,41,20,21,1.042,0.1,8.3e-01,1.0e+00,0.972,3960,15,18,27,22,20,21
GENE-162,NO,55,27,28,1.029,0,8.3e-01,1.0e+00,0.972,3961,27,29,25,28,26,30
GENE-9531,NO,246.3,121.7,124.7,1.023,0,8.3e-01,1.0e+00,0.972,3962,112,133,120,129,122,123
GENE-14919,NO,30,14.7,15.3,1.037,0.1,8.3e-01,1.0e+00,0.972,3963,13,15,16,15,18,13
GENE-808,NO,1387.3,704,683.3,0.971,0,8.3e-01,1.0e+00,0.972,3964,736,822,554,608,786,656
GENE-6687,NO,321.7,156,165.7,1.064,0.1,8.3e-01,1.0e+00,0.972,3965,251,104,113,226,111,160
GENE-15728,NO,225,111,114,1.026,0,8.3e-01,1.0e+00,0.972,3966,106,102,125,127,112,103
GENE-2617,NO,2384.7,1204,1180.7,0.981,0,8.3e-01,1.0e+00,0.972,3967,1263,1167,1182,1270,1115,1157
GENE-13532,NO,467.3,236.7,230.7,0.976,0,8.3e-01,1.0e+00,0.972,3968,245,225,240,269,200,223
GENE-9481,NO,1522.3,751.3,771,1.027,0,8.3e-01,1.0e+00,0.972,3969,810,669,775,650,744,919
GENE-19076,NO,227.3,115,112.3,0.976,0,8.3e-01,1.0e+00,0.972,3970,125,101,119,110,123,104
GENE-12175,NO,597,304.7,292.3,0.959,-0.1,8.3e-01,1.0e+00,0.972,3971,348,336,230,392,202,283
GENE-11746,NO,4527.7,2242.3,2285.3,1.019,0,8.3e-01,1.0e+00,0.972,3972,2390,2074,2263,2264,2273,2319
GENE-11556,NO,4719,2387.7,2331.3,0.976,0,8.4e-01,1.0e+00,0.972,3973,2077,2591,2495,2341,2624,2029
GENE-1691,NO,1939.3,955,984.3,1.03,0,8.4e-01,1.0e+00,0.972,3974,765,896,1204,1073,869,1011
GENE-9897,NO,61.7,31.3,30.3,0.962,-0.1,8.4e-01,1.0e+00,0.972,3975,26,26,42,31,26,34
GENE-1244,NO,396.7,202,194.7,0.963,-0.1,8.4e-01,1.0e+00,0.972,3976,252,190,164,155,176,253
GENE-14000,NO,443,218,225,1.032,0,8.4e-01,1.0e+00,0.972,3977,198,261,195,189,280,206
GENE-13896,NO,199,100.7,98.3,0.976,0,8.4e-01,1.0e+00,0.972,3978,107,103,92,90,109,96
GENE-17094,NO,474,234.3,239.7,1.023,0,8.4e-01,1.0e+00,0.972,3979,221,217,265,243,253,223
GENE-15172,NO,4587.3,2317,2270.3,0.98,0,8.4e-01,1.0e+00,0.9721,3980,2388,2194,2369,2042,2287,2482
GENE-15823,NO,188.3,95.3,93,0.975,0,8.4e-01,1.0e+00,0.9722,3981,101,89,96,80,99,100
GENE-13027,NO,249,122.3,126.7,1.033,0,8.4e-01,1.0e+00,0.9729,3985,127,150,90,132,111,137
GENE-13791,NO,65.3,32,33.3,1.034,0,8.4e-01,1.0e+00,0.9729,3986,25,38,33,37,32,31
GENE-2732,NO,93.7,46,47.7,1.029,0,8.4e-01,1.0e+00,0.9731,3988,47,49,42,43,44,56
GENE-17567,NO,451.7,229.3,222.3,0.97,0,8.4e-01,1.0e+00,0.9731,3989,290,177,221,239,226,202
GENE-12937,NO,3229.3,1646,1583.3,0.962,-0.1,8.4e-01,1.0e+00,0.9733,3990,1475,1327,2136,2103,1299,1348
GENE-6416,NO,99.7,49,50.7,1.026,0,8.4e-01,1.0e+00,0.9733,3991,44,55,48,48,50,54
GENE-19680,NO,3976,1964.7,2011.3,1.024,0,8.4e-01,1.0e+00,0.974,3995,1650,2182,2062,2217,1842,1975
GENE-15633,NO,166.3,84,82.3,0.977,0,8.4e-01,1.0e+00,0.974,3996,92,78,82,87,77,83
GENE-6378,NO,91.7,44.7,47,1.045,0.1,8.4e-01,1.0e+00,0.974,3997,35,33,66,42,47,52
GENE-10223,NO,26.3,12.7,13.7,1.07,0.1,8.4e-01,1.0e+00,0.9744,4000,9,11,18,7,22,12
GENE-5863,NO,109.7,52.7,57,1.075,0.1,8.4e-01,1.0e+00,0.9745,4001,28,40,90,55,33,83
GENE-18553,NO,77,39.3,37.7,0.951,-0.1,8.4e-01,1.0e+00,0.9746,4003,50,24,44,25,43,45
GENE-14035,NO,451,221.3,229.7,1.036,0.1,8.4e-01,1.0e+00,0.9746,4004,166,255,243,224,287,178
GENE-8644,NO,523.3,256,267.3,1.045,0.1,8.4e-01,1.0e+00,0.9746,4004,296,145,327,235,253,314
GENE-7216,NO,310,152.7,157.3,1.027,0,8.4e-01,1.0e+00,0.9746,4005,168,171,119,152,150,170
GENE-4729,NO,47,23,24,1.036,0.1,8.4e-01,1.0e+00,0.9746,4006,23,18,28,22,22,28
GENE-14570,NO,496,253,243,0.962,-0.1,8.4e-01,1.0e+00,0.9746,4007,239,201,319,332,204,193
GENE-19313,NO,163,82.3,80.7,0.977,0,8.4e-01,1.0e+00,0.9748,4009,86,85,76,71,89,82
GENE-10982,NO,4009.3,2026.3,1983,0.979,0,8.4e-01,1.0e+00,0.9748,4010,2200,2092,1787,2109,2078,1762
GENE-1955,NO,62.7,30.7,32,1.036,0.1,8.4e-01,1.0e+00,0.9748,4011,34,22,36,32,28,36
GENE-2513,NO,2160.3,1103.7,1056.7,0.958,-0.1,8.4e-01,1.0e+00,0.9748,4012,1260,1314,737,1447,790,933
GENE-16641,NO,340.3,172,168.3,0.975,0,8.4e-01,1.0e+00,0.9748,4013,179,152,185,148,197,160
GENE-11367,NO,947.7,460,487.7,1.06,0.1,8.4e-01,1.0e+00,0.9748,4014,358,404,618,769,254,440
GENE-3915,NO,433.3,214.3,219,1.022,0,8.4e-01,1.0e+00,0.9748,4015,207,233,203,218,194,245
GENE-13785,NO,186,91,95,1.037,0.1,8.4e-01,1.0e+00,0.9748,4016,124,72,77,80,97,108
GENE-3953,NO,2625.7,1248.3,1377.3,1.103,0.1,8.4e-01,1.0e+00,0.9748,4017,285,1247,2213,798,2227,1107
GENE-18214,NO,339,166.7,172.3,1.035,0,8.4e-01,1.0e+00,0.9748,4018,178,170,152,181,117,219
GENE-6522,NO,231.7,114.3,117.3,1.025,0,8.4e-01,1.0e+00,0.9748,4019,101,111,131,132,109,111
GENE-14530,NO,70.7,36.3,34.3,0.938,-0.1,8.4e-01,1.0e+00,0.9748,4020,17,59,33,23,38,42
GENE-19430,NO,224.7,110.7,114,1.029,0,8.4e-01,1.0e+00,0.9748,4021,94,126,112,98,106,138
GENE-1180,NO,39.7,19.3,20.3,1.044,0.1,8.5e-01,1.0e+00,0.9748,4022,12,22,24,23,18,20
GENE-2818,NO,34,16.7,17.3,1.032,0,8.5e-01,1.0e+00,0.9748,4023,18,17,15,20,16,16
GENE-4471,NO,47.7,24.3,23.3,0.953,-0.1,8.5e-01,1.0e+00,0.9748,4024,26,14,33,18,28,24
GENE-15907,NO,43.7,21.3,22.3,1.039,0.1,8.5e-01,1.0e+00,0.9748,4025,26,15,23,25,18,24
GENE-18179,NO,144.7,73.7,71,0.961,-0.1,8.5e-01,1.0e+00,0.9748,4026,71,98,52,91,63,59
GENE-689,NO,749.3,379.7,369.7,0.974,0,8.5e-01,1.0e+00,0.9748,4027,420,382,337,293,385,431
GENE-5729,NO,3337,1682.3,1654.7,0.983,0,8.5e-01,1.0e+00,0.9748,4028,1715,1641,1691,1726,1592,1646
GENE-19118,NO,274.3,135.7,138.7,1.02,0,8.5e-01,1.0e+00,0.9748,4029,140,133,134,139,129,148
GENE-16029,NO,890,439,451,1.026,0,8.5e-01,1.0e+00,0.9748,4030,462,357,498,463,377,513
GENE-7392,NO,276.7,143.7,133,0.922,-0.1,8.5e-01,1.0e+00,0.9748,4031,129,57,245,131,207,61
GENE-14747,NO,176.3,89,87.3,0.978,0,8.5e-01,1.0e+00,0.9748,4032,79,95,93,79,93,90
GENE-13855,NO,7259.3,3585.3,3674,1.025,0,8.5e-01,1.0e+00,0.9748,4033,3554,3813,3389,4261,2860,3901
GENE-11908,NO,896.7,443.7,453,1.02,0,8.5e-01,1.0e+00,0.9748,4034,408,452,471,432,415,512
GENE-8515,NO,247,126.7,120.3,0.948,-0.1,8.5e-01,1.0e+00,0.9748,4035,143,107,130,145,162,54
GENE-9208,NO,225,114,111,0.972,0,8.5e-01,1.0e+00,0.9748,4036,95,108,139,117,122,94
GENE-18549,NO,22704,11204,11500,1.026,0,8.5e-01,1.0e+00,0.9748,4037,13025,10210,10377,14192,9879,10429
GENE-13445,NO,2938.3,1502.7,1435.7,0.956,-0.1,8.5e-01,1.0e+00,0.9748,4038,2232,894,1382,1156,1447,1704
GENE-1909,NO,200.3,101.7,98.7,0.97,0,8.5e-01,1.0e+00,0.9748,4039,115,90,100,112,112,72
GENE-2381,NO,364.7,180.3,184.3,1.02,0,8.5e-01,1.0e+00,0.9748,4040,188,174,179,175,207,171
GENE-7537,NO,321.3,158.7,162.7,1.024,0,8.5e-01,1.0e+00,0.9748,4040,157,162,157,191,164,133
GENE-2412,NO,80.7,40.7,40,0.977,0,8.5e-01,1.0e+00,0.9748,4041,43,40,39,44,38,38
GENE-11649,NO,971,477,494,1.036,0.1,8.5e-01,1.0e+00,0.9748,4042,442,392,597,473,362,647
GENE-646,NO,609.7,302,307.7,1.02,0,8.5e-01,1.0e+00,0.9748,4043,269,341,296,308,317,298
GENE-19858,NO,54.3,26.3,28,1.056,0.1,8.5e-01,1.0e+00,0.9748,4044,41,13,25,25,25,34
GENE-6752,NO,4379,2162.7,2216.3,1.025,0,8.5e-01,1.0e+00,0.9748,4045,2034,1760,2694,2193,2189,2267
GENE-10924,NO,824.3,408.3,416,1.019,0,8.5e-01,1.0e+00,0.9748,4046,413,399,413,398,465,385
GENE-13798,NO,59.3,30.7,28.7,0.929,-0.1,8.5e-01,1.0e+00,0.9748,4047,50,16,26,12,30,44
GENE-8722,NO,179,88.3,90.7,1.027,0,8.5e-01,1.0e+00,0.9748,4048,103,77,85,86,106,80
GENE-16621,NO,1153.3,571.3,582,1.018,0,8.5e-01,1.0e+00,0.9748,4049,605,556,553,641,549,556
GENE-19862,NO,894.7,440,454.7,1.034,0,8.5e-01,1.0e+00,0.9748,4050,418,464,438,620,316,428
GENE-6721,NO,70.7,35.7,35,0.974,0,8.5e-01,1.0e+00,0.9748,4051,33,41,33,32,39,34
GENE-19143,NO,889.7,438.7,451,1.028,0,8.5e-01,1.0e+00,0.9748,4052,378,470,468,352,433,568
GENE-7805,NO,320.7,162.3,158.3,0.975,0,8.5e-01,1.0e+00,0.9748,4053,177,149,161,197,136,142
GENE-12656,NO,152,77,75,0.971,0,8.5e-01,1.0e+00,0.9748,4054,58,88,85,64,76,85
GENE-612,NO,637.3,324.7,312.7,0.964,-0.1,8.5e-01,1.0e+00,0.9748,4055,245,435,294,354,355,229
GENE-2350,NO,223.3,113,110.3,0.975,0,8.5e-01,1.0e+00,0.9748,4056,104,96,139,114,106,111
GENE-16926,NO,65.3,31.7,33.7,1.055,0.1,8.5e-01,1.0e+00,0.9748,4057,18,36,41,46,35,20
GENE-1297,NO,43.7,22.3,21.3,0.949,-0.1,8.5e-01,1.0e+00,0.9748,4058,21,22,24,22,10,32
GENE-11458,NO,1164,587.3,576.7,0.981,0,8.5e-01,1.0e+00,0.9748,4059,584,596,582,613,617,500
GENE-10832,NO,100.3,50.7,49.7,0.973,0,8.5e-01,1.0e+00,0.9748,4060,43,61,48,47,46,56
GENE-18749,NO,582,295.3,286.7,0.971,0,8.5e-01,1.0e+00,0.9748,4061,319,214,353,259,264,337
GENE-8233,NO,44.7,22.7,22,0.963,-0.1,8.5e-01,1.0e+00,0.9748,4062,19,28,21,19,29,18
GENE-16715,NO,654,324,330,1.019,0,8.5e-01,1.0e+00,0.9748,4063,307,365,300,340,312,338
GENE-11691,NO,1251.3,619.3,632,1.02,0,8.5e-01,1.0e+00,0.9748,4064,588,576,694,576,614,706
GENE-12031,NO,647.3,320,327.3,1.023,0,8.5e-01,1.0e+00,0.9748,4065,302,337,321,313,276,393
GENE-6576,NO,3977,1960,2017,1.029,0,8.5e-01,1.0e+00,0.9748,4066,1687,2217,1976,2352,2238,1461
GENE-6191,NO,225.7,111,114.7,1.029,0,8.5e-01,1.0e+00,0.9748,4067,110,94,129,108,94,142
GENE-7020,NO,114,57.7,56.3,0.97,0,8.6e-01,1.0e+00,0.9748,4068,68,44,61,54,67,48
GENE-17147,NO,1292,657.7,634.3,0.965,-0.1,8.6e-01,1.0e+00,0.9748,4069,859,559,555,524,520,859
GENE-14733,NO,445,226,219,0.97,0,8.6e-01,1.0e+00,0.9748,4070,279,152,247,210,220,227
GENE-6303,NO,24.3,12.3,12,0.966,0,8.6e-01,1.0e+00,0.9748,4071,10,12,15,11,12,13
GENE-16484,NO,104.3,51.3,53,1.025,0,8.6e-01,1.0e+00,0.9748,4072,45,60,49,57,50,52
GENE-13349,NO,82.7,40.7,42,1.025,0,8.6e-01,1.0e+00,0.9748,4073,46,38,38,47,37,42
GENE-16640,NO,1449,732.7,716.3,0.978,0,8.6e-01,1.0e+00,0.9748,4074,652,888,658,793,660,696
GENE-5962,NO,646,316.7,329.3,1.041,0.1,8.6e-01,1.0e+00,0.9748,4075,305,245,400,237,478,273
GENE-11646,NO,1440.3,713,727.3,1.02,0,8.6e-01,1.0e+00,0.9748,4076,647,722,770,635,727,820
GENE-17393,NO,298.7,147.3,151.3,1.024,0,8.6e-01,1.0e+00,0.9748,4077,125,181,136,158,148,148
GENE-5494,NO,907.7,450,457.7,1.016,0,8.6e-01,1.0e+00,0.9748,4078,445,451,454,447,440,486
GENE-13331,NO,2252,1140,1112,0.975,0,8.6e-01,1.0e+00,0.9748,4078,1075,1400,945,1220,944,1172
GENE-12087,NO,46.3,22.7,23.7,1.036,0.1,8.6e-01,1.0e+00,0.9748,4079,30,19,19,24,28,19
GENE-12572,NO,105.3,53.3,52,0.968,0,8.6e-01,1.0e+00,0.9748,4080,39,64,57,62,42,52
GENE-3997,NO,723.3,357,366.3,1.027,0,8.6e-01,1.0e+00,0.9748,4081,431,282,358,413,378,308
GENE-8158,NO,42.3,21.7,20.7,0.948,-0.1,8.6e-01,1.0e+00,0.9748,4082,26,18,21,17,11,34
GENE-16419,NO,3056.3,1546.7,1509.7,0.976,0,8.6e-01,1.0e+00,0.9748,4083,1644,1763,1233,1558,1276,1695
GENE-15343,NO,108,51,57,1.11,0.2,8.6e-01,1.0e+00,0.9748,4084,24,18,111,112,31,28
GENE-18165,NO,83.3,41,42.3,1.025,0,8.6e-01,1.0e+00,0.9748,4085,45,38,40,49,37,41
GENE-19218,NO,381.7,188.3,193.3,1.028,0,8.6e-01,1.0e+00,0.9748,4086,238,166,161,171,176,233
GENE-12064,NO,165.7,81.7,84,1.025,0,8.6e-01,1.0e+00,0.9748,4087,83,90,72,82,70,100
GENE-13676,NO,83.3,41,42.3,1.025,0,8.6e-01,1.0e+00,0.9748,4088,41,36,46,41,48,38
GENE-5836,NO,36.7,18,18.7,1.029,0,8.6e-01,1.0e+00,0.9748,4089,18,18,18,21,15,20
GENE-7010,NO,34.7,17,17.7,1.032,0,8.6e-01,1.0e+00,0.9748,4090,18,13,20,17,17,19
GENE-1280,NO,433.3,219,214.3,0.979,0,8.6e-01,1.0e+00,0.9748,4091,204,204,249,237,220,186
GENE-7425,NO,1011.7,499.3,512.3,1.026,0,8.6e-01,1.0e+00,0.9748,4092,454,627,417,585,491,461
GENE-19127,NO,207,101.7,105.3,1.035,0.1,8.6e-01,1.0e+00,0.9748,4093,70,96,139,92,100,124
GENE-10585,YES,96.7,47.3,49.3,1.035,0,8.6e-01,1.0e+00,0.9748,4094,55,39,48,37,44,67
GENE-4144,NO,96.7,48.7,48,0.979,0,8.6e-01,1.0e+00,0.9748,4095,47,49,50,44,52,48
GENE-2232,NO,4562.7,2300.7,2262,0.983,0,8.6e-01,1.0e+00,0.9748,4096,2431,2408,2063,2158,2405,2223
GENE-13901,NO,1319.7,649.7,670,1.031,0,8.6e-01,1.0e+00,0.9748,4097,479,893,577,743,628,639
GENE-13927,NO,35.7,17.3,18.3,1.05,0.1,8.6e-01,1.0e+00,0.9748,4098,12,13,27,24,17,14
GENE-17485,NO,116.3,58.7,57.7,0.976,0,8.6e-01,1.0e+00,0.9748,4099,69,49,58,52,61,60
GENE-19366,NO,929,457.3,471.7,1.03,0,8.6e-01,1.0e+00,0.9748,4100,589,475,308,452,462,501
GENE-18258,NO,139.3,68.7,70.7,1.022,0,8.6e-01,1.0e+00,0.9748,4101,70,66,70,75,77,60
GENE-3934,NO,408,201.7,206.3,1.023,0,8.6e-01,1.0e+00,0.9748,4102,207,166,232,231,189,199
GENE-4917,NO,70.3,35.7,34.7,0.965,-0.1,8.6e-01,1.0e+00,0.9748,4103,36,42,29,44,37,23
GENE-5985,NO,89,43.3,45.7,1.045,0.1,8.6e-01,1.0e+00,0.9748,4104,35,63,32,48,59,30
GENE-13258,NO,443.3,219.3,224,1.02,0,8.6e-01,1.0e+00,0.9748,4105,217,208,233,194,257,221
GENE-4867,NO,76082,37653,38429,1.021,0,8.6e-01,1.0e+00,0.9748,4106,38302,33421,41236,34516,35311,45460
GENE-252,NO,48.7,23.7,25,1.049,0.1,8.6e-01,1.0e+00,0.9748,4107,18,20,33,14,29,32
GENE-6552,NO,81.7,41.3,40.3,0.968,0,8.6e-01,1.0e+00,0.9748,4108,38,51,35,39,51,31
GENE-7553,NO,40,20.3,19.7,0.961,-0.1,8.6e-01,1.0e+00,0.9748,4109,24,16,21,22,25,12
GENE-11107,NO,189.3,93,96.3,1.032,0,8.6e-01,1.0e+00,0.9748,4110,100,92,87,94,66,129
GENE-16680,NO,588.3,291.3,297,1.02,0,8.6e-01,1.0e+00,0.9748,4111,343,264,267,293,277,321
GENE-18318,NO,2508.7,1269.3,1239.3,0.977,0,8.6e-01,1.0e+00,0.9748,4112,1225,1290,1293,1058,1593,1067
GENE-8913,NO,393.3,200,193.3,0.968,0,8.6e-01,1.0e+00,0.9748,4113,207,132,261,178,181,221
GENE-8114,NO,85.3,41,44.3,1.073,0.1,8.6e-01,1.0e+00,0.9748,4114,35,52,36,71,11,51
GENE-15523,NO,816.3,411.7,404.7,0.983,0,8.6e-01,1.0e+00,0.9748,4115,428,406,401,446,403,365
GENE-13757,NO,830,411.3,418.7,1.018,0,8.6e-01,1.0e+00,0.9752,4117,412,446,376,452,421,383
GENE-6440,NO,311,153.3,157.7,1.025,0,8.6e-01,1.0e+00,0.9752,4118,164,169,127,133,190,150
GENE-13639,NO,37.7,18.3,19.3,1.047,0.1,8.7e-01,1.0e+00,0.9753,4119,21,16,18,28,10,20
GENE-14890,NO,40.7,21,19.7,0.93,-0.1,8.7e-01,1.0e+00,0.9753,4120,20,18,25,6,14,39
GENE-16334,NO,796,393.7,402.3,1.022,0,8.7e-01,1.0e+00,0.9753,4121,480,387,314,404,410,393
GENE-3058,NO,363.3,184,179.3,0.973,0,8.7e-01,1.0e+00,0.9753,4122,190,188,174,151,146,241
GENE-1591,NO,1566,771.3,794.7,1.03,0,8.7e-01,1.0e+00,0.9753,4123,879,703,732,1083,723,578
GENE-6843,NO,1717.7,845.7,872,1.031,0,8.7e-01,1.0e+00,0.9755,4125,1015,606,916,693,1088,835
GENE-7003,NO,81,41,40,0.969,0,8.7e-01,1.0e+00,0.9755,4126,45,28,50,34,44,42
GENE-14545,NO,200.3,99,101.3,1.02,0,8.7e-01,1.0e+00,0.9755,4127,96,91,110,111,98,95
GENE-12945,NO,69.7,35.3,34.3,0.965,-0.1,8.7e-01,1.0e+00,0.9755,4128,29,28,49,26,38,39
GENE-5764,NO,1934,959.3,974.7,1.016,0,8.7e-01,1.0e+00,0.9755,4129,928,993,957,973,1052,899
GENE-5334,NO,1250,616.3,633.7,1.028,0,8.7e-01,1.0e+00,0.9756,4131,608,728,513,727,718,456
GENE-6238,NO,181.7,94,87.7,0.93,-0.1,8.7e-01,1.0e+00,0.9756,4132,110,88,84,46,33,184
GENE-6123,NO,231.7,114,117.7,1.028,0,8.7e-01,1.0e+00,0.9756,4133,119,110,113,118,84,151
GENE-4398,NO,927,471.7,455.3,0.966,-0.1,8.7e-01,1.0e+00,0.9756,4134,417,529,469,303,670,393
GENE-10974,NO,1312.3,668,644.3,0.964,-0.1,8.7e-01,1.0e+00,0.9756,4135,653,470,881,891,487,555
GENE-17152,NO,27,13.7,13.3,0.969,0,8.7e-01,1.0e+00,0.9757,4136,13,11,17,13,15,12
GENE-7048,NO,102.7,52,50.7,0.967,0,8.7e-01,1.0e+00,0.9761,4138,49,61,46,62,58,32
GENE-15114,NO,1235.7,610.7,625,1.024,0,8.7e-01,1.0e+00,0.9761,4139,738,630,464,604,705,566
GENE-11795,NO,31.3,16,15.3,0.951,-0.1,8.7e-01,1.0e+00,0.9761,4140,22,18,8,11,21,14
GENE-1865,NO,53.3,27.3,26,0.945,-0.1,8.7e-01,1.0e+00,0.9761,4141,49,17,16,20,35,23
GENE-13814,NO,2348.3,1157.3,1191,1.029,0,8.7e-01,1.0e+00,0.9761,4142,1058,1265,1149,1020,1645,908
GENE-15054,NO,223,110.3,112.7,1.02,0,8.7e-01,1.0e+00,0.9761,4143,122,99,110,109,126,103
GENE-17469,NO,893.3,442.7,450.7,1.018,0,8.7e-01,1.0e+00,0.9764,4146,433,494,401,477,397,478
GENE-9146,NO,45.7,22.3,23.3,1.037,0.1,8.7e-01,1.0e+00,0.9768,4149,22,19,26,21,33,16
GENE-2796,NO,1501.3,759.7,741.7,0.976,0,8.7e-01,1.0e+00,0.9773,4152,750,945,584,849,687,689
GENE-17729,NO,3019.3,1520.3,1499,0.986,0,8.7e-01,1.0e+00,0.9774,4153,1542,1453,1566,1504,1440,1553
GENE-15360,NO,87,44,43,0.97,0,8.7e-01,1.0e+00,0.9775,4154,32,43,57,51,38,40
GENE-1641,NO,1557.7,786.7,771,0.98,0,8.7e-01,1.0e+00,0.9775,4155,910,619,831,742,822,749
GENE-19220,NO,43,21,22,1.04,0.1,8.7e-01,1.0e+00,0.9775,4156,21,27,15,25,14,27
GENE-6786,NO,82.7,40,42.7,1.058,0.1,8.7e-01,1.0e+00,0.9775,4157,59,48,13,33,46,49
GENE-19140,NO,907.3,448,459.3,1.025,0,8.7e-01,1.0e+00,0.9775,4158,352,420,572,541,427,410
GENE-13354,NO,969.7,481.3,488.3,1.014,0,8.7e-01,1.0e+00,0.9778,4161,469,496,479,493,489,483
GENE-17158,NO,231,112.7,118.3,1.044,0.1,8.7e-01,1.0e+00,0.9778,4162,129,62,147,146,76,133
GENE-2540,NO,1346,725,621,0.856,-0.2,8.7e-01,1.0e+00,0.9784,4165,1167,992,16,127,1555,181
GENE-5708,NO,38.7,19.7,19,0.959,-0.1,8.8e-01,1.0e+00,0.9784,4166,13,22,24,14,28,15
GENE-1279,NO,1566.7,802.7,764,0.952,-0.1,8.8e-01,1.0e+00,0.9784,4167,1185,526,697,445,620,1227
GENE-11926,NO,533,264,269,1.02,0,8.8e-01,1.0e+00,0.9785,4168,290,281,221,233,308,266
GENE-15710,NO,1705.3,862,843.3,0.978,0,8.8e-01,1.0e+00,0.9785,4169,698,958,930,1023,726,781
GENE-17832,NO,573,288.7,284.3,0.986,0,8.8e-01,1.0e+00,0.9785,4170,293,294,279,291,289,273
GENE-4396,NO,64,31.3,32.7,1.035,0,8.8e-01,1.0e+00,0.9785,4171,30,34,30,27,23,48
GENE-2676,NO,151.7,74.3,77.3,1.037,0.1,8.8e-01,1.0e+00,0.979,4175,63,109,51,66,99,67
GENE-13330,NO,20820.3,10335,10485.3,1.015,0,8.8e-01,1.0e+00,0.979,4176,10175,9654,11176,11094,9834,10528
GENE-8140,NO,219,107.7,111.3,1.033,0,8.8e-01,1.0e+00,0.979,4177,142,95,86,130,129,75
GENE-16934,NO,61,30,31,1.025,0,8.8e-01,1.0e+00,0.979,4178,26,35,29,33,35,25
GENE-11942,NO,384,195,189,0.97,0,8.8e-01,1.0e+00,0.979,4179,198,252,135,225,144,198
GENE-19885,NO,128.7,64.7,64,0.983,0,8.8e-01,1.0e+00,0.979,4179,62,63,69,64,60,68
GENE-19123,NO,729,367.3,361.7,0.985,0,8.8e-01,1.0e+00,0.979,4180,389,370,343,341,377,367
GENE-2013,NO,174.3,90,84.3,0.934,-0.1,8.8e-01,1.0e+00,0.979,4181,67,44,159,40,152,61
GENE-17137,NO,1967.3,991,976.3,0.985,0,8.8e-01,1.0e+00,0.979,4182,1062,909,1002,988,907,1034
GENE-11644,NO,2244.3,1132.3,1112,0.982,0,8.8e-01,1.0e+00,0.9791,4184,1344,943,1110,1182,1066,1088
GENE-13875,NO,1480.3,748,732.3,0.979,0,8.8e-01,1.0e+00,0.9797,4187,722,806,716,905,565,727
GENE-6398,NO,227.7,115.3,112.3,0.969,0,8.8e-01,1.0e+00,0.9803,4191,105,151,90,95,90,152
GENE-17297,NO,793.7,392,401.7,1.024,0,8.8e-01,1.0e+00,0.9807,4193,363,485,328,434,464,307
GENE-14535,NO,84.3,41,43.3,1.049,0.1,8.8e-01,1.0e+00,0.9807,4194,64,34,25,23,54,53
GENE-12255,NO,90,45.7,44.3,0.963,-0.1,8.8e-01,1.0e+00,0.9807,4195,39,54,44,47,62,24
GENE-11465,NO,995,478.7,516.3,1.078,0.1,8.8e-01,1.0e+00,0.9808,4197,658,580,198,299,186,1064
GENE-17340,NO,181.7,89.7,92,1.022,0,8.8e-01,1.0e+00,0.9809,4198,68,106,95,92,85,99
GENE-2810,NO,24.7,12,12.7,1.047,0.1,8.8e-01,1.0e+00,0.9809,4199,9,9,18,8,19,11
GENE-1710,NO,271,136.7,134.3,0.98,0,8.8e-01,1.0e+00,0.9809,4200,119,158,133,113,150,140
GENE-11731,NO,134.3,68.3,66,0.964,-0.1,8.8e-01,1.0e+00,0.981,4202,86,75,44,60,45,93
GENE-2196,NO,1038.7,515.3,523.3,1.017,0,8.8e-01,1.0e+00,0.9812,4203,571,541,434,499,512,559
GENE-8829,NO,414,210.7,203.3,0.964,-0.1,8.8e-01,1.0e+00,0.9812,4204,123,198,311,210,244,156
GENE-1838,NO,27,13,14,1.069,0.1,8.8e-01,1.0e+00,0.9812,4205,17,7,15,18,21,3
GENE-10354,NO,20,9.7,10.3,1.061,0.1,8.8e-01,1.0e+00,0.9812,4206,16,3,10,13,6,12
GENE-15320,NO,294.7,146,148.7,1.016,0,8.8e-01,1.0e+00,0.9812,4207,139,140,159,153,137,156
GENE-15612,NO,804.3,416,388.3,0.934,-0.1,8.8e-01,1.0e+00,0.9812,4208,731,241,276,110,499,556
GENE-4009,NO,132.7,64.3,68.3,1.059,0.1,8.8e-01,1.0e+00,0.9812,4209,24,113,56,54,49,102
GENE-18137,NO,88.7,45,43.7,0.964,-0.1,8.9e-01,1.0e+00,0.9812,4210,43,52,40,50,22,59
GENE-10272,NO,393,198.3,194.7,0.979,0,8.9e-01,1.0e+00,0.9812,4211,177,200,218,196,237,151
GENE-3138,NO,76.7,37.7,39,1.027,0,8.9e-01,1.0e+00,0.9812,4212,36,49,28,37,34,46
GENE-8615,NO,37.3,18.3,19,1.029,0,8.9e-01,1.0e+00,0.9812,4213,23,13,19,18,17,22
GENE-15392,NO,109.7,54,55.7,1.023,0,8.9e-01,1.0e+00,0.9812,4214,54,45,63,57,66,44
GENE-3250,NO,98.7,50,48.7,0.967,0,8.9e-01,1.0e+00,0.9812,4215,47,39,64,29,54,63
GENE-4492,NO,75.3,38,37.3,0.976,0,8.9e-01,1.0e+00,0.9812,4216,44,34,36,31,33,48
GENE-5799,NO,751.7,379.7,372,0.98,0,8.9e-01,1.0e+00,0.9812,4217,321,445,373,331,336,449
GENE-18032,NO,482.7,239.7,243,1.015,0,8.9e-01,1.0e+00,0.9812,4218,250,247,222,235,268,226
GENE-9636,NO,1232.7,636,596.7,0.937,-0.1,8.9e-01,1.0e+00,0.9812,4219,224,513,1171,997,340,453
GENE-15632,NO,152.3,75.3,77,1.019,0,8.9e-01,1.0e+00,0.9812,4220,74,84,68,65,87,79
GENE-18497,NO,1476.7,731.7,745,1.018,0,8.9e-01,1.0e+00,0.9812,4221,672,647,876,695,696,844
GENE-14539,NO,199,100.3,98.7,0.983,0,8.9e-01,1.0e+00,0.9812,4222,105,96,100,83,105,108
GENE-12370,NO,8736.7,4523.7,4213,0.931,-0.1,8.9e-01,1.0e+00,0.9812,4223,1987,5497,6087,4408,983,7248
GENE-18135,NO,714,353,361,1.024,0,8.9e-01,1.0e+00,0.9812,4224,286,442,331,316,316,451
GENE-5878,NO,83.7,41,42.7,1.033,0,8.9e-01,1.0e+00,0.9812,4225,51,45,27,49,29,50
GENE-9134,NO,72,36.3,35.7,0.975,0,8.9e-01,1.0e+00,0.9812,4226,26,39,44,41,31,35
GENE-11880,NO,38.3,19.3,19,0.976,0,8.9e-01,1.0e+00,0.9812,4227,19,19,20,16,17,24
GENE-5664,NO,212,105,107,1.018,0,8.9e-01,1.0e+00,0.9817,4230,96,125,94,102,113,106
GENE-15759,NO,3322.3,1639.7,1682.7,1.026,0,8.9e-01,1.0e+00,0.9817,4231,1851,1325,1743,1123,1781,2144
GENE-1455,NO,30.7,15,15.7,1.036,0.1,8.9e-01,1.0e+00,0.9817,4232,14,21,10,11,18,18
GENE-779,NO,38.7,19,19.7,1.027,0,8.9e-01,1.0e+00,0.9817,4233,16,18,23,20,24,15
GENE-495,NO,343,169.7,173.3,1.02,0,8.9e-01,1.0e+00,0.9817,4234,167,130,212,177,171,172
GENE-5601,NO,46.7,23.7,23,0.965,-0.1,8.9e-01,1.0e+00,0.9817,4235,18,31,22,29,27,13
GENE-16784,NO,2233,1108.7,1124.3,1.014,0,8.9e-01,1.0e+00,0.9817,4236,1092,1187,1047,1040,1240,1093
GENE-7605,NO,3743.3,1890,1853.3,0.981,0,8.9e-01,1.0e+00,0.9817,4237,1754,1977,1939,1919,1384,2257
GENE-17321,NO,486.7,241.7,245,1.015,0,8.9e-01,1.0e+00,0.9817,4238,275,233,217,247,251,237
GENE-19492,NO,41.7,21,20.7,0.977,0,8.9e-01,1.0e+00,0.9817,4239,19,23,21,20,17,25
GENE-8935,NO,21.7,11,10.7,0.963,-0.1,8.9e-01,1.0e+00,0.9817,4240,12,8,13,14,6,12
GENE-12788,NO,36,18.3,17.7,0.957,-0.1,8.9e-01,1.0e+00,0.9817,4241,9,15,31,14,19,20
GENE-7512,NO,326,161.3,164.7,1.019,0,8.9e-01,1.0e+00,0.9817,4242,122,171,191,162,172,160
GENE-14372,NO,1514.7,750,764.7,1.019,0,8.9e-01,1.0e+00,0.9817,4243,675,749,826,888,574,832
GENE-8510,NO,344.3,173.3,171,0.985,0,8.9e-01,1.0e+00,0.9817,4244,180,186,154,175,155,183
GENE-3456,NO,247.7,124.7,123,0.985,0,8.9e-01,1.0e+00,0.9817,4245,109,129,136,115,126,128
GENE-7174,NO,29.7,15,14.7,0.971,0,8.9e-01,1.0e+00,0.9817,4246,18,16,11,19,13,12
GENE-117,NO,21.7,11,10.7,0.963,-0.1,8.9e-01,1.0e+00,0.9817,4247,10,7,16,10,14,8
GENE-16147,NO,30,15.3,14.7,0.95,-0.1,8.9e-01,1.0e+00,0.9817,4248,14,13,19,21,19,4
GENE-3683,NO,305,153.7,151.3,0.982,0,8.9e-01,1.0e+00,0.9817,4249,169,132,160,158,125,171
GENE-4609,NO,1933.7,975.3,958.3,0.982,0,8.9e-01,1.0e+00,0.9817,4250,1077,761,1088,931,873,1071
GENE-13333,YES,1045.7,532,513.7,0.966,-0.1,8.9e-01,1.0e+00,0.9817,4251,559,770,267,476,604,461
GENE-2337,NO,30.3,15.3,15,0.971,0,8.9e-01,1.0e+00,0.9817,4252,17,18,11,17,17,11
GENE-4063,NO,182.7,92,90.7,0.982,0,8.9e-01,1.0e+00,0.9817,4253,102,83,91,108,80,84
GENE-2832,NO,106.3,50,56.3,1.13,0.2,8.9e-01,1.0e+00,0.9817,4254,38,94,18,19,150,0
GENE-4633,NO,278,137,141,1.027,0,8.9e-01,1.0e+00,0.9817,4255,125,139,147,178,86,159
GENE-19791,NO,394.7,194.3,200.3,1.03,0,8.9e-01,1.0e+00,0.9817,4256,169,271,143,139,224,238
GENE-1517,NO,33.7,17,16.7,0.974,0,8.9e-01,1.0e+00,0.9817,4257,19,12,20,14,17,19
GENE-17373,NO,91.7,45,46.7,1.029,0,8.9e-01,1.0e+00,0.9817,4258,46,50,39,32,40,68
GENE-16283,NO,4907,2471,2436,0.986,0,8.9e-01,1.0e+00,0.9817,4259,2677,2299,2437,2317,2789,2202
GENE-16466,NO,1699.7,840.3,859.3,1.022,0,9.0e-01,1.0e+00,0.9817,4259,607,816,1098,991,777,810
GENE-3636,NO,322.7,163.7,159,0.971,0,9.0e-01,1.0e+00,0.9817,4260,169,190,132,130,108,239
GENE-15685,NO,600.7,302.3,298.3,0.988,0,9.0e-01,1.0e+00,0.9817,4261,293,306,308,299,302,294
GENE-19895,NO,52.3,25.7,26.7,1.031,0,9.0e-01,1.0e+00,0.9817,4262,21,30,26,17,25,38
GENE-19345,NO,538.7,272.3,266.3,0.979,0,9.0e-01,1.0e+00,0.9817,4263,333,202,282,226,250,323
GENE-8861,NO,745.7,368.7,377,1.023,0,9.0e-01,1.0e+00,0.9817,4264,357,386,363,243,463,425
GENE-1535,NO,924.3,456.7,467.7,1.024,0,9.0e-01,1.0e+00,0.9817,4265,621,413,336,462,546,395
GENE-5958,NO,1187.3,598.3,589,0.985,0,9.0e-01,1.0e+00,0.9817,4266,578,521,696,645,525,597
GENE-19929,NO,80,40.7,39.3,0.959,-0.1,9.0e-01,1.0e+00,0.9817,4267,32,58,32,33,64,21
GENE-6919,NO,188,96.3,91.7,0.948,-0.1,9.0e-01,1.0e+00,0.9817,4268,63,99,127,27,91,157
GENE-17362,NO,305.7,154,151.7,0.984,0,9.0e-01,1.0e+00,0.9817,4269,176,139,147,161,132,162
GENE-8516,NO,145.3,71.3,74,1.03,0,9.0e-01,1.0e+00,0.9817,4270,108,53,53,66,66,90
GENE-6541,NO,169.3,85.3,84,0.981,0,9.0e-01,1.0e+00,0.9817,4271,66,85,105,83,90,79
GENE-14199,NO,107.3,53,54.3,1.018,0,9.0e-01,1.0e+00,0.9817,4272,63,47,49,53,50,60
GENE-16967,NO,817.7,404,413.7,1.024,0,9.0e-01,1.0e+00,0.9817,4273,487,459,266,466,340,435
GENE-3535,NO,113.3,57,56.3,0.981,0,9.0e-01,1.0e+00,0.9817,4274,68,54,49,58,48,63
GENE-6827,NO,427.3,215.7,211.7,0.982,0,9.0e-01,1.0e+00,0.9817,4275,228,256,163,231,192,212
GENE-11336,NO,318.7,156.7,162,1.036,0.1,9.0e-01,1.0e+00,0.9817,4276,256,108,106,121,178,187
GENE-6211,NO,149.7,75.3,74.3,0.984,0,9.0e-01,1.0e+00,0.9817,4277,65,88,73,75,69,79
GENE-17944,NO,79,39,40,1.018,0,9.0e-01,1.0e+00,0.9817,4278,45,40,32,39,39,42
GENE-3167,NO,42.3,21.3,21,0.977,0,9.0e-01,1.0e+00,0.9817,4279,17,26,21,22,24,17
GENE-5950,NO,31,15.7,15.3,0.972,0,9.0e-01,1.0e+00,0.9817,4280,21,15,11,13,14,19
GENE-1326,NO,294,145,149,1.027,0,9.0e-01,1.0e+00,0.9817,4281,192,143,100,136,115,196
GENE-12795,NO,99.7,50.3,49.3,0.973,0,9.0e-01,1.0e+00,0.9817,4282,61,40,50,34,69,45
GENE-4967,NO,198.3,98.3,100,1.016,0,9.0e-01,1.0e+00,0.9817,4283,98,90,107,99,116,85
GENE-10724,NO,125.7,62,63.7,1.019,0,9.0e-01,1.0e+00,0.9817,4284,70,53,63,57,79,55
GENE-16793,NO,24,11.7,12.3,1.049,0.1,9.0e-01,1.0e+00,0.9817,4285,5,8,22,10,11,16
GENE-15162,NO,216.7,109,107.7,0.987,0,9.0e-01,1.0e+00,0.9817,4286,99,114,114,101,110,112
GENE-5861,NO,1291.3,639.3,652,1.02,0,9.0e-01,1.0e+00,0.9817,4287,571,502,845,603,636,717
GENE-18823,NO,170,84,86,1.02,0,9.0e-01,1.0e+00,0.9817,4288,80,77,95,98,98,62
GENE-2643,NO,23.7,12,11.7,0.966,0,9.0e-01,1.0e+00,0.9817,4289,13,6,17,10,12,13
GENE-3961,NO,1105.3,544.3,561,1.031,0,9.0e-01,1.0e+00,0.9817,4290,397,436,800,658,658,367
GENE-3626,NO,162.7,82,80.7,0.981,0,9.0e-01,1.0e+00,0.9817,4291,74,78,94,60,91,91
GENE-7697,NO,54.7,27.7,27,0.969,0,9.0e-01,1.0e+00,0.9817,4292,29,22,32,20,42,19
GENE-3182,NO,85.7,43.7,42,0.955,-0.1,9.0e-01,1.0e+00,0.9817,4293,50,52,29,13,55,58
GENE-5571,NO,341,171.3,169.7,0.987,0,9.0e-01,1.0e+00,0.9817,4294,163,186,165,153,183,173
GENE-10138,NO,2225,1122.7,1102.3,0.982,0,9.0e-01,1.0e+00,0.9817,4295,1179,1053,1136,1437,880,990
GENE-710,NO,167,84,83,0.985,0,9.0e-01,1.0e+00,0.9817,4296,89,77,86,86,92,71
GENE-7886,NO,347.7,171.7,176,1.026,0,9.0e-01,1.0e+00,0.9817,4297,243,155,117,197,189,142
GENE-6996,NO,713,359,354,0.986,0,9.0e-01,1.0e+00,0.9817,4298,421,339,317,369,353,340
GENE-19851,NO,797.3,396.3,401,1.012,0,9.0e-01,1.0e+00,0.9817,4299,378,422,389,402,429,372
GENE-941,NO,1679.3,834.3,845,1.013,0,9.0e-01,1.0e+00,0.9817,4300,887,724,892,800,825,910
GENE-1149,NO,60.3,29.7,30.7,1.026,0,9.0e-01,1.0e+00,0.9817,4301,23,31,35,22,41,29
GENE-4455,NO,31,15.7,15.3,0.971,0,9.0e-01,1.0e+00,0.9817,4302,15,19,13,11,22,13
GENE-12127,NO,157,77.3,79.7,1.023,0,9.0e-01,1.0e+00,0.9823,4305,88,50,94,78,70,91
GENE-609,NO,260.3,129,131.3,1.016,0,9.0e-01,1.0e+00,0.9823,4306,104,143,140,123,127,144
GENE-3946,NO,551,277.7,273.3,0.986,0,9.0e-01,1.0e+00,0.9825,4308,318,235,280,292,248,280
GENE-7253,NO,32.3,16.3,16,0.973,0,9.1e-01,1.0e+00,0.9827,4310,13,21,15,16,11,21
GENE-9390,NO,4931.3,2488,2443.3,0.982,0,9.1e-01,1.0e+00,0.9827,4311,1901,3107,2456,2121,2775,2434
GENE-3520,NO,19.7,10,9.7,0.96,-0.1,9.1e-01,1.0e+00,0.9829,4313,6,12,12,12,13,4
GENE-8275,NO,3948.7,1994.3,1954.3,0.98,0,9.1e-01,1.0e+00,0.9829,4314,1349,2132,2502,1693,2059,2111
GENE-15754,NO,303.7,149.3,154.3,1.03,0,9.1e-01,1.0e+00,0.9829,4315,143,203,102,93,188,182
GENE-18722,NO,3413.7,1697.7,1716,1.011,0,9.1e-01,1.0e+00,0.9829,4316,1796,1562,1735,1619,1724,1805
GENE-13231,NO,1283.7,634,649.7,1.024,0,9.1e-01,1.0e+00,0.9829,4317,557,909,436,688,732,529
GENE-17781,NO,2270.7,1125.7,1145,1.017,0,9.1e-01,1.0e+00,0.9829,4318,1299,862,1216,1286,1195,954
GENE-3289,NO,471.3,234.3,237,1.011,0,9.1e-01,1.0e+00,0.9829,4319,229,250,224,238,235,238
GENE-10572,NO,1398.3,707.3,691,0.977,0,9.1e-01,1.0e+00,0.9829,4320,849,554,719,542,977,554
GENE-15258,NO,2972,1506,1466,0.973,0,9.1e-01,1.0e+00,0.9829,4321,1219,2286,1013,1725,1160,1513
GENE-1209,NO,78.7,39.7,39,0.976,0,9.1e-01,1.0e+00,0.9829,4322,43,41,35,56,29,32
GENE-14062,NO,318.7,161,157.7,0.978,0,9.1e-01,1.0e+00,0.9829,4323,146,185,152,223,126,124
GENE-15295,NO,530,266.7,263.3,0.988,0,9.1e-01,1.0e+00,0.9829,4324,250,304,246,243,273,274
GENE-18727,NO,144.3,72.7,71.7,0.984,0,9.1e-01,1.0e+00,0.9829,4325,67,85,66,69,61,85
GENE-8157,NO,96.7,48.7,48,0.979,0,9.1e-01,1.0e+00,0.9829,4326,59,49,38,54,36,54
GENE-6044,NO,511,253,258,1.021,0,9.1e-01,1.0e+00,0.9829,4327,317,168,274,246,294,234
GENE-12831,NO,279.3,138.3,141,1.016,0,9.1e-01,1.0e+00,0.9829,4328,125,168,122,128,129,166
GENE-11399,NO,62,30.3,31.7,1.036,0.1,9.1e-01,1.0e+00,0.983,4329,14,40,37,24,44,27
GENE-4500,NO,3475.7,1746.7,1729,0.99,0,9.1e-01,1.0e+00,0.983,4330,1862,1671,1707,1749,1731,1707
GENE-9352,NO,256,126.3,129.7,1.024,0,9.1e-01,1.0e+00,0.983,4331,82,181,116,140,122,127
GENE-14358,NO,30.3,15.3,15,0.972,0,9.1e-01,1.0e+00,0.983,4332,17,15,14,12,10,23
GENE-1302,NO,36,17.7,18.3,1.03,0,9.1e-01,1.0e+00,0.9833,4334,14,21,18,25,10,20
GENE-18191,NO,1434.3,724.3,710,0.981,0,9.1e-01,1.0e+00,0.9833,4335,762,544,867,789,816,525
GENE-2123,NO,1503.3,746.7,756.7,1.013,0,9.1e-01,1.0e+00,0.9833,4336,670,865,705,671,784,815
GENE-15161,NO,52.7,26,26.7,1.018,0,9.1e-01,1.0e+00,0.9833,4337,29,23,26,26,22,32
GENE-11035,NO,148,74.3,73.7,0.984,0,9.1e-01,1.0e+00,0.9833,4338,73,59,91,71,76,74
GENE-11672,NO,37.7,19.3,18.3,0.941,-0.1,9.1e-01,1.0e+00,0.9833,4339,26,29,3,17,31,7
GENE-283,NO,657.7,321.7,336,1.045,0.1,9.1e-01,1.0e+00,0.9833,4340,278,263,424,110,286,612
GENE-10226,NO,54.7,27,27.7,1.017,0,9.1e-01,1.0e+00,0.9833,4341,30,29,22,26,26,31
GENE-4280,NO,290.3,146.3,144,0.982,0,9.1e-01,1.0e+00,0.9833,4342,185,118,136,130,124,178
GENE-17886,NO,984.7,489.7,495,1.011,0,9.1e-01,1.0e+00,0.9833,4343,465,525,479,446,523,516
GENE-3470,NO,452.7,225,227.7,1.011,0,9.1e-01,1.0e+00,0.9833,4344,233,211,231,238,218,227
GENE-9680,NO,192.7,95.7,97,1.014,0,9.1e-01,1.0e+00,0.9833,4345,97,85,105,86,109,96
GENE-2975,NO,133.3,65.7,67.7,1.023,0,9.1e-01,1.0e+00,0.9833,4346,86,38,73,63,72,68
GENE-15964,NO,2254.3,1119,1135.3,1.015,0,9.1e-01,1.0e+00,0.9833,4347,1302,840,1215,1200,1094,1112
GENE-13175,NO,488.3,246,242.3,0.984,0,9.1e-01,1.0e+00,0.9833,4348,205,317,216,267,230,230
GENE-19526,NO,965.3,486.3,479,0.985,0,9.1e-01,1.0e+00,0.9833,4349,530,533,396,406,577,454
GENE-16321,NO,39.7,20,19.7,0.977,0,9.1e-01,1.0e+00,0.9833,4350,22,13,25,24,17,18
GENE-18690,NO,6645,3349.7,3295.3,0.984,0,9.2e-01,1.0e+00,0.9833,4351,3584,2867,3598,3575,2398,3913
GENE-12412,NO,337,170.3,166.7,0.977,0,9.2e-01,1.0e+00,0.9833,4352,248,132,131,134,202,164
GENE-5201,NO,1074.3,542,532.3,0.982,0,9.2e-01,1.0e+00,0.9833,4353,526,564,536,651,357,589
GENE-5133,NO,1769.3,891.3,878,0.985,0,9.2e-01,1.0e+00,0.9833,4354,900,863,911,647,1028,959
GENE-17464,NO,41.7,21,20.7,0.977,0,9.2e-01,1.0e+00,0.9833,4355,16,21,26,14,24,24
GENE-10041,NO,195.3,97,98.3,1.013,0,9.2e-01,1.0e+00,0.9833,4356,108,81,102,93,106,96
GENE-9588,NO,1658,835,823,0.985,0,9.2e-01,1.0e+00,0.9833,4357,1051,777,677,865,872,732
GENE-18446,NO,344.3,173.7,170.7,0.981,0,9.2e-01,1.0e+00,0.9833,4358,129,179,213,215,141,156
GENE-934,NO,24.3,12.3,12,0.966,0,9.2e-01,1.0e+00,0.9833,4359,14,15,8,19,11,6
GENE-19522,NO,1804.7,895.3,909.3,1.016,0,9.2e-01,1.0e+00,0.9833,4360,810,774,1102,733,1023,972
GENE-19401,NO,61,30.7,30.3,0.982,0,9.2e-01,1.0e+00,0.9833,4361,27,38,27,34,33,24
GENE-1968,NO,24.3,12,12.3,1.02,0,9.2e-01,1.0e+00,0.9833,4362,10,13,13,10,13,14
GENE-17509,NO,147.3,73,74.3,1.016,0,9.2e-01,1.0e+00,0.9833,4363,77,75,67,61,69,93
GENE-3540,NO,253.7,125,128.7,1.027,0,9.2e-01,1.0e+00,0.9833,4364,110,169,96,120,79,187
GENE-12890,NO,1905,958.7,946.3,0.987,0,9.2e-01,1.0e+00,0.9833,4365,1081,796,999,821,961,1057
GENE-7317,NO,1731,853,878,1.029,0,9.2e-01,1.0e+00,0.9833,4366,956,727,876,481,692,1461
GENE-10607,NO,82.7,40.7,42,1.025,0,9.2e-01,1.0e+00,0.9833,4367,43,45,34,29,64,33
GENE-6999,NO,1183.7,596.7,587,0.983,0,9.2e-01,1.0e+00,0.9833,4368,515,758,517,645,665,451
GENE-7853,NO,118.3,59.3,59,0.987,0,9.2e-01,1.0e+00,0.9833,4369,53,60,65,55,66,56
GENE-17688,NO,41.7,21,20.7,0.977,0,9.2e-01,1.0e+00,0.9833,4370,29,18,16,20,26,16
GENE-17822,NO,808,401,407,1.015,0,9.2e-01,1.0e+00,0.9833,4371,375,451,377,456,461,304
GENE-4772,NO,1149,578,571,0.988,0,9.2e-01,1.0e+00,0.9833,4372,546,551,637,607,466,640
GENE-1144,NO,2261,1136.7,1124.3,0.989,0,9.2e-01,1.0e+00,0.9833,4373,1267,995,1148,1146,1026,1201
GENE-17201,NO,3462.3,1761.7,1700.7,0.965,-0.1,9.2e-01,1.0e+00,0.9833,4374,1515,1550,2220,2432,2096,574
GENE-1524,NO,25729.7,12780,12949.7,1.013,0,9.2e-01,1.0e+00,0.9833,4375,13883,11688,12769,15099,10049,13701
GENE-15134,NO,284,137,147,1.073,0.1,9.2e-01,1.0e+00,0.9833,4376,52,58,301,120,299,22
GENE-8178,NO,127.3,62.7,64.7,1.025,0,9.2e-01,1.0e+00,0.9833,4377,65,39,84,49,56,89
GENE-2728,NO,56.3,28.3,28,0.981,0,9.2e-01,1.0e+00,0.9833,4378,23,38,24,30,31,23
GENE-14462,NO,1979.7,1006.3,973.3,0.968,0,9.2e-01,1.0e+00,0.9833,4379,538,1188,1293,1607,716,597
GENE-12947,NO,50.3,25.3,25,0.979,0,9.2e-01,1.0e+00,0.9833,4380,22,31,23,26,32,17
GENE-9102,NO,869.7,438,431.7,0.986,0,9.2e-01,1.0e+00,0.9833,4381,537,410,367,506,404,385
GENE-9509,NO,153.3,77,76.3,0.988,0,9.2e-01,1.0e+00,0.9833,4382,73,86,72,78,82,69
GENE-8152,NO,1065.3,528.7,536.7,1.015,0,9.2e-01,1.0e+00,0.9833,4383,459,671,456,521,638,451
GENE-7304,NO,5323,2649.7,2673.3,1.009,0,9.2e-01,1.0e+00,0.9833,4384,2579,2524,2846,2626,2676,2718
GENE-1729,NO,176,88.3,87.7,0.989,0,9.2e-01,1.0e+00,0.9833,4385,90,90,85,85,98,80
GENE-3704,NO,634.7,315.7,319,1.013,0,9.2e-01,1.0e+00,0.9833,4386,294,373,280,293,297,367
GENE-2328,NO,2428,1223.7,1204.3,0.984,0,9.2e-01,1.0e+00,0.9833,4387,1081,1250,1340,976,1007,1630
GENE-4380,NO,69,34.7,34.3,0.984,0,9.2e-01,1.0e+00,0.9833,4388,42,27,35,40,33,30
GENE-9584,NO,367.7,179.3,188.3,1.05,0.1,9.2e-01,1.0e+00,0.9833,4389,285,160,93,113,387,65
GENE-8196,NO,92,46.3,45.7,0.978,0,9.2e-01,1.0e+00,0.9833,4390,41,53,45,28,65,44
GENE-7246,NO,796,401,395,0.985,0,9.2e-01,1.0e+00,0.9833,4391,449,470,284,392,368,425
GENE-19364,NO,45.7,23,22.7,0.979,0,9.2e-01,1.0e+00,0.9833,4391,31,21,17,17,23,28
GENE-10757,NO,6231.7,3129.7,3102,0.991,0,9.2e-01,1.0e+00,0.9834,4393,3118,2967,3304,2919,3170,3217
GENE-16643,NO,160.7,81.3,79.3,0.969,0,9.2e-01,1.0e+00,0.9834,4394,130,55,59,75,45,118
GENE-6735,NO,200.3,100.7,99.7,0.986,0,9.2e-01,1.0e+00,0.9834,4395,111,104,87,122,85,92
GENE-14255,NO,125.7,63,62.7,0.987,0,9.2e-01,1.0e+00,0.9834,4396,66,65,58,52,68,68
GENE-6400,NO,74.3,36.7,37.7,1.019,0,9.2e-01,1.0e+00,0.9834,4397,24,48,38,41,38,34
GENE-4081,NO,10018.7,5035.7,4983,0.99,0,9.2e-01,1.0e+00,0.9834,4398,4610,5155,5342,5778,4670,4501
GENE-16344,NO,749.7,372,377.7,1.015,0,9.2e-01,1.0e+00,0.9835,4399,344,495,277,369,376,388
GENE-306,YES,83.3,41,42.3,1.025,0,9.2e-01,1.0e+00,0.9835,4400,31,54,38,62,27,38
GENE-11317,NO,84.3,42.3,42,0.985,0,9.2e-01,1.0e+00,0.9835,4401,42,39,46,49,32,45
GENE-681,NO,6145.3,3058,3087.3,1.01,0,9.2e-01,1.0e+00,0.9835,4402,3268,2782,3124,3230,2768,3264
GENE-16215,NO,44,21.7,22.3,1.023,0,9.2e-01,1.0e+00,0.9835,4403,14,22,29,28,16,23
GENE-12053,NO,929.3,466.7,462.7,0.991,0,9.3e-01,1.0e+00,0.9838,4406,505,418,477,454,485,449
GENE-13271,NO,336,165,171,1.035,0,9.3e-01,1.0e+00,0.9838,4407,104,196,195,60,212,241
GENE-9980,NO,3340,1680,1660,0.988,0,9.3e-01,1.0e+00,0.9841,4409,1901,1347,1792,1874,1471,1635
GENE-638,NO,54.7,27,27.7,1.017,0,9.3e-01,1.0e+00,0.9844,4411,20,30,31,28,32,23
GENE-3427,NO,119,59.7,59.3,0.987,0,9.3e-01,1.0e+00,0.9848,4414,59,63,57,69,62,47
GENE-3517,NO,4258,2119,2139,1.009,0,9.3e-01,1.0e+00,0.985,4416,2306,1902,2149,2323,2053,2041
GENE-15514,NO,649.3,326.3,323,0.991,0,9.3e-01,1.0e+00,0.985,4417,285,337,357,321,331,317
GENE-16574,NO,4923.3,2487,2436.3,0.979,0,9.3e-01,1.0e+00,0.9852,4418,3416,2396,1649,1653,3050,2606
GENE-1883,NO,6237,3083.7,3153.3,1.023,0,9.3e-01,1.0e+00,0.9852,4419,2324,2394,4533,2921,2207,4332
GENE-10247,NO,130.7,64.3,66.3,1.024,0,9.3e-01,1.0e+00,0.9852,4420,55,48,90,44,97,58
GENE-7187,NO,381,191.3,189.7,0.991,0,9.3e-01,1.0e+00,0.9852,4421,184,189,201,174,197,198
GENE-2115,NO,1000.3,496.7,503.7,1.014,0,9.3e-01,1.0e+00,0.9854,4424,548,493,449,658,430,423
GENE-7035,NO,1470.7,739.7,731,0.988,0,9.3e-01,1.0e+00,0.9854,4425,889,685,645,657,858,678
GENE-10300,NO,383,193.3,189.7,0.978,0,9.3e-01,1.0e+00,0.9854,4426,183,261,136,128,277,164
GENE-13693,NO,51.7,25.3,26.3,1.031,0,9.3e-01,1.0e+00,0.9854,4427,25,37,14,16,19,44
GENE-6240,NO,1392,705,687,0.975,0,9.3e-01,1.0e+00,0.9854,4428,455,1154,506,540,945,576
GENE-4197,NO,877.7,445,432.7,0.972,0,9.3e-01,1.0e+00,0.9854,4429,646,258,431,692,245,361
GENE-18339,NO,108.3,54.3,54,0.987,0,9.3e-01,1.0e+00,0.9854,4430,45,62,56,64,45,53
GENE-2283,NO,21,10.3,10.7,1.025,0,9.3e-01,1.0e+00,0.9854,4431,11,6,14,13,12,7
GENE-9370,YES,2070.3,1039,1031.3,0.992,0,9.3e-01,1.0e+00,0.9854,4432,1031,1076,1010,1009,1001,1084
GENE-4704,NO,4099.3,2039,2060.3,1.01,0,9.3e-01,1.0e+00,0.9854,4432,2297,1726,2094,2366,1855,1960
GENE-1077,NO,796,399.7,396.3,0.992,0,9.3e-01,1.0e+00,0.9854,4433,387,434,378,384,425,380
GENE-509,NO,856.3,426.3,430,1.008,0,9.3e-01,1.0e+00,0.9854,4434,416,438,425,388,435,467
GENE-19319,NO,137.3,68,69.3,1.012,0,9.3e-01,1.0e+00,0.9854,4435,79,68,57,80,67,61
GENE-13771,NO,4307.3,2139.3,2168,1.013,0,9.3e-01,1.0e+00,0.9854,4436,2028,2658,1732,2602,2150,1752
GENE-19369,NO,584.7,290.3,294.3,1.015,0,9.3e-01,1.0e+00,0.9854,4437,305,287,279,225,418,240
GENE-9835,NO,1025.7,528.7,497,0.94,-0.1,9.3e-01,1.0e+00,0.9854,4438,362,214,1010,1264,100,127
GENE-2168,NO,7122.3,3581,3541.3,0.989,0,9.3e-01,1.0e+00,0.9854,4439,4202,3772,2769,3835,3234,3555
GENE-1394,NO,46.7,23,23.7,1.021,0,9.3e-01,1.0e+00,0.9854,4440,21,27,21,14,35,22
GENE-8081,NO,61,30.7,30.3,0.982,0,9.3e-01,1.0e+00,0.9854,4441,28,33,31,30,19,42
GENE-8146,NO,518.7,260.7,258,0.992,0,9.3e-01,1.0e+00,0.9854,4442,282,235,265,273,255,246
GENE-16763,NO,671.7,334.3,337.3,1.01,0,9.3e-01,1.0e+00,0.9854,4443,268,389,346,312,353,347
GENE-12602,NO,120.3,59.3,61,1.021,0,9.3e-01,1.0e+00,0.9854,4444,38,45,95,65,63,55
GENE-15467,NO,184,91.3,92.7,1.011,0,9.3e-01,1.0e+00,0.9854,4445,73,102,99,94,95,89
GENE-9272,NO,222,110.3,111.7,1.011,0,9.3e-01,1.0e+00,0.9854,4446,111,98,122,92,117,126
GENE-14183,NO,696.3,345.7,350.7,1.014,0,9.4e-01,1.0e+00,0.9854,4447,310,328,399,439,241,372
GENE-13117,NO,606,304.7,301.3,0.99,0,9.4e-01,1.0e+00,0.9854,4448,328,336,250,279,318,307
GENE-15790,NO,67.7,34,33.7,0.983,0,9.4e-01,1.0e+00,0.9854,4449,26,42,34,36,23,42
GENE-1247,NO,1461.3,727.7,733.7,1.008,0,9.4e-01,1.0e+00,0.9854,4450,795,656,732,749,752,700
GENE-18616,NO,1542.7,767.7,775,1.009,0,9.4e-01,1.0e+00,0.9854,4451,667,891,745,815,692,818
GENE-17541,NO,2545.7,1263,1282.7,1.016,0,9.4e-01,1.0e+00,0.9854,4452,1780,935,1074,1082,1296,1470
GENE-4308,NO,122.3,63.7,58.7,0.922,-0.1,9.4e-01,1.0e+00,0.9854,4453,15,164,12,3,160,13
GENE-4598,NO,682.7,342.7,340,0.993,0,9.4e-01,1.0e+00,0.9854,4454,346,334,348,338,329,353
GENE-3141,NO,503.3,250.3,253,1.011,0,9.4e-01,1.0e+00,0.9854,4455,280,233,238,200,246,313
GENE-8265,NO,2827.7,1406.3,1421.3,1.011,0,9.4e-01,1.0e+00,0.9854,4456,1748,1216,1255,1238,1518,1508
GENE-6750,NO,4164.7,2089.7,2075,0.993,0,9.4e-01,1.0e+00,0.9854,4457,2032,2167,2070,1959,2227,2039
GENE-5508,NO,139.7,70,69.7,0.988,0,9.4e-01,1.0e+00,0.9854,4458,82,61,67,56,80,73
GENE-5219,NO,26.3,13,13.3,1.018,0,9.4e-01,1.0e+00,0.9854,4459,16,11,12,17,9,14
GENE-9864,NO,289,143.3,145.7,1.013,0,9.4e-01,1.0e+00,0.9854,4460,102,183,145,158,138,141
GENE-14034,NO,23.7,11.7,12,1.02,0,9.4e-01,1.0e+00,0.9854,4461,9,17,9,9,14,13
GENE-14211,NO,700,348,352,1.013,0,9.4e-01,1.0e+00,0.986,4465,325,401,318,436,363,257
GENE-16309,NO,57,28,29,1.028,0,9.4e-01,1.0e+00,0.9868,4469,23,38,23,17,17,53
GENE-15888,NO,583.7,289.7,294,1.017,0,9.4e-01,1.0e+00,0.9876,4474,345,254,270,173,298,411
GENE-18091,NO,11533.3,5833,5700.3,0.977,0,9.4e-01,1.0e+00,0.9876,4475,2565,8446,6488,5626,4136,7339
GENE-13567,NO,359,178.7,180.3,1.009,0,9.4e-01,1.0e+00,0.9876,4476,146,202,188,177,172,192
GENE-3814,NO,3084.3,1533.7,1550.7,1.011,0,9.4e-01,1.0e+00,0.9876,4477,1588,1604,1409,1169,1512,1971
GENE-10344,NO,64.7,32,32.7,1.013,0,9.4e-01,1.0e+00,0.9876,4478,27,33,36,38,36,24
GENE-4443,NO,103,51,52,1.012,0,9.4e-01,1.0e+00,0.9876,4479,51,57,45,63,53,40
GENE-11171,NO,343,170.7,172.3,1.008,0,9.4e-01,1.0e+00,0.9876,4480,191,145,176,166,177,174
GENE-5709,NO,169.3,84,85.3,1.012,0,9.4e-01,1.0e+00,0.9876,4481,75,103,74,92,98,66
GENE-3940,NO,682.7,342.7,340,0.993,0,9.4e-01,1.0e+00,0.9879,4483,328,350,350,368,306,346
GENE-1347,NO,1414.7,709.3,705.3,0.994,0,9.4e-01,1.0e+00,0.9879,4484,700,731,697,715,691,710
GENE-3685,NO,474,234.7,239.3,1.019,0,9.4e-01,1.0e+00,0.9879,4485,186,309,209,265,323,130
GENE-6154,NO,116.7,57.7,59,1.015,0,9.4e-01,1.0e+00,0.9882,4487,34,73,66,55,61,61
GENE-3480,NO,168.3,83.3,85,1.013,0,9.4e-01,1.0e+00,0.9882,4489,112,64,74,72,88,95
GENE-16460,NO,2217.3,1102.3,1115,1.012,0,9.4e-01,1.0e+00,0.9882,4490,842,1421,1044,1025,1326,994
GENE-15968,NO,62.7,31,31.7,1.014,0,9.4e-01,1.0e+00,0.9882,4491,31,34,28,36,38,21
GENE-10166,NO,186.3,92,94.3,1.022,0,9.4e-01,1.0e+00,0.9882,4492,52,65,159,74,109,100
GENE-3522,NO,97.3,48,49.3,1.021,0,9.4e-01,1.0e+00,0.9882,4493,36,41,67,36,33,79
GENE-18541,NO,21,10.3,10.7,1.024,0,9.4e-01,1.0e+00,0.9882,4493,7,18,6,13,8,11
GENE-15980,NO,793.3,394.7,398.7,1.011,0,9.4e-01,1.0e+00,0.9882,4494,351,397,436,504,402,290
GENE-14518,NO,20.3,10,10.3,1.025,0,9.4e-01,1.0e+00,0.9882,4495,4,14,12,13,6,12
GENE-19745,NO,406.3,202,204.3,1.012,0,9.4e-01,1.0e+00,0.9882,4496,233,235,138,179,235,199
GENE-960,NO,2199,1106.7,1092.3,0.987,0,9.4e-01,1.0e+00,0.9883,4498,991,840,1489,1362,874,1041
GENE-280,NO,121.3,61,60.3,0.987,0,9.4e-01,1.0e+00,0.9883,4499,50,86,47,53,65,63
GENE-1762,NO,644.7,323.7,321,0.992,0,9.5e-01,1.0e+00,0.9885,4501,363,341,267,330,289,344
GENE-15518,NO,392.3,198.7,193.7,0.977,0,9.5e-01,1.0e+00,0.9885,4502,281,90,225,275,109,197
GENE-16150,NO,402,200,202,1.011,0,9.5e-01,1.0e+00,0.9885,4503,256,150,194,239,181,186
GENE-9933,NO,121.3,61.3,60,0.975,0,9.5e-01,1.0e+00,0.9887,4505,65,92,27,45,97,38
GENE-5913,NO,29,14.3,14.7,1.016,0,9.5e-01,1.0e+00,0.9887,4506,10,16,17,14,11,19
GENE-5386,NO,103,51,52,1.013,0,9.5e-01,1.0e+00,0.989,4508,59,39,55,54,38,64
GENE-15505,NO,2399.3,1206.7,1192.7,0.988,0,9.5e-01,1.0e+00,0.9891,4509,1072,1453,1095,971,980,1627
GENE-6343,NO,31.7,15.7,16,1.014,0,9.5e-01,1.0e+00,0.9894,4511,14,15,18,20,17,11
GENE-13410,NO,95.7,47.3,48.3,1.014,0,9.5e-01,1.0e+00,0.9894,4513,59,54,29,55,42,48
GENE-4412,NO,72.7,36,36.7,1.011,0,9.5e-01,1.0e+00,0.9894,4514,30,37,41,28,43,39
GENE-2047,NO,220.7,110.7,110,0.993,0,9.5e-01,1.0e+00,0.9894,4515,98,109,125,109,111,110
GENE-6998,NO,6431.7,3226.7,3205,0.993,0,9.5e-01,1.0e+00,0.9894,4516,3158,3148,3374,2999,2921,3695
GENE-4652,NO,150,75,75,0.993,0,9.5e-01,1.0e+00,0.9894,4517,73,72,80,79,78,68
GENE-14839,NO,562.7,282.7,280,0.993,0,9.5e-01,1.0e+00,0.9894,4518,307,266,275,279,320,241
GENE-12080,NO,117.7,58.3,59.3,1.015,0,9.5e-01,1.0e+00,0.9894,4519,61,78,36,63,72,43
GENE-1146,NO,492,254.7,237.3,0.93,-0.1,9.5e-01,1.0e+00,0.9894,4520,687,16,61,30,660,22
GENE-13000,NO,145,72.7,72.3,0.993,0,9.5e-01,1.0e+00,0.9894,4521,70,79,69,67,71,79
GENE-17139,NO,2339.3,1157.7,1181.7,1.021,0,9.5e-01,1.0e+00,0.9894,4522,1244,1717,512,1030,1698,817
GENE-15005,NO,268,134.7,133.3,0.988,0,9.5e-01,1.0e+00,0.9894,4523,97,136,171,100,167,133
GENE-11482,NO,939,471.3,467.7,0.992,0,9.5e-01,1.0e+00,0.9896,4524,422,537,455,397,523,483
GENE-17176,NO,587.3,295,292.3,0.992,0,9.5e-01,1.0e+00,0.9896,4525,275,278,332,233,296,348
GENE-6595,NO,2561.3,1274.7,1286.7,1.01,0,9.5e-01,1.0e+00,0.9896,4526,1359,1127,1338,1684,1184,992
GENE-5972,NO,262.3,130,132.3,1.016,0,9.5e-01,1.0e+00,0.9896,4527,149,124,117,183,64,150
GENE-487,NO,234.3,116.3,118,1.01,0,9.5e-01,1.0e+00,0.9896,4528,102,125,122,139,84,131
GENE-6370,NO,70.7,35.7,35,0.975,0,9.5e-01,1.0e+00,0.9896,4529,45,15,47,19,23,63
GENE-5763,NO,248.3,123.3,125,1.011,0,9.5e-01,1.0e+00,0.9896,4530,89,160,121,133,141,101
GENE-14551,NO,535,266.7,268.3,1.009,0,9.5e-01,1.0e+00,0.9896,4531,315,234,251,205,302,298
GENE-7956,NO,3978,1982,1996,1.007,0,9.5e-01,1.0e+00,0.9896,4532,1768,2347,1831,2192,1849,1947
GENE-14364,NO,8530.7,4251.7,4279,1.007,0,9.5e-01,1.0e+00,0.9896,4533,3547,4463,4745,4393,4260,4184
GENE-10989,NO,134,67.3,66.7,0.988,0,9.5e-01,1.0e+00,0.9896,4534,78,82,42,82,58,60
GENE-5100,NO,78.7,39.3,39.3,0.993,0,9.5e-01,1.0e+00,0.9896,4535,40,38,40,41,37,40
GENE-12396,NO,744,373.3,370.7,0.993,0,9.5e-01,1.0e+00,0.9896,4536,341,419,360,362,419,331
GENE-13732,NO,1880.7,936.7,944,1.008,0,9.5e-01,1.0e+00,0.9896,4537,1057,875,878,760,947,1125
GENE-3761,NO,320.3,160.7,159.7,0.993,0,9.5e-01,1.0e+00,0.9896,4538,162,149,171,185,159,135
GENE-4424,NO,3089,1548.7,1540.3,0.995,0,9.5e-01,1.0e+00,0.9896,4539,1446,1564,1636,1562,1605,1454
GENE-7573,NO,142.7,70.7,72,1.015,0,9.5e-01,1.0e+00,0.9896,4540,51,112,49,89,72,55
GENE-18910,NO,1998,1003,995,0.992,0,9.5e-01,1.0e+00,0.9896,4541,1025,1012,972,1182,754,1049
GENE-2765,NO,43,21.7,21.3,0.978,0,9.5e-01,1.0e+00,0.9899,4544,14,17,34,9,19,36
GENE-6339,NO,245.3,123,122.3,0.993,0,9.5e-01,1.0e+00,0.9899,4545,112,115,142,131,107,129
GENE-6824,NO,1037,515.3,521.7,1.012,0,9.5e-01,1.0e+00,0.9899,4546,482,386,678,396,456,713
GENE-18914,NO,227,114,113,0.99,0,9.6e-01,1.0e+00,0.9899,4547,77,114,151,111,119,109
GENE-9889,NO,24.3,12,12.3,1.02,0,9.6e-01,1.0e+00,0.9903,4550,10,6,20,13,17,7
GENE-14481,NO,124.3,62.3,62,0.987,0,9.6e-01,1.0e+00,0.9903,4551,48,67,72,47,93,46
GENE-12221,NO,80,39.7,40.3,1.01,0,9.6e-01,1.0e+00,0.9903,4552,35,37,47,31,41,49
GENE-9837,NO,308.3,154.7,153.7,0.993,0,9.6e-01,1.0e+00,0.9905,4553,152,131,181,165,160,136
GENE-9619,NO,90,44.7,45.3,1.008,0,9.6e-01,1.0e+00,0.9907,4555,47,43,44,49,50,37
GENE-9990,NO,4144.7,2060.7,2084,1.011,0,9.6e-01,1.0e+00,0.9907,4556,2654,1429,2099,2278,2548,1426
GENE-9556,NO,33.7,16.7,17,1.013,0,9.6e-01,1.0e+00,0.9907,4557,23,11,16,18,20,13
GENE-13898,NO,1192.7,594.7,598,1.006,0,9.6e-01,1.0e+00,0.9907,4558,547,678,559,550,661,583
GENE-11281,NO,159,79,80,1.009,0,9.6e-01,1.0e+00,0.9907,4559,59,106,72,82,77,81
GENE-4900,NO,141.7,71,70.7,0.993,0,9.6e-01,1.0e+00,0.9907,4560,74,77,62,67,85,60
GENE-11019,NO,454,226,228,1.008,0,9.6e-01,1.0e+00,0.9908,4562,180,299,199,254,220,210
GENE-2544,NO,84,42,42,0.993,0,9.6e-01,1.0e+00,0.9909,4563,36,50,40,38,44,44
GENE-8593,NO,121.7,60.3,61.3,1.009,0,9.6e-01,1.0e+00,0.9909,4564,79,52,50,56,74,54
GENE-10021,NO,811,408.7,402.3,0.985,0,9.6e-01,1.0e+00,0.9909,4565,473,408,345,265,247,695
GENE-14224,NO,709.3,353.7,355.7,1.006,0,9.6e-01,1.0e+00,0.991,4566,358,366,337,421,327,319
GENE-7125,NO,1318.3,655.3,663,1.011,0,9.6e-01,1.0e+00,0.9912,4569,466,488,1012,694,689,606
GENE-9971,NO,99.7,48.7,51,1.045,0.1,9.6e-01,1.0e+00,0.9912,4570,0,136,10,59,41,53
GENE-16999,NO,569.7,286,283.7,0.994,0,9.6e-01,1.0e+00,0.9922,4575,317,239,302,256,315,280
GENE-17801,NO,434.3,216,218.3,1.011,0,9.6e-01,1.0e+00,0.9922,4576,184,296,168,269,144,242
GENE-17711,NO,84.7,42,42.7,1.009,0,9.6e-01,1.0e+00,0.9922,4577,41,41,44,40,31,57
GENE-12313,NO,256,128.3,127.7,0.993,0,9.6e-01,1.0e+00,0.9922,4578,101,134,150,148,104,131
GENE-15862,NO,148.7,74.3,74.3,0.993,0,9.6e-01,1.0e+00,0.9922,4579,59,72,92,85,71,67
GENE-8270,NO,158,79,79,0.993,0,9.6e-01,1.0e+00,0.9922,4580,92,65,80,90,65,82
GENE-4140,NO,483.7,242.7,241,0.996,0,9.6e-01,1.0e+00,0.9922,4581,245,229,254,233,238,252
GENE-6415,NO,424.7,210.7,214,1.015,0,9.6e-01,1.0e+00,0.9922,4582,182,236,214,214,83,345
GENE-12156,NO,1994.3,995,999.3,1.004,0,9.6e-01,1.0e+00,0.9922,4583,982,946,1057,981,1038,979
GENE-3566,NO,47.7,23.7,24,1.007,0,9.6e-01,1.0e+00,0.9922,4584,26,22,23,22,27,23
GENE-342,NO,428.7,215.3,213.3,0.993,0,9.6e-01,1.0e+00,0.9922,4585,244,235,167,177,198,265
GENE-7,NO,78,39,39,0.993,0,9.6e-01,1.0e+00,0.9922,4586,49,36,32,39,37,41
GENE-8143,NO,57.3,28.7,28.7,0.993,0,9.6e-01,1.0e+00,0.9922,4587,25,32,29,33,23,30
GENE-1101,NO,330.7,164.7,166,1.005,0,9.6e-01,1.0e+00,0.9922,4588,162,159,173,145,174,179
GENE-14908,NO,1256,626.7,629.3,1.004,0,9.7e-01,1.0e+00,0.9922,4589,564,682,634,653,607,628
GENE-14334,NO,685.3,344,341.3,0.993,0,9.7e-01,1.0e+00,0.9922,4590,287,310,435,288,429,307
GENE-10371,NO,696.7,346.7,350,1.01,0,9.7e-01,1.0e+00,0.9922,4591,202,446,392,304,318,428
GENE-2550,NO,2504,1249,1255,1.005,0,9.7e-01,1.0e+00,0.9922,4592,1129,1192,1426,1208,1378,1179
GENE-1204,NO,362.3,180.3,182,1.011,0,9.7e-01,1.0e+00,0.9922,4593,159,267,115,180,135,231
GENE-5740,NO,30.3,15,15.3,1.014,0,9.7e-01,1.0e+00,0.9922,4594,7,23,15,19,17,10
GENE-15276,NO,1646,821,825,1.005,0,9.7e-01,1.0e+00,0.9922,4595,805,864,794,898,671,906
GENE-11860,NO,290.7,144.7,146,1.006,0,9.7e-01,1.0e+00,0.9922,4596,114,146,174,124,167,147
GENE-7741,NO,44.3,22.3,22,0.979,0,9.7e-01,1.0e+00,0.9922,4597,15,18,34,11,7,48
GENE-19406,NO,460.3,230.7,229.7,0.995,0,9.7e-01,1.0e+00,0.9922,4598,210,260,222,218,225,246
GENE-877,NO,88,43.7,44.3,1.008,0,9.7e-01,1.0e+00,0.9922,4599,59,34,38,54,39,40
GENE-6252,NO,44.7,22.3,22.3,0.992,0,9.7e-01,1.0e+00,0.9922,4600,20,29,18,22,25,20
GENE-128,NO,2326.3,1166.3,1160,0.995,0,9.7e-01,1.0e+00,0.9922,4601,1187,1037,1275,1067,1410,1003
GENE-3771,NO,1616.3,810,806.3,0.996,0,9.7e-01,1.0e+00,0.9922,4602,905,839,686,825,838,756
GENE-13215,NO,242.3,121.3,121,0.995,0,9.7e-01,1.0e+00,0.9922,4603,114,141,109,118,120,125
GENE-8127,NO,515.7,259,256.7,0.991,0,9.7e-01,1.0e+00,0.9922,4604,166,307,304,341,218,211
GENE-12513,NO,328.7,163.7,165,1.005,0,9.7e-01,1.0e+00,0.9922,4605,147,189,155,157,172,166
GENE-9730,NO,25.3,12.7,12.7,0.993,0,9.7e-01,1.0e+00,0.9922,4606,13,14,11,11,12,15
GENE-9545,YES,30.7,15.3,15.3,0.993,0,9.7e-01,1.0e+00,0.9922,4607,13,18,15,12,18,16
GENE-7569,NO,1678.7,835.7,843,1.009,0,9.7e-01,1.0e+00,0.9922,4608,1093,868,546,604,854,1071
GENE-12701,NO,151.3,76,75.3,0.989,0,9.7e-01,1.0e+00,0.9922,4609,106,40,82,55,107,64
GENE-16601,NO,2814,1409.7,1404.3,0.996,0,9.7e-01,1.0e+00,0.9922,4610,1491,1391,1347,1224,1464,1525
GENE-14575,NO,540.3,271,269.3,0.993,0,9.7e-01,1.0e+00,0.9922,4611,373,208,232,304,232,272
GENE-19174,NO,45.7,22.7,23,1.007,0,9.7e-01,1.0e+00,0.9922,4612,25,27,16,22,25,22
GENE-12159,NO,41.3,20.7,20.7,0.993,0,9.7e-01,1.0e+00,0.9922,4613,26,16,20,22,18,22
GENE-3444,NO,606.7,302.7,304,1.005,0,9.7e-01,1.0e+00,0.9922,4614,338,265,305,278,262,372
GENE-7058,NO,1120,561,559,0.996,0,9.7e-01,1.0e+00,0.9922,4615,503,600,580,588,582,507
GENE-8091,NO,184.7,92,92.7,1.007,0,9.7e-01,1.0e+00,0.9922,4616,105,89,82,61,121,96
GENE-15715,NO,70.7,35.3,35.3,0.993,0,9.7e-01,1.0e+00,0.9922,4617,43,37,26,29,47,30
GENE-15291,NO,1554.7,781,773.7,0.991,0,9.7e-01,1.0e+00,0.9922,4618,962,465,916,570,1112,639
GENE-6886,NO,36,18,18,0.993,0,9.7e-01,1.0e+00,0.9922,4619,18,17,19,23,19,12
GENE-2394,NO,379.3,189,190.3,1.006,0,9.7e-01,1.0e+00,0.9922,4620,167,243,157,229,199,143
GENE-7887,NO,56,28,28,0.993,0,9.7e-01,1.0e+00,0.9922,4621,30,26,28,20,40,24
GENE-6788,NO,203.7,102,101.7,0.996,0,9.7e-01,1.0e+00,0.9922,4622,105,114,87,103,106,96
GENE-8538,NO,2974,1484,1490,1.004,0,9.7e-01,1.0e+00,0.9922,4623,1339,1677,1436,1378,1671,1421
GENE-3968,NO,37.3,18.7,18.7,0.993,0,9.7e-01,1.0e+00,0.9922,4624,13,18,25,20,19,17
GENE-6736,NO,222,111,111,0.996,0,9.7e-01,1.0e+00,0.9922,4625,108,109,116,123,94,116
GENE-7124,NO,13030.7,6490.3,6540.3,1.008,0,9.7e-01,1.0e+00,0.9922,4625,4382,9154,5935,7604,7355,4662
GENE-12632,NO,41,20.3,20.7,1.009,0,9.7e-01,1.0e+00,0.9922,4626,19,25,17,30,12,20
GENE-13939,NO,48,24,24,0.992,0,9.7e-01,1.0e+00,0.9922,4627,19,28,25,16,33,23
GENE-7496,NO,6934,3456,3478,1.006,0,9.7e-01,1.0e+00,0.9922,4628,3345,4428,2595,2572,3628,4234
GENE-17195,YES,211,105,106,1.005,0,9.7e-01,1.0e+00,0.9922,4629,100,128,87,127,99,92
GENE-10211,NO,31.3,15.7,15.7,0.993,0,9.7e-01,1.0e+00,0.9922,4630,18,15,14,10,18,19
GENE-14151,NO,93.7,47,46.7,0.987,0,9.7e-01,1.0e+00,0.9922,4631,60,11,70,37,57,46
GENE-5946,NO,1306.3,655.7,650.7,0.992,0,9.7e-01,1.0e+00,0.9922,4632,507,854,606,470,1002,480
GENE-3994,NO,49.7,24.7,25,1.006,0,9.7e-01,1.0e+00,0.9922,4633,25,30,19,30,24,21
GENE-18975,NO,1211.7,604.7,607,1.004,0,9.8e-01,1.0e+00,0.9922,4634,656,692,466,596,623,602
GENE-2439,NO,38,19,19,0.992,0,9.8e-01,1.0e+00,0.9922,4635,16,27,14,14,19,24
GENE-16262,NO,370.3,184.7,185.7,1.005,0,9.8e-01,1.0e+00,0.9922,4636,165,236,153,157,208,192
GENE-5176,NO,12639.3,6310.7,6328.7,1.003,0,9.8e-01,1.0e+00,0.9922,4637,5945,6914,6073,6565,6335,6086
GENE-12724,NO,10175,5095.3,5079.7,0.997,0,9.8e-01,1.0e+00,0.9922,4638,5538,5177,4571,5497,5130,4612
GENE-457,NO,18.7,9.3,9.3,0.993,0,9.8e-01,1.0e+00,0.9922,4639,12,9,7,7,10,11
GENE-18805,NO,107.3,53.3,54,1.005,0,9.8e-01,1.0e+00,0.9922,4640,58,54,48,63,60,39
GENE-3812,NO,28.7,14.3,14.3,0.993,0,9.8e-01,1.0e+00,0.9922,4641,15,10,18,11,14,18
GENE-1678,NO,25.3,12.7,12.7,0.993,0,9.8e-01,1.0e+00,0.9922,4642,13,15,10,17,13,8
GENE-6855,NO,57.7,28.7,29,1.004,0,9.8e-01,1.0e+00,0.9922,4643,26,30,30,27,27,33
GENE-12375,NO,21.3,10.7,10.7,0.993,0,9.8e-01,1.0e+00,0.9922,4644,11,9,12,15,8,9
GENE-4268,NO,569.7,285.7,284,0.996,0,9.8e-01,1.0e+00,0.9922,4645,318,241,298,250,302,300
GENE-4212,NO,496,247.7,248.3,1.004,0,9.8e-01,1.0e+00,0.9922,4646,276,211,256,243,281,221
GENE-2600,NO,2242,1118.7,1123.3,1.004,0,9.8e-01,1.0e+00,0.9922,4647,1139,1000,1217,915,1393,1062
GENE-8853,NO,2052.7,1027.7,1025,0.997,0,9.8e-01,1.0e+00,0.9922,4648,1106,972,1005,995,1087,993
GENE-1580,NO,48.7,24.3,24.3,0.993,0,9.8e-01,1.0e+00,0.9922,4649,36,23,14,24,28,21
GENE-16879,NO,3093.7,1549.7,1544,0.997,0,9.8e-01,1.0e+00,0.9922,4650,1375,1480,1794,1771,1368,1493
GENE-312,NO,1126.7,561.3,565.3,1.007,0,9.8e-01,1.0e+00,0.9922,4651,879,366,439,619,588,489
GENE-2798,NO,150.7,75,75.7,1.006,0,9.8e-01,1.0e+00,0.9922,4652,74,102,49,77,73,77
GENE-14601,NO,41.7,20.7,21,1.008,0,9.8e-01,1.0e+00,0.9923,4654,15,30,17,27,24,12
GENE-14696,NO,34.7,17.3,17.3,0.993,0,9.8e-01,1.0e+00,0.9923,4655,16,16,20,9,23,20
GENE-10123,NO,43.3,21.7,21.7,0.993,0,9.8e-01,1.0e+00,0.9923,4656,20,30,15,28,13,24
GENE-17154,NO,198.3,98.7,99.7,1.01,0,9.8e-01,1.0e+00,0.9929,4660,54,92,150,44,131,124
GENE-2117,NO,22.7,11.3,11.3,0.993,0,9.8e-01,1.0e+00,0.993,4661,10,7,17,10,13,11
GENE-3337,NO,71.3,35.7,35.7,0.993,0,9.8e-01,1.0e+00,0.993,4662,24,26,57,33,45,29
GENE-10451,NO,4895.7,2451,2444.7,0.997,0,9.8e-01,1.0e+00,0.993,4663,2635,2140,2578,2268,2497,2569
GENE-8258,NO,54.3,27,27.3,1.005,0,9.8e-01,1.0e+00,0.993,4664,25,20,36,34,26,22
GENE-14957,NO,154.3,76.7,77.7,1.006,0,9.8e-01,1.0e+00,0.993,4665,68,71,91,105,42,86
GENE-19637,NO,401.7,201.3,200.3,0.995,0,9.8e-01,1.0e+00,0.993,4666,266,132,206,238,208,155
GENE-10440,NO,805.7,403.3,402.3,0.998,0,9.8e-01,1.0e+00,0.993,4667,369,439,402,408,382,417
GENE-1689,NO,1817.3,907.3,910,1.003,0,9.8e-01,1.0e+00,0.993,4668,898,727,1097,807,928,995
GENE-3465,NO,210.3,105.3,105,0.996,0,9.8e-01,1.0e+00,0.993,4669,112,91,113,93,139,83
GENE-18085,NO,176,88,88,0.996,0,9.8e-01,1.0e+00,0.9933,4671,97,101,66,101,82,81
GENE-7744,NO,506.3,253.7,252.7,0.995,0,9.8e-01,1.0e+00,0.9933,4672,172,357,232,191,246,321
GENE-17508,NO,34.7,17.3,17.3,0.993,0,9.8e-01,1.0e+00,0.9938,4676,9,17,26,18,24,10
GENE-7508,NO,55.7,27.7,28,1.005,0,9.8e-01,1.0e+00,0.9944,4680,30,17,36,28,20,36
GENE-15652,NO,157.3,78.7,78.7,0.997,0,9.8e-01,1.0e+00,0.9945,4681,83,90,63,83,65,88
GENE-7189,NO,167.7,83.7,84,0.997,0,9.8e-01,1.0e+00,0.9945,4682,72,72,107,91,85,76
GENE-411,NO,1671,836.3,834.7,0.998,0,9.8e-01,1.0e+00,0.9945,4683,780,760,969,783,798,923
GENE-4866,NO,91.3,45.3,46,1.014,0,9.8e-01,1.0e+00,0.9945,4684,18,101,17,56,6,76
GENE-12671,NO,181.7,90.7,91,1.003,0,9.8e-01,1.0e+00,0.9945,4685,66,106,100,79,109,85
GENE-10249,NO,3622.7,1809,1813.7,1.003,0,9.8e-01,1.0e+00,0.9945,4686,1757,1804,1866,2114,2001,1326
GENE-16544,NO,105,52.3,52.7,1.005,0,9.8e-01,1.0e+00,0.9945,4687,31,79,47,57,40,61
GENE-1428,NO,752.7,376,376.7,1.002,0,9.9e-01,1.0e+00,0.9945,4688,315,409,404,433,313,384
GENE-9688,NO,17.3,8.7,8.7,0.993,0,9.9e-01,1.0e+00,0.9945,4689,12,4,10,4,12,10
GENE-17849,NO,490.3,245.7,244.7,0.998,0,9.9e-01,1.0e+00,0.9945,4690,239,243,255,230,238,266
GENE-1892,NO,153.3,76.7,76.7,0.997,0,9.9e-01,1.0e+00,0.9945,4691,81,85,64,92,84,54
GENE-13518,NO,133.3,66.7,66.7,0.997,0,9.9e-01,1.0e+00,0.9945,4692,58,80,62,57,74,69
GENE-9240,NO,1367.3,686.3,681,0.992,0,9.9e-01,1.0e+00,0.9945,4693,547,596,916,198,1266,579
GENE-14490,NO,530,265,265,1.002,0,9.9e-01,1.0e+00,0.9947,4695,261,257,277,262,265,268
GENE-12099,NO,504.3,252,252.3,1.002,0,9.9e-01,1.0e+00,0.9947,4696,257,265,234,273,209,275
GENE-13601,NO,399,199,200,1.003,0,9.9e-01,1.0e+00,0.9953,4700,206,185,206,175,269,156
GENE-4945,NO,137,68.3,68.7,0.998,0,9.9e-01,1.0e+00,0.9953,4701,64,67,74,86,63,57
GENE-12522,NO,454.3,226.7,227.7,1.004,0,9.9e-01,1.0e+00,0.9955,4703,151,242,287,314,250,119
GENE-13864,NO,302.7,151.3,151.3,0.997,0,9.9e-01,1.0e+00,0.9965,4708,177,121,156,103,167,184
GENE-12982,NO,858.7,429,429.7,1.001,0,9.9e-01,1.0e+00,0.9965,4709,412,421,454,461,424,404
GENE-1321,NO,4731,2364,2367,1.001,0,9.9e-01,1.0e+00,0.9966,4711,2530,2127,2435,2367,2529,2205
GENE-695,NO,8155.7,4070,4085.7,1.004,0,9.9e-01,1.0e+00,0.9966,4712,3908,4747,3555,2431,7086,2740
GENE-6914,NO,73,36.3,36.7,1.002,0,9.9e-01,1.0e+00,0.9966,4713,38,26,45,35,38,37
GENE-2759,NO,699,349.3,349.7,1.002,0,9.9e-01,1.0e+00,0.9967,4714,350,276,422,357,357,335
GENE-6038,NO,220.3,110,110.3,1.002,0,9.9e-01,1.0e+00,0.9967,4715,119,108,103,131,117,83
GENE-10328,NO,116.3,58,58.3,0.999,0,9.9e-01,1.0e+00,0.9967,4716,62,57,55,58,52,65
GENE-11229,NO,230,114.7,115.3,1.002,0,9.9e-01,1.0e+00,0.9967,4717,127,114,103,134,95,117
GENE-6779,NO,67,33.3,33.7,1.003,0,9.9e-01,1.0e+00,0.9972,4721,42,37,21,45,22,34
GENE-14212,NO,310.7,155,155.7,1.001,0,9.9e-01,1.0e+00,0.9972,4722,142,169,154,140,165,162
GENE-15656,NO,2982,1492,1490,0.999,0,9.9e-01,1.0e+00,0.9977,4725,1820,1365,1291,1680,1304,1486
GENE-8731,NO,239.7,119.7,120,1.001,0,9.9e-01,1.0e+00,0.9983,4729,99,119,141,126,102,132
GENE-14104,NO,630,315,315,1.001,0,9.9e-01,1.0e+00,0.9987,4732,310,321,314,409,300,236
GENE-16656,NO,111.7,55.7,56,0.999,0,9.9e-01,1.0e+00,0.9987,4733,53,50,64,52,49,67
GENE-485,NO,298.7,149.3,149.3,1.002,0,9.9e-01,1.0e+00,0.9987,4734,247,117,84,165,100,183
GENE-16933,NO,69,34.3,34.7,1.002,0,9.9e-01,1.0e+00,0.9987,4735,30,50,23,31,45,28
GENE-13730,NO,73.7,36.7,37,1.002,0,9.9e-01,1.0e+00,0.9987,4736,38,26,46,36,55,20
GENE-11813,NO,474.7,237.7,237,0.997,0,9.9e-01,1.0e+00,0.9987,4737,375,266,72,77,245,389
GENE-2507,NO,593.3,296.7,296.7,1.001,0,1.0e+00,1.0e+00,0.9987,4738,305,301,284,318,287,285
GENE-10527,NO,99,49.3,49.7,0.999,0,1.0e+00,1.0e+00,0.999,4740,40,56,52,56,49,44
GENE-6770,NO,107,53.3,53.7,0.999,0,1.0e+00,1.0e+00,0.999,4741,44,45,71,54,49,58
GENE-17279,NO,2609.3,1304.7,1304.7,1,0,1.0e+00,1.0e+00,0.999,4742,1309,1261,1344,1207,1379,1328
GENE-14254,NO,422,211,211,1,0,1.0e+00,1.0e+00,0.999,4743,200,223,210,194,237,202
GENE-19298,NO,402.7,201.3,201.3,0.999,0,1.0e+00,1.0e+00,0.999,4744,252,214,138,240,193,171
GENE-10149,NO,1179.3,590,589.3,0.999,0,1.0e+00,1.0e+00,0.999,4745,508,828,434,566,435,767
GENE-4411,NO,294.3,147,147.3,1,0,1.0e+00,1.0e+00,0.999,4746,150,135,156,132,169,141
GENE-4595,NO,173,86.3,86.7,1.001,0,1.0e+00,1.0e+00,0.9992,4748,92,62,105,66,110,84
GENE-6601,NO,187,93.3,93.7,0.999,0,1.0e+00,1.0e+00,0.9993,4749,102,125,53,96,97,88
GENE-6985,NO,1994.3,997,997.3,1,0,1.0e+00,1.0e+00,0.9993,4750,759,1239,993,1020,1034,938
GENE-2845,NO,1518.7,759.3,759.3,1,0,1.0e+00,1.0e+00,0.9993,4751,838,815,625,817,889,572
GENE-13959,NO,177,88.3,88.7,1,0,1.0e+00,1.0e+00,0.9993,4752,90,72,103,70,109,87
GENE-14905,NO,7374,3689,3685,0.999,0,1.0e+00,1.0e+00,0.9993,4753,2259,2093,6715,3715,1106,6234
GENE-11648,NO,87.7,43.7,44,1,0,1.0e+00,1.0e+00,0.9996,4756,37,45,49,33,52,47
GENE-12361,NO,657.7,329,328.7,1,0,1.0e+00,1.0e+00,0.9996,4757,352,243,392,288,367,331
GENE-3810,NO,2460.7,1230.3,1230.3,1,0,1.0e+00,1.0e+00,0.9998,4759,1164,667,1860,1188,1377,1126
GENE-9427,NO,898,449,449,1,0,1.0e+00,1.0e+00,1,4761,360,335,652,571,317,459
